id,invoice_item_id,invoice_id,line_number,item_code,description,quantity,unit,unit_price,discount,tax_rate,tax_amount,line_total,po_number,received_quantity,matching_status,notes
9,INVREC001-01,INVREC001,1,ABCD-200,Industrial Fasteners,58,Box,2128.94,0,5,6173.91,123478.26,PO-2025-1001,58,Matched,Ready for payment.
10,INVREC001-02,INVREC001,2,ABCD-100,Steel Coils,1,Ton,135652.17,0,5,6782.61,135652.17,PO-2025-1001,1,Matched,Matched to purchase order.
11,INVREC001-03,INVREC001,3,ABCD-300,Packaging Film,11,Roll,12806.32,0,5,7043.48,140869.57,PO-2025-1001,11,Matched,Three-way match completed.
12,INVREC0011-01,INVREC0011,1,STP-PENS,Ballpoint Pens (Box),35,Box,14.39,0,7.5,37.78,503.69,PO-2025-1845,35,Matched,Successfully matched against PO.
13,INVREC0011-02,INVREC0011,2,STP-INK,Ink Cartridge,21,Each,37.87,0,7.5,59.65,795.31,PO-2025-1845,21,Matched,Three-way match completed.
14,INVREC0012-01,INVREC0012,1,OFW-CABIN,Filing Cabinet,6,Unit,853.93,0,7.5,384.27,5123.6,PO-2025-2301,6,Matched,Successfully matched against PO.
15,INVREC0012-02,INVREC0012,2,OFW-BOOK,Bookshelf,2,Unit,5038.2,0,7.5,748.23,10076.4,PO-2025-2301,2,Matched,Validated automatically.
16,INVREC0013-01,INVREC0013,1,DHL-INT,International Shipping,2,Shipment,123.97,0,0,0,247.93,PO-2025-3003,2,Matched,Ready for payment.
17,INVREC0013-02,INVREC0013,2,DHL-FUEL,Fuel Surcharge,1,Percent,273.75,0,0,0,273.75,PO-2025-3003,1,Matched,Successfully matched against PO.
18,INVREC0013-03,INVREC0013,3,DHL-EXP,Express Delivery,2,Shipment,169.16,0,0,0,338.32,PO-2025-3003,2,Matched,Validated automatically.
19,INVREC0014-01,INVREC0014,1,GEN-002,Miscellaneous Supplies,14,Each,208.18,0,20,582.91,2914.57,PO-2025-3004,14,Matched,Three-way match completed.
20,INVREC0014-02,INVREC0014,2,GEN-001,General Services,21,Hour,337.4,0,20,1417.09,7085.43,PO-2025-3004,21,Matched,Ready for payment.
21,INVREC0015-01,INVREC0015,1,ELT-002,Facility Maintenance,8,Hour,356.96,0,6.67,190.47,2855.65,PO-2025-3006,8,Matched,Ready for payment.
22,INVREC0015-02,INVREC0015,2,ELT-001,Janitorial Services,9,Visit,516.04,371.55,6.67,309.53,4644.35,PO-2025-3006,9,Matched,Successfully matched against PO.
23,INVREC0016-01,INVREC0016,1,QL-001,Domestic Freight,36,Pallet,41.52,0,10,149.49,1494.88,PO-2025-3007,36,Matched,Three-way match completed.
24,INVREC0016-02,INVREC0016,2,QL-002,Courier Services,72,Package,20.9,0,10,150.51,1505.12,PO-2025-3007,72,Matched,Successfully matched against PO.
25,INVREC0017-01,INVREC0017,1,BBY-002,Audio System,3,Unit,247.83,0,10,74.35,743.48,PO-2025-3009,3,Matched,Ready for payment.
26,INVREC0017-02,INVREC0017,2,BBY-001,Television,4,Unit,114.13,0,10,45.65,456.52,PO-2025-3009,4,Matched,Ready for payment.
27,INVREC0018-01,INVREC0018,1,NH-001,Strategic Consulting,8,Hour,1025.51,0,20,1640.82,8204.08,PO-2025-3010,8,Matched,Three-way match completed.
28,INVREC0018-02,INVREC0018,2,NH-002,Market Analysis,1,Project,6795.92,203.88,20,1359.18,6795.92,PO-2025-3010,1,Matched,Ready for payment.
29,INVREC0019-01,INVREC0019,1,PIN-002,Investment Services,1,Project,5423.58,0,10,542.36,5423.58,PO-2025-3011,1,Matched,Successfully matched against PO.
30,INVREC0019-02,INVREC0019,2,PIN-001,Financial Advisory,10,Hour,357.64,0,10,357.64,3576.42,PO-2025-3011,10,Matched,Goods receipt confirmed.
31,INVREC0020-01,INVREC0020,1,VGT-001,Server Equipment,1,Unit,3008.02,0,10,300.8,3008.02,PO-2025-3013,1,Matched,Goods receipt confirmed.
32,INVREC0020-02,INVREC0020,2,VGT-003,Storage Array,3,Unit,497.33,0,10,149.2,1491.98,PO-2025-3013,3,Matched,Three-way match completed.
33,INVREC0021-01,INVREC0021,1,ALP-001,Heavy Machinery,1,Unit,85483.87,0,5,4274.19,85483.87,PO-2025-3014,1,Matched,Three-way match completed.
34,INVREC0021-02,INVREC0021,2,ALP-002,Spare Parts,3,Box,71505.38,0,5,10725.81,214516.13,PO-2025-3014,3,Matched,Goods receipt confirmed.
35,INVREC0022-01,INVREC0022,1,ABCD-300,Packaging Film,27,Roll,2162.85,0,5,2919.85,58396.95,PO-2025-3016,27,Matched,Successfully matched against PO.
36,INVREC0022-02,INVREC0022,2,ABCD-200,Industrial Fasteners,198,Box,419.85,0,5,4156.49,83129.77,PO-2025-3016,198,Matched,Successfully matched against PO.
37,INVREC0022-03,INVREC0022,3,ABCD-100,Steel Coils,6,Ton,6412.21,3077.86,5,1923.66,38473.28,PO-2025-3016,6,Matched,Goods receipt confirmed.
38,INVREC0023-01,INVREC0023,1,STP-FOLD,Manila Folders,52,Box,4.6,0,6.67,15.95,239.13,PO-2025-3017,52,Matched,Ready for payment.
39,INVREC0023-02,INVREC0023,2,STP-PENS,Ballpoint Pens (Box),21,Box,21.59,0,6.67,30.24,453.42,PO-2025-3017,21,Matched,Validated automatically.
40,INVREC0023-03,INVREC0023,3,STP-INK,Ink Cartridge,25,Each,13.79,0,6.67,22.99,344.72,PO-2025-3017,25,Matched,Matched to purchase order.
41,INVREC0023-04,INVREC0023,4,STP-PAPER,A4 Printer Paper,107,Ream,4.32,0,6.67,30.82,462.73,PO-2025-3017,107,Matched,Successfully matched against PO.
42,INVREC0024-01,INVREC0024,1,DELL-MON,"24"" Monitor",7,Unit,439.19,0,8,245.95,3074.32,PO-2025-3018,7,Matched,Successfully matched against PO.
43,INVREC0024-02,INVREC0024,2,DELL-MS,Mouse,4,Unit,981.42,314.05,8,314.05,3925.68,PO-2025-3018,4,Matched,Successfully matched against PO.
44,INVREC0025-01,INVREC0025,1,GS-002,Logistics Services,5,Shipment,30688.03,0,7.5,11508.01,153440.15,PO-2025-3005,5,Matched,Matched to purchase order.
45,INVREC0025-02,INVREC0025,2,GS-001,Bulk Materials,4,Ton,18114.46,0,7.5,5434.34,72457.85,PO-2025-3005,4,Matched,Goods receipt confirmed.
46,INVREC0026-01,INVREC0026,1,ABCD-100,Steel Coils,7,Ton,19912.09,0,18,25089.23,139384.6,PO-2025-1045,7,Matched,Ready for payment.
47,INVREC0026-02,INVREC0026,2,ABCD-300,Packaging Film,87,Roll,2187.84,15227.39,18,34261.63,190342.4,PO-2025-1045,87,Matched,Matched to purchase order.
48,INVREC0027-01,INVREC0027,1,DELL-MS,Mouse,8,Unit,20731.43,0,0,0,165851.41,PO-2025-2201,8,Matched,Goods receipt confirmed.
49,INVREC0027-02,INVREC0027,2,DELL-LAT,Latitude Laptop,7,Unit,28234.23,0,0,0,197639.59,PO-2025-2201,7,Matched,Successfully matched against PO.
50,INVREC0028-01,INVREC0028,1,ABCD-200,Industrial Fasteners,193,Box,547.24,0,5,5280.9,105617.98,PO-2025-1001,193,Matched,Three-way match completed.
51,INVREC0028-02,INVREC0028,2,ABCD-100,Steel Coils,8,Ton,16713.48,0,5,6685.39,133707.87,PO-2025-1001,8,Matched,Successfully matched against PO.
52,INVREC0028-03,INVREC0028,3,ABCD-300,Packaging Film,49,Roll,3279.06,0,5,8033.71,160674.15,PO-2025-1001,49,Matched,Ready for payment.
53,INVREC0029-01,INVREC0029,1,AMZ-HDMI,HDMI Cable,16,Each,643.71,0,7.5,772.45,10299.33,PO-2025-3002,16,Matched,Goods receipt confirmed.
54,INVREC0029-02,INVREC0029,2,AMZ-STAND,Laptop Stand,4,Each,4586.42,0,7.5,1398.43,18345.67,PO-2025-3002,4,Matched,Ready for payment.
55,INVREC0030-01,INVREC0030,1,SAMI-02,Design Work,5,Hour,31.28,0,0,0,156.41,PO-2025-3015,5,Matched,Three-way match completed.
56,INVREC0030-02,INVREC0030,2,SAMI-01,Consulting Services,10,Hour,34.36,0,0,0,343.59,PO-2025-3015,10,Matched,Validated automatically.
57,INVREC0031-01,INVREC0031,1,MOD-001,Office Desk,8,Unit,6590.91,0,12,6327.27,52727.27,PO-2025-3008,8,Matched,Three-way match completed.
58,INVREC0031-02,INVREC0031,2,MOD-002,Office Chair,13,Unit,5174.83,0,12,8072.73,67272.73,PO-2025-3008,13,Matched,Ready for payment.
59,INVREC0032-01,INVREC0032,1,MS-365,Microsoft 365 Business Premium,97,Seat,18.04,0,0,0,1750,PO-2025-3001,97,Matched,Successfully matched against PO.
60,INVREC0032-02,INVREC0032,2,MS-AZ,Azure Subscription,5,Month,350,0,0,0,1750,PO-2025-3001,5,Matched,Matched to purchase order.
61,INVREC0033-01,INVREC0033,1,SUM-001,Software License,43,User,74.52,0,20,640.91,3204.55,PO-2025-3012,43,Matched,Three-way match completed.
62,INVREC0033-02,INVREC0033,2,SUM-002,Implementation Service,50,Hour,55.91,0,20,559.09,2795.45,PO-2025-3012,50,Matched,Three-way match completed.
63,INVREC0034-01,INVREC0034,1,STP-INK,Ink Cartridge,17,Each,23.41,0,7.5,29.85,397.96,PO-2025-1845,17,Matched,Matched to purchase order.
64,INVREC0034-02,INVREC0034,2,STP-PENS,Ballpoint Pens (Box),93,Box,9.69,0,7.5,67.58,901.04,PO-2025-1845,93,Matched,Validated automatically.
65,INVREC0035-01,INVREC0035,1,OFW-BOOK,Bookshelf,1,Unit,8677.17,0,7.5,650.79,8677.17,PO-2025-2301,1,Matched,Goods receipt confirmed.
66,INVREC0035-02,INVREC0035,2,OFW-DESK,Standing Desk,3,Unit,2174.28,0,7.5,481.71,6522.83,PO-2025-2301,3,Matched,Goods receipt confirmed.
67,INVREC0036-01,INVREC0036,1,DHL-FUEL,Fuel Surcharge,1,Percent,268.93,0,0,0,268.93,PO-2025-3003,1,Matched,Matched to purchase order.
68,INVREC0036-02,INVREC0036,2,DHL-EXP,Express Delivery,4,Shipment,75.36,0,0,0,301.45,PO-2025-3003,4,Matched,Successfully matched against PO.
69,INVREC0036-03,INVREC0036,3,DHL-INT,International Shipping,2,Shipment,144.81,0,0,0,289.62,PO-2025-3003,2,Matched,Goods receipt confirmed.
70,INVREC0037-01,INVREC0037,1,GEN-002,Miscellaneous Supplies,89,Each,59.24,0,20,1054.55,5272.73,PO-2025-3004,89,Matched,Goods receipt confirmed.
71,INVREC0037-02,INVREC0037,2,GEN-001,General Services,44,Hour,107.44,0,20,945.45,4727.27,PO-2025-3004,44,Matched,Validated automatically.
72,INVREC0038-01,INVREC0038,1,ELT-001,Janitorial Services,14,Visit,349.85,0,6.67,326.69,4897.96,PO-2025-3006,14,Matched,Three-way match completed.
73,INVREC0038-02,INVREC0038,2,ELT-002,Facility Maintenance,30,Hour,86.73,0,6.67,173.31,2602.04,PO-2025-3006,30,Matched,Matched to purchase order.
74,INVREC0039-01,INVREC0039,1,QL-002,Courier Services,60,Package,28.85,0,10,173.08,1730.77,PO-2025-3007,60,Matched,Validated automatically.
75,INVREC0039-02,INVREC0039,2,QL-001,Domestic Freight,9,Pallet,141.03,0,10,126.92,1269.23,PO-2025-3007,9,Matched,Successfully matched against PO.
76,INVREC0040-01,INVREC0040,1,BBY-001,Television,3,Unit,259.65,0,10,77.9,778.95,PO-2025-3009,3,Matched,Validated automatically.
77,INVREC0040-02,INVREC0040,2,BBY-002,Audio System,4,Unit,105.26,0,10,42.11,421.05,PO-2025-3009,4,Matched,Matched to purchase order.
78,INVREC0041-01,INVREC0041,1,NH-002,Market Analysis,1,Project,5822.78,0,20,1164.56,5822.78,PO-2025-3010,1,Matched,Validated automatically.
79,INVREC0041-02,INVREC0041,2,NH-001,Strategic Consulting,6,Hour,1529.54,0,20,1835.44,9177.22,PO-2025-3010,6,Matched,Successfully matched against PO.
80,INVREC0042-01,INVREC0042,1,PIN-002,Investment Services,1,Project,3018.99,0,10,301.9,3018.99,PO-2025-3011,1,Matched,Three-way match completed.
81,INVREC0042-02,INVREC0042,2,PIN-001,Financial Advisory,4,Hour,1495.25,0,10,598.1,5981.01,PO-2025-3011,4,Matched,Three-way match completed.
82,INVREC0043-01,INVREC0043,1,VGT-003,Storage Array,1,Unit,3031.09,0,10,303.11,3031.09,PO-2025-3013,1,Matched,Matched to purchase order.
83,INVREC0043-02,INVREC0043,2,VGT-001,Server Equipment,4,Unit,367.23,0,10,146.89,1468.91,PO-2025-3013,4,Matched,Three-way match completed.
84,INVREC0044-01,INVREC0044,1,ALP-001,Heavy Machinery,1,Unit,141758.24,0,5,7087.91,141758.24,PO-2025-3014,1,Matched,Matched to purchase order.
85,INVREC0044-02,INVREC0044,2,ALP-002,Spare Parts,6,Box,26373.63,0,5,7912.09,158241.76,PO-2025-3014,6,Matched,Ready for payment.
86,INVREC0045-01,INVREC0045,1,ABCD-100,Steel Coils,3,Ton,24938.27,0,5,3740.74,74814.82,PO-2025-3016,3,Matched,Successfully matched against PO.
87,INVREC0045-02,INVREC0045,2,ABCD-200,Industrial Fasteners,107,Box,567.67,0,5,3037.04,60740.74,PO-2025-3016,107,Matched,Ready for payment.
88,INVREC0045-03,INVREC0045,3,ABCD-300,Packaging Film,58,Roll,766.28,0,5,2222.22,44444.44,PO-2025-3016,58,Matched,Successfully matched against PO.
89,INVREC0046-01,INVREC0046,1,STP-INK,Ink Cartridge,16,Each,36.63,0,6.67,39.09,586.09,PO-2025-3017,15,Awaiting Approval,Pending goods receipt confirmation.
90,INVREC0046-02,INVREC0046,2,STP-PAPER,A4 Printer Paper,185,Ream,1.42,0,6.67,17.56,263.25,PO-2025-3017,132,Awaiting Approval,Pending goods receipt confirmation.
91,INVREC0046-03,INVREC0046,3,STP-FOLD,Manila Folders,40,Box,16.27,0,6.67,43.35,650.66,PO-2025-3017,31,Awaiting Approval,Pending goods receipt confirmation.
92,INVREC0047-01,INVREC0047,1,DELL-MON,"24"" Monitor",11,Unit,263.86,0,8,232.2,2902.44,PO-2025-3018,10,Awaiting Approval,Pending goods receipt confirmation.
93,INVREC0047-02,INVREC0047,2,DELL-MS,Mouse,37,Unit,110.74,0,8,327.8,4097.56,PO-2025-3018,29,Awaiting Approval,Pending goods receipt confirmation.
94,INVREC0048-01,INVREC0048,1,GS-002,Logistics Services,2,Shipment,57886.36,0,7.5,8682.95,115772.72,PO-2025-3005,2,Awaiting Approval,Pending goods receipt confirmation.
95,INVREC0048-02,INVREC0048,2,GS-001,Bulk Materials,16,Ton,6882.83,0,7.5,8259.4,110125.28,PO-2025-3005,13,Awaiting Approval,Pending goods receipt confirmation.
96,INVREC0049-01,INVREC0049,1,ABCD-300,Packaging Film,27,Roll,2995.42,0,18,14557.76,80876.43,PO-2025-1045,22,Awaiting Approval,Pending goods receipt confirmation.
97,INVREC0049-02,INVREC0049,2,ABCD-100,Steel Coils,4,Ton,38260.78,0,18,27547.76,153043.1,PO-2025-1045,3,Awaiting Approval,Pending goods receipt confirmation.
98,INVREC0049-03,INVREC0049,3,ABCD-200,Industrial Fasteners,55,Box,1741.95,0,18,17245.34,95807.47,PO-2025-1045,44,Awaiting Approval,Pending goods receipt confirmation.
99,INVREC0050-01,INVREC0050,1,DELL-MS,Mouse,22,Unit,4387.67,0,0,0,96528.73,PO-2025-2201,15,Quantity Mismatch,Quantity exceeds PO by 22%.
100,INVREC0050-02,INVREC0050,2,DELL-KB,Keyboard,44,Unit,3976.33,0,0,0,174958.32,PO-2025-2201,30,Price Mismatch,Price differs from PO by 13%.
101,INVREC0050-03,INVREC0050,3,DELL-MON,"24"" Monitor",4,Unit,23000.99,0,0,0,92003.95,PO-2025-2201,3,Quantity Mismatch,Quantity exceeds PO by 16%.
104,INVREC00001-01,INVREC00001,1,IR-001,Compressed Air Systems,5,Unit,34281.49,0,5,8570.37,171407.47,PO-2023-1103,5,Matched,Goods receipt confirmed.
105,INVREC00001-02,INVREC00001,2,IR-002,Air Tools,9,Unit,14879.12,0,5,6695.6,133912.09,PO-2023-1103,9,Matched,Validated automatically.
106,INVREC00002-01,INVREC00002,1,GEN-001,General Services,11,Hour,4978.39,0,5,2738.12,54762.31,PO-2026-0474,9,Awaiting Approval,Pending goods receipt confirmation.
107,INVREC00002-02,INVREC00002,2,GEN-002,Miscellaneous Supplies,93,Each,459.1,0,5,2134.8,42696.03,PO-2026-0474,70,Awaiting Approval,Pending goods receipt confirmation.
108,INVREC00003-01,INVREC00003,1,DHL-FUEL,Fuel Surcharge,1,Percent,129410.79,0,5,6470.54,129410.79,PO-2026-0019,1,Matched,Matched to purchase order.
109,INVREC00003-02,INVREC00003,2,DHL-EXP,Express Delivery,1,Shipment,296649.34,0,5,14832.47,296649.34,PO-2026-0019,1,Matched,Validated automatically.
110,INVREC00004-01,INVREC00004,1,SEC-002,Access Control Systems,2,Unit,61455.83,0,0,0,122911.65,PO-2025-0735,2,Matched,Successfully matched against PO.
111,INVREC00004-02,INVREC00004,2,SEC-001,Security Guard Services,86,Hour,1971.32,0,0,0,169533.32,PO-2025-0735,86,Matched,Ready for payment.
112,INVREC00005-01,INVREC00005,1,ORC-001,Database License,4,Processor,45894.93,0,0,0,183579.72,PO-2026-0821,4,Matched,Ready for payment.
113,INVREC00005-02,INVREC00005,2,ORC-002,Cloud Services,3,Month,52772.15,0,0,0,158316.46,PO-2026-0821,3,Matched,Validated automatically.
114,INVREC00006-01,INVREC00006,1,MIC-002,Fleet Services,2,Month,8655.99,0,20,3462.39,17311.97,PO-2026-0871,2,Matched,Successfully matched against PO.
115,INVREC00006-02,INVREC00006,2,MIC-001,Truck Tires,36,Unit,610.36,0,20,4394.58,21972.88,PO-2026-0871,36,Matched,Ready for payment.
116,INVREC00007-01,INVREC00007,1,SCH-001,Energy Management,2,System,68624.16,0,10,13724.83,137248.32,PO-2024-0043,2,Matched,Matched to purchase order.
117,INVREC00007-02,INVREC00007,2,SCH-002,Electrical Components,24,Unit,6974,0,10,16737.6,167376,PO-2024-0043,24,Matched,Goods receipt confirmed.
118,INVREC00008-01,INVREC00008,1,WWG-001,MRO Supplies,14,Box,15127.4,0,20,42356.72,211783.59,PO-2024-0086,14,Matched,Successfully matched against PO.
119,INVREC00008-02,INVREC00008,2,WWG-002,HVAC Parts,7,Unit,40727.61,0,20,57018.66,285093.3,PO-2024-0086,7,Matched,Matched to purchase order.
120,INVREC00009-01,INVREC00009,1,SPG-002,Ratings Services,2,Project,145773.13,0,10,29154.63,291546.25,PO-2025-1092,2,Awaiting Approval,Pending goods receipt confirmation.
121,INVREC00009-02,INVREC00009,2,SPG-001,Market Data Subscription,2,Month,92120.52,0,10,18424.1,184241.03,PO-2025-1092,1,Awaiting Approval,Pending goods receipt confirmation.
122,INVREC00010-01,INVREC00010,1,TMO-001,Mobile Plans,22,Line,3462.48,0,10,7617.46,76174.56,PO-2024-0450,22,Matched,Three-way match completed.
123,INVREC00010-02,INVREC00010,2,TMO-002,IoT Services,494,Device,205.6,0,10,10156.61,101566.08,PO-2024-0450,494,Matched,Successfully matched against PO.
124,INVREC00011-01,INVREC00011,1,IR-001,Compressed Air Systems,1,Unit,68579.18,0,20,13715.84,68579.18,PO-2023-0454,1,Matched,Matched to purchase order.
125,INVREC00011-02,INVREC00011,2,IR-002,Air Tools,4,Unit,10937.2,0,20,8749.76,43748.78,PO-2023-0454,4,Matched,Successfully matched against PO.
126,INVREC00012-01,INVREC00012,1,REG-001,Motion Control,2,Unit,123570.31,0,20,49428.12,247140.62,PO-2023-1445,2,Matched,Ready for payment.
127,INVREC00012-02,INVREC00012,2,REG-002,Power Transmission,6,Unit,35698.09,0,20,42837.71,214188.53,PO-2023-1445,6,Matched,Ready for payment.
128,INVREC00013-01,INVREC00013,1,BRI-002,Tire Services,1,Month,15943.55,0,20,3188.71,15943.55,PO-2025-0352,1,Matched,Goods receipt confirmed.
129,INVREC00013-02,INVREC00013,2,BRI-001,Tires,5,Unit,4099.77,0,20,4099.77,20498.84,PO-2025-0352,5,Matched,Successfully matched against PO.
130,INVREC00014-01,INVREC00014,1,THO-002,Tax Software,4,User,57680.54,13843.33,20,43375.77,230722.17,PO-2026-1357,4,Matched,Matched to purchase order.
131,INVREC00014-02,INVREC00014,2,THO-001,Legal Research Software,9,User,21973.54,0,20,42321.04,197761.86,PO-2026-1357,9,Matched,Matched to purchase order.
132,INVREC00015-01,INVREC00015,1,ADT-001,Security Monitoring,2,Month,58546.91,0,5,5854.69,117093.82,PO-2023-0125,2,Matched,Goods receipt confirmed.
133,INVREC00015-02,INVREC00015,2,ADT-002,Alarm Systems,1,Unit,150952.27,0,5,7547.61,150952.27,PO-2023-0125,1,Matched,Matched to purchase order.
134,INVREC00016-01,INVREC00016,1,HPE-001,Server,7,Unit,37468.58,0,10,26228.01,262280.07,PO-2026-1188,7,Matched,Three-way match completed.
135,INVREC00016-02,INVREC00016,2,HPE-002,Storage Array,1,Unit,135997.08,0,10,13599.71,135997.08,PO-2026-1188,1,Matched,Validated automatically.
136,INVREC00017-01,INVREC00017,1,GEN-002,Miscellaneous Supplies,84,Each,578.1,0,5,2428.03,48560.56,PO-2026-0474,84,Matched,Validated automatically.
137,INVREC00017-02,INVREC00017,2,GEN-001,General Services,4,Hour,12224.45,0,5,2444.89,48897.78,PO-2026-0474,4,Matched,Validated automatically.
138,INVREC00018-01,INVREC00018,1,MIC-001,Truck Tires,13,Unit,22037.62,0,10,28648.91,286489.06,PO-2023-0232,13,Matched,Three-way match completed.
139,INVREC00018-02,INVREC00018,2,MIC-002,Fleet Services,6,Month,23874.09,0,10,14324.45,143244.53,PO-2023-0232,6,Matched,Matched to purchase order.
140,INVREC00019-01,INVREC00019,1,GE-002,Medical Equipment,1,Unit,63115.9,0,0,0,63115.9,PO-2024-0774,1,Matched,Matched to purchase order.
141,INVREC00019-02,INVREC00019,2,GE-001,Power Generation,1,Unit,150592.32,0,0,0,150592.32,PO-2024-0774,1,Matched,Ready for payment.
142,INVREC00020-01,INVREC00020,1,MS-365,Microsoft 365 Business Premium,122,Seat,1897.16,0,5,11572.7,231454.06,PO-2026-0487,122,Matched,Ready for payment.
143,INVREC00020-02,INVREC00020,2,MS-PBI,Power BI Pro,32,Seat,2812.81,0,5,4500.5,90009.91,PO-2026-0487,32,Matched,Goods receipt confirmed.
144,INVREC00021-01,INVREC00021,1,ADT-001,Security Monitoring,4,Month,31805.6,0,10,12722.24,127222.41,PO-2025-0440,4,Matched,Matched to purchase order.
145,INVREC00021-02,INVREC00021,2,ADT-002,Alarm Systems,3,Unit,32184.24,0,10,9655.27,96552.72,PO-2025-0440,3,Matched,Goods receipt confirmed.
146,INVREC00022-01,INVREC00022,1,HPE-002,Storage Array,3,Unit,38497.13,0,10,11549.14,115491.38,PO-2026-1375,3,Matched,Goods receipt confirmed.
147,INVREC00022-02,INVREC00022,2,HPE-001,Server,5,Unit,22940.07,0,10,11470.04,114700.35,PO-2026-1375,5,Matched,Validated automatically.
148,INVREC00023-01,INVREC00023,1,QL-001,Domestic Freight,34,Pallet,2170.34,0,18,13282.49,73791.63,PO-2026-1182,34,Matched,Three-way match completed.
149,INVREC00023-02,INVREC00023,2,QL-002,Courier Services,95,Package,1032.39,0,18,17653.95,98077.48,PO-2026-1182,95,Matched,Validated automatically.
150,INVREC00024-01,INVREC00024,1,BAL-002,Drives,4,Unit,85228.92,0,20,68183.14,340915.69,PO-2025-1085,4,Matched,Goods receipt confirmed.
151,INVREC00024-02,INVREC00024,2,BAL-001,Electric Motors,8,Unit,18263.34,8766.4,20,29221.34,146106.73,PO-2025-1085,8,Matched,Successfully matched against PO.
152,INVREC00025-01,INVREC00025,1,JCI-001,HVAC System,3,Unit,25457.99,0,20,15274.79,76373.97,PO-2024-0645,3,Missing PO,Invoice has no purchase order.
153,INVREC00025-02,INVREC00025,2,JCI-002,Building Automation,1,System,88206.55,2646.2,20,17641.31,88206.55,PO-2024-0645,1,Vendor Mismatch,Vendor does not match purchase order.
154,INVREC00026-01,INVREC00026,1,MOO-002,Financial Data Service,2,Month,23750.15,0,0,0,47500.3,PO-2025-1157,2,Matched,Validated automatically.
155,INVREC00026-02,INVREC00026,2,MOO-001,Credit Risk Software,6,User,4579.92,0,0,0,27479.51,PO-2025-1157,6,Matched,Goods receipt confirmed.
156,INVREC00027-01,INVREC00027,1,FTI-001,Forensic Accounting,24,Hour,5576.39,5353.33,10,12848,133833.29,PO-2024-1370,24,Matched,Goods receipt confirmed.
157,INVREC00027-02,INVREC00027,2,FTI-002,Expert Witness Services,1,Project,152616.9,0,10,15797.02,152616.9,PO-2024-1370,1,Matched,Successfully matched against PO.
158,INVREC00028-01,INVREC00028,1,CIN-002,Floor Mats,12,Month,14741.79,0,10,17690.15,176901.48,PO-2024-0543,12,Matched,Ready for payment.
159,INVREC00028-02,INVREC00028,2,CIN-001,Uniforms Rental,31,Month,5706.5,0,10,17690.15,176901.48,PO-2024-0543,31,Matched,Goods receipt confirmed.
160,INVREC00029-01,INVREC00029,1,EMR-002,Valves & Actuators,18,Unit,9782.84,0,5,8804.55,176091.06,PO-2023-0073,18,Matched,Successfully matched against PO.
161,INVREC00029-02,INVREC00029,2,EMR-001,Process Control,2,Unit,70436.42,0,5,7043.64,140872.84,PO-2023-0073,2,Matched,Validated automatically.
162,INVREC00030-01,INVREC00030,1,JCI-002,Building Automation,2,System,33009.7,0,5,3300.97,66019.39,PO-2025-1142,2,Matched,Matched to purchase order.
163,INVREC00030-02,INVREC00030,2,JCI-001,HVAC System,5,Unit,15172.88,0,5,3793.22,75864.39,PO-2025-1142,5,Matched,Goods receipt confirmed.
164,INVREC00031-01,INVREC00031,1,ATT-002,Internet Services,12,Month,4627.7,2776.62,5,2637.79,55532.45,PO-2025-0377,12,Matched,Ready for payment.
165,INVREC00031-02,INVREC00031,2,ATT-001,Phone Services,50,Line,2202.15,5505.37,5,5644.2,110107.44,PO-2025-0377,50,Matched,Successfully matched against PO.
166,INVREC00032-01,INVREC00032,1,CBRE-001,Commercial Real Estate,2,Project,18442.36,0,5,1844.24,36884.71,PO-2024-0372,2,Matched,Validated automatically.
167,INVREC00032-02,INVREC00032,2,CBRE-002,Property Valuation,3,Project,26638.95,7192.52,5,3995.84,79916.86,PO-2024-0372,3,Matched,Three-way match completed.
168,INVREC00033-01,INVREC00033,1,ECO-001,Cleaning Chemicals,18,Case,5010.58,0,18,16234.27,90190.4,PO-2025-0517,18,Matched,Goods receipt confirmed.
169,INVREC00033-02,INVREC00033,2,ECO-002,Sanitation Services,4,Month,8925.09,0,18,6426.07,35700.37,PO-2025-0517,4,Matched,Successfully matched against PO.
170,INVREC00034-01,INVREC00034,1,IBM-002,Consulting Services,13,Hour,13633.14,0,18,31901.54,177230.8,PO-2023-0319,13,Matched,Validated automatically.
171,INVREC00034-02,INVREC00034,2,IBM-001,Mainframe Hardware,2,Unit,135876.95,0,18,48915.7,271753.89,PO-2023-0319,2,Matched,Three-way match completed.
172,INVREC00035-01,INVREC00035,1,KMB-001,Paper Towels,8,Case,31491.39,0,18,45347.6,251931.09,PO-2024-0903,6,Awaiting Approval,Pending goods receipt confirmation.
173,INVREC00035-02,INVREC00035,2,KMB-002,Sanitary Products,3,Case,72556.16,15236.79,18,39180.32,217668.47,PO-2024-0903,3,Awaiting Approval,Pending goods receipt confirmation.
174,INVREC00036-01,INVREC00036,1,KUN-001,Supply Chain Management,5,Month,37045.45,7409.09,10,17781.81,185227.24,PO-2026-0990,5,Awaiting Approval,Pending goods receipt confirmation.
175,INVREC00036-02,INVREC00036,2,KUN-002,Air Freight,5,Shipment,56803.02,0,10,29142.42,284015.1,PO-2026-0990,4,Awaiting Approval,Pending goods receipt confirmation.
176,INVREC00037-01,INVREC00037,1,ACC-002,Systems Integration,1,Project,84385.37,0,20,16877.07,84385.37,PO-2026-1185,1,Matched,Three-way match completed.
177,INVREC00037-02,INVREC00037,2,ACC-001,Technology Consulting,23,Hour,3479.16,0,20,16004.12,80020.61,PO-2026-1185,23,Matched,Matched to purchase order.
178,INVREC00038-01,INVREC00038,1,DEL-002,Tax Consulting,24,Hour,3717.63,0,0,0,89223.19,PO-2025-0395,24,Matched,Ready for payment.
179,INVREC00038-02,INVREC00038,2,DEL-001,Audit Services,1,Project,111785.37,0,0,0,111785.37,PO-2025-0395,1,Matched,Goods receipt confirmed.
180,INVREC00039-01,INVREC00039,1,SEC-002,Access Control Systems,2,Unit,25627.92,0,20,10251.17,51255.84,PO-2024-0688,2,Matched,Ready for payment.
181,INVREC00039-02,INVREC00039,2,SEC-001,Security Guard Services,102,Hour,777.57,0,20,15862.33,79311.67,PO-2024-0688,102,Matched,Three-way match completed.
182,INVREC00040-01,INVREC00040,1,SFS-002,Sales Cloud,10,User,30064.55,0,5,15032.27,300645.47,PO-2025-0240,8,Awaiting Approval,Pending goods receipt confirmation.
183,INVREC00040-02,INVREC00040,2,SFS-001,CRM License,20,User,7049.62,0,5,7049.62,140992.36,PO-2025-0240,18,Awaiting Approval,Pending goods receipt confirmation.
184,INVREC00041-01,INVREC00041,1,EXP-001,Customs Clearance,3,Shipment,70151.37,0,5,10522.71,210454.11,PO-2026-1453,3,Matched,Three-way match completed.
185,INVREC00041-02,INVREC00041,2,EXP-002,International Logistics,3,Shipment,95258.18,0,5,14288.73,285774.53,PO-2026-1453,3,Matched,Matched to purchase order.
186,INVREC00042-01,INVREC00042,1,ABB-002,Drives & Motors,8,Unit,11969.74,0,0,0,95757.92,PO-2026-0893,8,Matched,Ready for payment.
187,INVREC00042-02,INVREC00042,2,ABB-001,Power Automation,4,Unit,61986.15,0,0,0,247944.61,PO-2026-0893,4,Matched,Validated automatically.
188,INVREC00043-01,INVREC00043,1,WMI-002,Recycling Services,10,Month,9967.4,0,18,17941.32,99673.99,PO-2023-0782,10,Matched,Validated automatically.
189,INVREC00043-02,INVREC00043,2,WMI-001,Waste Collection,2,Month,58143.17,0,18,20931.54,116286.33,PO-2023-0782,2,Matched,Goods receipt confirmed.
190,INVREC00044-01,INVREC00044,1,CMX-002,Voice Services,37,Line,4880.3,0,20,36114.22,180571.12,PO-2023-0363,37,Matched,Goods receipt confirmed.
191,INVREC00044-02,INVREC00044,2,CMX-001,Broadband Internet,1,Month,114238.88,11423.89,20,22847.78,114238.88,PO-2023-0363,1,Matched,Three-way match completed.
192,INVREC00045-01,INVREC00045,1,FES-002,Valves,10,Unit,11146.8,0,0,0,111467.99,PO-2026-0215,10,Matched,Successfully matched against PO.
193,INVREC00045-02,INVREC00045,2,FES-001,Pneumatic Systems,15,Unit,12137.63,7282.58,0,0,182064.39,PO-2026-0215,15,Matched,Validated automatically.
194,INVREC00046-01,INVREC00046,1,SNA-001,Hand Tools,3,Unit,73740.39,0,20,44244.24,221221.18,PO-2025-0510,3,Matched,Matched to purchase order.
195,INVREC00046-02,INVREC00046,2,SNA-002,Diagnostic Equipment,4,Unit,39395.55,0,20,31516.44,157582.21,PO-2025-0510,4,Matched,Successfully matched against PO.
196,INVREC00047-01,INVREC00047,1,SIE-002,Electrical Equipment,8,Unit,14633.86,9365.67,5,5385.26,117070.85,PO-2026-0750,8,Matched,Validated automatically.
197,INVREC00047-02,INVREC00047,2,SIE-001,Industrial Automation,4,Unit,41811.02,0,5,8830.49,167244.06,PO-2026-0750,4,Matched,Ready for payment.
198,INVREC00048-01,INVREC00048,1,VMW-001,vSphere License,1,CPU,269840.49,10793.62,5,12952.34,269840.49,PO-2026-0064,1,Matched,Successfully matched against PO.
199,INVREC00048-02,INVREC00048,2,VMW-002,Support Services,3,Year,72607.68,0,5,11430.84,217823.04,PO-2026-0064,3,Matched,Ready for payment.
200,INVREC00049-01,INVREC00049,1,MS-DYN,Dynamics 365 License,5,Seat,2101.6,0,10,1050.8,10508,PO-2026-0486,5,Matched,Validated automatically.
201,INVREC00049-02,INVREC00049,2,MS-365,Microsoft 365 Business Premium,200,Seat,119.67,0,10,2393.49,23934.89,PO-2026-0486,200,Matched,Three-way match completed.
202,INVREC00049-03,INVREC00049,3,MS-PBI,Power BI Pro,77,Seat,323.48,0,10,2490.79,24907.85,PO-2026-0486,77,Matched,Three-way match completed.
203,INVREC00049-04,INVREC00049,4,MS-AZ,Azure Subscription,4,Month,7151.28,0,10,2860.51,28605.12,PO-2026-0486,4,Matched,Validated automatically.
204,INVREC00050-01,INVREC00050,1,VMW-002,Support Services,1,Year,43956.22,0,5,2197.81,43956.22,PO-2025-0614,1,Matched,Three-way match completed.
205,INVREC00050-02,INVREC00050,2,VMW-001,vSphere License,8,CPU,8620.72,0,5,3448.29,68965.79,PO-2025-0614,8,Matched,Ready for payment.
206,INVREC00051-01,INVREC00051,1,THO-001,Legal Research Software,15,User,12544.08,0,18,33869.02,188161.23,PO-2025-0141,15,Matched,Goods receipt confirmed.
207,INVREC00051-02,INVREC00051,2,THO-002,Tax Software,6,User,27239.89,0,18,29419.08,163439.32,PO-2025-0141,6,Matched,Three-way match completed.
208,INVREC00052-01,INVREC00052,1,GE-002,Medical Equipment,1,Unit,112701.85,0,0,0,112701.85,PO-2024-0774,1,Matched,Goods receipt confirmed.
209,INVREC00052-02,INVREC00052,2,GE-001,Power Generation,2,Unit,50503.19,0,0,0,101006.37,PO-2024-0774,2,Matched,Goods receipt confirmed.
210,INVREC00053-01,INVREC00053,1,ELT-002,Facility Maintenance,7,Hour,21262.95,0,18,26791.32,148840.67,PO-2026-0656,7,Matched,Goods receipt confirmed.
211,INVREC00053-02,INVREC00053,2,ELT-001,Janitorial Services,17,Visit,6336.1,0,18,19388.46,107713.65,PO-2026-0656,17,Matched,Successfully matched against PO.
212,INVREC00054-01,INVREC00054,1,TYC-001,Fire Protection Systems,1,Unit,170611.29,0,20,34122.26,170611.29,PO-2023-1495,1,Matched,Successfully matched against PO.
213,INVREC00054-02,INVREC00054,2,TYC-002,Building Safety,1,System,103010.59,0,20,20602.12,103010.59,PO-2023-1495,1,Matched,Successfully matched against PO.
214,INVREC00055-01,INVREC00055,1,BAI-002,Due Diligence,1,Project,263609.56,0,18,47449.72,263609.56,PO-2025-0875,1,Matched,Goods receipt confirmed.
215,INVREC00055-02,INVREC00055,2,BAI-001,Strategy Services,27,Hour,7056.65,0,18,34295.34,190529.68,PO-2025-0875,27,Matched,Successfully matched against PO.
216,INVREC00056-01,INVREC00056,1,ECO-002,Sanitation Services,10,Month,6563.96,0,18,11815.12,65639.55,PO-2025-0517,10,Matched,Goods receipt confirmed.
217,INVREC00056-02,INVREC00056,2,ECO-001,Cleaning Chemicals,4,Case,15062.81,0,18,10845.22,60251.22,PO-2025-0517,4,Matched,Matched to purchase order.
218,INVREC00057-01,INVREC00057,1,ATT-002,Internet Services,8,Month,3373.17,0,5,1349.27,26985.36,PO-2025-0034,8,Matched,Matched to purchase order.
219,INVREC00057-02,INVREC00057,2,ATT-001,Phone Services,81,Line,206.88,0,5,837.85,16757.04,PO-2025-0034,81,Matched,Three-way match completed.
220,INVREC00058-01,INVREC00058,1,EXP-001,Customs Clearance,2,Shipment,12257.6,0,18,4412.74,24515.2,PO-2026-0610,2,Matched,Ready for payment.
221,INVREC00058-02,INVREC00058,2,EXP-002,International Logistics,3,Shipment,11378.36,0,18,6144.32,34135.09,PO-2026-0610,3,Matched,Validated automatically.
222,INVREC00059-01,INVREC00059,1,BBY-001,Television,4,Unit,9443.88,0,5,1888.78,37775.53,PO-2024-0354,4,Matched,Matched to purchase order.
223,INVREC00059-02,INVREC00059,2,BBY-002,Audio System,5,Unit,16887.88,0,5,4221.97,84439.41,PO-2024-0354,5,Matched,Goods receipt confirmed.
224,INVREC00060-01,INVREC00060,1,BRI-001,Tires,15,Unit,5487.04,0,20,16461.12,82305.58,PO-2025-0595,15,Matched,Successfully matched against PO.
225,INVREC00060-02,INVREC00060,2,BRI-002,Tire Services,6,Month,23694.03,0,20,28432.84,142164.18,PO-2025-0595,6,Matched,Ready for payment.
226,INVREC00061-01,INVREC00061,1,PEN-001,Fleet Management,8,Month,15994.61,0,0,0,127956.88,PO-2025-1219,8,Matched,Validated automatically.
227,INVREC00061-02,INVREC00061,2,PEN-002,Distribution Services,27,Pallet,7728.45,0,0,0,208668.13,PO-2025-1219,27,Matched,Validated automatically.
228,INVREC00062-01,INVREC00062,1,SCH-002,Electrical Components,33,Unit,2238.45,0,5,3693.44,73868.76,PO-2026-0856,24,Awaiting Approval,Pending goods receipt confirmation.
229,INVREC00062-02,INVREC00062,2,SCH-001,Energy Management,2,System,38135.5,0,5,3813.55,76270.99,PO-2026-0856,2,Awaiting Approval,Pending goods receipt confirmation.
230,INVREC00063-01,INVREC00063,1,MAK-002,Accessories,27,Box,7440.27,0,18,36159.7,200887.2,PO-2023-0810,27,Matched,Goods receipt confirmed.
231,INVREC00063-02,INVREC00063,2,MAK-001,Power Tools,2,Unit,65595.82,0,18,23614.5,131191.64,PO-2023-0810,2,Matched,Three-way match completed.
232,INVREC00064-01,INVREC00064,1,BOS-002,Linear Motion,9,Unit,11650.09,0,10,10485.08,104850.81,PO-2024-0787,9,Matched,Three-way match completed.
233,INVREC00064-02,INVREC00064,2,BOS-001,Hydraulic Systems,4,Unit,29150.34,0,10,11660.13,116601.34,PO-2024-0787,4,Matched,Goods receipt confirmed.
234,INVREC00065-01,INVREC00065,1,IR-001,Compressed Air Systems,3,Unit,85534.36,0,18,46188.55,256603.08,PO-2026-0116,3,Matched,Matched to purchase order.
235,INVREC00065-02,INVREC00065,2,IR-002,Air Tools,4,Unit,43565.08,0,18,31366.85,174260.3,PO-2026-0116,4,Matched,Validated automatically.
236,INVREC00066-01,INVREC00066,1,ATT-002,Internet Services,12,Month,5796.89,0,20,13912.55,69562.73,PO-2024-0514,12,Matched,Matched to purchase order.
237,INVREC00066-02,INVREC00066,2,ATT-001,Phone Services,18,Line,5127.29,4614.56,20,18458.23,92291.15,PO-2024-0514,18,Matched,Validated automatically.
238,INVREC00067-01,INVREC00067,1,ALP-002,Spare Parts,5,Box,29714.1,0,18,26742.69,148570.52,PO-2026-1383,5,Matched,Goods receipt confirmed.
239,INVREC00067-02,INVREC00067,2,ALP-001,Heavy Machinery,1,Unit,151154.35,6046.17,18,27207.79,151154.35,PO-2026-1383,1,Matched,Goods receipt confirmed.
240,INVREC00068-01,INVREC00068,1,WMI-001,Waste Collection,1,Month,226114.73,0,18,40700.65,226114.73,PO-2026-0094,1,Matched,Goods receipt confirmed.
241,INVREC00068-02,INVREC00068,2,WMI-002,Recycling Services,6,Month,19801.01,0,18,21385.09,118806.05,PO-2026-0094,6,Matched,Ready for payment.
242,INVREC00069-01,INVREC00069,1,WMI-001,Waste Collection,4,Month,35181.92,0,18,25330.98,140727.68,PO-2026-0094,4,Matched,Ready for payment.
243,INVREC00069-02,INVREC00069,2,WMI-002,Recycling Services,4,Month,51048.28,0,18,36754.76,204193.1,PO-2026-0094,4,Matched,Ready for payment.
244,INVREC00070-01,INVREC00070,1,EMR-002,Valves & Actuators,12,Unit,26404.19,25348.03,5,14575.12,316850.33,PO-2024-1257,12,Matched,Matched to purchase order.
245,INVREC00070-02,INVREC00070,2,EMR-001,Process Control,4,Unit,37658.44,6025.35,5,8799.09,150633.77,PO-2024-1257,4,Matched,Matched to purchase order.
246,INVREC00071-01,INVREC00071,1,IBM-002,Consulting Services,5,Hour,38345.87,0,10,19172.94,191729.35,PO-2025-0912,5,Matched,Three-way match completed.
247,INVREC00071-02,INVREC00071,2,IBM-001,Mainframe Hardware,1,Unit,259684.05,0,10,25968.41,259684.05,PO-2025-0912,1,Matched,Ready for payment.
248,INVREC00072-01,INVREC00072,1,TMO-001,Mobile Plans,71,Line,2174.63,0,0,0,154398.78,PO-2026-0381,71,Matched,Ready for payment.
249,INVREC00072-02,INVREC00072,2,TMO-002,IoT Services,328,Device,488.03,8003.76,0,0,160075.2,PO-2026-0381,328,Matched,Three-way match completed.
250,INVREC00073-01,INVREC00073,1,SKF-002,Seals,5,Box,2732.86,0,0,0,13664.29,PO-2023-0223,4,Awaiting Approval,Pending goods receipt confirmation.
251,INVREC00073-02,INVREC00073,2,SKF-001,Industrial Bearings,8,Unit,1610.43,0,0,0,12883.47,PO-2023-0223,6,Awaiting Approval,Pending goods receipt confirmation.
252,INVREC00074-01,INVREC00074,1,JLL-001,Property Management,10,Month,1644.69,0,20,3289.39,16446.93,PO-2026-1124,10,Matched,Successfully matched against PO.
253,INVREC00074-02,INVREC00074,2,JLL-002,Leasing Services,2,Project,8223.47,0,20,3289.39,16446.94,PO-2026-1124,2,Matched,Ready for payment.
254,INVREC00075-01,INVREC00075,1,SCH-001,Energy Management,3,System,37665.27,0,18,20339.25,112995.81,PO-2024-0339,3,Matched,Goods receipt confirmed.
255,INVREC00075-02,INVREC00075,2,SCH-002,Electrical Components,14,Unit,7954.16,0,18,20044.47,111358.19,PO-2024-0339,14,Matched,Ready for payment.
256,INVREC00076-01,INVREC00076,1,MOD-002,Office Chair,6,Unit,22244.55,0,20,26693.46,133467.3,PO-2025-1388,6,Matched,Three-way match completed.
257,INVREC00076-02,INVREC00076,2,MOD-001,Office Desk,3,Unit,17202.45,0,20,10321.47,51607.36,PO-2025-1388,3,Matched,Matched to purchase order.
258,INVREC00077-01,INVREC00077,1,EXP-001,Customs Clearance,1,Shipment,126082.94,0,18,22694.93,126082.94,PO-2025-0147,1,Matched,Ready for payment.
259,INVREC00077-02,INVREC00077,2,EXP-002,International Logistics,1,Shipment,99594.93,0,18,17927.09,99594.93,PO-2025-0147,1,Matched,Ready for payment.
260,INVREC00078-01,INVREC00078,1,PIN-001,Financial Advisory,18,Hour,9481.33,0,10,17066.39,170663.92,PO-2024-0977,18,Matched,Successfully matched against PO.
261,INVREC00078-02,INVREC00078,2,PIN-002,Investment Services,1,Project,228469.45,0,10,22846.95,228469.45,PO-2024-0977,1,Matched,Three-way match completed.
262,INVREC00079-01,INVREC00079,1,QL-002,Courier Services,23,Package,3769.42,0,10,8669.66,86696.64,PO-2023-0158,23,Matched,Validated automatically.
263,INVREC00079-02,INVREC00079,2,QL-001,Domestic Freight,17,Pallet,10774.23,0,10,18316.19,183161.91,PO-2023-0158,17,Matched,Matched to purchase order.
264,INVREC00080-01,INVREC00080,1,FES-001,Pneumatic Systems,16,Unit,17241.01,0,5,13792.81,275856.23,PO-2023-0598,16,Matched,Ready for payment.
265,INVREC00080-02,INVREC00080,2,FES-002,Valves,25,Unit,6838.13,0,5,8547.66,170953.15,PO-2023-0598,25,Matched,Successfully matched against PO.
266,INVREC00081-01,INVREC00081,1,SAMI-02,Design Work,2,Hour,77661.25,0,0,0,155322.49,PO-2026-0902,2,Matched,Matched to purchase order.
267,INVREC00081-02,INVREC00081,2,SAMI-01,Consulting Services,9,Hour,13699.69,0,0,0,123297.24,PO-2026-0902,9,Matched,Successfully matched against PO.
268,INVREC00082-01,INVREC00082,1,IBM-001,Mainframe Hardware,1,Unit,58912.22,0,0,0,58912.22,PO-2023-1164,1,Matched,Goods receipt confirmed.
269,INVREC00082-02,INVREC00082,2,IBM-002,Consulting Services,26,Hour,5215.74,0,0,0,135609.25,PO-2023-1164,26,Matched,Goods receipt confirmed.
270,INVREC00083-01,INVREC00083,1,MCD-001,Catering Services,3,Event,20299.41,0,0,0,60898.22,PO-2023-0952,3,Matched,Goods receipt confirmed.
271,INVREC00084-01,INVREC00084,1,MIC-001,Truck Tires,8,Unit,26402.94,0,20,42244.71,211223.54,PO-2025-0861,8,Matched,Validated automatically.
272,INVREC00084-02,INVREC00084,2,MIC-002,Fleet Services,8,Month,27337.56,0,20,43740.1,218700.48,PO-2025-0861,8,Matched,Successfully matched against PO.
273,INVREC00085-01,INVREC00085,1,EXP-001,Customs Clearance,1,Shipment,92593.72,0,10,9259.37,92593.72,PO-2026-1351,1,Matched,Successfully matched against PO.
274,INVREC00085-02,INVREC00085,2,EXP-002,International Logistics,3,Shipment,50467.75,0,10,15140.33,151403.25,PO-2026-1351,3,Matched,Successfully matched against PO.
275,INVREC00086-01,INVREC00086,1,ABCD-100,Steel Coils,12,Ton,6447.03,0,5,3868.22,77364.32,PO-2025-1011,12,Matched,Validated automatically.
276,INVREC00086-02,INVREC00086,2,ABCD-300,Packaging Film,8,Roll,23854,0,5,9541.6,190831.98,PO-2025-1011,8,Matched,Ready for payment.
277,INVREC00086-03,INVREC00086,3,ABCD-200,Industrial Fasteners,79,Box,1958.59,0,5,7736.43,154728.63,PO-2025-1011,79,Matched,Matched to purchase order.
278,INVREC00087-01,INVREC00087,1,CBRE-001,Commercial Real Estate,2,Project,4118.13,0,10,823.63,8236.25,PO-2025-1209,2,Matched,Successfully matched against PO.
279,INVREC00087-02,INVREC00087,2,CBRE-002,Property Valuation,2,Project,3932.63,0,10,786.53,7865.25,PO-2025-1209,2,Matched,Ready for payment.
280,INVREC00088-01,INVREC00088,1,SIE-002,Electrical Equipment,7,Unit,13754.71,0,20,19256.6,96283,PO-2024-0584,7,Matched,Goods receipt confirmed.
281,INVREC00088-02,INVREC00088,2,SIE-001,Industrial Automation,4,Unit,42961.72,0,20,34369.37,171846.86,PO-2024-0584,4,Matched,Ready for payment.
282,INVREC00089-01,INVREC00089,1,PAR-001,Hydraulic Components,7,Unit,43246.84,0,5,15136.39,302727.88,PO-2024-1440,7,Matched,Validated automatically.
283,INVREC00089-02,INVREC00089,2,PAR-002,Seals & Gaskets,16,Box,11319.95,0,5,9055.96,181119.25,PO-2024-1440,16,Matched,Three-way match completed.
284,INVREC00090-01,INVREC00090,1,VMW-002,Support Services,3,Year,37832.74,0,10,11349.82,113498.23,PO-2026-1274,3,Matched,Successfully matched against PO.
285,INVREC00090-02,INVREC00090,2,VMW-001,vSphere License,11,CPU,12575.09,0,10,13832.6,138325.96,PO-2026-1274,11,Matched,Goods receipt confirmed.
286,INVREC00091-01,INVREC00091,1,DEL-002,Tax Consulting,23,Hour,7989.05,0,10,18374.83,183748.25,PO-2025-0745,23,Matched,Three-way match completed.
287,INVREC00091-02,INVREC00091,2,DEL-001,Audit Services,1,Project,203168.8,0,10,20316.88,203168.8,PO-2025-0745,1,Matched,Three-way match completed.
288,INVREC00092-01,INVREC00092,1,DELL-KB,Keyboard,22,Unit,298.78,0,0,0,6573.2,PO-2025-1029,22,Matched,Three-way match completed.
289,INVREC00092-02,INVREC00092,2,DELL-DOCK,Docking Station,1,Unit,3225.74,0,0,0,3225.74,PO-2025-1029,1,Matched,Goods receipt confirmed.
290,INVREC00092-03,INVREC00092,3,DELL-MS,Mouse,37,Unit,136.53,0,0,0,5051.63,PO-2025-1029,37,Matched,Goods receipt confirmed.
291,INVREC00093-01,INVREC00093,1,GEN-002,Miscellaneous Supplies,41,Each,1139.29,0,5,2335.54,46710.8,PO-2026-0474,41,Matched,Successfully matched against PO.
292,INVREC00093-02,INVREC00093,2,GEN-001,General Services,41,Hour,1237.74,0,5,2537.38,50747.54,PO-2026-0474,41,Matched,Validated automatically.
293,INVREC00094-01,INVREC00094,1,ELT-001,Janitorial Services,13,Visit,9973.17,2593.02,20,25411.63,129651.16,PO-2023-0920,13,Matched,Validated automatically.
294,INVREC00094-02,INVREC00094,2,ELT-002,Facility Maintenance,24,Hour,13931.81,0,20,67391.3,334363.51,PO-2023-0920,24,Matched,Three-way match completed.
295,INVREC00095-01,INVREC00095,1,APP-002,iPad,8,Unit,7167.3,0,18,10320.91,57338.37,PO-2026-0425,8,Matched,Matched to purchase order.
296,INVREC00095-02,INVREC00095,2,APP-003,iPhone,7,Unit,14945.34,9415.56,18,17136.33,104617.37,PO-2026-0425,7,Matched,Matched to purchase order.
297,INVREC00095-03,INVREC00095,3,APP-001,MacBook Pro,2,Unit,72930.38,0,18,27949.73,145860.75,PO-2026-0425,2,Matched,Three-way match completed.
298,INVREC00096-01,INVREC00096,1,SOD-001,Facility Management,12,Month,3749.97,0,5,2249.98,44999.62,PO-2026-1305,12,Matched,Matched to purchase order.
299,INVREC00096-02,INVREC00096,2,SOD-002,Catering,8,Event,4791.63,0,5,1916.65,38333.01,PO-2026-1305,8,Matched,Goods receipt confirmed.
300,INVREC00097-01,INVREC00097,1,UPS-001,Ground Shipping,98,Package,1724.07,6758.36,18,29196.11,168958.96,PO-2023-0836,98,Matched,Ready for payment.
301,INVREC00097-02,INVREC00097,2,UPS-002,Supply Chain Services,6,Month,54066.87,0,18,59608.72,324401.19,PO-2023-0836,6,Matched,Validated automatically.
302,INVREC00098-01,INVREC00098,1,MAK-001,Power Tools,6,Unit,15000.52,2700.09,20,17460.61,90003.13,PO-2025-0208,5,Awaiting Approval,Pending goods receipt confirmation.
303,INVREC00098-02,INVREC00098,2,MAK-002,Accessories,30,Box,3548.9,0,20,21833.44,106467.12,PO-2025-0208,26,Awaiting Approval,Pending goods receipt confirmation.
304,INVREC00099-01,INVREC00099,1,BAL-002,Drives,1,Unit,249741.11,7492.23,0,0,249741.11,PO-2023-1155,1,Matched,Goods receipt confirmed.
305,INVREC00099-02,INVREC00099,2,BAL-001,Electric Motors,9,Unit,22595.62,0,0,0,203360.61,PO-2023-1155,9,Matched,Validated automatically.
306,INVREC00100-01,INVREC00100,1,ATL-001,Air Cargo Charter,2,Flight,42710.23,0,5,4271.02,85420.46,PO-2025-0532,2,Matched,Ready for payment.
307,INVREC00101-01,INVREC00101,1,SAMI-02,Design Work,6,Hour,13991.05,5036.78,5,3945.48,83946.28,PO-2024-0917,6,Matched,Successfully matched against PO.
308,INVREC00101-02,INVREC00101,2,SAMI-01,Consulting Services,1,Hour,180807.38,0,5,9292.2,180807.38,PO-2024-0917,1,Matched,Ready for payment.
309,INVREC00102-01,INVREC00102,1,WWG-001,MRO Supplies,8,Box,5389.59,0,5,2155.84,43116.72,PO-2026-0304,5,Missing PO,Invoice has no purchase order.
310,INVREC00102-02,INVREC00102,2,WWG-002,HVAC Parts,17,Unit,3848.15,0,5,3270.92,65418.47,PO-2026-0304,14,Vendor Mismatch,Vendor does not match purchase order.
311,INVREC00103-01,INVREC00103,1,EY-001,Financial Audit,1,Project,86874.46,0,18,15637.4,86874.46,PO-2023-1485,1,Matched,Ready for payment.
312,INVREC00103-02,INVREC00103,2,EY-002,Risk Consulting,14,Hour,12022.81,13465.54,18,30297.47,168319.28,PO-2023-1485,14,Matched,Successfully matched against PO.
313,INVREC00104-01,INVREC00104,1,ECO-002,Sanitation Services,12,Month,4451.05,0,0,0,53412.58,PO-2024-0276,12,Matched,Successfully matched against PO.
314,INVREC00104-02,INVREC00104,2,ECO-001,Cleaning Chemicals,20,Case,4546.43,0,0,0,90928.57,PO-2024-0276,20,Matched,Matched to purchase order.
315,INVREC00105-01,INVREC00105,1,ACC-001,Technology Consulting,30,Hour,2326.47,0,10,6979.41,69794.12,PO-2025-0992,30,Matched,Matched to purchase order.
316,INVREC00105-02,INVREC00105,2,ACC-002,Systems Integration,1,Project,124320.77,0,10,12432.08,124320.77,PO-2025-0992,1,Matched,Successfully matched against PO.
317,INVREC00106-01,INVREC00106,1,DELL-MON,"24"" Monitor",8,Unit,29349.42,0,10,23479.53,234795.33,PO-2024-0167,8,Matched,Matched to purchase order.
318,INVREC00106-02,INVREC00106,2,DELL-DOCK,Docking Station,11,Unit,22703.35,7492.11,10,24973.69,249736.85,PO-2024-0167,11,Matched,Successfully matched against PO.
319,INVREC00107-01,INVREC00107,1,BRI-002,Tire Services,9,Month,2297.39,0,20,4135.31,20676.53,PO-2025-0352,9,Matched,Goods receipt confirmed.
320,INVREC00107-02,INVREC00107,2,BRI-001,Tires,31,Unit,508.58,0,20,3153.17,15765.86,PO-2025-0352,31,Matched,Three-way match completed.
321,INVREC00108-01,INVREC00108,1,ACC-001,Technology Consulting,37,Hour,3785.28,0,10,14005.53,140055.26,PO-2026-1048,37,Matched,Validated automatically.
322,INVREC00108-02,INVREC00108,2,ACC-002,Systems Integration,1,Project,132108.86,0,10,13210.89,132108.86,PO-2026-1048,1,Matched,Goods receipt confirmed.
323,INVREC00109-01,INVREC00109,1,SKF-002,Seals,2,Box,12232.15,0,0,0,24464.3,PO-2026-0604,2,Matched,Goods receipt confirmed.
324,INVREC00109-02,INVREC00109,2,SKF-001,Industrial Bearings,37,Unit,1438.39,0,0,0,53220.59,PO-2026-0604,37,Matched,Validated automatically.
325,INVREC00110-01,INVREC00110,1,ZF-002,Industrial Drives,3,Unit,66567.76,0,0,0,199703.27,PO-2025-1234,3,Matched,Matched to purchase order.
326,INVREC00110-02,INVREC00110,2,ZF-001,Automotive Components,5,Unit,39214.46,7842.89,0,0,196072.3,PO-2025-1234,5,Matched,Ready for payment.
327,INVREC00111-01,INVREC00111,1,SCH-002,Electrical Components,16,Unit,2237.29,0,20,7159.34,35796.69,PO-2025-0252,16,Matched,Goods receipt confirmed.
328,INVREC00111-02,INVREC00111,2,SCH-001,Energy Management,2,System,16193.74,0,20,6477.5,32387.48,PO-2025-0252,2,Matched,Successfully matched against PO.
329,INVREC00112-01,INVREC00112,1,QL-002,Courier Services,12,Package,14549.76,0,20,34919.42,174597.12,PO-2023-1269,9,Awaiting Approval,Pending goods receipt confirmation.
330,INVREC00112-02,INVREC00112,2,QL-001,Domestic Freight,18,Pallet,6613.53,0,20,23808.7,119043.49,PO-2023-1269,16,Awaiting Approval,Pending goods receipt confirmation.
331,INVREC00113-01,INVREC00113,1,BRI-001,Tires,19,Unit,3982.33,0,20,15132.84,75664.22,PO-2023-0619,19,Matched,Ready for payment.
332,INVREC00113-02,INVREC00113,2,BRI-002,Tire Services,2,Month,18916.06,0,20,7566.42,37832.11,PO-2023-0619,2,Matched,Successfully matched against PO.
333,INVREC00114-01,INVREC00114,1,VGT-003,Storage Array,3,Unit,68030.26,0,18,36736.34,204090.79,PO-2023-0780,3,Awaiting Approval,Pending goods receipt confirmation.
334,INVREC00114-02,INVREC00114,2,VGT-002,Network Switch,10,Unit,26111.62,0,18,47000.91,261116.15,PO-2023-0780,7,Awaiting Approval,Pending goods receipt confirmation.
335,INVREC00115-01,INVREC00115,1,REP-001,Trash Removal,7,Month,14062.26,0,18,17718.45,98435.81,PO-2024-0338,7,Matched,Successfully matched against PO.
336,INVREC00115-02,INVREC00115,2,REP-002,Dumpster Rental,2,Month,79979.1,0,18,28792.47,159958.19,PO-2024-0338,2,Matched,Validated automatically.
337,INVREC00116-01,INVREC00116,1,SAP-002,Implementation Services,36,Hour,4485.77,0,10,16148.79,161487.88,PO-2026-1378,36,Matched,Three-way match completed.
338,INVREC00116-02,INVREC00116,2,SAP-001,ERP License,24,User,8853.5,0,10,21248.41,212484.05,PO-2026-1378,24,Matched,Matched to purchase order.
339,INVREC00117-01,INVREC00117,1,KUN-002,Air Freight,1,Shipment,216670.49,0,10,21667.05,216670.49,PO-2024-0261,1,Matched,Ready for payment.
340,INVREC00117-02,INVREC00117,2,KUN-001,Supply Chain Management,5,Month,23776.23,7132.87,10,11888.12,118881.16,PO-2024-0261,5,Matched,Goods receipt confirmed.
341,INVREC00118-01,INVREC00118,1,MOD-002,Office Chair,5,Unit,10749.58,0,0,0,53747.9,PO-2026-0072,5,Matched,Three-way match completed.
342,INVREC00118-02,INVREC00118,2,MOD-001,Office Desk,4,Unit,17101.6,0,0,0,68406.41,PO-2026-0072,4,Matched,Ready for payment.
343,INVREC00119-01,INVREC00119,1,VER-001,Mobile Services,32,Line,3159.13,0,18,18196.61,101092.25,PO-2024-0079,32,Matched,Matched to purchase order.
344,INVREC00119-02,INVREC00119,2,VER-002,Data Services,1,Month,122073.66,0,18,21973.26,122073.66,PO-2024-0079,1,Matched,Validated automatically.
345,INVREC00120-01,INVREC00120,1,CHR-002,Warehousing,65,Pallet,3681.67,0,20,47861.66,239308.28,PO-2024-0127,65,Matched,Goods receipt confirmed.
346,INVREC00120-02,INVREC00120,2,CHR-001,Freight Brokerage,6,Shipment,36211.12,0,20,43453.35,217266.73,PO-2024-0127,6,Matched,Three-way match completed.
347,INVREC00121-01,INVREC00121,1,PIN-001,Financial Advisory,20,Hour,10481.04,0,20,41924.17,209620.84,PO-2026-0729,20,Matched,Successfully matched against PO.
348,INVREC00121-02,INVREC00121,2,PIN-002,Investment Services,1,Project,271816.03,0,20,54363.21,271816.03,PO-2026-0729,1,Matched,Goods receipt confirmed.
349,INVREC00122-01,INVREC00122,1,SAMI-02,Design Work,7,Hour,862.05,0,20,1206.88,6034.38,PO-2024-0633,7,Matched,Matched to purchase order.
350,INVREC00122-02,INVREC00122,2,SAMI-01,Consulting Services,4,Hour,1797.74,0,20,1438.19,7190.97,PO-2024-0633,4,Matched,Validated automatically.
351,INVREC00123-01,INVREC00123,1,BBY-002,Audio System,2,Unit,93354.02,0,18,33607.45,186708.03,PO-2024-1141,2,Matched,Three-way match completed.
352,INVREC00123-02,INVREC00123,2,BBY-001,Television,4,Unit,52738.96,0,18,37972.05,210955.82,PO-2024-1141,4,Matched,Ready for payment.
353,INVREC00124-01,INVREC00124,1,GAT-001,Power Transmission Belts,45,Unit,4433.88,5985.74,20,38707.79,199524.69,PO-2026-0360,45,Matched,Matched to purchase order.
354,INVREC00124-02,INVREC00124,2,GAT-002,Hydraulic Hose,63,Foot,3029.36,0,20,39367.09,190849.71,PO-2026-0360,63,Matched,Ready for payment.
355,INVREC00125-01,INVREC00125,1,SAP-001,ERP License,50,User,4631.53,6947.29,5,11231.46,231576.45,PO-2024-0650,50,Matched,Goods receipt confirmed.
356,INVREC00125-02,INVREC00125,2,SAP-002,Implementation Services,41,Hour,5302.4,0,5,11217.28,217398.3,PO-2024-0650,41,Matched,Goods receipt confirmed.
357,INVREC00126-01,INVREC00126,1,ECO-001,Cleaning Chemicals,6,Case,34362.14,0,18,37111.11,206172.83,PO-2026-1146,6,Price Mismatch,Price differs from PO by 19%.
358,INVREC00126-02,INVREC00126,2,ECO-002,Sanitation Services,4,Month,32511.87,0,18,23408.55,130047.48,PO-2026-1146,3,Price Mismatch,Price differs from PO by 15%.
359,INVREC00127-01,INVREC00127,1,ABB-001,Power Automation,4,Unit,51083.94,0,10,20433.58,204335.75,PO-2026-0144,4,Matched,Three-way match completed.
360,INVREC00127-02,INVREC00127,2,ABB-002,Drives & Motors,3,Unit,45871.29,0,10,13761.39,137613.87,PO-2026-0144,3,Matched,Ready for payment.
361,INVREC00128-01,INVREC00128,1,REP-002,Dumpster Rental,2,Month,122444.35,0,18,44079.96,244888.69,PO-2025-0572,2,Matched,Matched to purchase order.
362,INVREC00128-02,INVREC00128,2,REP-001,Trash Removal,7,Month,24945.18,0,18,31430.93,174616.28,PO-2025-0572,7,Matched,Ready for payment.
363,INVREC00129-01,INVREC00129,1,QL-002,Courier Services,83,Package,450.27,0,10,3737.22,37372.23,PO-2025-1205,83,Matched,Goods receipt confirmed.
364,INVREC00129-02,INVREC00129,2,QL-001,Domestic Freight,15,Pallet,1182.09,0,10,1773.14,17731.35,PO-2025-1205,15,Matched,Three-way match completed.
365,INVREC00130-01,INVREC00130,1,PIN-001,Financial Advisory,2,Hour,52236.21,0,5,5223.62,104472.41,PO-2025-1365,2,Matched,Matched to purchase order.
366,INVREC00130-02,INVREC00130,2,PIN-002,Investment Services,1,Project,87060.34,0,5,4353.02,87060.34,PO-2025-1365,1,Matched,Matched to purchase order.
367,INVREC00131-01,INVREC00131,1,DEL-001,Audit Services,1,Project,32258.37,0,20,6451.67,32258.37,PO-2025-0933,1,Matched,Successfully matched against PO.
368,INVREC00131-02,INVREC00131,2,DEL-002,Tax Consulting,11,Hour,4296.57,0,20,9452.45,47262.27,PO-2025-0933,11,Matched,Ready for payment.
369,INVREC00132-01,INVREC00132,1,IMP-001,Container Freight,2,Container,51106.34,0,10,10221.27,102212.67,PO-2023-0393,1,Vendor Mismatch,Vendor does not match purchase order.
370,INVREC00132-02,INVREC00132,2,IMP-002,Customs Brokerage,2,Shipment,39664.62,0,10,7932.92,79329.24,PO-2023-0393,2,Vendor Mismatch,Vendor does not match purchase order.
371,INVREC00133-01,INVREC00133,1,IMP-001,Container Freight,1,Container,146244.37,0,18,26323.99,146244.37,PO-2023-0547,1,Awaiting Approval,Pending goods receipt confirmation.
372,INVREC00133-02,INVREC00133,2,IMP-002,Customs Brokerage,2,Shipment,83384.95,0,18,30018.58,166769.89,PO-2023-0547,2,Awaiting Approval,Pending goods receipt confirmation.
373,INVREC00134-01,INVREC00134,1,FED-001,Express Shipping,5,Shipment,49496.3,0,0,0,247481.49,PO-2024-1046,5,Matched,Validated automatically.
374,INVREC00134-02,INVREC00134,2,FED-002,International Freight,3,Shipment,59083.42,0,0,0,177250.25,PO-2024-1046,3,Matched,Validated automatically.
375,INVREC00135-01,INVREC00135,1,FAS-001,Industrial Fasteners,68,Box,1391.81,0,20,18928.64,94643.22,PO-2025-0751,68,Matched,Ready for payment.
376,INVREC00135-02,INVREC00135,2,FAS-002,Safety Supplies,12,Unit,7448.77,0,20,17877.05,89385.26,PO-2025-0751,12,Matched,Goods receipt confirmed.
377,INVREC00136-01,INVREC00136,1,MCD-001,Catering Services,1,Event,60898.22,0,0,0,60898.22,PO-2023-0952,1,Matched,Ready for payment.
378,INVREC00137-01,INVREC00137,1,OFW-BOOK,Bookshelf,2,Unit,6281.68,0,0,0,12563.35,PO-2024-0171,2,Awaiting Approval,Pending goods receipt confirmation.
379,INVREC00137-02,INVREC00137,2,OFW-CHAIR,Ergonomic Office Chair,6,Unit,1854.59,0,0,0,11127.54,PO-2024-0171,4,Awaiting Approval,Pending goods receipt confirmation.
380,INVREC00137-03,INVREC00137,3,OFW-CABIN,Filing Cabinet,3,Unit,6820.11,0,0,0,20460.32,PO-2024-0171,3,Awaiting Approval,Pending goods receipt confirmation.
381,INVREC00137-04,INVREC00137,4,OFW-DESK,Standing Desk,3,Unit,7777.31,1399.92,0,0,23331.94,PO-2024-0171,2,Awaiting Approval,Pending goods receipt confirmation.
382,INVREC00138-01,INVREC00138,1,FAS-001,Industrial Fasteners,90,Box,1118.83,0,20,20138.97,100694.83,PO-2025-0751,90,Matched,Successfully matched against PO.
383,INVREC00138-02,INVREC00138,2,FAS-002,Safety Supplies,39,Unit,2136.76,0,20,16666.73,83333.65,PO-2025-0751,39,Matched,Successfully matched against PO.
384,INVREC00139-01,INVREC00139,1,VER-001,Mobile Services,19,Line,5663.04,7531.85,18,18011.88,107597.85,PO-2024-0079,19,Matched,Successfully matched against PO.
385,INVREC00139-02,INVREC00139,2,VER-002,Data Services,2,Month,57784.03,0,18,22157.98,115568.06,PO-2024-0079,2,Matched,Ready for payment.
386,INVREC00140-01,INVREC00140,1,BAI-001,Strategy Services,19,Hour,1162.81,0,20,4418.66,22093.3,PO-2024-0052,19,Matched,Ready for payment.
387,INVREC00140-02,INVREC00140,2,BAI-002,Due Diligence,1,Project,13063.86,0,20,2612.77,13063.86,PO-2024-0052,1,Matched,Goods receipt confirmed.
388,INVREC00141-01,INVREC00141,1,STP-FOLD,Manila Folders,10,Box,5150.48,0,18,9270.86,51504.77,PO-2024-1134,10,Matched,Matched to purchase order.
389,INVREC00141-02,INVREC00141,2,STP-PENS,Ballpoint Pens (Box),6,Box,8670.84,0,18,9364.5,52025.02,PO-2024-1134,6,Matched,Validated automatically.
390,INVREC00141-03,INVREC00141,3,STP-PAPER,A4 Printer Paper,58,Ream,1237.84,0,18,12923.02,71794.54,PO-2024-1134,58,Matched,Matched to purchase order.
391,INVREC00142-01,INVREC00142,1,KUN-002,Air Freight,1,Shipment,26862.54,0,5,1343.13,26862.54,PO-2026-0422,1,Matched,Successfully matched against PO.
392,INVREC00142-02,INVREC00142,2,KUN-001,Supply Chain Management,4,Month,2994.81,0,5,598.96,11979.24,PO-2026-0422,4,Matched,Ready for payment.
393,INVREC00143-01,INVREC00143,1,VER-001,Mobile Services,29,Line,2373.98,0,20,13769.08,68845.38,PO-2024-0831,29,Matched,Successfully matched against PO.
394,INVREC00143-02,INVREC00143,2,VER-002,Data Services,12,Month,14721.66,0,20,35331.97,176659.86,PO-2024-0831,12,Matched,Validated automatically.
395,INVREC00144-01,INVREC00144,1,DEW-001,Construction Tools,7,Unit,11462.38,0,10,8023.67,80236.66,PO-2025-1497,7,Matched,Goods receipt confirmed.
396,INVREC00144-02,INVREC00144,2,DEW-002,Power Tools,2,Unit,53636.47,0,10,10727.29,107272.93,PO-2025-1497,2,Matched,Three-way match completed.
397,INVREC00145-01,INVREC00145,1,DEW-001,Construction Tools,5,Unit,37435,0,5,9358.75,187175.02,PO-2026-0760,4,Awaiting Approval,Pending goods receipt confirmation.
398,INVREC00145-02,INVREC00145,2,DEW-002,Power Tools,2,Unit,134709.3,0,5,13470.93,269418.6,PO-2026-0760,2,Awaiting Approval,Pending goods receipt confirmation.
399,INVREC00146-01,INVREC00146,1,HPE-002,Storage Array,2,Unit,68483.9,0,10,13696.78,136967.8,PO-2023-1129,2,Matched,Ready for payment.
400,INVREC00146-02,INVREC00146,2,HPE-001,Server,4,Unit,52679.93,0,10,21071.97,210719.7,PO-2023-1129,4,Matched,Goods receipt confirmed.
401,INVREC00147-01,INVREC00147,1,ALP-002,Spare Parts,2,Box,53030.03,0,10,10606.01,106060.06,PO-2026-1176,2,Matched,Three-way match completed.
402,INVREC00147-02,INVREC00147,2,ALP-001,Heavy Machinery,2,Unit,101239.15,0,10,20247.83,202478.29,PO-2026-1176,2,Matched,Matched to purchase order.
403,INVREC00148-01,INVREC00148,1,SUM-002,Implementation Service,40,Hour,166.47,0,10,665.88,6658.82,PO-2025-1031,40,Matched,Three-way match completed.
404,INVREC00148-02,INVREC00148,2,SUM-001,Software License,37,User,200.73,0,10,742.72,7427.15,PO-2025-1031,37,Matched,Validated automatically.
405,INVREC00149-01,INVREC00149,1,TYC-001,Fire Protection Systems,1,Unit,111587.31,0,10,11158.73,111587.31,PO-2023-0447,1,Matched,Three-way match completed.
406,INVREC00149-02,INVREC00149,2,TYC-002,Building Safety,1,System,263946.92,21115.75,10,26394.69,263946.92,PO-2023-0447,1,Matched,Validated automatically.
407,INVREC00150-01,INVREC00150,1,SUM-001,Software License,47,User,710.27,0,20,6676.52,33382.59,PO-2024-0741,47,Matched,Goods receipt confirmed.
408,INVREC00150-02,INVREC00150,2,SUM-002,Implementation Service,30,Hour,729.37,0,20,4376.2,21881.02,PO-2024-0741,30,Matched,Three-way match completed.
409,INVREC00151-01,INVREC00151,1,PWC-002,Advisory Services,21,Hour,9432.71,0,0,0,198086.98,PO-2026-0343,21,Matched,Goods receipt confirmed.
410,INVREC00151-02,INVREC00151,2,PWC-001,Assurance Services,1,Project,135676.02,0,0,0,135676.02,PO-2026-0343,1,Matched,Validated automatically.
411,INVREC00152-01,INVREC00152,1,SIE-001,Industrial Automation,4,Unit,3238.12,0,0,0,12952.46,PO-2023-0638,4,Matched,Ready for payment.
412,INVREC00152-02,INVREC00152,2,SIE-002,Electrical Equipment,4,Unit,3590.78,0,0,0,14363.12,PO-2023-0638,4,Matched,Matched to purchase order.
413,INVREC00153-01,INVREC00153,1,SAMI-02,Design Work,7,Hour,15110,0,20,21153.99,105769.97,PO-2024-1347,7,Matched,Three-way match completed.
414,INVREC00153-02,INVREC00153,2,SAMI-01,Consulting Services,7,Hour,14722.56,0,20,20611.58,103057.91,PO-2024-1347,7,Matched,Matched to purchase order.
415,INVREC00154-01,INVREC00154,1,HON-001,Safety Systems,3,System,108060.28,0,18,58352.55,324180.83,PO-2023-0734,3,Matched,Three-way match completed.
416,INVREC00154-02,INVREC00154,2,HON-002,Thermostats & Controls,40,Unit,4015.08,0,18,28908.6,160603.34,PO-2023-0734,40,Matched,Successfully matched against PO.
417,INVREC00155-01,INVREC00155,1,ZF-001,Automotive Components,4,Unit,9524.94,2285.98,5,1790.69,38099.74,PO-2025-0239,4,Matched,Goods receipt confirmed.
418,INVREC00155-02,INVREC00155,2,ZF-002,Industrial Drives,5,Unit,4151.17,1245.35,5,1152.09,20755.83,PO-2025-0239,5,Matched,Validated automatically.
419,INVREC00156-01,INVREC00156,1,SIE-001,Industrial Automation,4,Unit,51519.87,0,0,0,206079.47,PO-2024-1181,4,Matched,Validated automatically.
420,INVREC00156-02,INVREC00156,2,SIE-002,Electrical Equipment,4,Unit,31171.69,0,0,0,124686.74,PO-2024-1181,4,Matched,Validated automatically.
421,INVREC00157-01,INVREC00157,1,GS-001,Bulk Materials,2,Ton,52821.56,0,0,0,105643.12,PO-2025-0792,2,Matched,Ready for payment.
422,INVREC00157-02,INVREC00157,2,GS-002,Logistics Services,5,Shipment,29408.76,10293.07,0,0,147043.8,PO-2025-0792,5,Matched,Successfully matched against PO.
423,INVREC00158-01,INVREC00158,1,MS-DYN,Dynamics 365 License,10,Seat,2184.14,1965.73,10,1987.57,21841.39,PO-2026-0486,10,Matched,Three-way match completed.
424,INVREC00158-02,INVREC00158,2,MS-PBI,Power BI Pro,50,Seat,495.86,0,10,2479.29,24792.93,PO-2026-0486,50,Matched,Goods receipt confirmed.
425,INVREC00158-03,INVREC00158,3,MS-AZ,Azure Subscription,6,Month,2689.18,0,10,1613.51,16135.08,PO-2026-0486,6,Matched,Validated automatically.
426,INVREC00158-04,INVREC00158,4,MS-365,Microsoft 365 Business Premium,105,Seat,239.87,0,10,2715.22,25186.46,PO-2026-0486,105,Matched,Ready for payment.
427,INVREC00159-01,INVREC00159,1,SOD-002,Catering,6,Event,7876.92,0,18,8507.07,47261.51,PO-2026-0476,6,Matched,Goods receipt confirmed.
428,INVREC00159-02,INVREC00159,2,SOD-001,Facility Management,3,Month,6113.43,0,18,3301.25,18340.29,PO-2026-0476,3,Matched,Validated automatically.
429,INVREC00160-01,INVREC00160,1,CBRE-002,Property Valuation,3,Project,12253.29,0,5,1837.99,36759.88,PO-2024-0372,3,Matched,Matched to purchase order.
430,INVREC00160-02,INVREC00160,2,CBRE-001,Commercial Real Estate,2,Project,40020.85,0,5,4002.08,80041.69,PO-2024-0372,2,Matched,Ready for payment.
431,INVREC00161-01,INVREC00161,1,ABB-001,Power Automation,1,Unit,189248.75,0,0,0,189248.75,PO-2023-0936,1,Matched,Successfully matched against PO.
432,INVREC00161-02,INVREC00161,2,ABB-002,Drives & Motors,10,Unit,19285.35,0,0,0,192853.48,PO-2023-0936,10,Matched,Ready for payment.
433,INVREC00162-01,INVREC00162,1,MS-365,Microsoft 365 Business Premium,14,Seat,5271.3,0,0,0,73798.15,PO-2026-1297,14,Matched,Validated automatically.
434,INVREC00162-02,INVREC00162,2,MS-DYN,Dynamics 365 License,47,Seat,1927.03,0,0,0,90570.45,PO-2026-1297,47,Matched,Validated automatically.
435,INVREC00162-03,INVREC00162,3,MS-AZ,Azure Subscription,7,Month,5079.61,0,0,0,35557.29,PO-2026-1297,7,Matched,Successfully matched against PO.
436,INVREC00162-04,INVREC00162,4,MS-PBI,Power BI Pro,20,Seat,3488.64,0,0,0,69772.8,PO-2026-1297,20,Matched,Goods receipt confirmed.
437,INVREC00163-01,INVREC00163,1,DHL-FUEL,Fuel Surcharge,1,Percent,262984.37,0,0,0,262984.37,PO-2025-1374,1,Matched,Ready for payment.
438,INVREC00163-02,INVREC00163,2,DHL-INT,International Shipping,1,Shipment,177514.45,0,0,0,177514.45,PO-2025-1374,1,Matched,Validated automatically.
439,INVREC00164-01,INVREC00164,1,ALP-002,Spare Parts,5,Box,18526.83,0,0,0,92634.15,PO-2023-0758,4,Awaiting Approval,Pending goods receipt confirmation.
440,INVREC00164-02,INVREC00164,2,ALP-001,Heavy Machinery,1,Unit,109050.33,0,0,0,109050.33,PO-2023-0758,1,Awaiting Approval,Pending goods receipt confirmation.
441,INVREC00165-01,INVREC00165,1,EY-001,Financial Audit,1,Project,164309.44,0,10,16430.94,164309.44,PO-2023-0023,1,Matched,Successfully matched against PO.
442,INVREC00165-02,INVREC00165,2,EY-002,Risk Consulting,19,Hour,11073.49,0,10,21039.62,210396.23,PO-2023-0023,19,Matched,Ready for payment.
443,INVREC00166-01,INVREC00166,1,SUM-002,Implementation Service,48,Hour,1668.24,0,10,8007.55,80075.51,PO-2024-1211,48,Matched,Validated automatically.
444,INVREC00166-02,INVREC00166,2,SUM-001,Software License,44,User,1144.47,0,10,5035.68,50356.77,PO-2024-1211,44,Matched,Ready for payment.
445,INVREC00167-01,INVREC00167,1,SUM-001,Software License,38,User,4455.73,0,10,16931.77,169317.74,PO-2023-0196,36,Awaiting Approval,Pending goods receipt confirmation.
446,INVREC00167-02,INVREC00167,2,SUM-002,Implementation Service,43,Hour,6476.35,0,10,27848.31,278483.13,PO-2023-0196,32,Awaiting Approval,Pending goods receipt confirmation.
447,INVREC00168-01,INVREC00168,1,WMI-001,Waste Collection,7,Month,5938.97,0,20,8314.56,41572.79,PO-2023-0806,7,Matched,Matched to purchase order.
448,INVREC00168-02,INVREC00168,2,WMI-002,Recycling Services,7,Month,3605.8,0,20,5048.12,25240.62,PO-2023-0806,7,Matched,Successfully matched against PO.
449,INVREC00169-01,INVREC00169,1,PWC-002,Advisory Services,17,Hour,540.73,0,5,459.62,9192.43,PO-2023-0725,17,Matched,Successfully matched against PO.
450,INVREC00169-02,INVREC00169,2,PWC-001,Assurance Services,1,Project,12813.7,0,5,640.68,12813.7,PO-2023-0725,1,Matched,Successfully matched against PO.
451,INVREC00170-01,INVREC00170,1,PIN-002,Investment Services,1,Project,215336.73,0,10,21533.67,215336.73,PO-2024-0824,1,Matched,Goods receipt confirmed.
452,INVREC00170-02,INVREC00170,2,PIN-001,Financial Advisory,4,Hour,69018.18,0,10,27607.27,276072.72,PO-2024-0824,4,Matched,Matched to purchase order.
453,INVREC00171-01,INVREC00171,1,FTI-001,Forensic Accounting,21,Hour,6367.42,0,18,24068.84,133715.79,PO-2025-1391,21,Matched,Ready for payment.
454,INVREC00171-02,INVREC00171,2,FTI-002,Expert Witness Services,1,Project,131642.67,0,18,23695.68,131642.67,PO-2025-1391,1,Matched,Validated automatically.
455,INVREC00172-01,INVREC00172,1,ABCD-300,Packaging Film,5,Roll,40849.13,0,18,36764.22,204245.64,PO-2024-1104,5,Matched,Validated automatically.
456,INVREC00172-02,INVREC00172,2,ABCD-100,Steel Coils,5,Ton,45289.25,0,18,40760.32,226446.25,PO-2024-1104,5,Matched,Validated automatically.
457,INVREC00173-01,INVREC00173,1,ADT-001,Security Monitoring,3,Month,14264.91,0,0,0,42794.73,PO-2026-1218,3,Matched,Validated automatically.
458,INVREC00173-02,INVREC00173,2,ADT-002,Alarm Systems,2,Unit,41148.78,0,0,0,82297.56,PO-2026-1218,2,Matched,Ready for payment.
459,INVREC00174-01,INVREC00174,1,FAS-002,Safety Supplies,17,Unit,6271.03,0,18,19189.34,106607.47,PO-2025-0908,17,Matched,Goods receipt confirmed.
460,INVREC00174-02,INVREC00174,2,FAS-001,Industrial Fasteners,45,Box,2103.56,0,18,17038.81,94660.08,PO-2025-0908,45,Matched,Successfully matched against PO.
461,INVREC00175-01,INVREC00175,1,TIM-002,Lubrication Systems,10,Unit,10849.62,6509.77,5,5099.32,108496.18,PO-2026-1336,10,Matched,Successfully matched against PO.
462,INVREC00175-02,INVREC00175,2,TIM-001,Bearings,42,Unit,4266.7,0,5,9285.57,179201.56,PO-2026-1336,42,Matched,Successfully matched against PO.
463,INVREC00176-01,INVREC00176,1,FES-001,Pneumatic Systems,14,Unit,10976.94,0,20,30735.42,153677.1,PO-2023-0720,9,Quantity Mismatch,Quantity exceeds PO by 19%.
464,INVREC00176-02,INVREC00176,2,FES-002,Valves,30,Unit,5007.46,0,20,30044.74,150223.69,PO-2023-0720,18,Vendor Mismatch,Vendor does not match purchase order.
465,INVREC00177-01,INVREC00177,1,MCK-001,Strategy Consulting,15,Hour,6050.78,0,0,0,90761.77,PO-2025-0184,15,Matched,Goods receipt confirmed.
466,INVREC00177-02,INVREC00177,2,MCK-002,Market Research,1,Project,84755.47,0,0,0,84755.47,PO-2025-0184,1,Matched,Goods receipt confirmed.
467,INVREC00178-01,INVREC00178,1,GE-002,Medical Equipment,2,Unit,3621.91,0,20,1448.76,7243.82,PO-2026-1022,2,Matched,Three-way match completed.
468,INVREC00178-02,INVREC00178,2,GE-001,Power Generation,1,Unit,8451.12,0,20,1690.22,8451.12,PO-2026-1022,1,Matched,Validated automatically.
469,INVREC00179-01,INVREC00179,1,SAP-002,Implementation Services,41,Hour,2812.32,0,0,0,115305.3,PO-2023-0472,41,Matched,Successfully matched against PO.
470,INVREC00179-02,INVREC00179,2,SAP-001,ERP License,35,User,3410.44,0,0,0,119365.35,PO-2023-0472,35,Matched,Goods receipt confirmed.
471,INVREC00180-01,INVREC00180,1,SPG-001,Market Data Subscription,12,Month,15246.23,0,20,36590.95,182954.74,PO-2025-1030,12,Matched,Matched to purchase order.
472,INVREC00180-02,INVREC00180,2,SPG-002,Ratings Services,2,Project,38701.96,0,20,15480.79,77403.93,PO-2025-1030,2,Matched,Matched to purchase order.
473,INVREC00181-01,INVREC00181,1,DEL-002,Tax Consulting,30,Hour,3424.81,0,18,18493.99,102744.4,PO-2025-0801,30,Matched,Matched to purchase order.
474,INVREC00181-02,INVREC00181,2,DEL-001,Audit Services,1,Project,86364.86,0,18,15545.67,86364.86,PO-2025-0801,1,Matched,Matched to purchase order.
475,INVREC00182-01,INVREC00182,1,ABB-002,Drives & Motors,9,Unit,3664.35,0,10,3297.91,32979.13,PO-2025-1204,9,Matched,Matched to purchase order.
476,INVREC00182-02,INVREC00182,2,ABB-001,Power Automation,3,Unit,22471.07,0,10,6741.32,67413.21,PO-2025-1204,3,Matched,Goods receipt confirmed.
477,INVREC00183-01,INVREC00183,1,WMI-002,Recycling Services,5,Month,39128.71,0,20,39128.71,195643.54,PO-2024-0267,5,Matched,Ready for payment.
478,INVREC00183-02,INVREC00183,2,WMI-001,Waste Collection,2,Month,119375.72,0,20,47750.29,238751.44,PO-2024-0267,2,Matched,Ready for payment.
479,INVREC00184-01,INVREC00184,1,VMW-001,vSphere License,9,CPU,17722.96,0,0,0,159506.63,PO-2024-1036,9,Matched,Successfully matched against PO.
480,INVREC00184-02,INVREC00184,2,VMW-002,Support Services,1,Year,171273.52,0,0,0,171273.52,PO-2024-1036,1,Matched,Goods receipt confirmed.
481,INVREC00185-01,INVREC00185,1,STP-PENS,Ballpoint Pens (Box),24,Box,3506.91,0,10,8416.59,84165.92,PO-2024-0759,24,Matched,Validated automatically.
482,INVREC00185-02,INVREC00185,2,STP-INK,Ink Cartridge,22,Each,4864.13,0,10,10701.1,107010.96,PO-2024-0759,22,Matched,Goods receipt confirmed.
483,INVREC00185-03,INVREC00185,3,STP-PAPER,A4 Printer Paper,163,Ream,1017.96,16592.71,10,16592.71,165927.1,PO-2024-0759,163,Matched,Matched to purchase order.
484,INVREC00186-01,INVREC00186,1,GRA-001,Industrial Supplies,14,Box,8956.39,0,20,25077.88,125389.39,PO-2023-0410,14,Matched,Matched to purchase order.
485,INVREC00186-02,INVREC00186,2,GRA-002,Safety Equipment,6,Unit,18418.78,0,20,22102.54,110512.69,PO-2023-0410,6,Matched,Successfully matched against PO.
486,INVREC00187-01,INVREC00187,1,BCG-001,Management Consulting,12,Hour,15558.62,0,18,33606.63,186703.48,PO-2023-1156,12,Matched,Matched to purchase order.
487,INVREC00187-02,INVREC00187,2,BCG-002,Operations Improvement,1,Project,285678.81,0,18,51422.19,285678.81,PO-2023-1156,1,Matched,Three-way match completed.
488,INVREC00188-01,INVREC00188,1,DHL-FUEL,Fuel Surcharge,1,Percent,272927.02,0,0,0,272927.02,PO-2023-0641,1,Matched,Matched to purchase order.
489,INVREC00188-02,INVREC00188,2,DHL-INT,International Shipping,1,Shipment,199355.39,0,0,0,199355.39,PO-2023-0641,1,Matched,Matched to purchase order.
490,INVREC00189-01,INVREC00189,1,PEN-001,Fleet Management,5,Month,32936.93,0,0,0,164684.65,PO-2024-0009,4,Quantity Mismatch,Quantity exceeds PO by 23%.
491,INVREC00189-02,INVREC00189,2,PEN-002,Distribution Services,71,Pallet,1262.08,0,0,0,89607.83,PO-2024-0009,69,Missing PO,Invoice has no purchase order.
492,INVREC00190-01,INVREC00190,1,SAMI-01,Consulting Services,3,Hour,61302.17,0,10,18390.65,183906.51,PO-2023-1335,3,Matched,Ready for payment.
493,INVREC00190-02,INVREC00190,2,SAMI-02,Design Work,8,Hour,23604.07,0,10,18883.26,188832.58,PO-2023-1335,8,Matched,Three-way match completed.
494,INVREC00191-01,INVREC00191,1,MSC-002,Abrasives,34,Box,774.89,0,5,1317.31,26346.19,PO-2026-0365,34,Matched,Validated automatically.
495,INVREC00191-02,INVREC00191,2,MSC-001,Metalworking Tools,16,Unit,2951.12,0,5,2360.89,47217.84,PO-2026-0365,16,Matched,Three-way match completed.
496,INVREC00192-01,INVREC00192,1,THO-002,Tax Software,7,User,20388.38,0,10,14271.87,142718.65,PO-2023-1403,7,Matched,Ready for payment.
497,INVREC00192-02,INVREC00192,2,THO-001,Legal Research Software,16,User,19761.04,12647.07,10,31617.66,316176.69,PO-2023-1403,16,Matched,Matched to purchase order.
498,INVREC00193-01,INVREC00193,1,LNV-001,ThinkPad Laptop,18,Unit,9857.92,0,10,17744.27,177442.65,PO-2025-1208,18,Matched,Three-way match completed.
499,INVREC00193-02,INVREC00193,2,LNV-002,Desktop,13,Unit,11724.51,0,10,15241.87,152418.68,PO-2025-1208,13,Matched,Successfully matched against PO.
500,INVREC00194-01,INVREC00194,1,SEC-002,Access Control Systems,10,Unit,21423.1,0,18,38561.58,214231.01,PO-2025-0696,7,Awaiting Approval,Pending goods receipt confirmation.
501,INVREC00194-02,INVREC00194,2,SEC-001,Security Guard Services,40,Hour,5073.89,0,18,36532.03,202955.7,PO-2025-0696,33,Awaiting Approval,Pending goods receipt confirmation.
502,INVREC00195-01,INVREC00195,1,IR-001,Compressed Air Systems,5,Unit,28296.76,0,0,0,141483.81,PO-2026-1452,5,Matched,Validated automatically.
503,INVREC00195-02,INVREC00195,2,IR-002,Air Tools,18,Unit,7390.95,6651.85,0,0,133037.02,PO-2026-1452,18,Matched,Successfully matched against PO.
504,INVREC00196-01,INVREC00196,1,MAK-002,Accessories,12,Box,402.17,96.52,10,472.95,4826.02,PO-2025-0104,12,Matched,Validated automatically.
505,INVREC00196-02,INVREC00196,2,MAK-001,Power Tools,5,Unit,1167.59,583.79,10,593.44,5837.93,PO-2025-0104,5,Matched,Successfully matched against PO.
506,INVREC00197-01,INVREC00197,1,GE-002,Medical Equipment,3,Unit,2328.93,0,20,1397.36,6986.78,PO-2026-1022,3,Matched,Three-way match completed.
507,INVREC00197-02,INVREC00197,2,GE-001,Power Generation,1,Unit,8708.16,0,20,1741.63,8708.16,PO-2026-1022,1,Matched,Three-way match completed.
508,INVREC00198-01,INVREC00198,1,TIM-002,Lubrication Systems,5,Unit,11047.21,0,20,11047.21,55236.04,PO-2024-1153,5,Matched,Three-way match completed.
509,INVREC00198-02,INVREC00198,2,TIM-001,Bearings,42,Unit,876.76,0,20,7364.81,36824.03,PO-2024-1153,42,Matched,Matched to purchase order.
510,INVREC00199-01,INVREC00199,1,AMZ-STAND,Laptop Stand,3,Each,31849.65,0,20,19109.79,95548.94,PO-2026-1162,3,Matched,Goods receipt confirmed.
511,INVREC00199-02,INVREC00199,2,AMZ-ADAPT,Ethernet Adapter,29,Each,8066.56,0,20,46786.03,233930.17,PO-2026-1162,29,Matched,Goods receipt confirmed.
512,INVREC00200-01,INVREC00200,1,LNV-002,Desktop,9,Unit,24077.7,0,18,39005.87,216699.27,PO-2025-0715,9,Matched,Validated automatically.
513,INVREC00200-02,INVREC00200,2,LNV-001,ThinkPad Laptop,5,Unit,50563.16,0,18,45506.85,252815.82,PO-2025-0715,5,Matched,Successfully matched against PO.
514,INVREC00201-01,INVREC00201,1,ABCD-100,Steel Coils,3,Ton,18998.63,0,5,2849.79,56995.89,PO-2023-1010,3,Matched,Validated automatically.
515,INVREC00201-02,INVREC00201,2,ABCD-200,Industrial Fasteners,27,Box,1507.83,0,5,2035.57,40711.35,PO-2023-1010,27,Matched,Matched to purchase order.
516,INVREC00201-03,INVREC00201,3,ABCD-300,Packaging Film,43,Roll,1839.45,0,5,3954.82,79096.35,PO-2023-1010,43,Matched,Goods receipt confirmed.
517,INVREC00202-01,INVREC00202,1,ZF-001,Automotive Components,5,Unit,1261.09,630.54,20,1134.98,6305.44,PO-2025-0068,5,Matched,Successfully matched against PO.
518,INVREC00202-02,INVREC00202,2,ZF-002,Industrial Drives,1,Unit,10596.64,0,20,2245.44,10596.64,PO-2025-0068,1,Matched,Successfully matched against PO.
519,INVREC00203-01,INVREC00203,1,GE-002,Medical Equipment,1,Unit,59529.74,0,20,11905.95,59529.74,PO-2024-1340,1,Matched,Matched to purchase order.
520,INVREC00203-02,INVREC00203,2,GE-001,Power Generation,1,Unit,62010.15,4340.71,20,12402.03,62010.15,PO-2024-1340,1,Matched,Successfully matched against PO.
521,INVREC00204-01,INVREC00204,1,SFS-002,Sales Cloud,45,User,601.18,0,10,2705.31,27053.09,PO-2025-1422,45,Matched,Three-way match completed.
522,INVREC00204-02,INVREC00204,2,SFS-001,CRM License,57,User,271.21,0,10,1545.89,15458.91,PO-2025-1422,57,Matched,Successfully matched against PO.
523,INVREC00205-01,INVREC00205,1,JLL-002,Leasing Services,2,Project,44105.74,0,5,4410.57,88211.47,PO-2024-1262,2,Matched,Matched to purchase order.
524,INVREC00205-02,INVREC00205,2,JLL-001,Property Management,10,Month,13491.17,0,5,6745.58,134911.65,PO-2024-1262,10,Matched,Goods receipt confirmed.
525,INVREC00206-01,INVREC00206,1,SEC-001,Security Guard Services,83,Hour,1242.22,0,20,20620.77,103103.87,PO-2023-0151,83,Matched,Validated automatically.
526,INVREC00206-02,INVREC00206,2,SEC-002,Access Control Systems,9,Unit,14924.31,0,20,26863.76,134318.8,PO-2023-0151,9,Matched,Matched to purchase order.
527,INVREC00207-01,INVREC00207,1,APP-002,iPad,20,Unit,4182.65,0,20,16730.59,83652.97,PO-2026-0817,20,Matched,Three-way match completed.
528,INVREC00207-02,INVREC00207,2,APP-001,MacBook Pro,5,Unit,9402.32,0,20,9402.32,47011.59,PO-2026-0817,5,Matched,Matched to purchase order.
529,INVREC00207-03,INVREC00207,3,APP-003,iPhone,8,Unit,10715.88,0,20,17145.4,85727.01,PO-2026-0817,8,Matched,Goods receipt confirmed.
530,INVREC00208-01,INVREC00208,1,REP-002,Dumpster Rental,2,Month,8029.45,0,18,2890.6,16058.9,PO-2025-0376,2,Matched,Goods receipt confirmed.
531,INVREC00208-02,INVREC00208,2,REP-001,Trash Removal,7,Month,2502.69,0,18,3153.39,17518.81,PO-2025-0376,7,Matched,Goods receipt confirmed.
532,INVREC00209-01,INVREC00209,1,CIS-003,Firewall,4,Unit,59068.47,0,18,42529.29,236273.86,PO-2026-1280,4,Matched,Ready for payment.
533,INVREC00209-02,INVREC00209,2,CIS-001,Network Router,9,Unit,29199.38,0,18,47302.99,262794.39,PO-2026-1280,9,Matched,Validated automatically.
534,INVREC00210-01,INVREC00210,1,IMP-001,Container Freight,2,Container,37259.64,0,10,7451.93,74519.28,PO-2025-0588,2,Matched,Validated automatically.
535,INVREC00210-02,INVREC00210,2,IMP-002,Customs Brokerage,2,Shipment,44911.18,0,10,8982.24,89822.35,PO-2025-0588,2,Matched,Three-way match completed.
536,INVREC00211-01,INVREC00211,1,EMR-002,Valves & Actuators,12,Unit,13230.73,0,20,31753.74,158768.71,PO-2026-0757,12,Matched,Goods receipt confirmed.
537,INVREC00211-02,INVREC00211,2,EMR-001,Process Control,1,Unit,219833.6,15388.35,20,43966.72,219833.6,PO-2026-0757,1,Matched,Goods receipt confirmed.
538,INVREC00212-01,INVREC00212,1,MOD-001,Office Desk,6,Unit,24381.89,0,5,7314.57,146291.33,PO-2024-0748,5,Awaiting Approval,Pending goods receipt confirmation.
539,INVREC00212-02,INVREC00212,2,MOD-002,Office Chair,9,Unit,22180.74,0,5,9981.33,199626.7,PO-2024-0748,8,Awaiting Approval,Pending goods receipt confirmation.
540,INVREC00213-01,INVREC00213,1,FED-002,International Freight,5,Shipment,3069.38,0,10,1534.69,15346.89,PO-2024-0726,4,Awaiting Approval,Pending goods receipt confirmation.
541,INVREC00213-02,INVREC00213,2,FED-001,Express Shipping,5,Shipment,3108.73,0,10,1554.37,15543.65,PO-2024-0726,4,Awaiting Approval,Pending goods receipt confirmation.
542,INVREC00214-01,INVREC00214,1,SNA-001,Hand Tools,13,Unit,7469.99,0,10,9710.99,97109.85,PO-2024-1150,13,Matched,Three-way match completed.
543,INVREC00214-02,INVREC00214,2,SNA-002,Diagnostic Equipment,2,Unit,114246.88,0,10,22849.38,228493.75,PO-2024-1150,2,Matched,Successfully matched against PO.
544,INVREC00215-01,INVREC00215,1,TYC-001,Fire Protection Systems,3,Unit,30189.39,0,0,0,90568.17,PO-2025-1223,3,Matched,Validated automatically.
545,INVREC00215-02,INVREC00215,2,TYC-002,Building Safety,1,System,161010.09,0,0,0,161010.09,PO-2025-1223,1,Matched,Matched to purchase order.
546,INVREC00216-01,INVREC00216,1,GAT-002,Hydraulic Hose,147,Foot,2020.53,0,20,59403.47,297017.33,PO-2026-1066,147,Matched,Validated automatically.
547,INVREC00216-02,INVREC00216,2,GAT-001,Power Transmission Belts,39,Unit,5006.7,13668.3,20,39052.27,195261.39,PO-2026-1066,39,Matched,Validated automatically.
548,INVREC00217-01,INVREC00217,1,GOO-001,Commercial Tires,31,Unit,1948.55,0,10,6040.51,60405.13,PO-2026-1420,23,Awaiting Approval,Pending goods receipt confirmation.
549,INVREC00217-02,INVREC00217,2,GOO-002,Retread Services,13,Unit,8334.29,0,10,10834.57,108345.71,PO-2026-1420,10,Awaiting Approval,Pending goods receipt confirmation.
550,INVREC00218-01,INVREC00218,1,ABB-002,Drives & Motors,5,Unit,30359.58,0,18,27323.62,151797.91,PO-2024-0931,5,Matched,Validated automatically.
551,INVREC00218-02,INVREC00218,2,ABB-001,Power Automation,4,Unit,36197.96,10135.43,18,26062.54,144791.86,PO-2024-0931,4,Matched,Successfully matched against PO.
552,INVREC00219-01,INVREC00219,1,SAP-001,ERP License,8,User,16693.16,0,10,13354.53,133545.25,PO-2024-0632,8,Matched,Successfully matched against PO.
553,INVREC00219-02,INVREC00219,2,SAP-002,Implementation Services,22,Hour,3745.47,0,10,8240.03,82400.26,PO-2024-0632,22,Matched,Goods receipt confirmed.
554,INVREC00220-01,INVREC00220,1,SNA-001,Hand Tools,7,Unit,23569.99,0,20,32997.98,164989.92,PO-2025-0510,7,Matched,Goods receipt confirmed.
555,INVREC00220-02,INVREC00220,2,SNA-002,Diagnostic Equipment,2,Unit,106906.74,19243.21,20,42762.7,213813.47,PO-2025-0510,2,Matched,Ready for payment.
556,INVREC00221-01,INVREC00221,1,SOD-002,Catering,8,Event,11137.26,8909.81,0,0,89098.1,PO-2026-1441,8,Matched,Validated automatically.
557,INVREC00221-02,INVREC00221,2,SOD-001,Facility Management,1,Month,61171.83,0,0,0,61171.83,PO-2026-1441,1,Matched,Ready for payment.
558,INVREC00222-01,INVREC00222,1,ELT-002,Facility Maintenance,40,Hour,1055.44,0,18,7599.2,42217.75,PO-2024-0561,40,Matched,Validated automatically.
559,INVREC00222-02,INVREC00222,2,ELT-001,Janitorial Services,14,Visit,2680.49,0,18,6754.84,37526.88,PO-2024-0561,14,Matched,Ready for payment.
560,INVREC00223-01,INVREC00223,1,CIS-001,Network Router,2,Unit,26886.97,2150.96,10,5162.3,53773.93,PO-2024-1459,2,Matched,Successfully matched against PO.
561,INVREC00223-02,INVREC00223,2,CIS-003,Firewall,1,Unit,48093.59,961.87,10,5024.45,48093.59,PO-2024-1459,1,Matched,Validated automatically.
562,INVREC00224-01,INVREC00224,1,REG-001,Motion Control,1,Unit,305093.25,15254.66,5,14491.93,305093.25,PO-2024-0260,1,Matched,Goods receipt confirmed.
563,INVREC00224-02,INVREC00224,2,REG-002,Power Transmission,5,Unit,28687.87,0,5,7934.7,143439.37,PO-2024-0260,5,Matched,Goods receipt confirmed.
564,INVREC00225-01,INVREC00225,1,FAS-001,Industrial Fasteners,71,Box,2002.5,0,0,0,142177.58,PO-2023-1271,71,Matched,Successfully matched against PO.
565,INVREC00225-02,INVREC00225,2,FAS-002,Safety Supplies,23,Unit,4234,0,0,0,97381.9,PO-2023-1271,23,Matched,Goods receipt confirmed.
566,INVREC00226-01,INVREC00226,1,EXP-002,International Logistics,1,Shipment,250329.63,0,5,12516.48,250329.63,PO-2026-1453,1,Matched,Matched to purchase order.
567,INVREC00226-02,INVREC00226,2,EXP-001,Customs Clearance,4,Shipment,61474.75,0,5,12294.95,245899.01,PO-2026-1453,4,Matched,Matched to purchase order.
568,INVREC00227-01,INVREC00227,1,HIL-002,Anchoring Systems,2,Box,31940.08,0,5,3194.01,63880.16,PO-2023-0789,2,Matched,Matched to purchase order.
569,INVREC00227-02,INVREC00227,2,HIL-001,Power Tools,6,Unit,14296.99,0,5,4289.1,85781.94,PO-2023-0789,6,Matched,Goods receipt confirmed.
570,INVREC00228-01,INVREC00228,1,SCH-002,Electrical Components,11,Unit,11686.64,0,18,23139.54,128553.02,PO-2025-0963,11,Matched,Successfully matched against PO.
571,INVREC00228-02,INVREC00228,2,SCH-001,Energy Management,1,System,144358.72,0,18,25984.57,144358.72,PO-2025-0963,1,Matched,Goods receipt confirmed.
572,INVREC00229-01,INVREC00229,1,REG-001,Motion Control,1,Unit,109700.1,0,10,10970.01,109700.1,PO-2026-0938,1,Matched,Ready for payment.
573,INVREC00229-02,INVREC00229,2,REG-002,Power Transmission,5,Unit,14271.66,0,10,7135.83,71358.32,PO-2026-0938,5,Matched,Ready for payment.
574,INVREC00230-01,INVREC00230,1,REP-001,Trash Removal,8,Month,2632.74,1895.57,0,0,21061.94,PO-2026-1040,8,Matched,Validated automatically.
575,INVREC00230-02,INVREC00230,2,REP-002,Dumpster Rental,6,Month,7128.66,0,0,0,42771.94,PO-2026-1040,6,Matched,Ready for payment.
576,INVREC00231-01,INVREC00231,1,GS-002,Logistics Services,4,Shipment,30494.21,0,18,21955.83,121976.83,PO-2025-1493,4,Matched,Goods receipt confirmed.
577,INVREC00231-02,INVREC00231,2,GS-001,Bulk Materials,4,Ton,74601.9,0,18,53713.37,298407.6,PO-2025-1493,4,Matched,Matched to purchase order.
578,INVREC00232-01,INVREC00232,1,GE-002,Medical Equipment,3,Unit,18636.28,0,10,5590.88,55908.83,PO-2023-0046,3,Matched,Three-way match completed.
579,INVREC00232-02,INVREC00232,2,GE-001,Power Generation,1,Unit,59126.61,0,10,5912.66,59126.61,PO-2023-0046,1,Matched,Goods receipt confirmed.
580,INVREC00233-01,INVREC00233,1,ELT-002,Facility Maintenance,40,Hour,5784.09,0,5,11568.18,231363.55,PO-2026-1091,40,Matched,Matched to purchase order.
581,INVREC00233-02,INVREC00233,2,ELT-001,Janitorial Services,5,Visit,22924.1,0,5,5731.02,114620.48,PO-2026-1091,5,Matched,Goods receipt confirmed.
582,INVREC00234-01,INVREC00234,1,KMB-001,Paper Towels,45,Case,2318.76,0,18,18781.95,104344.16,PO-2024-0443,45,Matched,Validated automatically.
583,INVREC00234-02,INVREC00234,2,KMB-002,Sanitary Products,6,Case,9474.93,0,18,10232.92,56849.57,PO-2024-0443,6,Matched,Validated automatically.
584,INVREC00235-01,INVREC00235,1,PWC-002,Advisory Services,11,Hour,13229.73,0,0,0,145527,PO-2026-0343,11,Matched,Matched to purchase order.
585,INVREC00235-02,INVREC00235,2,PWC-001,Assurance Services,1,Project,188236,0,0,0,188236,PO-2026-0343,1,Matched,Goods receipt confirmed.
586,INVREC00236-01,INVREC00236,1,ECO-001,Cleaning Chemicals,13,Case,9136.91,0,10,11877.99,118779.86,PO-2025-0949,13,Matched,Goods receipt confirmed.
587,INVREC00236-02,INVREC00236,2,ECO-002,Sanitation Services,9,Month,13841.56,0,10,12457.4,124574,PO-2025-0949,9,Matched,Three-way match completed.
588,INVREC00237-01,INVREC00237,1,IR-001,Compressed Air Systems,4,Unit,8023.12,0,20,6418.5,32092.48,PO-2024-0504,4,Awaiting Approval,Pending goods receipt confirmation.
589,INVREC00237-02,INVREC00237,2,IR-002,Air Tools,3,Unit,11735.31,0,20,7041.19,35205.93,PO-2024-0504,2,Awaiting Approval,Pending goods receipt confirmation.
590,INVREC00238-01,INVREC00238,1,BOS-001,Hydraulic Systems,1,Unit,236858.41,9474.34,20,45476.81,236858.41,PO-2023-0098,1,Matched,Validated automatically.
591,INVREC00238-02,INVREC00238,2,BOS-002,Linear Motion,7,Unit,14076.16,0,20,21601.49,98533.1,PO-2023-0098,7,Matched,Validated automatically.
592,INVREC00239-01,INVREC00239,1,LNV-001,ThinkPad Laptop,6,Unit,13947.63,0,18,15063.44,83685.76,PO-2023-1429,6,Matched,Matched to purchase order.
593,INVREC00239-02,INVREC00239,2,LNV-002,Desktop,9,Unit,8030.45,0,18,13009.33,72274.06,PO-2023-1429,9,Matched,Validated automatically.
594,INVREC00240-01,INVREC00240,1,ROK-001,Industrial Controls,2,Unit,79536.43,0,0,0,159072.86,PO-2025-1373,2,Matched,Ready for payment.
595,INVREC00240-02,INVREC00240,2,ROK-002,HMI Systems,2,Unit,88304.23,0,0,0,176608.46,PO-2025-1373,2,Matched,Three-way match completed.
596,INVREC00241-01,INVREC00241,1,TYC-001,Fire Protection Systems,5,Unit,25324.58,0,20,25324.58,126622.89,PO-2023-1495,5,Matched,Three-way match completed.
597,INVREC00241-02,INVREC00241,2,TYC-002,Building Safety,1,System,146998.99,2939.98,20,29399.8,146998.99,PO-2023-1495,1,Matched,Successfully matched against PO.
598,INVREC00242-01,INVREC00242,1,PWC-001,Assurance Services,1,Project,295552.63,0,5,14777.63,295552.63,PO-2023-1334,1,Matched,Ready for payment.
599,INVREC00242-02,INVREC00242,2,PWC-002,Advisory Services,16,Hour,10819.34,8655.47,5,8655.47,173109.39,PO-2023-1334,16,Matched,Goods receipt confirmed.
600,INVREC00243-01,INVREC00243,1,HIL-002,Anchoring Systems,19,Box,12679.44,0,10,24090.94,240909.38,PO-2025-1356,19,Matched,Three-way match completed.
601,INVREC00243-02,INVREC00243,2,HIL-001,Power Tools,3,Unit,64009.74,0,10,19202.92,192029.22,PO-2025-1356,3,Matched,Goods receipt confirmed.
602,INVREC00244-01,INVREC00244,1,MS-DYN,Dynamics 365 License,6,Seat,6162.1,0,18,6655.06,36972.58,PO-2026-0863,6,Matched,Validated automatically.
603,INVREC00244-02,INVREC00244,2,MS-365,Microsoft 365 Business Premium,153,Seat,258.78,0,18,7126.68,39592.69,PO-2026-0863,153,Matched,Ready for payment.
604,INVREC00245-01,INVREC00245,1,SPG-001,Market Data Subscription,12,Month,2561.12,2151.34,0,0,30733.39,PO-2025-1435,12,Matched,Ready for payment.
605,INVREC00245-02,INVREC00245,2,SPG-002,Ratings Services,1,Project,11803.4,0,0,0,11803.4,PO-2025-1435,1,Matched,Validated automatically.
606,INVREC00246-01,INVREC00246,1,WWG-001,MRO Supplies,20,Box,6485.17,0,20,25940.69,129703.45,PO-2026-0491,20,Matched,Ready for payment.
607,INVREC00246-02,INVREC00246,2,WWG-002,HVAC Parts,7,Unit,26234.22,0,20,36727.91,183639.53,PO-2026-0491,7,Matched,Goods receipt confirmed.
608,INVREC00247-01,INVREC00247,1,ACC-001,Technology Consulting,28,Hour,4922.62,0,10,13783.33,137833.29,PO-2025-0282,28,Matched,Ready for payment.
609,INVREC00247-02,INVREC00247,2,ACC-002,Systems Integration,1,Project,258437.41,0,10,25843.74,258437.41,PO-2025-0282,1,Matched,Matched to purchase order.
610,INVREC00248-01,INVREC00248,1,ALP-002,Spare Parts,2,Box,100295.22,0,20,40118.09,200590.43,PO-2025-1350,2,Matched,Ready for payment.
611,INVREC00248-02,INVREC00248,2,ALP-001,Heavy Machinery,1,Unit,234022.16,0,20,46804.43,234022.16,PO-2025-1350,1,Matched,Matched to purchase order.
612,INVREC00249-01,INVREC00249,1,REP-002,Dumpster Rental,1,Month,32448.04,0,20,6489.61,32448.04,PO-2024-1090,1,Matched,Ready for payment.
613,INVREC00249-02,INVREC00249,2,REP-001,Trash Removal,2,Month,16224.03,0,20,6489.61,32448.05,PO-2024-1090,2,Matched,Three-way match completed.
614,INVREC00250-01,INVREC00250,1,CUM-002,Generators,1,Unit,100350.45,6021.03,0,0,100350.45,PO-2024-1348,1,Matched,Ready for payment.
615,INVREC00250-02,INVREC00250,2,CUM-001,Engine Parts,4,Unit,16294.02,0,0,0,65176.07,PO-2024-1348,4,Matched,Goods receipt confirmed.
616,INVREC00251-01,INVREC00251,1,MCK-002,Market Research,1,Project,18402.38,0,0,0,18402.38,PO-2024-1038,1,Matched,Goods receipt confirmed.
617,INVREC00251-02,INVREC00251,2,MCK-001,Strategy Consulting,48,Hour,403.92,0,0,0,19388.23,PO-2024-1038,48,Matched,Ready for payment.
618,INVREC00252-01,INVREC00252,1,EY-002,Risk Consulting,15,Hour,10163.63,0,20,30490.89,152454.43,PO-2024-0262,15,Matched,Successfully matched against PO.
619,INVREC00252-02,INVREC00252,2,EY-001,Financial Audit,1,Project,72793.56,0,20,14558.71,72793.56,PO-2024-0262,1,Matched,Ready for payment.
620,INVREC00253-01,INVREC00253,1,BOS-002,Linear Motion,7,Unit,22174.78,0,18,27940.22,155223.46,PO-2024-1120,7,Matched,Validated automatically.
621,INVREC00253-02,INVREC00253,2,BOS-001,Hydraulic Systems,2,Unit,85710.35,0,18,30855.72,171420.69,PO-2024-1120,2,Matched,Goods receipt confirmed.
622,INVREC00254-01,INVREC00254,1,VMW-001,vSphere License,13,CPU,12460.77,14579.1,20,29482.17,161989.95,PO-2026-1053,13,Matched,Successfully matched against PO.
623,INVREC00254-02,INVREC00254,2,VMW-002,Support Services,1,Year,197205.16,0,20,42356.85,197205.16,PO-2026-1053,1,Matched,Validated automatically.
624,INVREC00255-01,INVREC00255,1,ACC-001,Technology Consulting,41,Hour,705.84,0,0,0,28939.58,PO-2023-1395,41,Matched,Three-way match completed.
625,INVREC00255-02,INVREC00255,2,ACC-002,Systems Integration,1,Project,31731.99,0,0,0,31731.99,PO-2023-1395,1,Matched,Goods receipt confirmed.
626,INVREC00256-01,INVREC00256,1,REP-001,Trash Removal,8,Month,18774.41,0,5,7509.77,150195.3,PO-2025-1286,8,Matched,Three-way match completed.
627,INVREC00256-02,INVREC00256,2,REP-002,Dumpster Rental,1,Month,125970.26,0,5,6298.51,125970.26,PO-2025-1286,1,Matched,Ready for payment.
628,INVREC00257-01,INVREC00257,1,DHL-INT,International Shipping,1,Shipment,196682.25,0,0,0,196682.25,PO-2025-0264,1,Matched,Matched to purchase order.
629,INVREC00257-02,INVREC00257,2,DHL-FUEL,Fuel Surcharge,1,Percent,245852.82,0,0,0,245852.82,PO-2025-0264,1,Matched,Matched to purchase order.
630,INVREC00258-01,INVREC00258,1,IBM-001,Mainframe Hardware,2,Unit,29805.44,0,18,10729.96,59610.87,PO-2023-0195,2,Matched,Matched to purchase order.
631,INVREC00258-02,INVREC00258,2,IBM-002,Consulting Services,11,Hour,3055.92,0,18,6050.73,33615.15,PO-2023-0195,11,Matched,Ready for payment.
632,INVREC00259-01,INVREC00259,1,REG-001,Motion Control,5,Unit,11062.24,0,20,11062.24,55311.22,PO-2026-0860,5,Matched,Validated automatically.
633,INVREC00259-02,INVREC00259,2,REG-002,Power Transmission,6,Unit,9714.92,0,20,11657.9,58289.51,PO-2026-0860,6,Matched,Matched to purchase order.
634,INVREC00260-01,INVREC00260,1,HON-001,Safety Systems,1,System,13637.79,1227.4,10,1241.04,13637.79,PO-2026-0671,1,Matched,Three-way match completed.
635,INVREC00260-02,INVREC00260,2,HON-002,Thermostats & Controls,50,Unit,159.8,0,10,921.72,7989.82,PO-2026-0671,50,Matched,Matched to purchase order.
636,INVREC00261-01,INVREC00261,1,SCH-002,Electrical Components,30,Unit,937.54,0,10,2812.62,28126.23,PO-2024-0374,30,Matched,Matched to purchase order.
637,INVREC00261-02,INVREC00261,2,SCH-001,Energy Management,2,System,19730.34,0,10,3946.07,39460.67,PO-2024-0374,2,Matched,Three-way match completed.
638,INVREC00262-01,INVREC00262,1,BBY-001,Television,5,Unit,45660.3,0,5,11415.08,228301.52,PO-2023-0966,5,Matched,Successfully matched against PO.
639,INVREC00262-02,INVREC00262,2,BBY-002,Audio System,7,Unit,33765.6,16545.15,5,11817.96,236359.22,PO-2023-0966,7,Matched,Matched to purchase order.
640,INVREC00263-01,INVREC00263,1,IBM-001,Mainframe Hardware,1,Unit,171230.07,0,20,34246.01,171230.07,PO-2023-0672,1,Matched,Matched to purchase order.
641,INVREC00263-02,INVREC00263,2,IBM-002,Consulting Services,12,Hour,25684.51,0,20,61642.83,308214.13,PO-2023-0672,12,Matched,Matched to purchase order.
642,INVREC00264-01,INVREC00264,1,DHL-INT,International Shipping,3,Shipment,61361.13,0,5,9204.17,184083.4,PO-2025-0637,3,Matched,Three-way match completed.
643,INVREC00264-02,INVREC00264,2,DHL-EXP,Express Delivery,1,Shipment,112495.41,4499.82,5,5399.78,112495.41,PO-2025-0637,1,Matched,Three-way match completed.
644,INVREC00264-03,INVREC00264,3,DHL-FUEL,Fuel Surcharge,1,Percent,136784.19,0,5,7064.2,136784.19,PO-2025-0637,1,Matched,Ready for payment.
645,INVREC00265-01,INVREC00265,1,MAE-002,Freight Forwarding,1,Shipment,135224.18,0,0,0,135224.18,PO-2023-0940,1,Matched,Validated automatically.
646,INVREC00265-02,INVREC00265,2,MAE-001,Container Shipping,5,Container,32453.8,0,0,0,162269.02,PO-2023-0940,5,Matched,Successfully matched against PO.
647,INVREC00266-01,INVREC00266,1,THO-001,Legal Research Software,5,User,7764.82,3494.17,18,6359.39,38824.1,PO-2024-0428,5,Matched,Matched to purchase order.
648,INVREC00266-02,INVREC00266,2,THO-002,Tax Software,8,User,3648.88,0,18,5883.34,29191.06,PO-2024-0428,8,Matched,Validated automatically.
649,INVREC00267-01,INVREC00267,1,ELT-002,Facility Maintenance,36,Hour,5298.66,0,5,9537.58,190751.65,PO-2026-1091,23,Quantity Mismatch,Quantity exceeds PO by 11%.
650,INVREC00267-02,INVREC00267,2,ELT-001,Janitorial Services,8,Visit,19404.05,0,5,7761.62,155232.38,PO-2026-1091,8,Missing PO,Invoice has no purchase order.
651,INVREC00268-01,INVREC00268,1,CHR-002,Warehousing,63,Pallet,3216.88,0,20,40532.71,202663.57,PO-2023-1195,63,Matched,Successfully matched against PO.
652,INVREC00268-02,INVREC00268,2,CHR-001,Freight Brokerage,3,Shipment,39918.58,10778.02,20,23951.15,119755.74,PO-2023-1195,3,Matched,Three-way match completed.
653,INVREC00269-01,INVREC00269,1,SUM-001,Software License,24,User,8457.53,0,0,0,202980.8,PO-2023-0113,24,Matched,Goods receipt confirmed.
654,INVREC00269-02,INVREC00269,2,SUM-002,Implementation Service,47,Hour,4632.2,0,0,0,217713.28,PO-2023-0113,47,Matched,Successfully matched against PO.
655,INVREC00270-01,INVREC00270,1,SEC-001,Security Guard Services,60,Hour,781.5,0,20,9377.98,46889.89,PO-2026-1361,56,Awaiting Approval,Pending goods receipt confirmation.
656,INVREC00270-02,INVREC00270,2,SEC-002,Access Control Systems,2,Unit,22272.7,2672.72,20,8909.08,44545.39,PO-2026-1361,2,Awaiting Approval,Pending goods receipt confirmation.
657,INVREC00271-01,INVREC00271,1,GOO-001,Commercial Tires,36,Unit,2366.42,0,0,0,85190.99,PO-2024-0915,36,Matched,Three-way match completed.
658,INVREC00271-02,INVREC00271,2,GOO-002,Retread Services,9,Unit,7964.21,0,0,0,71677.93,PO-2024-0915,9,Matched,Successfully matched against PO.
659,INVREC00272-01,INVREC00272,1,ECO-002,Sanitation Services,12,Month,14574.59,0,10,17489.51,174895.1,PO-2026-0469,12,Matched,Three-way match completed.
660,INVREC00272-02,INVREC00272,2,ECO-001,Cleaning Chemicals,14,Case,9369.38,0,10,13117.13,131171.33,PO-2026-0469,14,Matched,Three-way match completed.
661,INVREC00273-01,INVREC00273,1,TYC-001,Fire Protection Systems,4,Unit,38567.84,0,0,0,154271.36,PO-2023-1166,4,Matched,Matched to purchase order.
662,INVREC00273-02,INVREC00273,2,TYC-002,Building Safety,1,System,104636.22,0,0,0,104636.22,PO-2023-1166,1,Matched,Ready for payment.
663,INVREC00274-01,INVREC00274,1,MCM-002,Hardware,24,Each,12360.59,0,20,59330.82,296654.09,PO-2025-0553,24,Matched,Successfully matched against PO.
664,INVREC00274-02,INVREC00274,2,MCM-001,Fasteners,72,Box,2255.27,14614.12,20,32475.81,162379.08,PO-2025-0553,72,Matched,Matched to purchase order.
665,INVREC00275-01,INVREC00275,1,JCI-001,HVAC System,1,Unit,171865.01,0,18,30935.7,171865.01,PO-2023-0177,1,Matched,Successfully matched against PO.
666,INVREC00275-02,INVREC00275,2,JCI-002,Building Automation,1,System,163602.26,0,18,29448.41,163602.26,PO-2023-0177,1,Matched,Goods receipt confirmed.
667,INVREC00276-01,INVREC00276,1,VER-002,Data Services,5,Month,40131.24,0,20,40131.24,200656.21,PO-2023-1225,5,Matched,Successfully matched against PO.
668,INVREC00276-02,INVREC00276,2,VER-001,Mobile Services,11,Line,15201.23,0,20,33442.7,167213.5,PO-2023-1225,11,Matched,Goods receipt confirmed.
669,INVREC00277-01,INVREC00277,1,FTI-002,Expert Witness Services,1,Project,193387.41,0,0,0,193387.41,PO-2024-1342,1,Matched,Matched to purchase order.
670,INVREC00277-02,INVREC00277,2,FTI-001,Forensic Accounting,20,Hour,10636.31,0,0,0,212726.16,PO-2024-1342,20,Matched,Ready for payment.
671,INVREC00278-01,INVREC00278,1,GOO-002,Retread Services,6,Unit,20068.98,0,18,21674.5,120413.88,PO-2025-0466,6,Matched,Successfully matched against PO.
672,INVREC00278-02,INVREC00278,2,GOO-001,Commercial Tires,9,Unit,26758.64,0,18,43349,240827.77,PO-2025-0466,9,Matched,Matched to purchase order.
673,INVREC00279-01,INVREC00279,1,MCM-002,Hardware,8,Each,35060.84,0,10,28048.67,280486.73,PO-2023-1017,8,Matched,Successfully matched against PO.
674,INVREC00279-02,INVREC00279,2,MCM-001,Fasteners,46,Box,2523.12,0,10,11606.35,116063.47,PO-2023-1017,46,Matched,Ready for payment.
675,INVREC00280-01,INVREC00280,1,TYC-002,Building Safety,1,System,200969.49,0,10,20096.95,200969.49,PO-2023-0447,1,Matched,Validated automatically.
676,INVREC00280-02,INVREC00280,2,TYC-001,Fire Protection Systems,5,Unit,34912.95,0,10,17456.47,174564.74,PO-2023-0447,5,Matched,Validated automatically.
677,INVREC00281-01,INVREC00281,1,CUM-001,Engine Parts,3,Unit,46810.24,7021.54,0,0,140430.72,PO-2026-0537,3,Matched,Three-way match completed.
678,INVREC00281-02,INVREC00281,2,CUM-002,Generators,1,Unit,70215.36,0,0,0,70215.36,PO-2026-0537,1,Matched,Successfully matched against PO.
679,INVREC00282-01,INVREC00282,1,QL-001,Domestic Freight,14,Pallet,3015.5,0,5,2110.85,42216.93,PO-2024-0311,14,Matched,Three-way match completed.
680,INVREC00282-02,INVREC00282,2,QL-002,Courier Services,29,Package,2093.9,0,5,3036.15,60722.99,PO-2024-0311,29,Matched,Matched to purchase order.
681,INVREC00283-01,INVREC00283,1,ABCD-300,Packaging Film,40,Roll,5106.78,0,10,20427.13,204271.33,PO-2024-1106,40,Matched,Successfully matched against PO.
682,INVREC00283-02,INVREC00283,2,ABCD-200,Industrial Fasteners,184,Box,636.98,0,10,11720.49,117204.87,PO-2024-1106,184,Matched,Three-way match completed.
683,INVREC00283-03,INVREC00283,3,ABCD-100,Steel Coils,14,Ton,7893.39,0,10,11050.75,110507.45,PO-2024-1106,14,Matched,Goods receipt confirmed.
684,INVREC00284-01,INVREC00284,1,MAK-002,Accessories,27,Box,5236.71,0,20,28278.21,141391.05,PO-2026-0201,27,Matched,Successfully matched against PO.
685,INVREC00284-02,INVREC00284,2,MAK-001,Power Tools,2,Unit,68905.76,0,20,27562.3,137811.52,PO-2026-0201,2,Matched,Validated automatically.
686,INVREC00285-01,INVREC00285,1,SEC-002,Access Control Systems,9,Unit,21856.33,0,5,9835.35,196706.95,PO-2026-0321,9,Matched,Three-way match completed.
687,INVREC00285-02,INVREC00285,2,SEC-001,Security Guard Services,70,Hour,2835.88,9925.58,5,9925.58,198511.6,PO-2026-0321,70,Matched,Validated automatically.
688,INVREC00286-01,INVREC00286,1,MAE-001,Container Shipping,1,Container,52106.23,0,0,0,52106.23,PO-2025-1321,1,Matched,Ready for payment.
689,INVREC00286-02,INVREC00286,2,MAE-002,Freight Forwarding,3,Shipment,22421.47,0,0,0,67264.4,PO-2025-1321,3,Matched,Three-way match completed.
690,INVREC00287-01,INVREC00287,1,CHR-001,Freight Brokerage,2,Shipment,62070.03,0,20,24828.01,124140.06,PO-2023-1195,2,Matched,Three-way match completed.
691,INVREC00287-02,INVREC00287,2,CHR-002,Warehousing,81,Pallet,2447.89,0,20,39655.85,198279.25,PO-2023-1195,81,Matched,Matched to purchase order.
692,INVREC00288-01,INVREC00288,1,GE-002,Medical Equipment,1,Unit,50364.96,0,10,5036.5,50364.96,PO-2026-1140,1,Matched,Three-way match completed.
693,INVREC00288-02,INVREC00288,2,GE-001,Power Generation,2,Unit,19336.55,0,10,3867.31,38673.1,PO-2026-1140,2,Matched,Ready for payment.
694,INVREC00289-01,INVREC00289,1,BRI-002,Tire Services,1,Month,88743.86,0,20,17748.77,88743.86,PO-2025-0595,1,Matched,Ready for payment.
695,INVREC00289-02,INVREC00289,2,BRI-001,Tires,20,Unit,6786.3,0,20,27145.18,135725.9,PO-2025-0595,20,Matched,Three-way match completed.
696,INVREC00290-01,INVREC00290,1,ALP-001,Heavy Machinery,1,Unit,152668.85,0,18,27480.39,152668.85,PO-2026-1383,1,Matched,Ready for payment.
697,INVREC00290-02,INVREC00290,2,ALP-002,Spare Parts,5,Box,29411.2,0,18,26470.08,147056.02,PO-2026-1383,5,Matched,Validated automatically.
698,INVREC00291-01,INVREC00291,1,CIS-002,Switch,16,Unit,7518.98,0,10,12030.37,120303.65,PO-2025-1272,16,Matched,Matched to purchase order.
699,INVREC00291-02,INVREC00291,2,CIS-003,Firewall,1,Unit,89559.38,0,10,8955.94,89559.38,PO-2025-1272,1,Matched,Successfully matched against PO.
700,INVREC00291-03,INVREC00291,3,CIS-001,Network Router,1,Unit,157731.45,0,10,15773.15,157731.45,PO-2025-1272,1,Matched,Goods receipt confirmed.
701,INVREC00292-01,INVREC00292,1,ACC-001,Technology Consulting,27,Hour,4115.74,0,20,22225.02,111125.1,PO-2023-0660,27,Matched,Matched to purchase order.
702,INVREC00292-02,INVREC00292,2,ACC-002,Systems Integration,1,Project,44282.94,0,20,8856.59,44282.94,PO-2023-0660,1,Matched,Goods receipt confirmed.
703,INVREC00293-01,INVREC00293,1,SKF-001,Industrial Bearings,40,Unit,1440.16,0,20,11521.29,57606.45,PO-2024-0599,37,Awaiting Approval,Pending goods receipt confirmation.
704,INVREC00293-02,INVREC00293,2,SKF-002,Seals,4,Box,8261.39,0,20,6609.11,33045.56,PO-2024-0599,3,Awaiting Approval,Pending goods receipt confirmation.
705,INVREC00294-01,INVREC00294,1,LNV-002,Desktop,2,Unit,38079.82,4569.58,10,7159.01,76159.65,PO-2024-0161,2,Matched,Successfully matched against PO.
706,INVREC00294-02,INVREC00294,2,LNV-001,ThinkPad Laptop,12,Unit,2342.72,0,10,3268.22,28112.62,PO-2024-0161,12,Matched,Three-way match completed.
707,INVREC00295-01,INVREC00295,1,GEN-002,Miscellaneous Supplies,69,Each,1077.23,0,20,14865.71,74328.56,PO-2025-1390,69,Matched,Goods receipt confirmed.
708,INVREC00295-02,INVREC00295,2,GEN-001,General Services,10,Hour,4567.18,0,20,9134.35,45671.76,PO-2025-1390,10,Matched,Matched to purchase order.
709,INVREC00296-01,INVREC00296,1,CIN-001,Uniforms Rental,57,Month,1619.26,0,18,16613.6,92297.8,PO-2024-0502,57,Matched,Successfully matched against PO.
710,INVREC00296-02,INVREC00296,2,CIN-002,Floor Mats,6,Month,15241.84,0,18,16461.19,91451.04,PO-2024-0502,6,Matched,Validated automatically.
711,INVREC00297-01,INVREC00297,1,PWC-001,Assurance Services,1,Project,172125.73,0,10,17212.57,172125.73,PO-2024-0511,1,Awaiting Approval,Pending goods receipt confirmation.
712,INVREC00297-02,INVREC00297,2,PWC-002,Advisory Services,20,Hour,4835.91,0,10,9671.83,96718.27,PO-2024-0511,14,Awaiting Approval,Pending goods receipt confirmation.
713,INVREC00298-01,INVREC00298,1,CIN-001,Uniforms Rental,25,Month,4336.73,0,0,0,108418.36,PO-2023-0275,25,Matched,Validated automatically.
714,INVREC00298-02,INVREC00298,2,CIN-002,Floor Mats,33,Month,2067.74,0,0,0,68235.33,PO-2023-0275,33,Matched,Three-way match completed.
715,INVREC00299-01,INVREC00299,1,MCM-002,Hardware,37,Each,7063.96,0,18,47045.95,261366.39,PO-2025-0455,37,Matched,Validated automatically.
716,INVREC00299-02,INVREC00299,2,MCM-001,Fasteners,58,Box,3241.95,0,18,33846.01,188033.37,PO-2025-0455,58,Matched,Goods receipt confirmed.
717,INVREC00300-01,INVREC00300,1,EY-002,Risk Consulting,29,Hour,4766.55,0,18,24881.39,138229.94,PO-2023-1485,24,Awaiting Approval,Pending goods receipt confirmation.
718,INVREC00300-02,INVREC00300,2,EY-001,Financial Audit,1,Project,116963.8,0,18,21053.48,116963.8,PO-2023-1485,1,Awaiting Approval,Pending goods receipt confirmation.
719,INVREC00301-01,INVREC00301,1,ARA-001,Food Services,10,Month,23767.81,0,10,23767.81,237678.1,PO-2023-1002,10,Matched,Ready for payment.
720,INVREC00301-02,INVREC00301,2,ARA-002,Vending Services,10,Month,17330.7,0,10,17330.7,173306.95,PO-2023-1002,10,Matched,Goods receipt confirmed.
721,INVREC00302-01,INVREC00302,1,SAP-002,Implementation Services,13,Hour,10052.41,0,20,26136.26,130681.28,PO-2024-0837,13,Matched,Goods receipt confirmed.
722,INVREC00302-02,INVREC00302,2,SAP-001,ERP License,9,User,13849.98,0,20,24929.97,124649.83,PO-2024-0837,9,Matched,Successfully matched against PO.
723,INVREC00303-01,INVREC00303,1,ELT-001,Janitorial Services,17,Visit,17703.86,24077.25,10,27688.84,300965.63,PO-2024-0624,17,Matched,Goods receipt confirmed.
724,INVREC00303-02,INVREC00303,2,ELT-002,Facility Maintenance,37,Hour,4367.36,0,10,18566.95,161592.28,PO-2024-0624,37,Matched,Ready for payment.
725,INVREC00304-01,INVREC00304,1,FTI-002,Expert Witness Services,1,Project,13412.75,0,18,2414.3,13412.75,PO-2024-0492,1,Matched,Successfully matched against PO.
726,INVREC00304-02,INVREC00304,2,FTI-001,Forensic Accounting,9,Hour,2662.68,0,18,4313.54,23964.11,PO-2024-0492,9,Matched,Goods receipt confirmed.
727,INVREC00305-01,INVREC00305,1,KPM-002,Financial Advisory,9,Hour,6125.94,0,10,5513.35,55133.5,PO-2024-1328,9,Matched,Ready for payment.
728,INVREC00305-02,INVREC00305,2,KPM-001,Internal Audit,1,Project,120869.61,0,10,12086.96,120869.61,PO-2024-1328,1,Matched,Ready for payment.
729,INVREC00306-01,INVREC00306,1,ZF-002,Industrial Drives,5,Unit,9541.88,0,20,9541.88,47709.38,PO-2026-0925,5,Matched,Goods receipt confirmed.
730,INVREC00306-02,INVREC00306,2,ZF-001,Automotive Components,5,Unit,9541.88,0,20,9541.88,47709.38,PO-2026-0925,5,Matched,Successfully matched against PO.
731,INVREC00307-01,INVREC00307,1,SAMI-02,Design Work,8,Hour,787.75,0,20,1260.4,6302.01,PO-2024-0633,8,Matched,Successfully matched against PO.
732,INVREC00307-02,INVREC00307,2,SAMI-01,Consulting Services,4,Hour,1730.84,0,20,1384.67,6923.34,PO-2024-0633,4,Matched,Three-way match completed.
733,INVREC00308-01,INVREC00308,1,MOD-002,Office Chair,3,Unit,8471.38,0,0,0,25414.15,PO-2026-0014,3,Matched,Successfully matched against PO.
734,INVREC00308-02,INVREC00308,2,MOD-001,Office Desk,6,Unit,3282.66,0,0,0,19695.97,PO-2026-0014,6,Matched,Goods receipt confirmed.
735,INVREC00309-01,INVREC00309,1,HON-002,Thermostats & Controls,11,Unit,26311.22,0,18,52096.21,289423.39,PO-2023-0734,11,Matched,Ready for payment.
736,INVREC00309-02,INVREC00309,2,HON-001,Safety Systems,1,System,195360.78,0,18,35164.94,195360.78,PO-2023-0734,1,Matched,Successfully matched against PO.
737,INVREC00310-01,INVREC00310,1,FTI-001,Forensic Accounting,28,Hour,3790.04,0,20,21224.24,106121.18,PO-2023-0673,28,Matched,Validated automatically.
738,INVREC00310-02,INVREC00310,2,FTI-002,Expert Witness Services,1,Project,106121.19,0,20,21224.24,106121.19,PO-2023-0673,1,Matched,Ready for payment.
739,INVREC00311-01,INVREC00311,1,THO-001,Legal Research Software,20,User,1648.85,0,18,5935.87,32977.05,PO-2024-0428,20,Matched,Goods receipt confirmed.
740,INVREC00311-02,INVREC00311,2,THO-002,Tax Software,7,User,5005.44,0,18,6306.86,35038.11,PO-2024-0428,7,Matched,Three-way match completed.
741,INVREC00312-01,INVREC00312,1,GOO-002,Retread Services,7,Unit,11463,0,5,4012.05,80240.99,PO-2023-0396,7,Matched,Three-way match completed.
742,INVREC00312-02,INVREC00312,2,GOO-001,Commercial Tires,14,Unit,14722.09,0,5,10305.46,206109.2,PO-2023-0396,14,Matched,Validated automatically.
743,INVREC00313-01,INVREC00313,1,TYC-001,Fire Protection Systems,3,Unit,12879.96,0,10,3863.99,38639.88,PO-2026-0430,3,Matched,Ready for payment.
744,INVREC00313-02,INVREC00313,2,TYC-002,Building Safety,1,System,48836.52,0,10,4883.65,48836.52,PO-2026-0430,1,Matched,Validated automatically.
745,INVREC00314-01,INVREC00314,1,GEN-002,Miscellaneous Supplies,55,Each,151.28,0,0,0,8320.16,PO-2026-1076,55,Matched,Successfully matched against PO.
746,INVREC00314-02,INVREC00314,2,GEN-001,General Services,18,Hour,782.24,0,0,0,14080.26,PO-2026-1076,18,Matched,Three-way match completed.
747,INVREC00315-01,INVREC00315,1,ABB-001,Power Automation,2,Unit,15575.52,0,0,0,31151.04,PO-2023-0402,2,Matched,Successfully matched against PO.
748,INVREC00315-02,INVREC00315,2,ABB-002,Drives & Motors,7,Unit,6063.33,0,0,0,42443.3,PO-2023-0402,7,Matched,Goods receipt confirmed.
749,INVREC00316-01,INVREC00316,1,SEC-002,Access Control Systems,2,Unit,34898.23,0,20,13959.29,69796.46,PO-2024-0688,2,Matched,Goods receipt confirmed.
750,INVREC00316-02,INVREC00316,2,SEC-001,Security Guard Services,101,Hour,601.69,0,20,12154.21,60771.05,PO-2024-0688,101,Matched,Successfully matched against PO.
751,INVREC00317-01,INVREC00317,1,IMP-002,Customs Brokerage,2,Shipment,104800.36,10480.04,10,19912.07,209600.71,PO-2024-1045,2,Matched,Goods receipt confirmed.
752,INVREC00317-02,INVREC00317,2,IMP-001,Container Freight,3,Container,50855.5,0,10,16304.65,152566.5,PO-2024-1045,3,Matched,Goods receipt confirmed.
753,INVREC00318-01,INVREC00318,1,PWC-001,Assurance Services,1,Project,178432.87,0,20,35686.57,178432.87,PO-2025-0654,1,Matched,Ready for payment.
754,INVREC00318-02,INVREC00318,2,PWC-002,Advisory Services,19,Hour,5078.21,0,20,19297.18,96485.92,PO-2025-0654,19,Matched,Successfully matched against PO.
755,INVREC00319-01,INVREC00319,1,ADT-002,Alarm Systems,5,Unit,46116.07,0,10,23058.03,230580.34,PO-2025-0900,5,Matched,Successfully matched against PO.
756,INVREC00319-02,INVREC00319,2,ADT-001,Security Monitoring,6,Month,25363.84,0,10,15218.3,152183.03,PO-2025-0900,6,Matched,Ready for payment.
757,INVREC00320-01,INVREC00320,1,SEC-001,Security Guard Services,149,Hour,1430.1,0,10,21308.52,213085.18,PO-2024-0968,149,Matched,Successfully matched against PO.
758,INVREC00320-02,INVREC00320,2,SEC-002,Access Control Systems,4,Unit,30358.91,0,10,12143.56,121435.64,PO-2024-0968,4,Matched,Successfully matched against PO.
759,INVREC00321-01,INVREC00321,1,ARA-001,Food Services,4,Month,25655.14,0,18,18471.7,102620.55,PO-2024-0045,4,Matched,Three-way match completed.
760,INVREC00321-02,INVREC00321,2,ARA-002,Vending Services,11,Month,6506.88,0,18,12883.62,71575.67,PO-2024-0045,11,Matched,Goods receipt confirmed.
761,INVREC00322-01,INVREC00322,1,HPE-002,Storage Array,1,Unit,164138.46,0,10,16413.85,164138.46,PO-2026-1188,1,Matched,Ready for payment.
762,INVREC00322-02,INVREC00322,2,HPE-001,Server,1,Unit,234138.69,0,10,23413.87,234138.69,PO-2026-1188,1,Matched,Ready for payment.
763,INVREC00323-01,INVREC00323,1,SUM-001,Software License,32,User,773.45,0,5,1237.53,24750.5,PO-2026-0630,32,Matched,Goods receipt confirmed.
764,INVREC00323-02,INVREC00323,2,SUM-002,Implementation Service,42,Hour,394.34,0,5,828.12,16562.36,PO-2026-0630,42,Matched,Three-way match completed.
765,INVREC00324-01,INVREC00324,1,IMP-002,Customs Brokerage,2,Shipment,25654.77,0,18,9235.72,51309.54,PO-2023-0405,2,Matched,Validated automatically.
766,INVREC00324-02,INVREC00324,2,IMP-001,Container Freight,1,Container,25018.7,0,18,4503.37,25018.7,PO-2023-0405,1,Matched,Goods receipt confirmed.
767,INVREC00325-01,INVREC00325,1,VER-001,Mobile Services,42,Line,2320.44,0,18,17542.54,97458.53,PO-2024-0079,42,Matched,Ready for payment.
768,INVREC00325-02,INVREC00325,2,VER-002,Data Services,10,Month,12570.74,0,18,22627.33,125707.38,PO-2024-0079,10,Matched,Validated automatically.
769,INVREC00326-01,INVREC00326,1,SNA-001,Hand Tools,4,Unit,15625.86,4375.24,20,11625.64,62503.43,PO-2024-1421,4,Matched,Goods receipt confirmed.
770,INVREC00326-02,INVREC00326,2,SNA-002,Diagnostic Equipment,1,Unit,73922.33,0,20,15659.51,73922.33,PO-2024-1421,1,Matched,Ready for payment.
771,INVREC00327-01,INVREC00327,1,ATL-001,Air Cargo Charter,1,Flight,248756.73,0,18,44776.21,248756.73,PO-2024-0025,1,Matched,Ready for payment.
772,INVREC00328-01,INVREC00328,1,SNA-002,Diagnostic Equipment,1,Unit,196446.23,0,20,39289.25,196446.23,PO-2026-0391,1,Matched,Matched to purchase order.
773,INVREC00328-02,INVREC00328,2,SNA-001,Hand Tools,4,Unit,52619.53,0,20,42095.62,210478.11,PO-2026-0391,4,Matched,Successfully matched against PO.
774,INVREC00329-01,INVREC00329,1,OFW-CHAIR,Ergonomic Office Chair,1,Unit,136295.74,9540.7,18,22815.91,136295.74,PO-2024-0743,1,Matched,Goods receipt confirmed.
775,INVREC00329-02,INVREC00329,2,OFW-CABIN,Filing Cabinet,5,Unit,55928.25,0,18,52052.75,279641.26,PO-2024-0743,5,Matched,Validated automatically.
776,INVREC00330-01,INVREC00330,1,DELL-KB,Keyboard,15,Unit,491.15,0,0,0,7367.27,PO-2025-1029,15,Matched,Three-way match completed.
777,INVREC00330-02,INVREC00330,2,DELL-DOCK,Docking Station,11,Unit,680.3,0,0,0,7483.3,PO-2025-1029,11,Matched,Successfully matched against PO.
778,INVREC00331-01,INVREC00331,1,PEN-002,Distribution Services,54,Pallet,5538.83,8972.9,18,52222.26,299096.58,PO-2023-0494,54,Matched,Goods receipt confirmed.
779,INVREC00331-02,INVREC00331,2,PEN-001,Fleet Management,12,Month,14304.62,0,18,32513.1,171655.43,PO-2023-0494,12,Matched,Matched to purchase order.
780,INVREC00332-01,INVREC00332,1,SEC-002,Access Control Systems,8,Unit,26074.17,0,18,37546.8,208593.35,PO-2025-0696,8,Matched,Successfully matched against PO.
781,INVREC00332-02,INVREC00332,2,SEC-001,Security Guard Services,154,Hour,1354.5,0,18,37546.8,208593.36,PO-2025-0696,154,Matched,Matched to purchase order.
782,INVREC00333-01,INVREC00333,1,PEN-001,Fleet Management,1,Month,11752.6,0,5,587.63,11752.6,PO-2026-1213,1,Matched,Successfully matched against PO.
783,INVREC00333-02,INVREC00333,2,PEN-002,Distribution Services,44,Pallet,286.01,1006.77,5,629.23,12584.65,PO-2026-1213,44,Matched,Successfully matched against PO.
784,INVREC00334-01,INVREC00334,1,SPG-001,Market Data Subscription,1,Month,63916.56,0,5,3195.83,63916.56,PO-2024-0066,1,Matched,Matched to purchase order.
785,INVREC00334-02,INVREC00334,2,SPG-002,Ratings Services,1,Project,127833.13,0,5,6391.66,127833.13,PO-2024-0066,1,Matched,Validated automatically.
786,INVREC00335-01,INVREC00335,1,FAS-001,Industrial Fasteners,80,Box,3540.3,0,18,50980.29,283223.86,PO-2023-0663,80,Matched,Successfully matched against PO.
787,INVREC00335-02,INVREC00335,2,FAS-002,Safety Supplies,35,Unit,5394.74,0,18,33986.86,188815.91,PO-2023-0663,35,Matched,Ready for payment.
788,INVREC00336-01,INVREC00336,1,DELL-MS,Mouse,41,Unit,578.56,0,5,1186.05,23720.95,PO-2025-1423,41,Awaiting Approval,Pending goods receipt confirmation.
789,INVREC00336-02,INVREC00336,2,DELL-DOCK,Docking Station,3,Unit,12382.63,0,5,1857.4,37147.9,PO-2025-1423,2,Awaiting Approval,Pending goods receipt confirmation.
790,INVREC00336-03,INVREC00336,3,DELL-MON,"24"" Monitor",2,Unit,15217.22,2130.41,5,1521.71,30434.43,PO-2025-1423,2,Awaiting Approval,Pending goods receipt confirmation.
791,INVREC00337-01,INVREC00337,1,BAI-002,Due Diligence,1,Project,211638.53,10581.93,20,40211.32,211638.53,PO-2025-0249,1,Matched,Goods receipt confirmed.
792,INVREC00337-02,INVREC00337,2,BAI-001,Strategy Services,21,Hour,12597.53,0,20,55026.02,264548.17,PO-2025-0249,21,Matched,Matched to purchase order.
793,INVREC00338-01,INVREC00338,1,MAE-002,Freight Forwarding,3,Shipment,36671.95,6600.95,18,18614.68,110015.86,PO-2023-1220,3,Matched,Ready for payment.
794,INVREC00338-02,INVREC00338,2,MAE-001,Container Shipping,2,Container,76781.9,0,18,28829.66,153563.8,PO-2023-1220,2,Matched,Three-way match completed.
795,INVREC00339-01,INVREC00339,1,PIN-002,Investment Services,1,Project,73583.2,0,5,3679.16,73583.2,PO-2025-1365,1,Matched,Ready for payment.
796,INVREC00339-02,INVREC00339,2,PIN-001,Financial Advisory,20,Hour,5897.48,0,5,5897.48,117949.55,PO-2025-1365,20,Matched,Three-way match completed.
797,INVREC00340-01,INVREC00340,1,MOD-001,Office Desk,10,Unit,7447.11,5212.98,10,6925.81,74471.11,PO-2026-1227,10,Matched,Ready for payment.
798,INVREC00340-02,INVREC00340,2,MOD-002,Office Chair,12,Unit,10650.71,0,10,13302.15,127808.52,PO-2026-1227,12,Matched,Ready for payment.
799,INVREC00341-01,INVREC00341,1,ABB-001,Power Automation,4,Unit,2673.5,0,10,1069.4,10693.99,PO-2025-1175,4,Matched,Successfully matched against PO.
800,INVREC00341-02,INVREC00341,2,ABB-002,Drives & Motors,8,Unit,1253.85,501.54,10,1003.08,10030.8,PO-2025-1175,8,Matched,Successfully matched against PO.
801,INVREC00342-01,INVREC00342,1,MCM-001,Fasteners,89,Box,3044.03,0,20,54183.68,270918.39,PO-2023-0841,89,Matched,Matched to purchase order.
802,INVREC00342-02,INVREC00342,2,MCM-002,Hardware,15,Each,10836.74,0,20,32510.21,162551.04,PO-2023-0841,15,Matched,Three-way match completed.
803,INVREC00343-01,INVREC00343,1,IBM-002,Consulting Services,23,Hour,2502.47,0,5,2877.84,57556.72,PO-2026-1217,23,Matched,Goods receipt confirmed.
804,INVREC00343-02,INVREC00343,2,IBM-001,Mainframe Hardware,2,Unit,39509.27,4741.11,5,3950.92,79018.54,PO-2026-1217,2,Matched,Successfully matched against PO.
805,INVREC00344-01,INVREC00344,1,ADT-001,Security Monitoring,6,Month,21383.27,0,0,0,128299.64,PO-2024-0513,6,Matched,Ready for payment.
806,INVREC00344-02,INVREC00344,2,ADT-002,Alarm Systems,3,Unit,52389.02,0,0,0,157167.05,PO-2024-0513,3,Matched,Validated automatically.
807,INVREC00345-01,INVREC00345,1,SAMI-01,Consulting Services,2,Hour,44576.66,0,20,17830.66,89153.32,PO-2025-0554,2,Matched,Goods receipt confirmed.
808,INVREC00345-02,INVREC00345,2,SAMI-02,Design Work,5,Hour,42310.05,0,20,42310.05,211550.24,PO-2025-0554,5,Matched,Three-way match completed.
809,INVREC00346-01,INVREC00346,1,NH-001,Strategic Consulting,18,Hour,8831.73,0,0,0,158971.21,PO-2023-1151,18,Matched,Goods receipt confirmed.
810,INVREC00346-02,INVREC00346,2,NH-002,Market Analysis,1,Project,105980.8,0,0,0,105980.8,PO-2023-1151,1,Matched,Three-way match completed.
811,INVREC00347-01,INVREC00347,1,SOD-002,Catering,3,Event,42509.8,0,0,0,127529.41,PO-2023-0575,3,Matched,Matched to purchase order.
812,INVREC00347-02,INVREC00347,2,SOD-001,Facility Management,1,Month,208963.85,10448.19,0,0,208963.85,PO-2023-0575,1,Matched,Goods receipt confirmed.
813,INVREC00348-01,INVREC00348,1,SEC-001,Security Guard Services,75,Hour,2474.13,0,5,9278,185559.93,PO-2026-0321,59,Awaiting Approval,Pending goods receipt confirmation.
814,INVREC00348-02,INVREC00348,2,SEC-002,Access Control Systems,3,Unit,69886.21,0,5,10482.93,209658.62,PO-2026-0321,2,Awaiting Approval,Pending goods receipt confirmation.
815,INVREC00349-01,INVREC00349,1,QL-002,Courier Services,46,Package,742.54,0,10,3415.67,34156.67,PO-2024-1138,46,Matched,Validated automatically.
816,INVREC00349-02,INVREC00349,2,QL-001,Domestic Freight,23,Pallet,1119.19,0,10,2574.13,25741.26,PO-2024-1138,23,Matched,Successfully matched against PO.
817,INVREC00350-01,INVREC00350,1,DELL-LAT,Latitude Laptop,10,Unit,796.96,0,20,1593.93,7969.64,PO-2024-1041,10,Matched,Successfully matched against PO.
818,INVREC00350-02,INVREC00350,2,DELL-KB,Keyboard,49,Unit,248.62,609.11,20,2314.61,12182.17,PO-2024-1041,49,Matched,Matched to purchase order.
819,INVREC00350-03,INVREC00350,3,DELL-MON,"24"" Monitor",5,Unit,3210.63,0,20,3210.63,16053.14,PO-2024-1041,5,Matched,Ready for payment.
820,INVREC00350-04,INVREC00350,4,DELL-MS,Mouse,42,Unit,368.66,0,20,3218.6,15483.88,PO-2024-1041,42,Matched,Successfully matched against PO.
821,INVREC00351-01,INVREC00351,1,KUN-001,Supply Chain Management,3,Month,67726.59,0,0,0,203179.78,PO-2025-0057,3,Matched,Ready for payment.
822,INVREC00351-02,INVREC00351,2,KUN-002,Air Freight,5,Shipment,38158.15,0,0,0,190790.76,PO-2025-0057,5,Matched,Successfully matched against PO.
823,INVREC00352-01,INVREC00352,1,APP-002,iPad,15,Unit,3798.83,0,20,11396.49,56982.46,PO-2026-0359,15,Matched,Three-way match completed.
824,INVREC00352-02,INVREC00352,2,APP-003,iPhone,23,Unit,2728.38,0,20,12550.57,62752.83,PO-2026-0359,23,Matched,Three-way match completed.
825,INVREC00352-03,INVREC00352,3,APP-001,MacBook Pro,4,Unit,20015.99,0,20,16012.79,80063.96,PO-2026-0359,4,Matched,Validated automatically.
826,INVREC00353-01,INVREC00353,1,REG-002,Power Transmission,8,Unit,20946.29,0,0,0,167570.29,PO-2026-0682,8,Matched,Three-way match completed.
827,INVREC00353-02,INVREC00353,2,REG-001,Motion Control,4,Unit,49509.41,0,0,0,198037.62,PO-2026-0682,4,Matched,Validated automatically.
828,INVREC00354-01,INVREC00354,1,WMI-002,Recycling Services,3,Month,2175.23,0,5,326.28,6525.69,PO-2023-1449,3,Matched,Three-way match completed.
829,INVREC00354-02,INVREC00354,2,WMI-001,Waste Collection,8,Month,953.43,0,5,381.37,7627.43,PO-2023-1449,8,Matched,Goods receipt confirmed.
830,INVREC00355-01,INVREC00355,1,MCM-002,Hardware,20,Each,1614.17,0,18,5811.02,32283.42,PO-2025-0762,20,Matched,Successfully matched against PO.
831,INVREC00355-02,INVREC00355,2,MCM-001,Fasteners,67,Box,900.49,0,18,10859.93,60332.96,PO-2025-0762,67,Matched,Ready for payment.
832,INVREC00356-01,INVREC00356,1,QL-001,Domestic Freight,30,Pallet,4384.69,0,5,6577.03,131540.66,PO-2026-0815,30,Matched,Validated automatically.
833,INVREC00356-02,INVREC00356,2,QL-002,Courier Services,58,Package,1915.15,0,5,5553.94,111078.78,PO-2026-0815,58,Matched,Successfully matched against PO.
834,INVREC00357-01,INVREC00357,1,UPS-002,Supply Chain Services,5,Month,19676.53,0,5,4919.13,98382.64,PO-2025-1377,5,Matched,Matched to purchase order.
835,INVREC00357-02,INVREC00357,2,UPS-001,Ground Shipping,12,Package,7423.02,0,5,4453.81,89076.18,PO-2025-1377,12,Matched,Goods receipt confirmed.
836,INVREC00358-01,INVREC00358,1,HIL-002,Anchoring Systems,5,Box,29795.68,0,0,0,148978.39,PO-2024-1405,5,Matched,Validated automatically.
837,INVREC00358-02,INVREC00358,2,HIL-001,Power Tools,5,Unit,22296.08,0,0,0,111480.42,PO-2024-1405,5,Matched,Three-way match completed.
838,INVREC00359-01,INVREC00359,1,DHL-INT,International Shipping,3,Shipment,68021.65,0,0,0,204064.94,PO-2025-1374,3,Matched,Ready for payment.
839,INVREC00359-02,INVREC00359,2,DHL-FUEL,Fuel Surcharge,1,Percent,130883.04,0,0,0,130883.04,PO-2025-1374,1,Matched,Matched to purchase order.
840,INVREC00359-03,INVREC00359,3,DHL-EXP,Express Delivery,2,Shipment,52775.42,0,0,0,105550.84,PO-2025-1374,2,Matched,Matched to purchase order.
841,INVREC00360-01,INVREC00360,1,JLL-002,Leasing Services,2,Project,19908.17,0,18,7166.94,39816.34,PO-2023-1397,2,Matched,Ready for payment.
842,INVREC00360-02,INVREC00360,2,JLL-001,Property Management,12,Month,2378.96,0,18,5138.56,28547.56,PO-2023-1397,12,Matched,Ready for payment.
843,INVREC00361-01,INVREC00361,1,SAMI-02,Design Work,7,Hour,17782.92,0,5,6224.02,124480.45,PO-2026-0999,7,Matched,Validated automatically.
844,INVREC00361-02,INVREC00361,2,SAMI-01,Consulting Services,1,Hour,173843.38,0,5,8692.17,173843.38,PO-2026-0999,1,Matched,Matched to purchase order.
845,INVREC00362-01,INVREC00362,1,UNI-001,Work Uniforms,21,Month,12471.71,0,0,0,261905.92,PO-2024-0309,21,Matched,Ready for payment.
846,INVREC00362-02,INVREC00362,2,UNI-002,Protective Gear,13,Unit,14713.82,0,0,0,191279.6,PO-2024-0309,13,Matched,Matched to purchase order.
847,INVREC00363-01,INVREC00363,1,BCG-002,Operations Improvement,1,Project,148662.72,0,10,14866.27,148662.72,PO-2026-0444,1,Matched,Successfully matched against PO.
848,INVREC00363-02,INVREC00363,2,BCG-001,Management Consulting,14,Hour,6880.96,0,10,9633.34,96333.44,PO-2026-0444,14,Matched,Validated automatically.
849,INVREC00364-01,INVREC00364,1,EXP-001,Customs Clearance,2,Shipment,120364.34,0,18,43331.16,240728.68,PO-2023-0362,2,Matched,Ready for payment.
850,INVREC00364-02,INVREC00364,2,EXP-002,International Logistics,3,Shipment,66200.39,0,18,35748.21,198601.16,PO-2023-0362,3,Matched,Goods receipt confirmed.
851,INVREC00365-01,INVREC00365,1,VMW-001,vSphere License,20,CPU,2560.74,0,10,5121.48,51214.85,PO-2025-0105,16,Price Mismatch,Price differs from PO by 13%.
852,INVREC00365-02,INVREC00365,2,VMW-002,Support Services,1,Year,37404.1,0,10,3740.41,37404.1,PO-2025-0105,1,Missing PO,Invoice has no purchase order.
853,INVREC00366-01,INVREC00366,1,SFS-002,Sales Cloud,31,User,5664.22,0,20,35118.15,175590.73,PO-2023-0718,31,Matched,Ready for payment.
854,INVREC00366-02,INVREC00366,2,SFS-001,CRM License,77,User,2394.42,0,20,36874.05,184370.27,PO-2023-0718,77,Matched,Three-way match completed.
855,INVREC00367-01,INVREC00367,1,MS-DYN,Dynamics 365 License,16,Seat,4075.56,0,18,11737.61,65208.96,PO-2025-1258,16,Matched,Successfully matched against PO.
856,INVREC00367-02,INVREC00367,2,MS-365,Microsoft 365 Business Premium,182,Seat,189.48,0,18,6207.39,34485.51,PO-2025-1258,182,Matched,Goods receipt confirmed.
857,INVREC00367-03,INVREC00367,3,MS-PBI,Power BI Pro,96,Seat,600.88,2307.39,18,9967.94,57684.85,PO-2025-1258,96,Matched,Ready for payment.
858,INVREC00367-04,INVREC00367,4,MS-AZ,Azure Subscription,10,Month,6897.1,0,18,12830.12,68971.01,PO-2025-1258,10,Matched,Three-way match completed.
859,INVREC00368-01,INVREC00368,1,PEN-001,Fleet Management,11,Month,9515.76,0,5,5233.67,104673.37,PO-2025-0866,11,Matched,Goods receipt confirmed.
860,INVREC00368-02,INVREC00368,2,PEN-002,Distribution Services,92,Pallet,1030.67,0,5,4741.09,94821.76,PO-2025-0866,92,Matched,Goods receipt confirmed.
861,INVREC00369-01,INVREC00369,1,DELL-KB,Keyboard,2,Unit,26256.7,0,20,10502.68,52513.4,PO-2023-1288,2,Awaiting Approval,Pending goods receipt confirmation.
862,INVREC00369-02,INVREC00369,2,DELL-MON,"24"" Monitor",3,Unit,29319.98,0,20,17591.99,87959.94,PO-2023-1288,3,Awaiting Approval,Pending goods receipt confirmation.
863,INVREC00369-03,INVREC00369,3,DELL-MS,Mouse,38,Unit,2245.64,0,20,17066.85,85334.27,PO-2023-1288,38,Awaiting Approval,Pending goods receipt confirmation.
864,INVREC00370-01,INVREC00370,1,TMO-002,IoT Services,443,Device,157.28,0,18,12541.19,69673.25,PO-2026-0883,443,Matched,Three-way match completed.
865,INVREC00370-02,INVREC00370,2,TMO-001,Mobile Plans,55,Line,2046.35,0,18,20258.84,112549.1,PO-2026-0883,55,Matched,Matched to purchase order.
866,INVREC00371-01,INVREC00371,1,ELT-001,Janitorial Services,12,Visit,17566.52,0,5,10539.91,210798.22,PO-2026-1091,12,Matched,Successfully matched against PO.
867,INVREC00371-02,INVREC00371,2,ELT-002,Facility Maintenance,7,Hour,19312.26,0,5,6759.29,135185.81,PO-2026-1091,7,Matched,Matched to purchase order.
868,INVREC00372-01,INVREC00372,1,UNI-001,Work Uniforms,23,Month,5767.62,0,10,13265.52,132655.23,PO-2023-0832,23,Matched,Goods receipt confirmed.
869,INVREC00372-02,INVREC00372,2,UNI-002,Protective Gear,28,Unit,4886.91,0,10,13683.34,136833.35,PO-2023-0832,28,Matched,Matched to purchase order.
870,INVREC00373-01,INVREC00373,1,MAE-002,Freight Forwarding,3,Shipment,52715.93,11070.35,18,26473.94,158147.8,PO-2023-1220,3,Matched,Successfully matched against PO.
871,INVREC00373-02,INVREC00373,2,MAE-001,Container Shipping,3,Container,35143.95,0,18,20970.4,105431.86,PO-2023-1220,3,Matched,Goods receipt confirmed.
872,INVREC00374-01,INVREC00374,1,MIC-001,Truck Tires,32,Unit,7732.23,0,5,12371.56,247431.26,PO-2023-1438,32,Matched,Ready for payment.
873,INVREC00374-02,INVREC00374,2,MIC-002,Fleet Services,2,Month,117631.26,0,5,11763.13,235262.51,PO-2023-1438,2,Matched,Successfully matched against PO.
874,INVREC00375-01,INVREC00375,1,WMI-001,Waste Collection,5,Month,50122.5,0,20,50122.5,250612.49,PO-2024-0267,5,Matched,Goods receipt confirmed.
875,INVREC00375-02,INVREC00375,2,WMI-002,Recycling Services,7,Month,26254.64,0,20,36756.5,183782.49,PO-2024-0267,7,Matched,Goods receipt confirmed.
876,INVREC00376-01,INVREC00376,1,CAT-001,Construction Equipment,2,Unit,106166.69,0,0,0,212333.37,PO-2025-0627,2,Matched,Successfully matched against PO.
877,INVREC00376-02,INVREC00376,2,CAT-002,Spare Parts,11,Box,23954.37,0,0,0,263498.04,PO-2025-0627,11,Matched,Ready for payment.
878,INVREC00377-01,INVREC00377,1,THO-002,Tax Software,3,User,39968.05,0,0,0,119904.15,PO-2026-0913,3,Matched,Validated automatically.
879,INVREC00377-02,INVREC00377,2,THO-001,Legal Research Software,15,User,5952.69,0,0,0,89290.32,PO-2026-0913,15,Matched,Goods receipt confirmed.
880,INVREC00378-01,INVREC00378,1,WWG-001,MRO Supplies,46,Box,3320.19,0,10,15272.88,152728.78,PO-2026-1061,35,Missing PO,Invoice has no purchase order.
881,INVREC00378-02,INVREC00378,2,WWG-002,HVAC Parts,16,Unit,13831.31,6639.03,10,22130.09,221300.89,PO-2026-1061,13,Price Mismatch,Price differs from PO by 17%.
882,INVREC00379-01,INVREC00379,1,REP-001,Trash Removal,11,Month,4742.38,0,18,9389.91,52166.14,PO-2024-0955,11,Matched,Successfully matched against PO.
883,INVREC00379-02,INVREC00379,2,REP-002,Dumpster Rental,5,Month,17656.23,0,18,15890.61,88281.15,PO-2024-0955,5,Matched,Validated automatically.
884,INVREC00380-01,INVREC00380,1,WWG-001,MRO Supplies,25,Box,8638.3,0,10,21595.76,215957.61,PO-2026-1061,25,Matched,Three-way match completed.
885,INVREC00380-02,INVREC00380,2,WWG-002,HVAC Parts,7,Unit,22581.72,0,10,15807.21,158072.06,PO-2026-1061,7,Matched,Ready for payment.
886,INVREC00381-01,INVREC00381,1,ECO-002,Sanitation Services,1,Month,79580.17,5570.61,10,7400.96,79580.17,PO-2025-0949,1,Matched,Successfully matched against PO.
887,INVREC00381-02,INVREC00381,2,ECO-001,Cleaning Chemicals,5,Case,32754.74,0,10,16934.43,163773.69,PO-2025-0949,5,Matched,Goods receipt confirmed.
888,INVREC00382-01,INVREC00382,1,IMP-002,Customs Brokerage,1,Shipment,27528.22,1926.98,18,4608.22,27528.22,PO-2023-0405,1,Matched,Ready for payment.
889,INVREC00382-02,INVREC00382,2,IMP-001,Container Freight,1,Container,48800.02,0,18,9130.86,48800.02,PO-2023-0405,1,Matched,Ready for payment.
890,INVREC00383-01,INVREC00383,1,GOO-001,Commercial Tires,23,Unit,8206.51,0,20,37749.92,188749.62,PO-2026-0441,23,Matched,Goods receipt confirmed.
891,INVREC00383-02,INVREC00383,2,GOO-002,Retread Services,15,Unit,17181.06,0,20,51543.17,257715.83,PO-2026-0441,15,Matched,Goods receipt confirmed.
892,INVREC00384-01,INVREC00384,1,BAL-002,Drives,2,Unit,30778.9,0,0,0,61557.79,PO-2023-0292,2,Matched,Three-way match completed.
893,INVREC00384-02,INVREC00384,2,BAL-001,Electric Motors,8,Unit,2599.57,2079.66,0,0,20796.55,PO-2023-0292,8,Matched,Three-way match completed.
894,INVREC00385-01,INVREC00385,1,UNI-001,Work Uniforms,34,Month,805.23,0,0,0,27377.87,PO-2024-1496,27,Awaiting Approval,Pending goods receipt confirmation.
895,INVREC00385-02,INVREC00385,2,UNI-002,Protective Gear,17,Unit,1265.36,0,0,0,21511.18,PO-2024-1496,15,Awaiting Approval,Pending goods receipt confirmation.
896,INVREC00386-01,INVREC00386,1,ACC-002,Systems Integration,1,Project,132221.87,6611.09,5,6280.54,132221.87,PO-2024-1163,1,Missing PO,Invoice has no purchase order.
897,INVREC00386-02,INVREC00386,2,ACC-001,Technology Consulting,23,Hour,7169.06,0,5,8574.98,164888.46,PO-2024-1163,15,Vendor Mismatch,Vendor does not match purchase order.
898,INVREC00387-01,INVREC00387,1,SPG-002,Ratings Services,2,Project,56286.25,0,0,0,112572.5,PO-2026-1107,2,Matched,Successfully matched against PO.
899,INVREC00387-02,INVREC00387,2,SPG-001,Market Data Subscription,7,Month,10602.07,0,0,0,74214.47,PO-2026-1107,7,Matched,Validated automatically.
900,INVREC00388-01,INVREC00388,1,MAE-001,Container Shipping,3,Container,50179.58,0,18,27096.97,150538.74,PO-2023-0979,3,Matched,Validated automatically.
901,INVREC00388-02,INVREC00388,2,MAE-002,Freight Forwarding,2,Shipment,53616.54,0,18,19301.95,107233.08,PO-2023-0979,2,Matched,Matched to purchase order.
902,INVREC00389-01,INVREC00389,1,UNI-002,Protective Gear,25,Unit,10080.24,0,20,50401.2,252006.02,PO-2026-1308,25,Matched,Three-way match completed.
903,INVREC00389-02,INVREC00389,2,UNI-001,Work Uniforms,20,Month,9163.86,0,20,36655.42,183277.11,PO-2026-1308,20,Matched,Three-way match completed.
904,INVREC00390-01,INVREC00390,1,ARA-001,Food Services,3,Month,30774.83,0,0,0,92324.49,PO-2025-0904,3,Matched,Successfully matched against PO.
905,INVREC00390-02,INVREC00390,2,ARA-002,Vending Services,5,Month,37205.39,0,0,0,186026.97,PO-2025-0904,5,Matched,Matched to purchase order.
906,INVREC00391-01,INVREC00391,1,ELT-002,Facility Maintenance,23,Hour,4103.63,0,10,9438.34,94383.4,PO-2026-0139,23,Matched,Validated automatically.
907,INVREC00391-02,INVREC00391,2,ELT-001,Janitorial Services,5,Visit,39121.24,0,10,19560.62,195606.19,PO-2026-0139,5,Matched,Matched to purchase order.
908,INVREC00392-01,INVREC00392,1,SOD-002,Catering,3,Event,31012.42,0,20,18607.45,93037.26,PO-2025-0728,3,Matched,Validated automatically.
909,INVREC00392-02,INVREC00392,2,SOD-001,Facility Management,11,Month,8457.93,0,20,18607.45,93037.27,PO-2025-0728,11,Matched,Goods receipt confirmed.
910,INVREC00393-01,INVREC00393,1,MAK-001,Power Tools,6,Unit,6460.9,0,0,0,38765.37,PO-2025-1409,6,Matched,Matched to purchase order.
911,INVREC00393-02,INVREC00393,2,MAK-002,Accessories,6,Box,4245.73,0,0,0,25474.38,PO-2025-1409,6,Matched,Successfully matched against PO.
912,INVREC00394-01,INVREC00394,1,ATT-001,Phone Services,37,Line,653.49,0,5,1208.96,24179.22,PO-2025-0034,37,Matched,Validated automatically.
913,INVREC00394-02,INVREC00394,2,ATT-002,Internet Services,11,Month,1778.47,0,5,978.16,19563.18,PO-2025-0034,11,Matched,Matched to purchase order.
914,INVREC00395-01,INVREC00395,1,ARA-002,Vending Services,4,Month,42966.62,0,10,17186.65,171866.48,PO-2023-1002,4,Awaiting Approval,Pending goods receipt confirmation.
915,INVREC00395-02,INVREC00395,2,ARA-001,Food Services,5,Month,47823.71,0,10,23911.86,239118.57,PO-2023-1002,4,Awaiting Approval,Pending goods receipt confirmation.
916,INVREC00396-01,INVREC00396,1,MCM-002,Hardware,14,Each,16902.56,0,5,11831.79,236635.89,PO-2026-0054,14,Matched,Matched to purchase order.
917,INVREC00396-02,INVREC00396,2,MCM-001,Fasteners,63,Box,4155.71,0,5,13090.5,261809.93,PO-2026-0054,63,Matched,Validated automatically.
918,INVREC00397-01,INVREC00397,1,CHR-001,Freight Brokerage,5,Shipment,50845.85,0,20,50845.85,254229.27,PO-2024-0127,5,Matched,Goods receipt confirmed.
919,INVREC00397-02,INVREC00397,2,CHR-002,Warehousing,39,Pallet,5188.35,0,20,40469.15,202345.74,PO-2024-0127,39,Matched,Matched to purchase order.
920,INVREC00398-01,INVREC00398,1,PWC-001,Assurance Services,1,Project,105992.62,0,20,21198.52,105992.62,PO-2026-0345,1,Matched,Goods receipt confirmed.
921,INVREC00398-02,INVREC00398,2,PWC-002,Advisory Services,19,Hour,6794.4,0,20,25818.71,129093.57,PO-2026-0345,19,Matched,Matched to purchase order.
922,INVREC00399-01,INVREC00399,1,IR-002,Air Tools,19,Unit,7723.99,0,18,26416.04,146755.75,PO-2023-0923,19,Matched,Ready for payment.
923,INVREC00399-02,INVREC00399,2,IR-001,Compressed Air Systems,1,Unit,335797.07,0,18,60443.47,335797.07,PO-2023-0923,1,Matched,Ready for payment.
924,INVREC00400-01,INVREC00400,1,ROK-001,Industrial Controls,4,Unit,64715.4,0,0,0,258861.6,PO-2023-0882,4,Matched,Successfully matched against PO.
925,INVREC00400-02,INVREC00400,2,ROK-002,HMI Systems,4,Unit,40567.86,0,0,0,162271.45,PO-2023-0882,4,Matched,Three-way match completed.
926,INVREC00401-01,INVREC00401,1,MAE-002,Freight Forwarding,3,Shipment,63646.08,0,18,34368.88,190938.24,PO-2023-0478,3,Matched,Matched to purchase order.
927,INVREC00401-02,INVREC00401,2,MAE-001,Container Shipping,2,Container,47022.11,0,18,16927.96,94044.21,PO-2023-0478,2,Matched,Validated automatically.
928,INVREC00402-01,INVREC00402,1,IR-002,Air Tools,6,Unit,15926.16,0,10,9555.7,95556.97,PO-2025-0004,6,Matched,Three-way match completed.
929,INVREC00402-02,INVREC00402,2,IR-001,Compressed Air Systems,5,Unit,51821.28,0,10,25910.64,259106.4,PO-2025-0004,5,Matched,Ready for payment.
930,INVREC00403-01,INVREC00403,1,PEN-002,Distribution Services,98,Pallet,662.77,0,5,3247.6,64951.9,PO-2025-0866,98,Matched,Ready for payment.
931,INVREC00403-02,INVREC00403,2,PEN-001,Fleet Management,2,Month,67271.62,0,5,6727.16,134543.23,PO-2025-0866,2,Matched,Validated automatically.
932,INVREC00404-01,INVREC00404,1,CAT-001,Construction Equipment,2,Unit,125329.77,0,10,25065.95,250659.54,PO-2025-0348,2,Matched,Validated automatically.
933,INVREC00404-02,INVREC00404,2,CAT-002,Spare Parts,14,Box,9662.61,0,10,13527.66,135276.57,PO-2025-0348,14,Matched,Three-way match completed.
934,INVREC00405-01,INVREC00405,1,ORC-002,Cloud Services,3,Month,50998.95,0,20,30599.37,152996.85,PO-2025-0318,3,Matched,Goods receipt confirmed.
935,INVREC00405-02,INVREC00405,2,ORC-001,Database License,1,Processor,89758.15,1795.16,20,17951.63,89758.15,PO-2025-0318,1,Matched,Validated automatically.
936,INVREC00406-01,INVREC00406,1,ATT-002,Internet Services,5,Month,31669.97,0,0,0,158349.84,PO-2026-0020,5,Matched,Successfully matched against PO.
937,INVREC00406-02,INVREC00406,2,ATT-001,Phone Services,73,Line,1831.75,0,0,0,133717.65,PO-2026-0020,73,Matched,Three-way match completed.
938,INVREC00407-01,INVREC00407,1,MIC-001,Truck Tires,12,Unit,9976.32,0,20,23943.17,119715.85,PO-2025-0655,12,Matched,Goods receipt confirmed.
939,INVREC00407-02,INVREC00407,2,MIC-002,Fleet Services,4,Month,65843.72,0,20,52674.98,263374.88,PO-2025-0655,4,Matched,Successfully matched against PO.
940,INVREC00408-01,INVREC00408,1,NH-001,Strategic Consulting,12,Hour,9383.26,0,20,22519.83,112599.16,PO-2023-1446,12,Matched,Three-way match completed.
941,INVREC00408-02,INVREC00408,2,NH-002,Market Analysis,1,Project,135119,0,20,27023.8,135119,PO-2023-1446,1,Matched,Matched to purchase order.
942,INVREC00409-01,INVREC00409,1,ECO-001,Cleaning Chemicals,10,Case,8663.82,0,0,0,86638.24,PO-2023-0970,10,Matched,Validated automatically.
943,INVREC00409-02,INVREC00409,2,ECO-002,Sanitation Services,6,Month,11392.8,0,0,0,68356.77,PO-2023-0970,6,Matched,Ready for payment.
944,INVREC00410-01,INVREC00410,1,ZF-002,Industrial Drives,4,Unit,30943.35,0,18,22279.21,123773.4,PO-2023-0538,4,Matched,Goods receipt confirmed.
945,INVREC00410-02,INVREC00410,2,ZF-001,Automotive Components,6,Unit,40111.75,0,18,43320.69,240670.49,PO-2023-0538,6,Matched,Validated automatically.
946,INVREC00411-01,INVREC00411,1,WWG-001,MRO Supplies,49,Box,1070.59,0,5,2622.93,52458.68,PO-2026-0304,49,Matched,Goods receipt confirmed.
947,INVREC00411-02,INVREC00411,2,WWG-002,HVAC Parts,13,Unit,4313.58,0,5,2803.83,56076.51,PO-2026-0304,13,Matched,Matched to purchase order.
948,INVREC00412-01,INVREC00412,1,PEN-001,Fleet Management,8,Month,1729.3,0,20,2766.87,13834.37,PO-2025-0653,6,Awaiting Approval,Pending goods receipt confirmation.
949,INVREC00412-02,INVREC00412,2,PEN-002,Distribution Services,28,Pallet,651.54,1641.88,20,3648.63,18243.13,PO-2025-0653,20,Awaiting Approval,Pending goods receipt confirmation.
950,INVREC00413-01,INVREC00413,1,ALP-002,Spare Parts,6,Box,20608.12,4945.95,5,5935.14,123648.69,PO-2026-0120,6,Matched,Goods receipt confirmed.
951,INVREC00413-02,INVREC00413,2,ALP-001,Heavy Machinery,2,Unit,153415.96,0,5,15588.89,306831.92,PO-2026-0120,2,Matched,Goods receipt confirmed.
952,INVREC00414-01,INVREC00414,1,TYC-001,Fire Protection Systems,3,Unit,12013.63,0,18,6487.36,36040.9,PO-2026-1275,3,Matched,Goods receipt confirmed.
953,INVREC00414-02,INVREC00414,2,TYC-002,Building Safety,2,System,29214.98,4090.1,18,10517.39,58429.95,PO-2026-1275,2,Matched,Goods receipt confirmed.
954,INVREC00415-01,INVREC00415,1,CIS-003,Firewall,2,Unit,21916.65,0,20,8766.66,43833.29,PO-2023-1028,2,Matched,Three-way match completed.
955,INVREC00415-02,INVREC00415,2,CIS-002,Switch,4,Unit,5787.85,0,20,4630.28,23151.39,PO-2023-1028,4,Matched,Goods receipt confirmed.
956,INVREC00415-03,INVREC00415,3,CIS-001,Network Router,5,Unit,8087.55,0,20,8087.55,40437.75,PO-2023-1028,5,Matched,Three-way match completed.
957,INVREC00416-01,INVREC00416,1,VER-001,Mobile Services,21,Line,5022.77,0,10,10547.83,105478.26,PO-2023-0117,21,Matched,Three-way match completed.
958,INVREC00416-02,INVREC00416,2,VER-002,Data Services,6,Month,24449.94,0,10,14669.97,146699.66,PO-2023-0117,6,Matched,Validated automatically.
959,INVREC00417-01,INVREC00417,1,SEC-002,Access Control Systems,4,Unit,26422.29,0,5,5284.46,105689.17,PO-2024-0706,4,Matched,Three-way match completed.
960,INVREC00417-02,INVREC00417,2,SEC-001,Security Guard Services,129,Hour,681.21,0,5,4393.82,87876.39,PO-2024-0706,129,Matched,Matched to purchase order.
961,INVREC00418-01,INVREC00418,1,CUM-002,Generators,1,Unit,93950.13,2818.5,0,0,93950.13,PO-2026-0537,1,Missing PO,Invoice has no purchase order.
962,INVREC00418-02,INVREC00418,2,CUM-001,Engine Parts,5,Unit,23339.19,7001.76,0,0,116695.95,PO-2026-0537,3,Quantity Mismatch,Quantity exceeds PO by 36%.
963,INVREC00419-01,INVREC00419,1,THO-001,Legal Research Software,7,User,3201.87,0,10,2241.31,22413.06,PO-2024-0563,7,Matched,Matched to purchase order.
964,INVREC00419-02,INVREC00419,2,THO-002,Tax Software,9,User,3953.41,0,10,3558.07,35580.72,PO-2024-0563,9,Matched,Three-way match completed.
965,INVREC00420-01,INVREC00420,1,BAL-002,Drives,5,Unit,44695.76,0,18,40226.18,223478.8,PO-2026-0556,5,Matched,Goods receipt confirmed.
966,INVREC00420-02,INVREC00420,2,BAL-001,Electric Motors,7,Unit,33562.75,0,18,42289.07,234939.25,PO-2026-0556,7,Matched,Validated automatically.
967,INVREC00421-01,INVREC00421,1,KMB-002,Sanitary Products,15,Case,19349.24,0,18,52242.95,290238.62,PO-2024-0903,15,Matched,Successfully matched against PO.
968,INVREC00421-02,INVREC00421,2,KMB-001,Paper Towels,21,Case,8541,0,18,32284.97,179360.94,PO-2024-0903,21,Matched,Matched to purchase order.
969,INVREC00422-01,INVREC00422,1,AMZ-USBH,USB Hub,18,Each,4630.01,0,5,4167.01,83340.15,PO-2026-1186,18,Matched,Matched to purchase order.
970,INVREC00422-02,INVREC00422,2,AMZ-ADAPT,Ethernet Adapter,26,Each,2686.21,0,5,3492.07,69841.39,PO-2026-1186,26,Matched,Ready for payment.
971,INVREC00423-01,INVREC00423,1,KPM-001,Internal Audit,1,Project,113193.75,0,18,20374.88,113193.75,PO-2023-1371,1,Awaiting Approval,Pending goods receipt confirmation.
972,INVREC00423-02,INVREC00423,2,KPM-002,Financial Advisory,23,Hour,6093.25,0,18,25226.04,140144.64,PO-2023-1371,20,Awaiting Approval,Pending goods receipt confirmation.
973,INVREC00424-01,INVREC00424,1,CUM-001,Engine Parts,3,Unit,3016.68,905.01,10,814.5,9050.05,PO-2023-0036,3,Matched,Successfully matched against PO.
974,INVREC00424-02,INVREC00424,2,CUM-002,Generators,3,Unit,7515.24,0,10,2345.08,22545.73,PO-2023-0036,3,Matched,Successfully matched against PO.
975,INVREC00425-01,INVREC00425,1,SNA-002,Diagnostic Equipment,1,Unit,154350.61,6174.02,20,29635.32,154350.61,PO-2026-0391,1,Matched,Validated automatically.
976,INVREC00425-02,INVREC00425,2,SNA-001,Hand Tools,13,Unit,19428.75,0,20,51749.55,252573.73,PO-2026-0391,13,Matched,Matched to purchase order.
977,INVREC00426-01,INVREC00426,1,THO-001,Legal Research Software,16,User,11164.49,0,20,35726.38,178631.89,PO-2026-0499,16,Matched,Ready for payment.
978,INVREC00426-02,INVREC00426,2,THO-002,Tax Software,8,User,20080.02,0,20,32128.04,160640.19,PO-2026-0499,8,Matched,Ready for payment.
979,INVREC00427-01,INVREC00427,1,EMR-001,Process Control,1,Unit,98285.45,0,18,17691.38,98285.45,PO-2023-0457,1,Matched,Successfully matched against PO.
980,INVREC00427-02,INVREC00427,2,EMR-002,Valves & Actuators,5,Unit,19354.67,0,18,17419.2,96773.36,PO-2023-0457,5,Matched,Validated automatically.
981,INVREC00428-01,INVREC00428,1,PWC-001,Assurance Services,1,Project,18549.05,0,0,0,18549.05,PO-2024-0211,1,Awaiting Approval,Pending goods receipt confirmation.
982,INVREC00428-02,INVREC00428,2,PWC-002,Advisory Services,20,Hour,956.44,0,0,0,19128.7,PO-2024-0211,20,Awaiting Approval,Pending goods receipt confirmation.
983,INVREC00429-01,INVREC00429,1,TYC-002,Building Safety,1,System,165011.68,0,20,33002.34,165011.68,PO-2024-0258,1,Matched,Successfully matched against PO.
984,INVREC00429-02,INVREC00429,2,TYC-001,Fire Protection Systems,4,Unit,61879.38,0,20,49503.51,247517.53,PO-2024-0258,4,Matched,Matched to purchase order.
985,INVREC00430-01,INVREC00430,1,MCM-001,Fasteners,39,Box,6143.36,0,0,0,239591.05,PO-2023-1426,39,Matched,Three-way match completed.
986,INVREC00430-02,INVREC00430,2,MCM-002,Hardware,37,Each,3781.65,0,0,0,139921.17,PO-2023-1426,37,Matched,Successfully matched against PO.
987,INVREC00431-01,INVREC00431,1,PWC-001,Assurance Services,1,Project,122294.14,0,10,12229.41,122294.14,PO-2023-0843,1,Matched,Ready for payment.
988,INVREC00431-02,INVREC00431,2,PWC-002,Advisory Services,13,Hour,7333.2,0,10,9533.17,95331.66,PO-2023-0843,13,Matched,Validated automatically.
989,INVREC00432-01,INVREC00432,1,WWG-001,MRO Supplies,6,Box,1586.85,0,10,952.11,9521.12,PO-2026-0312,6,Matched,Goods receipt confirmed.
990,INVREC00432-02,INVREC00432,2,WWG-002,HVAC Parts,3,Unit,5086.63,0,10,1525.99,15259.89,PO-2026-0312,3,Matched,Three-way match completed.
991,INVREC00433-01,INVREC00433,1,VGT-002,Network Switch,9,Unit,18110.78,0,10,16299.7,162997.02,PO-2023-1290,9,Matched,Successfully matched against PO.
992,INVREC00433-02,INVREC00433,2,VGT-003,Storage Array,3,Unit,104783.8,0,10,31435.14,314351.39,PO-2023-1290,3,Matched,Matched to purchase order.
993,INVREC00434-01,INVREC00434,1,STP-PAPER,A4 Printer Paper,138,Ream,523.35,0,18,12999.9,72221.67,PO-2024-1134,138,Matched,Successfully matched against PO.
994,INVREC00434-02,INVREC00434,2,STP-FOLD,Manila Folders,61,Box,955.33,0,18,10489.58,58275.42,PO-2024-1134,61,Matched,Three-way match completed.
995,INVREC00434-03,INVREC00434,3,STP-PENS,Ballpoint Pens (Box),20,Box,2241.36,0,18,8068.9,44827.24,PO-2024-1134,20,Matched,Successfully matched against PO.
996,INVREC00435-01,INVREC00435,1,UNI-001,Work Uniforms,53,Month,4662.39,0,10,24710.65,247106.46,PO-2026-0953,53,Matched,Ready for payment.
997,INVREC00435-02,INVREC00435,2,UNI-002,Protective Gear,8,Unit,16240.25,0,10,12992.2,129921.96,PO-2026-0953,8,Matched,Three-way match completed.
998,INVREC00436-01,INVREC00436,1,WMI-002,Recycling Services,5,Month,34883.41,0,10,17441.71,174417.06,PO-2026-0846,5,Matched,Ready for payment.
999,INVREC00436-02,INVREC00436,2,WMI-001,Waste Collection,9,Month,19738.56,0,10,17764.7,177647.01,PO-2026-0846,9,Matched,Three-way match completed.
1000,INVREC00437-01,INVREC00437,1,MOD-002,Office Chair,7,Unit,15927.65,0,20,22298.7,111493.52,PO-2024-1472,7,Matched,Validated automatically.
1001,INVREC00437-02,INVREC00437,2,MOD-001,Office Desk,2,Unit,44046.83,4404.68,20,17618.73,88093.65,PO-2024-1472,2,Matched,Three-way match completed.
1002,INVREC00438-01,INVREC00438,1,QL-002,Courier Services,58,Package,2380.7,8284.85,10,12979.59,138080.78,PO-2025-0996,58,Matched,Successfully matched against PO.
1003,INVREC00438-02,INVREC00438,2,QL-001,Domestic Freight,28,Pallet,4293.77,0,10,12851.04,120225.51,PO-2025-0996,28,Matched,Successfully matched against PO.
1004,INVREC00439-01,INVREC00439,1,QL-002,Courier Services,76,Package,1755.91,0,5,6672.47,133449.43,PO-2025-1376,76,Matched,Successfully matched against PO.
1005,INVREC00439-02,INVREC00439,2,QL-001,Domestic Freight,10,Pallet,16681.18,0,5,8340.59,166811.78,PO-2025-1376,10,Matched,Three-way match completed.
1006,INVREC00440-01,INVREC00440,1,CBRE-002,Property Valuation,2,Project,4131.71,0,10,826.34,8263.41,PO-2025-1209,2,Matched,Successfully matched against PO.
1007,INVREC00440-02,INVREC00440,2,CBRE-001,Commercial Real Estate,1,Project,7838.09,235.14,10,783.81,7838.09,PO-2025-1209,1,Matched,Three-way match completed.
1008,INVREC00441-01,INVREC00441,1,BOS-002,Linear Motion,4,Unit,31704.37,0,5,6340.87,126817.49,PO-2026-1407,3,Awaiting Approval,Pending goods receipt confirmation.
1009,INVREC00441-02,INVREC00441,2,BOS-001,Hydraulic Systems,2,Unit,39253.03,0,5,3925.3,78506.06,PO-2026-1407,2,Awaiting Approval,Pending goods receipt confirmation.
1010,INVREC00442-01,INVREC00442,1,PWC-002,Advisory Services,22,Hour,860.84,0,0,0,18938.55,PO-2024-0211,19,Vendor Mismatch,Vendor does not match purchase order.
1011,INVREC00442-02,INVREC00442,2,PWC-001,Assurance Services,1,Project,18739.2,0,0,0,18739.2,PO-2024-0211,1,Quantity Mismatch,Quantity exceeds PO by 47%.
1012,INVREC00443-01,INVREC00443,1,DELL-DOCK,Docking Station,16,Unit,815.44,0,20,2609.41,13047.07,PO-2026-1442,16,Matched,Validated automatically.
1013,INVREC00443-02,INVREC00443,2,DELL-MON,"24"" Monitor",2,Unit,5567.5,0,20,2227,11135,PO-2026-1442,2,Matched,Successfully matched against PO.
1014,INVREC00443-03,INVREC00443,3,DELL-LAT,Latitude Laptop,6,Unit,2474.45,0,20,2969.33,14846.67,PO-2026-1442,6,Matched,Validated automatically.
1015,INVREC00443-04,INVREC00443,4,DELL-KB,Keyboard,34,Unit,271.26,0,20,1844.59,9222.93,PO-2026-1442,34,Matched,Goods receipt confirmed.
1016,INVREC00444-01,INVREC00444,1,MOD-001,Office Desk,8,Unit,26457.21,0,0,0,211657.68,PO-2023-0713,8,Matched,Goods receipt confirmed.
1017,INVREC00444-02,INVREC00444,2,MOD-002,Office Chair,8,Unit,23393.74,0,0,0,187149.95,PO-2023-0713,8,Matched,Matched to purchase order.
1018,INVREC00445-01,INVREC00445,1,SKF-002,Seals,7,Box,5564.83,3116.31,18,6450.76,38953.84,PO-2025-1368,7,Matched,Ready for payment.
1019,INVREC00445-02,INVREC00445,2,SKF-001,Industrial Bearings,34,Unit,543.22,1108.17,18,3885.44,18469.49,PO-2025-1368,34,Matched,Ready for payment.
1020,INVREC00446-01,INVREC00446,1,ABB-001,Power Automation,1,Unit,42974.8,0,0,0,42974.8,PO-2023-0402,1,Matched,Goods receipt confirmed.
1021,INVREC00446-02,INVREC00446,2,ABB-002,Drives & Motors,3,Unit,10206.51,0,0,0,30619.54,PO-2023-0402,3,Matched,Successfully matched against PO.
1022,INVREC00447-01,INVREC00447,1,UNI-001,Work Uniforms,63,Month,542.53,0,5,1708.98,34179.6,PO-2025-0283,63,Matched,Successfully matched against PO.
1023,INVREC00447-02,INVREC00447,2,UNI-002,Protective Gear,20,Unit,2157.8,0,5,2157.8,43156.07,PO-2025-0283,20,Matched,Ready for payment.
1024,INVREC00448-01,INVREC00448,1,PIN-002,Investment Services,1,Project,165209.21,0,10,16520.92,165209.21,PO-2026-0012,1,Matched,Successfully matched against PO.
1025,INVREC00448-02,INVREC00448,2,PIN-001,Financial Advisory,11,Hour,19761.87,0,10,21738.06,217380.55,PO-2026-0012,11,Matched,Goods receipt confirmed.
1026,INVREC00449-01,INVREC00449,1,GEN-002,Miscellaneous Supplies,65,Each,2126.24,0,5,6910.29,138205.8,PO-2025-1283,65,Matched,Ready for payment.
1027,INVREC00449-02,INVREC00449,2,GEN-001,General Services,25,Hour,5873.75,0,5,7342.18,146843.66,PO-2025-1283,25,Matched,Three-way match completed.
1028,INVREC00450-01,INVREC00450,1,DELL-MON,"24"" Monitor",15,Unit,7230.16,0,20,21690.48,108452.4,PO-2023-1288,15,Matched,Goods receipt confirmed.
1029,INVREC00450-02,INVREC00450,2,DELL-KB,Keyboard,19,Unit,6176.59,0,20,23471.04,117355.21,PO-2023-1288,19,Matched,Matched to purchase order.
1030,INVREC00451-01,INVREC00451,1,PEN-002,Distribution Services,60,Pallet,1360.67,0,0,0,81639.94,PO-2023-0747,56,Missing PO,Invoice has no purchase order.
1031,INVREC00451-02,INVREC00451,2,PEN-001,Fleet Management,11,Month,8447.59,0,0,0,92923.51,PO-2023-0747,8,Missing PO,Invoice has no purchase order.
1032,INVREC00452-01,INVREC00452,1,BBY-002,Audio System,6,Unit,26315.35,0,5,7894.61,157892.11,PO-2026-1064,6,Matched,Validated automatically.
1033,INVREC00452-02,INVREC00452,2,BBY-001,Television,5,Unit,14187.41,0,5,3546.85,70937.04,PO-2026-1064,5,Matched,Three-way match completed.
1034,INVREC00453-01,INVREC00453,1,ECO-002,Sanitation Services,3,Month,30309.84,6365.07,18,15221.6,90929.53,PO-2025-0221,3,Awaiting Approval,Pending goods receipt confirmation.
1035,INVREC00453-02,INVREC00453,2,ECO-001,Cleaning Chemicals,5,Case,13386.85,0,18,13193.88,66934.23,PO-2025-0221,5,Awaiting Approval,Pending goods receipt confirmation.
1036,INVREC00454-01,INVREC00454,1,CUM-001,Engine Parts,2,Unit,30775.32,0,0,0,61550.64,PO-2025-0236,2,Matched,Successfully matched against PO.
1037,INVREC00454-02,INVREC00454,2,CUM-002,Generators,3,Unit,22198.59,0,0,0,66595.77,PO-2025-0236,3,Matched,Matched to purchase order.
1038,INVREC00455-01,INVREC00455,1,REP-001,Trash Removal,1,Month,238637.72,0,10,23863.77,238637.72,PO-2023-1015,1,Matched,Matched to purchase order.
1039,INVREC00455-02,INVREC00455,2,REP-002,Dumpster Rental,4,Month,43388.68,0,10,17355.47,173554.7,PO-2023-1015,4,Matched,Validated automatically.
1040,INVREC00456-01,INVREC00456,1,HPE-002,Storage Array,3,Unit,53894.67,0,5,8084.2,161684,PO-2023-1149,3,Matched,Ready for payment.
1041,INVREC00456-02,INVREC00456,2,HPE-001,Server,9,Unit,14315.77,0,5,6442.1,128841.93,PO-2023-1149,9,Matched,Ready for payment.
1042,INVREC00457-01,INVREC00457,1,MAE-001,Container Shipping,1,Container,194831.47,0,20,38966.29,194831.47,PO-2024-0063,1,Matched,Successfully matched against PO.
1043,INVREC00457-02,INVREC00457,2,MAE-002,Freight Forwarding,1,Shipment,234755.95,0,20,46951.19,234755.95,PO-2024-0063,1,Matched,Validated automatically.
1044,INVREC00458-01,INVREC00458,1,OFW-BOOK,Bookshelf,3,Unit,35571.28,0,5,5335.69,106713.85,PO-2026-0379,3,Matched,Three-way match completed.
1045,INVREC00458-02,INVREC00458,2,OFW-DESK,Standing Desk,5,Unit,10671.39,0,5,2667.85,53356.93,PO-2026-0379,5,Matched,Validated automatically.
1046,INVREC00458-03,INVREC00458,3,OFW-CABIN,Filing Cabinet,1,Unit,73595.76,0,5,3679.79,73595.76,PO-2026-0379,1,Matched,Validated automatically.
1047,INVREC00459-01,INVREC00459,1,JLL-001,Property Management,2,Month,104933.4,0,0,0,209866.79,PO-2026-0465,2,Matched,Goods receipt confirmed.
1048,INVREC00459-02,INVREC00459,2,JLL-002,Leasing Services,1,Project,198673.89,17880.65,0,0,198673.89,PO-2026-0465,1,Matched,Ready for payment.
1049,INVREC00460-01,INVREC00460,1,JLL-001,Property Management,11,Month,11001.14,9681,18,20039.67,121012.51,PO-2024-0819,11,Matched,Successfully matched against PO.
1050,INVREC00460-02,INVREC00460,2,JLL-002,Leasing Services,1,Project,203810.53,0,18,38428.48,203810.53,PO-2024-0819,1,Matched,Successfully matched against PO.
1051,INVREC00461-01,INVREC00461,1,MIC-002,Fleet Services,8,Month,19326.61,0,5,7730.64,154612.88,PO-2026-0434,8,Matched,Validated automatically.
1052,INVREC00461-02,INVREC00461,2,MIC-001,Truck Tires,30,Unit,5475.87,0,5,8213.81,164276.19,PO-2026-0434,30,Matched,Three-way match completed.
1053,INVREC00462-01,INVREC00462,1,ADT-002,Alarm Systems,2,Unit,55376.12,11075.22,10,9967.7,110752.23,PO-2025-1298,2,Matched,Ready for payment.
1054,INVREC00462-02,INVREC00462,2,ADT-001,Security Monitoring,3,Month,76398.53,0,10,24027.08,229195.58,PO-2025-1298,3,Matched,Matched to purchase order.
1055,INVREC00463-01,INVREC00463,1,DEL-001,Audit Services,1,Project,37591.24,0,5,1879.56,37591.24,PO-2026-0203,1,Matched,Three-way match completed.
1056,INVREC00463-02,INVREC00463,2,DEL-002,Tax Consulting,14,Hour,3227.27,0,5,2259.09,45181.77,PO-2026-0203,14,Matched,Successfully matched against PO.
1057,INVREC00464-01,INVREC00464,1,KPM-001,Internal Audit,1,Project,23228.32,0,18,4181.1,23228.32,PO-2025-0406,1,Matched,Ready for payment.
1058,INVREC00464-02,INVREC00464,2,KPM-002,Financial Advisory,13,Hour,2711,0,18,6343.73,35242.96,PO-2025-0406,13,Matched,Matched to purchase order.
1059,INVREC00465-01,INVREC00465,1,STP-PAPER,A4 Printer Paper,118,Ream,339.71,0,10,4008.55,40085.46,PO-2024-1112,118,Matched,Goods receipt confirmed.
1060,INVREC00465-02,INVREC00465,2,STP-PENS,Ballpoint Pens (Box),17,Box,3671.69,0,10,6241.88,62418.79,PO-2024-1112,17,Matched,Ready for payment.
1061,INVREC00466-01,INVREC00466,1,SIE-001,Industrial Automation,5,Unit,9488.4,4269.78,20,8634.44,47441.99,PO-2026-0398,5,Matched,Goods receipt confirmed.
1062,INVREC00466-02,INVREC00466,2,SIE-002,Electrical Equipment,4,Unit,10621.34,0,20,9351.03,42485.37,PO-2026-0398,4,Matched,Goods receipt confirmed.
1063,INVREC00467-01,INVREC00467,1,DEW-001,Construction Tools,6,Unit,30359.11,0,18,32787.84,182154.67,PO-2026-0797,6,Matched,Goods receipt confirmed.
1064,INVREC00467-02,INVREC00467,2,DEW-002,Power Tools,7,Unit,34609.39,0,18,43607.83,242265.72,PO-2026-0797,7,Matched,Three-way match completed.
1065,INVREC00468-01,INVREC00468,1,EMR-001,Process Control,5,Unit,43044.48,0,5,10761.12,215222.4,PO-2023-0073,5,Matched,Matched to purchase order.
1066,INVREC00468-02,INVREC00468,2,EMR-002,Valves & Actuators,12,Unit,8478.46,7121.91,5,5087.07,101741.5,PO-2023-0073,12,Matched,Goods receipt confirmed.
1067,INVREC00469-01,INVREC00469,1,PWC-002,Advisory Services,22,Hour,8664.04,0,10,19060.9,190608.97,PO-2024-0511,22,Matched,Validated automatically.
1068,INVREC00469-02,INVREC00469,2,PWC-001,Assurance Services,1,Project,78235.03,0,10,7823.5,78235.03,PO-2024-0511,1,Matched,Successfully matched against PO.
1069,INVREC00470-01,INVREC00470,1,FTI-002,Expert Witness Services,1,Project,82633.47,0,20,16526.69,82633.47,PO-2024-0941,1,Matched,Validated automatically.
1070,INVREC00470-02,INVREC00470,2,FTI-001,Forensic Accounting,24,Hour,3942.86,0,20,18925.73,94628.65,PO-2024-0941,24,Matched,Successfully matched against PO.
1071,INVREC00471-01,INVREC00471,1,GOO-002,Retread Services,15,Unit,4369.7,0,5,3277.28,65545.56,PO-2023-0498,15,Matched,Goods receipt confirmed.
1072,INVREC00471-02,INVREC00471,2,GOO-001,Commercial Tires,39,Unit,2279.7,0,5,4445.42,88908.33,PO-2023-0498,39,Matched,Three-way match completed.
1073,INVREC00472-01,INVREC00472,1,IBM-001,Mainframe Hardware,1,Unit,11586.96,0,20,2317.39,11586.96,PO-2023-0218,1,Matched,Validated automatically.
1074,INVREC00472-02,INVREC00472,2,IBM-002,Consulting Services,13,Hour,632.29,0,20,1643.96,8219.81,PO-2023-0218,13,Matched,Goods receipt confirmed.
1075,INVREC00473-01,INVREC00473,1,ABB-001,Power Automation,3,Unit,20833.43,0,0,0,62500.29,PO-2025-0018,3,Matched,Matched to purchase order.
1076,INVREC00473-02,INVREC00473,2,ABB-002,Drives & Motors,8,Unit,5267.54,0,0,0,42140.34,PO-2025-0018,8,Matched,Validated automatically.
1077,INVREC00474-01,INVREC00474,1,ARA-001,Food Services,12,Month,3966.19,0,20,9518.87,47594.33,PO-2024-0488,12,Matched,Matched to purchase order.
1078,INVREC00474-02,INVREC00474,2,ARA-002,Vending Services,9,Month,6476.63,0,20,11657.94,58289.68,PO-2024-0488,9,Matched,Validated automatically.
1079,INVREC00475-01,INVREC00475,1,QL-001,Domestic Freight,26,Pallet,6720.7,0,0,0,174738.21,PO-2025-0479,26,Matched,Matched to purchase order.
1080,INVREC00475-02,INVREC00475,2,QL-002,Courier Services,88,Package,2378.18,0,0,0,209279.49,PO-2025-0479,88,Matched,Successfully matched against PO.
1081,INVREC00476-01,INVREC00476,1,TMO-002,IoT Services,177,Device,54.97,0,10,972.91,9729.06,PO-2025-0704,133,Awaiting Approval,Pending goods receipt confirmation.
1082,INVREC00476-02,INVREC00476,2,TMO-001,Mobile Plans,82,Line,75.5,0,10,619.12,6191.22,PO-2025-0704,70,Awaiting Approval,Pending goods receipt confirmation.
1083,INVREC00477-01,INVREC00477,1,MAK-001,Power Tools,2,Unit,64408.88,0,20,25763.55,128817.76,PO-2025-0208,2,Matched,Three-way match completed.
1084,INVREC00477-02,INVREC00477,2,MAK-002,Accessories,6,Box,11275.42,0,20,13530.5,67652.49,PO-2025-0208,6,Matched,Goods receipt confirmed.
1085,INVREC00478-01,INVREC00478,1,TIM-001,Bearings,24,Unit,308.46,0,20,1480.61,7403.04,PO-2026-0397,24,Matched,Validated automatically.
1086,INVREC00478-02,INVREC00478,2,TIM-002,Lubrication Systems,9,Unit,871.67,235.35,20,1569,7845.01,PO-2026-0397,9,Matched,Validated automatically.
1087,INVREC00479-01,INVREC00479,1,UNI-001,Work Uniforms,25,Month,1296.88,0,5,1621.1,32421.95,PO-2024-0118,25,Matched,Three-way match completed.
1088,INVREC00479-02,INVREC00479,2,UNI-002,Protective Gear,18,Unit,3402.3,0,5,3062.07,61241.46,PO-2024-0118,18,Matched,Three-way match completed.
1089,INVREC00480-01,INVREC00480,1,VER-001,Mobile Services,12,Line,6636.26,0,10,7963.51,79635.13,PO-2023-0117,12,Matched,Three-way match completed.
1090,INVREC00480-02,INVREC00480,2,VER-002,Data Services,2,Month,86271.4,0,10,17254.28,172542.79,PO-2023-0117,2,Matched,Successfully matched against PO.
1091,INVREC00481-01,INVREC00481,1,SFS-002,Sales Cloud,43,User,543.06,0,10,2335.17,23351.66,PO-2025-1422,43,Matched,Three-way match completed.
1092,INVREC00481-02,INVREC00481,2,SFS-001,CRM License,14,User,1368.6,0,10,1916.03,19160.34,PO-2025-1422,14,Matched,Ready for payment.
1093,INVREC00482-01,INVREC00482,1,GAT-001,Power Transmission Belts,23,Unit,5875.13,0,20,27025.59,135127.97,PO-2024-1169,23,Matched,Three-way match completed.
1094,INVREC00482-02,INVREC00482,2,GAT-002,Hydraulic Hose,338,Foot,468.04,6327.94,20,31639.72,158198.59,PO-2024-1169,338,Matched,Ready for payment.
1095,INVREC00483-01,INVREC00483,1,EY-002,Risk Consulting,9,Hour,6440.94,0,0,0,57968.43,PO-2026-1212,6,Awaiting Approval,Pending goods receipt confirmation.
1096,INVREC00483-02,INVREC00483,2,EY-001,Financial Audit,1,Project,67284.79,0,0,0,67284.79,PO-2026-1212,1,Awaiting Approval,Pending goods receipt confirmation.
1097,INVREC00484-01,INVREC00484,1,BBY-002,Audio System,3,Unit,57441.24,0,0,0,172323.71,PO-2024-1408,3,Matched,Matched to purchase order.
1098,INVREC00484-02,INVREC00484,2,BBY-001,Television,3,Unit,33613.76,5042.06,0,0,100841.29,PO-2024-1408,3,Matched,Successfully matched against PO.
1099,INVREC00485-01,INVREC00485,1,MS-AZ,Azure Subscription,2,Month,4046.88,0,5,404.69,8093.75,PO-2023-1466,2,Awaiting Approval,Pending goods receipt confirmation.
1100,INVREC00485-02,INVREC00485,2,MS-DYN,Dynamics 365 License,37,Seat,170.35,0,5,315.15,6303.1,PO-2023-1466,33,Awaiting Approval,Pending goods receipt confirmation.
1101,INVREC00485-03,INVREC00485,3,MS-PBI,Power BI Pro,38,Seat,179.07,0,5,340.22,6804.48,PO-2023-1466,38,Awaiting Approval,Pending goods receipt confirmation.
1102,INVREC00485-04,INVREC00485,4,MS-365,Microsoft 365 Business Premium,88,Seat,118.83,313.72,5,522.88,10457.41,PO-2023-1466,72,Awaiting Approval,Pending goods receipt confirmation.
1103,INVREC00486-01,INVREC00486,1,LNV-002,Desktop,8,Unit,25074.7,0,0,0,200597.57,PO-2023-0199,8,Matched,Three-way match completed.
1104,INVREC00486-02,INVREC00486,2,LNV-001,ThinkPad Laptop,1,Unit,166883.69,0,0,0,166883.69,PO-2023-0199,1,Matched,Ready for payment.
1105,INVREC00487-01,INVREC00487,1,ELT-002,Facility Maintenance,6,Hour,28680.29,0,10,17208.17,172081.73,PO-2026-0139,6,Matched,Successfully matched against PO.
1106,INVREC00487-02,INVREC00487,2,ELT-001,Janitorial Services,17,Visit,6935.76,0,10,11790.79,117907.86,PO-2026-0139,17,Matched,Goods receipt confirmed.
1107,INVREC00488-01,INVREC00488,1,ACC-001,Technology Consulting,49,Hour,2501.18,0,5,6127.9,122558.01,PO-2024-1163,49,Matched,Validated automatically.
1108,INVREC00488-02,INVREC00488,2,ACC-002,Systems Integration,1,Project,174552.32,0,5,8727.62,174552.32,PO-2024-1163,1,Matched,Validated automatically.
1109,INVREC00489-01,INVREC00489,1,TMO-001,Mobile Plans,76,Line,1377.88,0,0,0,104719.11,PO-2023-0297,76,Matched,Validated automatically.
1110,INVREC00489-02,INVREC00489,2,TMO-002,IoT Services,366,Device,471.25,0,0,0,172478.54,PO-2023-0297,366,Matched,Successfully matched against PO.
1111,INVREC00490-01,INVREC00490,1,THO-001,Legal Research Software,12,User,17759.8,0,10,21311.76,213117.57,PO-2025-0254,12,Matched,Matched to purchase order.
1112,INVREC00490-02,INVREC00490,2,THO-002,Tax Software,1,User,193093.1,0,10,19309.31,193093.1,PO-2025-0254,1,Matched,Matched to purchase order.
1113,INVREC00491-01,INVREC00491,1,MSC-002,Abrasives,16,Box,9778.45,0,0,0,156455.13,PO-2025-0969,16,Matched,Three-way match completed.
1114,INVREC00491-02,INVREC00491,2,MSC-001,Metalworking Tools,18,Unit,3975.39,0,0,0,71557,PO-2025-0969,18,Matched,Successfully matched against PO.
1115,INVREC00492-01,INVREC00492,1,WWG-001,MRO Supplies,19,Box,2200.22,0,0,0,41804.17,PO-2025-0214,19,Matched,Ready for payment.
1116,INVREC00492-02,INVREC00492,2,WWG-002,HVAC Parts,5,Unit,20422.37,0,0,0,102111.83,PO-2025-0214,5,Matched,Ready for payment.
1117,INVREC00493-01,INVREC00493,1,BAL-001,Electric Motors,9,Unit,4410.37,0,0,0,39693.31,PO-2023-0292,9,Matched,Matched to purchase order.
1118,INVREC00493-02,INVREC00493,2,BAL-002,Drives,5,Unit,8532.21,0,0,0,42661.03,PO-2023-0292,5,Matched,Three-way match completed.
1119,INVREC00494-01,INVREC00494,1,TMO-002,IoT Services,443,Device,19.92,264.74,10,856,8824.72,PO-2025-0704,443,Matched,Three-way match completed.
1120,INVREC00494-02,INVREC00494,2,TMO-001,Mobile Plans,78,Line,90.97,709.56,10,736.03,7095.56,PO-2025-0704,78,Matched,Matched to purchase order.
1121,INVREC00495-01,INVREC00495,1,DHL-INT,International Shipping,3,Shipment,8022.1,0,20,4813.26,24066.29,PO-2023-0994,3,Awaiting Approval,Pending goods receipt confirmation.
1122,INVREC00495-02,INVREC00495,2,DHL-FUEL,Fuel Surcharge,1,Percent,38506.05,0,20,7701.21,38506.05,PO-2023-0994,1,Awaiting Approval,Pending goods receipt confirmation.
1123,INVREC00495-03,INVREC00495,3,DHL-EXP,Express Delivery,5,Shipment,3970.94,0,20,3970.94,19854.69,PO-2023-0994,4,Awaiting Approval,Pending goods receipt confirmation.
1124,INVREC00496-01,INVREC00496,1,MOO-001,Credit Risk Software,9,User,4421.33,0,20,7958.39,39791.96,PO-2023-0227,9,Matched,Validated automatically.
1125,INVREC00496-02,INVREC00496,2,MOO-002,Financial Data Service,9,Month,3368.63,0,20,6063.54,30317.68,PO-2023-0227,9,Matched,Validated automatically.
1126,INVREC00497-01,INVREC00497,1,CIN-001,Uniforms Rental,50,Month,3761.78,0,10,18808.89,188088.94,PO-2024-0401,50,Matched,Successfully matched against PO.
1127,INVREC00497-02,INVREC00497,2,CIN-002,Floor Mats,32,Month,4018.48,0,10,12859.14,128591.41,PO-2024-0401,32,Matched,Three-way match completed.
1128,INVREC00498-01,INVREC00498,1,ARA-002,Vending Services,1,Month,67837.16,0,0,0,67837.16,PO-2023-0026,1,Matched,Validated automatically.
1129,INVREC00498-02,INVREC00498,2,ARA-001,Food Services,9,Month,7820.82,0,0,0,70387.42,PO-2023-0026,9,Matched,Validated automatically.
1130,INVREC00499-01,INVREC00499,1,ORC-002,Cloud Services,3,Month,24482.98,0,20,14689.79,73448.95,PO-2025-0318,3,Matched,Goods receipt confirmed.
1131,INVREC00499-02,INVREC00499,2,ORC-001,Database License,5,Processor,33861.21,0,20,33861.21,169306.05,PO-2025-0318,5,Matched,Ready for payment.
1132,INVREC00500-01,INVREC00500,1,ATL-001,Air Cargo Charter,2,Flight,25522.11,1531.33,20,10208.84,51044.22,PO-2025-0038,2,Matched,Matched to purchase order.
1133,INVREC00501-01,INVREC00501,1,SKF-001,Industrial Bearings,20,Unit,1516.71,0,0,0,30334.1,PO-2026-0604,20,Matched,Goods receipt confirmed.
1134,INVREC00501-02,INVREC00501,2,SKF-002,Seals,3,Box,15783.6,0,0,0,47350.79,PO-2026-0604,3,Matched,Goods receipt confirmed.
1135,INVREC00502-01,INVREC00502,1,DEL-001,Audit Services,1,Project,151231.24,0,10,15123.12,151231.24,PO-2025-0669,1,Matched,Ready for payment.
1136,INVREC00502-02,INVREC00502,2,DEL-002,Tax Consulting,24,Hour,10663.74,0,10,25592.98,255929.79,PO-2025-0669,24,Matched,Ready for payment.
1137,INVREC00503-01,INVREC00503,1,DHL-INT,International Shipping,3,Shipment,31942.38,0,0,0,95827.13,PO-2024-0711,3,Matched,Ready for payment.
1138,INVREC00503-02,INVREC00503,2,DHL-FUEL,Fuel Surcharge,1,Percent,191654.26,0,0,0,191654.26,PO-2024-0711,1,Matched,Successfully matched against PO.
1139,INVREC00504-01,INVREC00504,1,REG-001,Motion Control,4,Unit,15215.67,1825.88,10,5903.68,60862.68,PO-2023-0986,4,Awaiting Approval,Pending goods receipt confirmation.
1140,INVREC00504-02,INVREC00504,2,REG-002,Power Transmission,9,Unit,18696.38,0,10,17009.33,168267.4,PO-2023-0986,8,Awaiting Approval,Pending goods receipt confirmation.
1141,INVREC00505-01,INVREC00505,1,SAP-001,ERP License,21,User,7987.53,0,5,8386.91,167738.15,PO-2023-1192,17,Missing PO,Invoice has no purchase order.
1142,INVREC00505-02,INVREC00505,2,SAP-002,Implementation Services,26,Hour,7947.46,0,5,10331.7,206633.95,PO-2023-1192,22,Missing PO,Invoice has no purchase order.
1143,INVREC00506-01,INVREC00506,1,BBY-002,Audio System,5,Unit,32174.41,0,20,32174.41,160872.06,PO-2026-0956,5,Matched,Goods receipt confirmed.
1144,INVREC00506-02,INVREC00506,2,BBY-001,Television,5,Unit,38927.07,0,20,38927.07,194635.34,PO-2026-0956,5,Matched,Three-way match completed.
1145,INVREC00507-01,INVREC00507,1,MCK-001,Strategy Consulting,13,Hour,4270,0,20,11102,55510.01,PO-2023-0675,13,Matched,Ready for payment.
1146,INVREC00507-02,INVREC00507,2,MCK-002,Market Research,1,Project,78824.22,0,20,15764.84,78824.22,PO-2023-0675,1,Matched,Three-way match completed.
1147,INVREC00508-01,INVREC00508,1,ORC-001,Database License,10,Processor,8153.75,0,10,8153.75,81537.51,PO-2025-0328,10,Matched,Goods receipt confirmed.
1148,INVREC00508-02,INVREC00508,2,ORC-002,Cloud Services,7,Month,5429.25,0,10,3800.48,38004.77,PO-2025-0328,7,Matched,Matched to purchase order.
1149,INVREC00509-01,INVREC00509,1,IBM-002,Consulting Services,19,Hour,588.36,0,20,2235.76,11178.82,PO-2023-0218,19,Matched,Goods receipt confirmed.
1150,INVREC00509-02,INVREC00509,2,IBM-001,Mainframe Hardware,2,Unit,4313.98,0,20,1725.59,8627.95,PO-2023-0218,2,Matched,Validated automatically.
1151,INVREC00510-01,INVREC00510,1,SUM-002,Implementation Service,34,Hour,837.19,0,5,1423.22,28464.36,PO-2026-0630,31,Awaiting Approval,Pending goods receipt confirmation.
1152,INVREC00510-02,INVREC00510,2,SUM-001,Software License,29,User,443.05,0,5,642.42,12848.5,PO-2026-0630,22,Awaiting Approval,Pending goods receipt confirmation.
1153,INVREC00511-01,INVREC00511,1,CMX-002,Voice Services,32,Line,1748.23,0,20,11188.67,55943.33,PO-2024-0639,32,Matched,Validated automatically.
1154,INVREC00511-02,INVREC00511,2,CMX-001,Broadband Internet,3,Month,12221.85,0,20,7333.11,36665.56,PO-2024-0639,3,Matched,Successfully matched against PO.
1155,INVREC00512-01,INVREC00512,1,EY-002,Risk Consulting,30,Hour,2427.39,0,0,0,72821.64,PO-2026-1212,30,Matched,Ready for payment.
1156,INVREC00512-02,INVREC00512,2,EY-001,Financial Audit,1,Project,52431.58,0,0,0,52431.58,PO-2026-1212,1,Matched,Successfully matched against PO.
1157,INVREC00513-01,INVREC00513,1,THO-002,Tax Software,8,User,8172.9,0,20,13076.64,65383.21,PO-2024-1481,8,Matched,Successfully matched against PO.
1158,INVREC00513-02,INVREC00513,2,THO-001,Legal Research Software,12,User,6027.21,0,20,14465.31,72326.56,PO-2024-1481,12,Matched,Matched to purchase order.
1159,INVREC00514-01,INVREC00514,1,PIN-002,Investment Services,1,Project,86455.03,0,18,15561.91,86455.03,PO-2026-1114,1,Matched,Ready for payment.
1160,INVREC00514-02,INVREC00514,2,PIN-001,Financial Advisory,4,Hour,48030.58,0,18,34582.01,192122.3,PO-2026-1114,4,Matched,Successfully matched against PO.
1161,INVREC00515-01,INVREC00515,1,GEN-002,Miscellaneous Supplies,42,Each,1308.67,0,18,9893.56,54964.21,PO-2024-0340,42,Matched,Three-way match completed.
1162,INVREC00515-02,INVREC00515,2,GEN-001,General Services,27,Hour,3672.26,0,18,17847.2,99151.11,PO-2024-0340,27,Matched,Matched to purchase order.
1163,INVREC00516-01,INVREC00516,1,SIE-002,Electrical Equipment,4,Unit,30946.33,0,18,22281.36,123785.32,PO-2023-1172,4,Matched,Ready for payment.
1164,INVREC00516-02,INVREC00516,2,SIE-001,Industrial Automation,1,Unit,104741.43,0,18,18853.46,104741.43,PO-2023-1172,1,Matched,Three-way match completed.
1165,INVREC00517-01,INVREC00517,1,MIC-001,Truck Tires,32,Unit,8712.31,0,20,55758.76,278793.78,PO-2025-0655,32,Matched,Goods receipt confirmed.
1166,INVREC00517-02,INVREC00517,2,MIC-002,Fleet Services,3,Month,34765.65,0,20,20859.39,104296.95,PO-2025-0655,3,Matched,Validated automatically.
1167,INVREC00518-01,INVREC00518,1,DELL-MS,Mouse,35,Unit,3245.82,0,18,20448.65,113603.61,PO-2024-0010,35,Matched,Successfully matched against PO.
1168,INVREC00518-02,INVREC00518,2,DELL-KB,Keyboard,48,Unit,2266.46,0,18,19582.18,108789.91,PO-2024-0010,48,Matched,Goods receipt confirmed.
1169,INVREC00518-03,INVREC00518,3,DELL-LAT,Latitude Laptop,7,Unit,16091.55,0,18,20275.36,112640.88,PO-2024-0010,7,Matched,Successfully matched against PO.
1170,INVREC00519-01,INVREC00519,1,PIN-002,Investment Services,1,Project,38506.81,0,5,1925.34,38506.81,PO-2023-1464,1,Matched,Ready for payment.
1171,INVREC00519-02,INVREC00519,2,PIN-001,Financial Advisory,12,Hour,2441.55,0,5,1464.93,29298.66,PO-2023-1464,12,Matched,Matched to purchase order.
1172,INVREC00520-01,INVREC00520,1,GE-001,Power Generation,2,Unit,20450.75,0,10,4090.15,40901.49,PO-2023-0046,2,Matched,Validated automatically.
1173,INVREC00520-02,INVREC00520,2,GE-002,Medical Equipment,2,Unit,37066.98,0,10,7413.4,74133.95,PO-2023-0046,2,Matched,Successfully matched against PO.
1174,INVREC00521-01,INVREC00521,1,REP-001,Trash Removal,11,Month,13772.56,0,5,7574.91,151498.18,PO-2025-0452,11,Matched,Successfully matched against PO.
1175,INVREC00521-02,INVREC00521,2,REP-002,Dumpster Rental,1,Month,275221.7,0,5,13761.09,275221.7,PO-2025-0452,1,Matched,Successfully matched against PO.
1176,INVREC00522-01,INVREC00522,1,TIM-002,Lubrication Systems,9,Unit,7272.93,0,18,11782.14,65456.35,PO-2023-0906,9,Matched,Three-way match completed.
1177,INVREC00522-02,INVREC00522,2,TIM-001,Bearings,32,Unit,2064.28,0,18,11890.24,66056.87,PO-2023-0906,32,Matched,Successfully matched against PO.
1178,INVREC00523-01,INVREC00523,1,FED-001,Express Shipping,2,Shipment,153784.61,0,20,61513.84,307569.22,PO-2024-0303,2,Awaiting Approval,Pending goods receipt confirmation.
1179,INVREC00523-02,INVREC00523,2,FED-002,International Freight,5,Shipment,29251.34,0,20,29251.34,146256.69,PO-2024-0303,4,Awaiting Approval,Pending goods receipt confirmation.
1180,INVREC00524-01,INVREC00524,1,FAS-002,Safety Supplies,10,Unit,10310.79,0,18,18559.42,103107.91,PO-2025-0585,10,Matched,Three-way match completed.
1181,INVREC00524-02,INVREC00524,2,FAS-001,Industrial Fasteners,42,Box,5352.6,0,18,40465.63,224809.04,PO-2025-0585,42,Matched,Matched to purchase order.
1182,INVREC00525-01,INVREC00525,1,SAP-001,ERP License,23,User,2118.46,0,5,2436.23,48724.59,PO-2026-1111,23,Matched,Validated automatically.
1183,INVREC00525-02,INVREC00525,2,SAP-002,Implementation Services,41,Hour,1128.12,0,5,2312.65,46253.05,PO-2026-1111,41,Matched,Matched to purchase order.
1184,INVREC00526-01,INVREC00526,1,WWG-002,HVAC Parts,12,Unit,3433.71,0,0,0,41204.49,PO-2024-0840,12,Matched,Validated automatically.
1185,INVREC00526-02,INVREC00526,2,WWG-001,MRO Supplies,36,Box,1615.86,0,0,0,58171.05,PO-2024-0840,36,Matched,Successfully matched against PO.
1186,INVREC00527-01,INVREC00527,1,HIL-002,Anchoring Systems,10,Box,922.34,0,20,1844.69,9223.43,PO-2024-0349,10,Matched,Matched to purchase order.
1187,INVREC00527-02,INVREC00527,2,HIL-001,Power Tools,10,Unit,956.5,0,20,1913.01,9565.04,PO-2024-0349,10,Matched,Matched to purchase order.
1188,INVREC00528-01,INVREC00528,1,TYC-001,Fire Protection Systems,2,Unit,68566.65,0,10,13713.33,137133.29,PO-2023-0447,2,Matched,Goods receipt confirmed.
1189,INVREC00528-02,INVREC00528,2,TYC-002,Building Safety,1,System,238400.94,0,10,23840.09,238400.94,PO-2023-0447,1,Matched,Goods receipt confirmed.
1190,INVREC00529-01,INVREC00529,1,GS-002,Logistics Services,3,Shipment,82625.36,0,18,44617.69,247876.08,PO-2025-1493,3,Matched,Matched to purchase order.
1191,INVREC00529-02,INVREC00529,2,GS-001,Bulk Materials,8,Ton,21563.54,0,18,31051.5,172508.35,PO-2025-1493,8,Matched,Three-way match completed.
1192,INVREC00530-01,INVREC00530,1,REP-001,Trash Removal,7,Month,4391.46,0,20,6148.05,30740.25,PO-2024-1090,7,Matched,Goods receipt confirmed.
1193,INVREC00530-02,INVREC00530,2,REP-002,Dumpster Rental,1,Month,34155.84,0,20,6831.17,34155.84,PO-2024-1090,1,Matched,Three-way match completed.
1194,INVREC00531-01,INVREC00531,1,SFS-001,CRM License,6,User,17884.07,8584.35,5,4936,107304.41,PO-2023-0939,6,Matched,Three-way match completed.
1195,INVREC00531-02,INVREC00531,2,SFS-002,Sales Cloud,42,User,2639.09,0,5,5971.32,110841.92,PO-2023-0939,42,Matched,Matched to purchase order.
1196,INVREC00532-01,INVREC00532,1,GAT-001,Power Transmission Belts,25,Unit,8157.27,8157.27,20,39154.91,203931.8,PO-2024-1169,25,Matched,Validated automatically.
1197,INVREC00532-02,INVREC00532,2,GAT-002,Hydraulic Hose,185,Foot,483.21,0,20,19510.4,89394.76,PO-2024-1169,185,Matched,Three-way match completed.
1198,INVREC00533-01,INVREC00533,1,SUM-001,Software License,34,User,4600.26,0,10,15640.89,156408.92,PO-2023-0196,34,Matched,Ready for payment.
1199,INVREC00533-02,INVREC00533,2,SUM-002,Implementation Service,18,Hour,16188.44,0,10,29139.2,291391.95,PO-2023-0196,18,Matched,Goods receipt confirmed.
1200,INVREC00534-01,INVREC00534,1,BBY-002,Audio System,4,Unit,25736.02,0,5,5147.2,102944.09,PO-2023-0621,4,Matched,Ready for payment.
1201,INVREC00534-02,INVREC00534,2,BBY-001,Television,4,Unit,19967.6,0,5,3993.52,79870.41,PO-2023-0621,4,Matched,Matched to purchase order.
1202,INVREC00535-01,INVREC00535,1,APP-002,iPad,6,Unit,23231.87,0,10,13939.12,139391.24,PO-2026-1475,6,Matched,Validated automatically.
1203,INVREC00535-02,INVREC00535,2,APP-003,iPhone,25,Unit,8164.34,0,10,20410.86,204108.6,PO-2026-1475,25,Matched,Validated automatically.
1204,INVREC00535-03,INVREC00535,3,APP-001,MacBook Pro,9,Unit,9772.14,0,10,8794.92,87949.24,PO-2026-1475,9,Matched,Matched to purchase order.
1205,INVREC00536-01,INVREC00536,1,SKF-001,Industrial Bearings,24,Unit,4018.58,0,10,9644.6,96445.96,PO-2024-0960,24,Matched,Validated automatically.
1206,INVREC00536-02,INVREC00536,2,SKF-002,Seals,6,Box,11892.39,5708.35,10,7135.43,71354.33,PO-2024-0960,6,Matched,Matched to purchase order.
1207,INVREC00537-01,INVREC00537,1,HIL-001,Power Tools,2,Unit,98414.42,0,20,39365.77,196828.84,PO-2025-1160,2,Matched,Matched to purchase order.
1208,INVREC00537-02,INVREC00537,2,HIL-002,Anchoring Systems,20,Box,10598.48,0,20,42393.9,211969.51,PO-2025-1160,20,Matched,Goods receipt confirmed.
1209,INVREC00538-01,INVREC00538,1,FES-001,Pneumatic Systems,3,Unit,8665.11,0,18,4679.16,25995.34,PO-2024-1358,3,Matched,Matched to purchase order.
1210,INVREC00538-02,INVREC00538,2,FES-002,Valves,46,Unit,1368.18,0,18,11328.49,62936.07,PO-2024-1358,46,Matched,Three-way match completed.
1211,INVREC00539-01,INVREC00539,1,GAT-001,Power Transmission Belts,37,Unit,4193.54,0,0,0,155160.85,PO-2024-0501,37,Matched,Ready for payment.
1212,INVREC00539-02,INVREC00539,2,GAT-002,Hydraulic Hose,131,Foot,984.81,0,0,0,129010.14,PO-2024-0501,131,Matched,Successfully matched against PO.
1213,INVREC00540-01,INVREC00540,1,FED-001,Express Shipping,5,Shipment,5419.17,0,18,4877.25,27095.86,PO-2024-1310,5,Matched,Successfully matched against PO.
1214,INVREC00540-02,INVREC00540,2,FED-002,International Freight,3,Shipment,15805.92,0,18,8535.2,47417.75,PO-2024-1310,3,Matched,Matched to purchase order.
1215,INVREC00541-01,INVREC00541,1,CIN-001,Uniforms Rental,70,Month,2390.19,0,0,0,167313.45,PO-2026-1432,69,Price Mismatch,Price differs from PO by 9%.
1216,INVREC00541-02,INVREC00541,2,CIN-002,Floor Mats,9,Month,19486.3,0,0,0,175376.74,PO-2026-1432,6,Missing PO,Invoice has no purchase order.
1217,INVREC00542-01,INVREC00542,1,KUN-001,Supply Chain Management,4,Month,32510.32,0,10,13004.13,130041.28,PO-2023-0528,4,Matched,Ready for payment.
1218,INVREC00542-02,INVREC00542,2,KUN-002,Air Freight,3,Shipment,15333.67,0,10,4600.1,46001,PO-2023-0528,3,Matched,Ready for payment.
1219,INVREC00543-01,INVREC00543,1,DEW-001,Construction Tools,3,Unit,19936.52,0,10,5980.96,59809.56,PO-2025-0526,3,Matched,Successfully matched against PO.
1220,INVREC00543-02,INVREC00543,2,DEW-002,Power Tools,10,Unit,4984.13,0,10,4984.13,49841.3,PO-2025-0526,10,Matched,Matched to purchase order.
1221,INVREC00544-01,INVREC00544,1,AMZ-STAND,Laptop Stand,11,Each,7597.34,0,5,4178.54,83570.73,PO-2023-0768,9,Awaiting Approval,Pending goods receipt confirmation.
1222,INVREC00544-02,INVREC00544,2,AMZ-HDMI,HDMI Cable,24,Each,4549.21,0,5,5459.06,109181.12,PO-2023-0768,20,Awaiting Approval,Pending goods receipt confirmation.
1223,INVREC00545-01,INVREC00545,1,SEC-002,Access Control Systems,4,Unit,23972.97,0,20,19178.37,95891.87,PO-2025-1369,4,Matched,Validated automatically.
1224,INVREC00545-02,INVREC00545,2,SEC-001,Security Guard Services,101,Hour,689.87,0,20,13935.36,69676.82,PO-2025-1369,101,Matched,Validated automatically.
1225,INVREC00546-01,INVREC00546,1,NH-001,Strategic Consulting,18,Hour,7006.73,0,0,0,126121.07,PO-2023-1151,18,Matched,Validated automatically.
1226,INVREC00546-02,INVREC00546,2,NH-002,Market Analysis,2,Project,69415.47,0,0,0,138830.94,PO-2023-1151,2,Matched,Successfully matched against PO.
1227,INVREC00547-01,INVREC00547,1,REG-001,Motion Control,3,Unit,2390.03,0,10,717.01,7170.09,PO-2025-1001,3,Matched,Successfully matched against PO.
1228,INVREC00547-02,INVREC00547,2,REG-002,Power Transmission,5,Unit,2128.62,0,10,1064.31,10643.11,PO-2025-1001,5,Matched,Matched to purchase order.
1229,INVREC00548-01,INVREC00548,1,SUM-001,Software License,35,User,4898.71,0,10,17145.5,171455.02,PO-2023-1039,35,Matched,Ready for payment.
1230,INVREC00548-02,INVREC00548,2,SUM-002,Implementation Service,21,Hour,8949.57,0,10,18794.11,187941.07,PO-2023-1039,21,Matched,Ready for payment.
1231,INVREC00549-01,INVREC00549,1,MSC-002,Abrasives,22,Box,6141.61,0,5,6755.77,135115.42,PO-2025-0084,22,Matched,Three-way match completed.
1232,INVREC00549-02,INVREC00549,2,MSC-001,Metalworking Tools,10,Unit,8892.21,0,5,4446.11,88922.12,PO-2025-0084,10,Matched,Goods receipt confirmed.
1233,INVREC00550-01,INVREC00550,1,PWC-002,Advisory Services,21,Hour,702.62,590.2,0,0,14754.92,PO-2024-0211,21,Matched,Ready for payment.
1234,INVREC00550-02,INVREC00550,2,PWC-001,Assurance Services,1,Project,22922.83,0,0,0,22922.83,PO-2024-0211,1,Matched,Ready for payment.
1235,INVREC00551-01,INVREC00551,1,ABCD-200,Industrial Fasteners,156,Box,1613.82,0,0,0,251755.99,PO-2026-0382,156,Matched,Ready for payment.
1236,INVREC00551-02,INVREC00551,2,ABCD-300,Packaging Film,25,Roll,7753.19,0,0,0,193829.84,PO-2026-0382,25,Matched,Matched to purchase order.
1237,INVREC00552-01,INVREC00552,1,ADT-001,Security Monitoring,5,Month,23135.86,0,0,0,115679.31,PO-2024-0513,5,Matched,Goods receipt confirmed.
1238,INVREC00552-02,INVREC00552,2,ADT-002,Alarm Systems,1,Unit,169787.38,0,0,0,169787.38,PO-2024-0513,1,Matched,Matched to purchase order.
1239,INVREC00553-01,INVREC00553,1,ALP-001,Heavy Machinery,2,Unit,133064.2,26612.84,20,47903.11,266128.41,PO-2025-1350,2,Matched,Ready for payment.
1240,INVREC00553-02,INVREC00553,2,ALP-002,Spare Parts,10,Box,16848.42,0,20,39019.41,168484.18,PO-2025-1350,10,Matched,Ready for payment.
1241,INVREC00554-01,INVREC00554,1,DHL-FUEL,Fuel Surcharge,1,Percent,129190.99,0,5,6459.55,129190.99,PO-2023-1068,1,Matched,Three-way match completed.
1242,INVREC00554-02,INVREC00554,2,DHL-INT,International Shipping,2,Shipment,36677.11,5134.79,5,3667.71,73354.21,PO-2023-1068,2,Matched,Successfully matched against PO.
1243,INVREC00555-01,INVREC00555,1,CMX-002,Voice Services,15,Line,2069.94,0,18,5588.85,31049.17,PO-2026-1249,15,Matched,Validated automatically.
1244,INVREC00555-02,INVREC00555,2,CMX-001,Broadband Internet,8,Month,4620.41,0,18,6653.39,36963.29,PO-2026-1249,8,Matched,Matched to purchase order.
1245,INVREC00556-01,INVREC00556,1,VER-001,Mobile Services,53,Line,2304.61,0,18,21985.97,122144.3,PO-2024-0079,46,Awaiting Approval,Pending goods receipt confirmation.
1246,INVREC00556-02,INVREC00556,2,VER-002,Data Services,11,Month,9183.78,0,18,18183.89,101021.61,PO-2024-0079,9,Awaiting Approval,Pending goods receipt confirmation.
1247,INVREC00557-01,INVREC00557,1,FTI-001,Forensic Accounting,11,Hour,5744.89,0,0,0,63193.8,PO-2025-1130,11,Matched,Ready for payment.
1248,INVREC00557-02,INVREC00557,2,FTI-002,Expert Witness Services,1,Project,125368.36,0,0,0,125368.36,PO-2025-1130,1,Matched,Goods receipt confirmed.
1249,INVREC00558-01,INVREC00558,1,SNA-001,Hand Tools,17,Unit,8630.99,0,20,29345.38,146726.88,PO-2026-1060,14,Awaiting Approval,Pending goods receipt confirmation.
1250,INVREC00558-02,INVREC00558,2,SNA-002,Diagnostic Equipment,2,Unit,58822.94,0,20,23529.18,117645.88,PO-2026-1060,2,Awaiting Approval,Pending goods receipt confirmation.
1251,INVREC00559-01,INVREC00559,1,PIN-001,Financial Advisory,2,Hour,5058.55,0,0,0,10117.1,PO-2026-0495,2,Matched,Validated automatically.
1252,INVREC00559-02,INVREC00559,2,PIN-002,Investment Services,1,Project,11147.55,0,0,0,11147.55,PO-2026-0495,1,Matched,Three-way match completed.
1253,INVREC00560-01,INVREC00560,1,CHR-001,Freight Brokerage,7,Shipment,39231.47,0,10,27462.03,274620.31,PO-2026-1252,7,Matched,Three-way match completed.
1254,INVREC00560-02,INVREC00560,2,CHR-002,Warehousing,93,Pallet,1839.52,0,10,17107.49,171074.94,PO-2026-1252,93,Matched,Successfully matched against PO.
1255,INVREC00561-01,INVREC00561,1,HON-002,Thermostats & Controls,44,Unit,1074.73,0,0,0,47288.02,PO-2026-1183,44,Matched,Ready for payment.
1256,INVREC00561-02,INVREC00561,2,HON-001,Safety Systems,1,System,43827.93,0,0,0,43827.93,PO-2026-1183,1,Matched,Successfully matched against PO.
1257,INVREC00562-01,INVREC00562,1,MIC-002,Fleet Services,12,Month,17081.63,0,5,10248.98,204979.55,PO-2023-1438,12,Matched,Successfully matched against PO.
1258,INVREC00562-02,INVREC00562,2,MIC-001,Truck Tires,40,Unit,6942.86,0,5,13885.71,277714.22,PO-2023-1438,40,Matched,Successfully matched against PO.
1259,INVREC00563-01,INVREC00563,1,PWC-001,Assurance Services,1,Project,165810.74,0,0,0,165810.74,PO-2026-1165,1,Matched,Matched to purchase order.
1260,INVREC00563-02,INVREC00563,2,PWC-002,Advisory Services,11,Hour,5898.41,0,0,0,64882.47,PO-2026-1165,11,Matched,Three-way match completed.
1261,INVREC00564-01,INVREC00564,1,TYC-002,Building Safety,2,System,133669.2,0,20,53467.68,267338.39,PO-2023-1123,2,Matched,Validated automatically.
1262,INVREC00564-02,INVREC00564,2,TYC-001,Fire Protection Systems,4,Unit,53738.63,0,20,42990.9,214954.51,PO-2023-1123,4,Matched,Three-way match completed.
1263,INVREC00565-01,INVREC00565,1,SFS-001,CRM License,77,User,1360.79,0,20,20956.2,104781.02,PO-2025-1139,55,Awaiting Approval,Pending goods receipt confirmation.
1264,INVREC00565-02,INVREC00565,2,SFS-002,Sales Cloud,44,User,4532.32,0,20,39884.39,199421.94,PO-2025-1139,34,Awaiting Approval,Pending goods receipt confirmation.
1265,INVREC00566-01,INVREC00566,1,BAL-001,Electric Motors,6,Unit,29444.33,0,18,31799.88,176665.98,PO-2026-0813,6,Matched,Three-way match completed.
1266,INVREC00566-02,INVREC00566,2,BAL-002,Drives,1,Unit,219680.31,0,18,39542.46,219680.31,PO-2026-0813,1,Matched,Validated automatically.
1267,INVREC00567-01,INVREC00567,1,AMZ-ADAPT,Ethernet Adapter,8,Each,7664.22,0,20,12262.75,61313.74,PO-2023-1179,8,Matched,Successfully matched against PO.
1268,INVREC00567-02,INVREC00567,2,AMZ-STAND,Laptop Stand,4,Each,25912.36,0,20,20729.88,103649.42,PO-2023-1179,4,Matched,Ready for payment.
1269,INVREC00567-03,INVREC00567,3,AMZ-USBH,USB Hub,7,Each,9906.13,0,20,13868.58,69342.92,PO-2023-1179,7,Matched,Matched to purchase order.
1270,INVREC00567-04,INVREC00567,4,AMZ-HDMI,HDMI Cable,2,Each,23357.62,0,20,9343.05,46715.23,PO-2023-1179,2,Matched,Three-way match completed.
1271,INVREC00568-01,INVREC00568,1,REG-001,Motion Control,2,Unit,27876.2,0,20,11150.48,55752.39,PO-2026-0860,2,Matched,Goods receipt confirmed.
1272,INVREC00568-02,INVREC00568,2,REG-002,Power Transmission,8,Unit,7231.04,0,20,11569.67,57848.34,PO-2026-0860,8,Matched,Validated automatically.
1273,INVREC00569-01,INVREC00569,1,CUM-001,Engine Parts,5,Unit,18144.29,0,20,18144.29,90721.45,PO-2023-0708,5,Matched,Validated automatically.
1274,INVREC00569-02,INVREC00569,2,CUM-002,Generators,3,Unit,14612.85,0,20,8767.71,43838.55,PO-2023-0708,3,Matched,Ready for payment.
1275,INVREC00570-01,INVREC00570,1,DELL-MS,Mouse,7,Unit,11684.07,0,20,16357.7,81788.49,PO-2024-0281,7,Matched,Goods receipt confirmed.
1276,INVREC00570-02,INVREC00570,2,DELL-DOCK,Docking Station,4,Unit,24003.15,0,20,19202.52,96012.58,PO-2024-0281,4,Matched,Successfully matched against PO.
1277,INVREC00571-01,INVREC00571,1,DEW-002,Power Tools,3,Unit,38994.54,0,20,23396.72,116983.61,PO-2026-0548,3,Matched,Three-way match completed.
1278,INVREC00571-02,INVREC00571,2,DEW-001,Construction Tools,1,Unit,100468.28,0,20,20093.66,100468.28,PO-2026-0548,1,Matched,Successfully matched against PO.
1279,INVREC00572-01,INVREC00572,1,DEW-002,Power Tools,6,Unit,14250.32,0,5,4275.1,85501.91,PO-2024-0694,6,Matched,Successfully matched against PO.
1280,INVREC00572-02,INVREC00572,2,DEW-001,Construction Tools,5,Unit,26240.24,0,5,6560.06,131201.2,PO-2024-0694,5,Matched,Ready for payment.
1281,INVREC00573-01,INVREC00573,1,NH-001,Strategic Consulting,5,Hour,32377.62,0,0,0,161888.12,PO-2025-0205,5,Matched,Successfully matched against PO.
1282,INVREC00573-02,INVREC00573,2,NH-002,Market Analysis,1,Project,155779.13,0,0,0,155779.13,PO-2025-0205,1,Matched,Ready for payment.
1283,INVREC00574-01,INVREC00574,1,GS-002,Logistics Services,1,Shipment,125095.01,0,5,6254.75,125095.01,PO-2024-0011,1,Matched,Validated automatically.
1284,INVREC00574-02,INVREC00574,2,GS-001,Bulk Materials,17,Ton,9928.18,0,5,8438.95,168778.99,PO-2024-0011,17,Matched,Three-way match completed.
1285,INVREC00575-01,INVREC00575,1,STP-PAPER,A4 Printer Paper,148,Ream,1528.24,0,5,11308.96,226179.18,PO-2023-0331,148,Matched,Validated automatically.
1286,INVREC00575-02,INVREC00575,2,STP-INK,Ink Cartridge,24,Each,3920.44,4704.53,5,4469.3,94090.54,PO-2023-0331,24,Matched,Matched to purchase order.
1287,INVREC00575-03,INVREC00575,3,STP-FOLD,Manila Folders,70,Box,1731.89,0,5,6296.83,121232.04,PO-2023-0331,70,Matched,Goods receipt confirmed.
1288,INVREC00576-01,INVREC00576,1,GEN-001,General Services,38,Hour,785.42,895.38,18,5211.11,29845.99,PO-2023-0191,38,Matched,Matched to purchase order.
1289,INVREC00576-02,INVREC00576,2,GEN-002,Miscellaneous Supplies,59,Each,460.79,0,18,5054.73,27186.44,PO-2023-0191,59,Matched,Matched to purchase order.
1290,INVREC00577-01,INVREC00577,1,PWC-002,Advisory Services,14,Hour,814.2,0,5,569.94,11398.86,PO-2023-0725,14,Matched,Matched to purchase order.
1291,INVREC00577-02,INVREC00577,2,PWC-001,Assurance Services,1,Project,10607.27,0,5,530.36,10607.27,PO-2023-0725,1,Matched,Goods receipt confirmed.
1292,INVREC00578-01,INVREC00578,1,SFS-001,CRM License,75,User,2192.21,0,20,32883.2,164416.01,PO-2023-0225,75,Matched,Matched to purchase order.
1293,INVREC00578-02,INVREC00578,2,SFS-002,Sales Cloud,16,User,7737.22,0,20,24759.12,123795.59,PO-2023-0225,16,Matched,Successfully matched against PO.
1294,INVREC00579-01,INVREC00579,1,HPE-002,Storage Array,3,Unit,62926.01,0,10,18877.8,188778.02,PO-2025-0306,3,Matched,Ready for payment.
1295,INVREC00579-02,INVREC00579,2,HPE-001,Server,10,Unit,8792.4,0,10,8792.4,87924.01,PO-2025-0306,10,Matched,Matched to purchase order.
1296,INVREC00580-01,INVREC00580,1,BOS-001,Hydraulic Systems,1,Unit,63483.49,0,0,0,63483.49,PO-2026-0253,1,Matched,Matched to purchase order.
1297,INVREC00580-02,INVREC00580,2,BOS-002,Linear Motion,4,Unit,15759.89,0,0,0,63039.55,PO-2026-0253,4,Matched,Ready for payment.
1298,INVREC00581-01,INVREC00581,1,SUM-001,Software License,46,User,4706.56,10825.08,5,10283.83,216501.59,PO-2023-1482,46,Matched,Successfully matched against PO.
1299,INVREC00581-02,INVREC00581,2,SUM-002,Implementation Service,11,Hour,20901.2,0,5,12036.91,229913.19,PO-2023-1482,11,Matched,Three-way match completed.
1300,INVREC00582-01,INVREC00582,1,SAMI-02,Design Work,5,Hour,24960.49,0,20,24960.49,124802.46,PO-2024-1347,5,Matched,Successfully matched against PO.
1301,INVREC00582-02,INVREC00582,2,SAMI-01,Consulting Services,4,Hour,21006.36,0,20,16805.08,84025.42,PO-2024-1347,4,Matched,Three-way match completed.
1302,INVREC00583-01,INVREC00583,1,GEN-002,Miscellaneous Supplies,39,Each,4079.55,0,18,28638.45,159102.5,PO-2025-0877,39,Matched,Goods receipt confirmed.
1303,INVREC00583-02,INVREC00583,2,GEN-001,General Services,22,Hour,14367.44,12643.35,18,56895.05,316083.63,PO-2025-0877,22,Matched,Successfully matched against PO.
1304,INVREC00584-01,INVREC00584,1,ABB-001,Power Automation,2,Unit,4245.39,0,10,849.08,8490.77,PO-2025-1175,2,Matched,Matched to purchase order.
1305,INVREC00584-02,INVREC00584,2,ABB-002,Drives & Motors,4,Unit,3058.51,0,10,1223.4,12234.02,PO-2025-1175,4,Matched,Ready for payment.
1306,INVREC00585-01,INVREC00585,1,SEC-002,Access Control Systems,7,Unit,23012.6,0,0,0,161088.21,PO-2026-1474,7,Matched,Matched to purchase order.
1307,INVREC00585-02,INVREC00585,2,SEC-001,Security Guard Services,145,Hour,722.66,0,0,0,104785.53,PO-2026-1474,145,Matched,Successfully matched against PO.
1308,INVREC00586-01,INVREC00586,1,MAE-001,Container Shipping,2,Container,81688.26,0,18,29407.77,163376.51,PO-2023-0979,2,Matched,Validated automatically.
1309,INVREC00586-02,INVREC00586,2,MAE-002,Freight Forwarding,1,Shipment,94395.31,7551.62,18,16991.16,94395.31,PO-2023-0979,1,Matched,Ready for payment.
1310,INVREC00587-01,INVREC00587,1,ACC-002,Systems Integration,1,Project,203154.57,0,0,0,203154.57,PO-2024-0533,1,Matched,Ready for payment.
1311,INVREC00587-02,INVREC00587,2,ACC-001,Technology Consulting,33,Hour,8394.82,0,0,0,277028.97,PO-2024-0533,33,Matched,Goods receipt confirmed.
1312,INVREC00588-01,INVREC00588,1,KUN-002,Air Freight,3,Shipment,21496.2,0,18,11607.95,64488.6,PO-2026-0822,3,Awaiting Approval,Pending goods receipt confirmation.
1313,INVREC00588-02,INVREC00588,2,KUN-001,Supply Chain Management,4,Month,13369.59,0,18,9626.1,53478.36,PO-2026-0822,4,Awaiting Approval,Pending goods receipt confirmation.
1314,INVREC00589-01,INVREC00589,1,ROK-001,Industrial Controls,4,Unit,23744.97,0,10,9497.99,94979.88,PO-2023-0074,4,Matched,Ready for payment.
1315,INVREC00589-02,INVREC00589,2,ROK-002,HMI Systems,3,Unit,26049.33,0,10,7814.8,78148,PO-2023-0074,3,Matched,Matched to purchase order.
1316,INVREC00590-01,INVREC00590,1,THO-002,Tax Software,8,User,16061.88,0,18,23129.1,128495,PO-2024-0658,8,Matched,Matched to purchase order.
1317,INVREC00590-02,INVREC00590,2,THO-001,Legal Research Software,2,User,47639.31,0,18,17150.15,95278.61,PO-2024-0658,2,Matched,Three-way match completed.
1318,INVREC00591-01,INVREC00591,1,BAI-002,Due Diligence,1,Project,244532.85,0,20,48906.57,244532.85,PO-2023-1243,1,Matched,Matched to purchase order.
1319,INVREC00591-02,INVREC00591,2,BAI-001,Strategy Services,31,Hour,7400.23,0,20,45881.42,229407.1,PO-2023-1243,31,Matched,Three-way match completed.
1320,INVREC00592-01,INVREC00592,1,PAR-002,Seals & Gaskets,50,Box,3773.08,0,10,18865.38,188653.83,PO-2026-0409,50,Matched,Ready for payment.
1321,INVREC00592-02,INVREC00592,2,PAR-001,Hydraulic Components,7,Unit,34617.51,0,10,24232.26,242322.59,PO-2026-0409,7,Matched,Successfully matched against PO.
1322,INVREC00593-01,INVREC00593,1,SCH-001,Energy Management,1,System,221282.21,0,0,0,221282.21,PO-2026-0997,1,Matched,Successfully matched against PO.
1323,INVREC00593-02,INVREC00593,2,SCH-002,Electrical Components,14,Unit,16034.94,11224.46,0,0,224489.19,PO-2026-0997,14,Matched,Matched to purchase order.
1324,INVREC00594-01,INVREC00594,1,EMR-002,Valves & Actuators,10,Unit,13442.99,0,20,26885.98,134429.89,PO-2024-0424,10,Matched,Validated automatically.
1325,INVREC00594-02,INVREC00594,2,EMR-001,Process Control,5,Unit,19031.65,0,20,19031.65,95158.23,PO-2024-0424,5,Matched,Successfully matched against PO.
1326,INVREC00595-01,INVREC00595,1,THO-002,Tax Software,1,User,105799.5,0,0,0,105799.5,PO-2026-0913,1,Awaiting Approval,Pending goods receipt confirmation.
1327,INVREC00595-02,INVREC00595,2,THO-001,Legal Research Software,2,User,51697.49,0,0,0,103394.97,PO-2026-0913,2,Awaiting Approval,Pending goods receipt confirmation.
1328,INVREC00596-01,INVREC00596,1,DEW-002,Power Tools,9,Unit,18204.66,0,18,29491.55,163841.93,PO-2026-0763,9,Vendor Mismatch,Vendor does not match purchase order.
1329,INVREC00596-02,INVREC00596,2,DEW-001,Construction Tools,2,Unit,151130.05,0,18,54406.82,302260.1,PO-2026-0763,2,Missing PO,Invoice has no purchase order.
1330,INVREC00597-01,INVREC00597,1,MOD-001,Office Desk,2,Unit,90482.97,0,0,0,180965.93,PO-2026-1487,2,Matched,Three-way match completed.
1331,INVREC00597-02,INVREC00597,2,MOD-002,Office Chair,12,Unit,8704.18,5222.51,0,0,104450.13,PO-2026-1487,12,Matched,Three-way match completed.
1332,INVREC00598-01,INVREC00598,1,SCH-002,Electrical Components,39,Unit,1347.08,0,18,9456.53,52536.28,PO-2026-1327,37,Awaiting Approval,Pending goods receipt confirmation.
1333,INVREC00598-02,INVREC00598,2,SCH-001,Energy Management,2,System,22294.81,0,18,8026.13,44589.61,PO-2026-1327,2,Awaiting Approval,Pending goods receipt confirmation.
1334,INVREC00599-01,INVREC00599,1,PWC-002,Advisory Services,25,Hour,3702.95,0,10,9257.36,92573.64,PO-2024-0511,25,Matched,Goods receipt confirmed.
1335,INVREC00599-02,INVREC00599,2,PWC-001,Assurance Services,1,Project,176270.36,10576.22,10,17627.04,176270.36,PO-2024-0511,1,Matched,Validated automatically.
1336,INVREC00600-01,INVREC00600,1,IBM-001,Mainframe Hardware,2,Unit,21762.42,0,0,0,43524.83,PO-2026-1033,2,Matched,Goods receipt confirmed.
1337,INVREC00600-02,INVREC00600,2,IBM-002,Consulting Services,17,Hour,1326.19,0,0,0,22545.24,PO-2026-1033,17,Matched,Ready for payment.
1338,INVREC00601-01,INVREC00601,1,LNV-001,ThinkPad Laptop,12,Unit,20641.35,0,10,24769.62,247696.19,PO-2023-0799,12,Matched,Matched to purchase order.
1339,INVREC00601-02,INVREC00601,2,LNV-002,Desktop,12,Unit,14525.39,0,10,17430.47,174304.73,PO-2023-0799,12,Matched,Matched to purchase order.
1340,INVREC00602-01,INVREC00602,1,PEN-001,Fleet Management,12,Month,6794.91,0,18,14676.99,81538.86,PO-2023-0037,12,Matched,Three-way match completed.
1341,INVREC00602-02,INVREC00602,2,PEN-002,Distribution Services,31,Pallet,3209.43,0,18,17908.62,99492.36,PO-2023-0037,31,Matched,Validated automatically.
1342,INVREC00603-01,INVREC00603,1,PWC-002,Advisory Services,24,Hour,6850.7,0,0,0,164416.71,PO-2026-1165,24,Matched,Successfully matched against PO.
1343,INVREC00603-02,INVREC00603,2,PWC-001,Assurance Services,1,Project,66276.5,0,0,0,66276.5,PO-2026-1165,1,Matched,Three-way match completed.
1344,INVREC00604-01,INVREC00604,1,CHR-001,Freight Brokerage,10,Shipment,16606.61,0,20,33213.22,166066.09,PO-2023-1439,10,Matched,Successfully matched against PO.
1345,INVREC00604-02,INVREC00604,2,CHR-002,Warehousing,54,Pallet,3210.48,0,20,34673.14,173365.69,PO-2023-1439,54,Matched,Goods receipt confirmed.
1346,INVREC00605-01,INVREC00605,1,SCH-001,Energy Management,1,System,145830.1,0,18,26249.42,145830.1,PO-2024-0339,1,Matched,Three-way match completed.
1347,INVREC00605-02,INVREC00605,2,SCH-002,Electrical Components,40,Unit,1963.1,0,18,14134.3,78523.9,PO-2024-0339,40,Matched,Ready for payment.
1348,INVREC00606-01,INVREC00606,1,ELT-001,Janitorial Services,20,Visit,4079.05,0,10,8158.1,81580.97,PO-2024-1360,20,Matched,Goods receipt confirmed.
1349,INVREC00606-02,INVREC00606,2,ELT-002,Facility Maintenance,10,Hour,4910.7,0,10,4910.7,49106.99,PO-2024-1360,10,Matched,Three-way match completed.
1350,INVREC00607-01,INVREC00607,1,SKF-001,Industrial Bearings,27,Unit,2163.19,0,0,0,58406.19,PO-2023-0069,27,Matched,Validated automatically.
1351,INVREC00607-02,INVREC00607,2,SKF-002,Seals,18,Box,1792.57,0,0,0,32266.35,PO-2023-0069,18,Matched,Three-way match completed.
1352,INVREC00608-01,INVREC00608,1,HIL-001,Power Tools,8,Unit,7931.4,0,5,3172.56,63451.21,PO-2023-0789,8,Matched,Successfully matched against PO.
1353,INVREC00608-02,INVREC00608,2,HIL-002,Anchoring Systems,14,Box,6157.92,0,5,4310.54,86210.89,PO-2023-0789,14,Matched,Ready for payment.
1354,INVREC00609-01,INVREC00609,1,ROK-002,HMI Systems,2,Unit,70427.47,0,10,14085.49,140854.94,PO-2023-0138,2,Awaiting Approval,Pending goods receipt confirmation.
1355,INVREC00609-02,INVREC00609,2,ROK-001,Industrial Controls,6,Unit,12355.7,0,10,7413.42,74134.18,PO-2023-0138,6,Awaiting Approval,Pending goods receipt confirmation.
1356,INVREC00610-01,INVREC00610,1,DELL-LAT,Latitude Laptop,5,Unit,17872.88,0,0,0,89364.38,PO-2023-0366,5,Matched,Validated automatically.
1357,INVREC00610-02,INVREC00610,2,DELL-MS,Mouse,26,Unit,3639.27,0,0,0,94621.11,PO-2023-0366,26,Matched,Successfully matched against PO.
1358,INVREC00610-03,INVREC00610,3,DELL-KB,Keyboard,20,Unit,3635.9,0,0,0,72718.08,PO-2023-0366,20,Matched,Successfully matched against PO.
1359,INVREC00611-01,INVREC00611,1,ELT-002,Facility Maintenance,30,Hour,3038.14,0,18,16405.97,91144.3,PO-2026-0656,30,Matched,Successfully matched against PO.
1360,INVREC00611-02,INVREC00611,2,ELT-001,Janitorial Services,13,Visit,12723.85,0,18,29773.8,165410.02,PO-2026-0656,13,Matched,Validated automatically.
1361,INVREC00612-01,INVREC00612,1,MCK-002,Market Research,1,Project,189718.52,0,0,0,189718.52,PO-2025-0336,1,Matched,Three-way match completed.
1362,INVREC00612-02,INVREC00612,2,MCK-001,Strategy Consulting,37,Hour,4661.39,0,0,0,172471.38,PO-2025-0336,37,Matched,Ready for payment.
1363,INVREC00613-01,INVREC00613,1,SNA-001,Hand Tools,9,Unit,14283.84,0,5,6427.73,128554.54,PO-2024-1136,9,Matched,Successfully matched against PO.
1364,INVREC00613-02,INVREC00613,2,SNA-002,Diagnostic Equipment,2,Unit,135203.91,0,5,13520.39,270407.82,PO-2024-1136,2,Matched,Validated automatically.
1365,INVREC00614-01,INVREC00614,1,DEL-002,Tax Consulting,21,Hour,9452.05,0,10,19849.3,198492.99,PO-2023-0368,21,Matched,Three-way match completed.
1366,INVREC00614-02,INVREC00614,2,DEL-001,Audit Services,1,Project,256637.4,0,10,25663.74,256637.4,PO-2023-0368,1,Matched,Ready for payment.
1367,INVREC00615-01,INVREC00615,1,BAI-001,Strategy Services,15,Hour,915.77,0,0,0,13736.52,PO-2023-1057,15,Matched,Matched to purchase order.
1368,INVREC00615-02,INVREC00615,2,BAI-002,Due Diligence,1,Project,15073.71,0,0,0,15073.71,PO-2023-1057,1,Matched,Matched to purchase order.
1369,INVREC00616-01,INVREC00616,1,WWG-001,MRO Supplies,28,Box,743.81,0,18,3748.8,20826.64,PO-2024-0848,28,Matched,Successfully matched against PO.
1370,INVREC00616-02,INVREC00616,2,WWG-002,HVAC Parts,12,Unit,1968.37,2125.84,18,4251.68,23620.46,PO-2024-0848,12,Matched,Ready for payment.
1371,INVREC00617-01,INVREC00617,1,FTI-001,Forensic Accounting,8,Hour,13381.51,0,20,21410.41,107052.07,PO-2023-0673,8,Matched,Validated automatically.
1372,INVREC00617-02,INVREC00617,2,FTI-002,Expert Witness Services,1,Project,105190.3,7363.32,20,21038.06,105190.3,PO-2023-0673,1,Matched,Validated automatically.
1373,INVREC00618-01,INVREC00618,1,HPE-002,Storage Array,2,Unit,54021.64,0,10,10804.33,108043.27,PO-2026-1188,2,Matched,Matched to purchase order.
1374,INVREC00618-02,INVREC00618,2,HPE-001,Server,2,Unit,145116.94,0,10,29023.39,290233.88,PO-2026-1188,2,Matched,Validated automatically.
1375,INVREC00619-01,INVREC00619,1,NH-002,Market Analysis,1,Project,103544.46,0,0,0,103544.46,PO-2023-1151,1,Matched,Three-way match completed.
1376,INVREC00619-02,INVREC00619,2,NH-001,Strategic Consulting,10,Hour,16140.76,0,0,0,161407.55,PO-2023-1151,10,Matched,Ready for payment.
1377,INVREC00620-01,INVREC00620,1,CHR-001,Freight Brokerage,2,Shipment,103856.22,0,20,41542.49,207712.44,PO-2023-1195,2,Matched,Ready for payment.
1378,INVREC00620-02,INVREC00620,2,CHR-002,Warehousing,10,Pallet,11470.69,0,20,22941.37,114706.87,PO-2023-1195,10,Matched,Goods receipt confirmed.
1379,INVREC00621-01,INVREC00621,1,MIC-001,Truck Tires,40,Unit,4546.12,0,10,18184.48,181844.81,PO-2025-0296,40,Matched,Validated automatically.
1380,INVREC00621-02,INVREC00621,2,MIC-002,Fleet Services,2,Month,117499.73,0,10,23499.95,234999.45,PO-2025-0296,2,Matched,Ready for payment.
1381,INVREC00622-01,INVREC00622,1,SNA-001,Hand Tools,3,Unit,48636.27,0,5,7295.44,145908.81,PO-2026-0562,3,Matched,Three-way match completed.
1382,INVREC00622-02,INVREC00622,2,SNA-002,Diagnostic Equipment,4,Unit,46022.64,0,5,9204.53,184090.56,PO-2026-0562,4,Matched,Goods receipt confirmed.
1383,INVREC00623-01,INVREC00623,1,MS-PBI,Power BI Pro,49,Seat,262.38,771.39,5,604.26,12856.55,PO-2025-1119,39,Awaiting Approval,Pending goods receipt confirmation.
1384,INVREC00623-02,INVREC00623,2,MS-365,Microsoft 365 Business Premium,190,Seat,49,0,5,465.5,9309.92,PO-2025-1119,142,Awaiting Approval,Pending goods receipt confirmation.
1385,INVREC00623-03,INVREC00623,3,MS-AZ,Azure Subscription,2,Month,5689.4,0,5,568.94,11378.79,PO-2025-1119,2,Awaiting Approval,Pending goods receipt confirmation.
1386,INVREC00623-04,INVREC00623,4,MS-DYN,Dynamics 365 License,29,Seat,494.29,0,5,755.28,14334.32,PO-2025-1119,25,Awaiting Approval,Pending goods receipt confirmation.
1387,INVREC00624-01,INVREC00624,1,ROK-001,Industrial Controls,8,Unit,29536.53,0,0,0,236292.22,PO-2025-0482,8,Matched,Successfully matched against PO.
1388,INVREC00624-02,INVREC00624,2,ROK-002,HMI Systems,3,Unit,68262.2,8191.46,0,0,204786.6,PO-2025-0482,3,Matched,Goods receipt confirmed.
1389,INVREC00625-01,INVREC00625,1,SAP-002,Implementation Services,33,Hour,3631.12,0,18,21568.87,119827.05,PO-2026-0013,25,Awaiting Approval,Pending goods receipt confirmation.
1390,INVREC00625-02,INVREC00625,2,SAP-001,ERP License,30,User,4535.83,0,18,24493.46,136074.78,PO-2026-0013,27,Awaiting Approval,Pending goods receipt confirmation.
1391,INVREC00626-01,INVREC00626,1,SPG-002,Ratings Services,2,Project,20962.87,0,20,8385.15,41925.74,PO-2023-0740,2,Matched,Validated automatically.
1392,INVREC00626-02,INVREC00626,2,SPG-001,Market Data Subscription,1,Month,70458.53,0,20,14091.71,70458.53,PO-2023-0740,1,Matched,Validated automatically.
1393,INVREC00627-01,INVREC00627,1,SFS-002,Sales Cloud,18,User,14142.7,25456.85,5,11455.58,254568.53,PO-2025-0240,18,Matched,Successfully matched against PO.
1394,INVREC00627-02,INVREC00627,2,SFS-001,CRM License,54,User,3464.25,0,5,10626.31,187069.3,PO-2025-0240,54,Matched,Three-way match completed.
1395,INVREC00628-01,INVREC00628,1,MOO-001,Credit Risk Software,3,User,53836.27,0,20,32301.76,161508.81,PO-2026-0399,3,Matched,Validated automatically.
1396,INVREC00628-02,INVREC00628,2,MOO-002,Financial Data Service,6,Month,44737.18,0,20,53684.62,268423.1,PO-2026-0399,6,Matched,Validated automatically.
1397,INVREC00629-01,INVREC00629,1,SKF-002,Seals,10,Box,3303.42,0,0,0,33034.23,PO-2026-0604,10,Matched,Validated automatically.
1398,INVREC00629-02,INVREC00629,2,SKF-001,Industrial Bearings,32,Unit,1395.33,0,0,0,44650.66,PO-2026-0604,32,Matched,Validated automatically.
1399,INVREC00630-01,INVREC00630,1,MIC-001,Truck Tires,18,Unit,5804.69,0,0,0,104484.33,PO-2025-0412,15,Awaiting Approval,Pending goods receipt confirmation.
1400,INVREC00630-02,INVREC00630,2,MIC-002,Fleet Services,3,Month,16221.31,0,0,0,48663.93,PO-2025-0412,2,Awaiting Approval,Pending goods receipt confirmation.
1401,INVREC00631-01,INVREC00631,1,QL-001,Domestic Freight,4,Pallet,56620,18118.4,10,20836.16,226479.98,PO-2025-0136,4,Matched,Validated automatically.
1402,INVREC00631-02,INVREC00631,2,QL-002,Courier Services,74,Package,2444.18,0,10,19898.78,180869.43,PO-2025-0136,74,Matched,Three-way match completed.
1403,INVREC00632-01,INVREC00632,1,DEW-002,Power Tools,2,Unit,35471.22,0,5,3547.12,70942.44,PO-2026-0886,2,Matched,Goods receipt confirmed.
1404,INVREC00632-02,INVREC00632,2,DEW-001,Construction Tools,15,Unit,2660.34,0,5,1995.26,39905.13,PO-2026-0886,15,Matched,Successfully matched against PO.
1405,INVREC00633-01,INVREC00633,1,CIS-001,Network Router,9,Unit,1031.57,0,18,1671.15,9284.14,PO-2026-0437,9,Matched,Ready for payment.
1406,INVREC00633-02,INVREC00633,2,CIS-003,Firewall,5,Unit,2408.86,963.54,18,1994.54,12044.29,PO-2026-0437,5,Matched,Validated automatically.
1407,INVREC00633-03,INVREC00633,3,CIS-002,Switch,9,Unit,1714.64,0,18,2951.14,15431.76,PO-2026-0437,9,Matched,Validated automatically.
1408,INVREC00634-01,INVREC00634,1,CIN-001,Uniforms Rental,25,Month,2609.23,0,18,11741.55,65230.84,PO-2024-0502,25,Matched,Ready for payment.
1409,INVREC00634-02,INVREC00634,2,CIN-002,Floor Mats,37,Month,3203.19,0,18,21333.24,118518,PO-2024-0502,37,Matched,Three-way match completed.
1410,INVREC00635-01,INVREC00635,1,ZF-001,Automotive Components,6,Unit,3986.41,0,5,1195.92,23918.47,PO-2025-0239,6,Matched,Matched to purchase order.
1411,INVREC00635-02,INVREC00635,2,ZF-002,Industrial Drives,2,Unit,17468.55,0,5,1746.86,34937.1,PO-2025-0239,2,Matched,Successfully matched against PO.
1412,INVREC00636-01,INVREC00636,1,ATT-002,Internet Services,6,Month,28194.49,0,10,16916.69,169166.93,PO-2026-0193,6,Matched,Validated automatically.
1413,INVREC00636-02,INVREC00636,2,ATT-001,Phone Services,53,Line,3125.33,0,10,16564.26,165642.61,PO-2026-0193,53,Matched,Ready for payment.
1414,INVREC00637-01,INVREC00637,1,TYC-002,Building Safety,2,System,153157.79,0,20,61263.12,306315.58,PO-2024-0851,2,Matched,Matched to purchase order.
1415,INVREC00637-02,INVREC00637,2,TYC-001,Fire Protection Systems,2,Unit,62488.38,0,20,24995.35,124976.76,PO-2024-0851,2,Matched,Successfully matched against PO.
1416,INVREC00638-01,INVREC00638,1,DEL-001,Audit Services,1,Project,133057.45,0,10,13305.75,133057.45,PO-2025-0745,1,Matched,Successfully matched against PO.
1417,INVREC00638-02,INVREC00638,2,DEL-002,Tax Consulting,19,Hour,13361.03,0,10,25385.96,253859.6,PO-2025-0745,19,Matched,Successfully matched against PO.
1418,INVREC00639-01,INVREC00639,1,ATL-001,Air Cargo Charter,2,Flight,164101.82,0,10,32820.36,328203.63,PO-2023-0408,2,Matched,Validated automatically.
1419,INVREC00640-01,INVREC00640,1,THO-002,Tax Software,4,User,21194.42,0,18,15259.98,84777.67,PO-2024-0658,4,Matched,Successfully matched against PO.
1420,INVREC00640-02,INVREC00640,2,THO-001,Legal Research Software,8,User,17374.49,13899.59,18,25019.27,138995.94,PO-2024-0658,8,Matched,Goods receipt confirmed.
1421,INVREC00641-01,INVREC00641,1,TMO-001,Mobile Plans,38,Line,1908.3,4350.91,20,13632.86,72515.22,PO-2023-0722,38,Matched,Matched to purchase order.
1422,INVREC00641-02,INVREC00641,2,TMO-002,IoT Services,193,Device,177.13,0,20,7707.33,34185.75,PO-2023-0722,193,Matched,Ready for payment.
1423,INVREC00642-01,INVREC00642,1,DEL-001,Audit Services,1,Project,185403.68,0,10,18540.37,185403.68,PO-2025-0669,1,Matched,Three-way match completed.
1424,INVREC00642-02,INVREC00642,2,DEL-002,Tax Consulting,15,Hour,14783.82,0,10,22175.74,221757.35,PO-2025-0669,15,Matched,Validated automatically.
1425,INVREC00643-01,INVREC00643,1,BBY-001,Television,3,Unit,34030.66,0,0,0,102091.97,PO-2024-1408,3,Matched,Three-way match completed.
1426,INVREC00643-02,INVREC00643,2,BBY-002,Audio System,2,Unit,85536.52,0,0,0,171073.03,PO-2024-1408,2,Matched,Ready for payment.
1427,INVREC00644-01,INVREC00644,1,MCM-002,Hardware,23,Each,6914.26,0,5,7951.4,159027.95,PO-2026-0054,23,Matched,Goods receipt confirmed.
1428,INVREC00644-02,INVREC00644,2,MCM-001,Fasteners,55,Box,6171.23,0,5,16970.89,339417.87,PO-2026-0054,55,Matched,Goods receipt confirmed.
1429,INVREC00645-01,INVREC00645,1,IR-001,Compressed Air Systems,2,Unit,20966.04,0,18,7547.77,41932.08,PO-2025-1072,2,Matched,Successfully matched against PO.
1430,INVREC00645-02,INVREC00645,2,IR-002,Air Tools,19,Unit,3827.25,0,18,13089.18,72717.67,PO-2025-1072,19,Matched,Ready for payment.
1431,INVREC00646-01,INVREC00646,1,ZF-001,Automotive Components,6,Unit,684.32,0,0,0,4105.9,PO-2023-0689,6,Matched,Ready for payment.
1432,INVREC00646-02,INVREC00646,2,ZF-002,Industrial Drives,1,Unit,5976.37,0,0,0,5976.37,PO-2023-0689,1,Matched,Validated automatically.
1433,INVREC00647-01,INVREC00647,1,KUN-001,Supply Chain Management,4,Month,37158.98,0,18,26754.47,148635.93,PO-2025-0387,4,Matched,Three-way match completed.
1434,INVREC00647-02,INVREC00647,2,KUN-002,Air Freight,4,Shipment,72132.14,0,18,51935.14,288528.56,PO-2025-0387,4,Matched,Successfully matched against PO.
1435,INVREC00648-01,INVREC00648,1,MIC-001,Truck Tires,34,Unit,3211.85,0,18,19656.53,109202.92,PO-2026-1359,34,Matched,Validated automatically.
1436,INVREC00648-02,INVREC00648,2,MIC-002,Fleet Services,11,Month,11913.05,0,18,23587.83,131043.5,PO-2026-1359,11,Matched,Goods receipt confirmed.
1437,INVREC00649-01,INVREC00649,1,FAS-002,Safety Supplies,15,Unit,1257.68,0,20,3773.03,18865.16,PO-2024-0265,15,Matched,Matched to purchase order.
1438,INVREC00649-02,INVREC00649,2,FAS-001,Industrial Fasteners,12,Box,2242.17,807.18,20,5381.21,26906.05,PO-2024-0265,12,Matched,Matched to purchase order.
1439,INVREC00650-01,INVREC00650,1,APP-002,iPad,13,Unit,13728.21,0,10,17846.68,178466.78,PO-2026-0463,13,Matched,Successfully matched against PO.
1440,INVREC00650-02,INVREC00650,2,APP-001,MacBook Pro,4,Unit,42432.66,0,10,16973.06,169730.64,PO-2026-0463,4,Matched,Ready for payment.
1441,INVREC00650-03,INVREC00650,3,APP-003,iPhone,30,Unit,2371.24,0,10,7113.71,71137.11,PO-2026-0463,30,Matched,Validated automatically.
1442,INVREC00651-01,INVREC00651,1,SAMI-02,Design Work,6,Hour,26558.85,0,5,7967.66,159353.1,PO-2026-0999,6,Matched,Matched to purchase order.
1443,INVREC00651-02,INVREC00651,2,SAMI-01,Consulting Services,6,Hour,23161.79,0,5,6948.54,138970.73,PO-2026-0999,6,Matched,Three-way match completed.
1444,INVREC00652-01,INVREC00652,1,WWG-001,MRO Supplies,20,Box,2944.46,0,0,0,58889.21,PO-2024-0840,18,Awaiting Approval,Pending goods receipt confirmation.
1445,INVREC00652-02,INVREC00652,2,WWG-002,HVAC Parts,7,Unit,5783.76,0,0,0,40486.33,PO-2024-0840,6,Awaiting Approval,Pending goods receipt confirmation.
1446,INVREC00653-01,INVREC00653,1,CIN-002,Floor Mats,28,Month,2043.06,0,5,2860.29,57205.73,PO-2024-0134,28,Matched,Validated automatically.
1447,INVREC00653-02,INVREC00653,2,CIN-001,Uniforms Rental,43,Month,701.14,0,5,1507.45,30148.97,PO-2024-0134,43,Matched,Goods receipt confirmed.
1448,INVREC00654-01,INVREC00654,1,ELT-002,Facility Maintenance,8,Hour,4858.81,0,18,6996.69,38870.5,PO-2024-0561,8,Matched,Successfully matched against PO.
1449,INVREC00654-02,INVREC00654,2,ELT-001,Janitorial Services,13,Visit,3144.16,2452.45,18,7357.34,40874.13,PO-2024-0561,13,Matched,Goods receipt confirmed.
1450,INVREC00655-01,INVREC00655,1,BOS-002,Linear Motion,2,Unit,17333.02,0,5,1733.3,34666.04,PO-2024-1216,2,Matched,Three-way match completed.
1451,INVREC00655-02,INVREC00655,2,BOS-001,Hydraulic Systems,2,Unit,8973.83,0,5,897.38,17947.66,PO-2024-1216,2,Matched,Three-way match completed.
1452,INVREC00656-01,INVREC00656,1,HIL-001,Power Tools,4,Unit,2269.98,0,20,1815.99,9079.93,PO-2024-0349,4,Matched,Ready for payment.
1453,INVREC00656-02,INVREC00656,2,HIL-002,Anchoring Systems,3,Box,3236.18,0,20,1941.71,9708.54,PO-2024-0349,3,Matched,Goods receipt confirmed.
1454,INVREC00657-01,INVREC00657,1,ECO-001,Cleaning Chemicals,7,Case,24281.85,0,0,0,169972.96,PO-2025-0973,6,Awaiting Approval,Pending goods receipt confirmation.
1455,INVREC00657-02,INVREC00657,2,ECO-002,Sanitation Services,10,Month,15014.28,0,0,0,150142.78,PO-2025-0973,10,Awaiting Approval,Pending goods receipt confirmation.
1456,INVREC00658-01,INVREC00658,1,ZF-001,Automotive Components,3,Unit,42238.14,0,0,0,126714.41,PO-2023-0962,3,Awaiting Approval,Pending goods receipt confirmation.
1457,INVREC00658-02,INVREC00658,2,ZF-002,Industrial Drives,1,Unit,69800.31,4188.02,0,0,69800.31,PO-2023-0962,1,Awaiting Approval,Pending goods receipt confirmation.
1458,INVREC00659-01,INVREC00659,1,OFW-DESK,Standing Desk,4,Unit,38192.55,0,0,0,152770.19,PO-2024-0040,4,Matched,Matched to purchase order.
1459,INVREC00659-02,INVREC00659,2,OFW-BOOK,Bookshelf,2,Unit,47672.97,0,0,0,95345.94,PO-2024-0040,2,Matched,Three-way match completed.
1460,INVREC00659-03,INVREC00659,3,OFW-CHAIR,Ergonomic Office Chair,3,Unit,48395.29,0,0,0,145185.86,PO-2024-0040,3,Matched,Three-way match completed.
1461,INVREC00659-04,INVREC00659,4,OFW-CABIN,Filing Cabinet,2,Unit,34129.51,0,0,0,68259.02,PO-2024-0040,2,Matched,Three-way match completed.
1462,INVREC00660-01,INVREC00660,1,PIN-001,Financial Advisory,3,Hour,60839.96,0,10,18251.99,182519.89,PO-2026-0012,3,Matched,Three-way match completed.
1463,INVREC00660-02,INVREC00660,2,PIN-002,Investment Services,1,Project,200069.87,0,10,20006.99,200069.87,PO-2026-0012,1,Matched,Validated automatically.
1464,INVREC00661-01,INVREC00661,1,THO-002,Tax Software,1,User,14252.52,0,0,0,14252.52,PO-2023-1177,1,Awaiting Approval,Pending goods receipt confirmation.
1465,INVREC00661-02,INVREC00661,2,THO-001,Legal Research Software,15,User,750.83,225.25,0,0,11262.48,PO-2023-1177,14,Awaiting Approval,Pending goods receipt confirmation.
1466,INVREC00662-01,INVREC00662,1,ARA-002,Vending Services,1,Month,116497.67,0,5,5824.88,116497.67,PO-2025-0781,1,Matched,Goods receipt confirmed.
1467,INVREC00662-02,INVREC00662,2,ARA-001,Food Services,1,Month,77179.7,0,5,3858.99,77179.7,PO-2025-0781,1,Matched,Goods receipt confirmed.
1468,INVREC00663-01,INVREC00663,1,HIL-002,Anchoring Systems,12,Box,19621.95,0,18,42383.42,235463.46,PO-2023-0274,12,Matched,Matched to purchase order.
1469,INVREC00663-02,INVREC00663,2,HIL-001,Power Tools,5,Unit,35725.49,0,18,32152.94,178627.45,PO-2023-0274,5,Matched,Three-way match completed.
1470,INVREC00664-01,INVREC00664,1,ABCD-200,Industrial Fasteners,151,Box,1424.8,0,10,21514.48,215144.8,PO-2024-1106,151,Matched,Ready for payment.
1471,INVREC00664-02,INVREC00664,2,ABCD-300,Packaging Film,97,Roll,2235.45,0,10,21683.89,216838.85,PO-2024-1106,97,Matched,Successfully matched against PO.
1472,INVREC00665-01,INVREC00665,1,BOS-002,Linear Motion,10,Unit,22900.39,0,20,45800.78,229003.88,PO-2023-0098,9,Vendor Mismatch,Vendor does not match purchase order.
1473,INVREC00665-02,INVREC00665,2,BOS-001,Hydraulic Systems,4,Unit,26596.91,0,20,21277.53,106387.63,PO-2023-0098,3,Vendor Mismatch,Vendor does not match purchase order.
1474,INVREC00666-01,INVREC00666,1,MAK-001,Power Tools,2,Unit,102649.74,0,10,20529.95,205299.47,PO-2026-0839,2,Matched,Validated automatically.
1475,INVREC00666-02,INVREC00666,2,MAK-002,Accessories,21,Box,6446.6,0,10,13537.86,135378.64,PO-2026-0839,21,Matched,Matched to purchase order.
1476,INVREC00667-01,INVREC00667,1,BBY-001,Television,3,Unit,71737.1,0,5,10760.56,215211.29,PO-2023-0966,3,Matched,Three-way match completed.
1477,INVREC00667-02,INVREC00667,2,BBY-002,Audio System,6,Unit,41574.91,0,5,12472.47,249449.45,PO-2023-0966,6,Matched,Ready for payment.
1478,INVREC00668-01,INVREC00668,1,GE-002,Medical Equipment,1,Unit,110383.82,0,10,11038.38,110383.82,PO-2025-1322,1,Matched,Goods receipt confirmed.
1479,INVREC00668-02,INVREC00668,2,GE-001,Power Generation,2,Unit,51812.82,0,10,10362.56,103625.63,PO-2025-1322,2,Matched,Three-way match completed.
1480,INVREC00669-01,INVREC00669,1,NH-001,Strategic Consulting,24,Hour,1247.93,0,10,2995.02,29950.24,PO-2023-0690,24,Matched,Validated automatically.
1481,INVREC00669-02,INVREC00669,2,NH-002,Market Analysis,2,Project,31980.77,0,10,6396.15,63961.53,PO-2023-0690,2,Matched,Matched to purchase order.
1482,INVREC00670-01,INVREC00670,1,ROK-002,HMI Systems,4,Unit,23396.99,0,0,0,93587.95,PO-2026-1097,4,Matched,Successfully matched against PO.
1483,INVREC00670-02,INVREC00670,2,ROK-001,Industrial Controls,4,Unit,13592.54,0,0,0,54370.15,PO-2026-1097,4,Matched,Goods receipt confirmed.
1484,INVREC00671-01,INVREC00671,1,TMO-002,IoT Services,403,Device,293.27,9455.07,10,10873.33,118188.36,PO-2024-0450,403,Matched,Validated automatically.
1485,INVREC00671-02,INVREC00671,2,TMO-001,Mobile Plans,16,Line,3722.02,0,10,6900.73,59552.28,PO-2024-0450,16,Matched,Successfully matched against PO.
1486,INVREC00672-01,INVREC00672,1,DEW-002,Power Tools,5,Unit,17059.61,0,5,4264.9,85298.03,PO-2024-0694,5,Matched,Goods receipt confirmed.
1487,INVREC00672-02,INVREC00672,2,DEW-001,Construction Tools,9,Unit,14600.56,10512.41,5,6570.26,131405.08,PO-2024-0694,9,Matched,Ready for payment.
1488,INVREC00673-01,INVREC00673,1,MCM-002,Hardware,47,Each,6461.79,0,5,15185.21,303704.2,PO-2026-0054,47,Matched,Three-way match completed.
1489,INVREC00673-02,INVREC00673,2,MCM-001,Fasteners,58,Box,3357.61,0,5,9737.08,194741.62,PO-2026-0054,58,Matched,Validated automatically.
1490,INVREC00674-01,INVREC00674,1,MCM-002,Hardware,47,Each,4390.63,0,0,0,206359.38,PO-2025-0733,47,Matched,Validated automatically.
1491,INVREC00674-02,INVREC00674,2,MCM-001,Fasteners,50,Box,3206.51,0,0,0,160325.37,PO-2025-0733,50,Matched,Validated automatically.
1492,INVREC00675-01,INVREC00675,1,SUM-001,Software License,38,User,3227.41,0,5,6132.07,122641.42,PO-2023-1482,38,Matched,Goods receipt confirmed.
1493,INVREC00675-02,INVREC00675,2,SUM-002,Implementation Service,44,Hour,7358.49,12950.93,5,16188.67,323773.36,PO-2023-1482,44,Matched,Matched to purchase order.
1494,INVREC00676-01,INVREC00676,1,BBY-002,Audio System,7,Unit,1229.65,0,10,860.76,8607.55,PO-2026-1105,7,Matched,Goods receipt confirmed.
1495,INVREC00676-02,INVREC00676,2,BBY-001,Television,1,Unit,5488.03,0,10,548.8,5488.03,PO-2026-1105,1,Matched,Successfully matched against PO.
1496,INVREC00677-01,INVREC00677,1,SNA-002,Diagnostic Equipment,5,Unit,45499.04,0,18,40949.14,227495.2,PO-2026-0394,5,Matched,Successfully matched against PO.
1497,INVREC00677-02,INVREC00677,2,SNA-001,Hand Tools,9,Unit,29392.15,0,18,47615.28,264529.31,PO-2026-0394,9,Matched,Successfully matched against PO.
1498,INVREC00678-01,INVREC00678,1,CMX-001,Broadband Internet,8,Month,19941.83,0,10,15953.46,159534.61,PO-2024-1296,8,Matched,Three-way match completed.
1499,INVREC00678-02,INVREC00678,2,CMX-002,Voice Services,49,Line,1878.35,0,10,9203.92,92039.2,PO-2024-1296,49,Matched,Validated automatically.
1500,INVREC00679-01,INVREC00679,1,CUM-002,Generators,3,Unit,2318.13,0,5,347.72,6954.38,PO-2024-1416,2,Awaiting Approval,Pending goods receipt confirmation.
1501,INVREC00679-02,INVREC00679,2,CUM-001,Engine Parts,2,Unit,4854.3,0,5,485.43,9708.6,PO-2024-1416,1,Awaiting Approval,Pending goods receipt confirmation.
1502,INVREC00680-01,INVREC00680,1,MSC-002,Abrasives,36,Box,3210.73,2311.73,5,5663.73,115586.25,PO-2025-0084,36,Matched,Validated automatically.
1503,INVREC00680-02,INVREC00680,2,MSC-001,Metalworking Tools,17,Unit,6379.49,0,5,5538.15,108451.29,PO-2025-0084,17,Matched,Validated automatically.
1504,INVREC00681-01,INVREC00681,1,JLL-001,Property Management,4,Month,35051.45,0,18,25237.05,140205.81,PO-2023-0273,4,Matched,Validated automatically.
1505,INVREC00681-02,INVREC00681,2,JLL-002,Leasing Services,1,Project,70607.24,0,18,12709.3,70607.24,PO-2023-0273,1,Matched,Validated automatically.
1506,INVREC00682-01,INVREC00682,1,DEW-001,Construction Tools,3,Unit,38328.44,0,5,5749.27,114985.32,PO-2024-0694,3,Matched,Validated automatically.
1507,INVREC00682-02,INVREC00682,2,DEW-002,Power Tools,2,Unit,50858.9,2034.36,5,5085.89,101717.79,PO-2024-0694,2,Matched,Successfully matched against PO.
1508,INVREC00683-01,INVREC00683,1,ATL-001,Air Cargo Charter,1,Flight,274283.11,0,0,0,274283.11,PO-2023-0188,1,Matched,Three-way match completed.
1509,INVREC00684-01,INVREC00684,1,MOO-002,Financial Data Service,8,Month,24339.65,0,20,38943.43,194717.17,PO-2025-1256,8,Matched,Goods receipt confirmed.
1510,INVREC00684-02,INVREC00684,2,MOO-001,Credit Risk Software,1,User,85675.56,3427.02,20,17135.12,85675.56,PO-2025-1256,1,Matched,Goods receipt confirmed.
1511,INVREC00685-01,INVREC00685,1,NH-002,Market Analysis,2,Project,20546.06,0,10,4109.21,41092.12,PO-2025-1270,2,Matched,Matched to purchase order.
1512,INVREC00685-02,INVREC00685,2,NH-001,Strategic Consulting,25,Hour,1038.12,0,10,2595.29,25952.91,PO-2025-1270,25,Matched,Validated automatically.
1513,INVREC00686-01,INVREC00686,1,ALP-002,Spare Parts,9,Box,24085.04,0,18,39017.77,216765.4,PO-2024-0693,6,Vendor Mismatch,Vendor does not match purchase order.
1514,INVREC00686-02,INVREC00686,2,ALP-001,Heavy Machinery,2,Unit,108382.71,0,18,39017.77,216765.41,PO-2024-0693,1,Vendor Mismatch,Vendor does not match purchase order.
1515,INVREC00687-01,INVREC00687,1,REG-002,Power Transmission,9,Unit,18185.78,0,20,32734.4,163672.01,PO-2026-1062,9,Matched,Validated automatically.
1516,INVREC00687-02,INVREC00687,2,REG-001,Motion Control,1,Unit,141554.18,0,20,28310.84,141554.18,PO-2026-1062,1,Matched,Matched to purchase order.
1517,INVREC00688-01,INVREC00688,1,HIL-001,Power Tools,10,Unit,10896.09,0,20,21792.17,108960.85,PO-2023-1237,10,Matched,Matched to purchase order.
1518,INVREC00688-02,INVREC00688,2,HIL-002,Anchoring Systems,16,Box,6602.11,0,20,21126.76,105633.81,PO-2023-1237,16,Matched,Goods receipt confirmed.
1519,INVREC00689-01,INVREC00689,1,PIN-002,Investment Services,1,Project,117053.54,0,10,11705.35,117053.54,PO-2024-0977,1,Matched,Ready for payment.
1520,INVREC00689-02,INVREC00689,2,PIN-001,Financial Advisory,2,Hour,141039.92,19745.59,10,28207.99,282079.83,PO-2024-0977,2,Matched,Successfully matched against PO.
1521,INVREC00690-01,INVREC00690,1,HPE-001,Server,5,Unit,24433.31,0,10,12216.66,122166.56,PO-2025-0306,5,Matched,Matched to purchase order.
1522,INVREC00690-02,INVREC00690,2,HPE-002,Storage Array,3,Unit,51511.82,0,10,15453.55,154535.47,PO-2025-0306,3,Matched,Validated automatically.
1523,INVREC00691-01,INVREC00691,1,SIE-001,Industrial Automation,2,Unit,80194.09,0,20,32077.64,160388.18,PO-2024-0584,2,Matched,Goods receipt confirmed.
1524,INVREC00691-02,INVREC00691,2,SIE-002,Electrical Equipment,4,Unit,26935.42,0,20,21548.34,107741.68,PO-2024-0584,4,Matched,Three-way match completed.
1525,INVREC00692-01,INVREC00692,1,MOO-002,Financial Data Service,2,Month,114295.92,0,0,0,228591.84,PO-2026-0756,2,Awaiting Approval,Pending goods receipt confirmation.
1526,INVREC00692-02,INVREC00692,2,MOO-001,Credit Risk Software,1,User,198657.2,17879.15,0,0,198657.2,PO-2026-0756,1,Awaiting Approval,Pending goods receipt confirmation.
1527,INVREC00693-01,INVREC00693,1,CBRE-001,Commercial Real Estate,1,Project,180407.66,0,10,18040.77,180407.66,PO-2026-1389,1,Matched,Matched to purchase order.
1528,INVREC00693-02,INVREC00693,2,CBRE-002,Property Valuation,3,Project,104235.54,0,10,31270.66,312706.61,PO-2026-1389,3,Matched,Goods receipt confirmed.
1529,INVREC00694-01,INVREC00694,1,SUM-001,Software License,47,User,838.43,0,5,1970.3,39406.03,PO-2023-0080,47,Matched,Successfully matched against PO.
1530,INVREC00694-02,INVREC00694,2,SUM-002,Implementation Service,12,Hour,4166.06,0,5,2499.64,49992.72,PO-2023-0080,12,Matched,Three-way match completed.
1531,INVREC00695-01,INVREC00695,1,MOD-002,Office Chair,13,Unit,15628.12,0,0,0,203165.58,PO-2026-1393,13,Matched,Successfully matched against PO.
1532,INVREC00695-02,INVREC00695,2,MOD-001,Office Desk,8,Unit,20472.04,0,0,0,163776.34,PO-2026-1393,8,Matched,Three-way match completed.
1533,INVREC00696-01,INVREC00696,1,SNA-001,Hand Tools,14,Unit,10703.73,11988.18,0,0,149852.2,PO-2023-0914,14,Matched,Validated automatically.
1534,INVREC00696-02,INVREC00696,2,SNA-002,Diagnostic Equipment,2,Unit,123092.88,0,0,0,246185.76,PO-2023-0914,2,Matched,Goods receipt confirmed.
1535,INVREC00697-01,INVREC00697,1,SOD-002,Catering,8,Event,24451.94,0,0,0,195615.52,PO-2024-0060,8,Matched,Three-way match completed.
1536,INVREC00697-02,INVREC00697,2,SOD-001,Facility Management,7,Month,27945.07,0,0,0,195615.52,PO-2024-0060,7,Matched,Goods receipt confirmed.
1537,INVREC00698-01,INVREC00698,1,SEC-001,Security Guard Services,100,Hour,986.05,0,20,19721.07,98605.35,PO-2025-1369,97,Quantity Mismatch,Quantity exceeds PO by 41%.
1538,INVREC00698-02,INVREC00698,2,SEC-002,Access Control Systems,2,Unit,33481.67,0,20,13392.67,66963.34,PO-2025-1369,2,Quantity Mismatch,Quantity exceeds PO by 32%.
1539,INVREC00699-01,INVREC00699,1,SCH-001,Energy Management,1,System,31961.33,0,20,6392.27,31961.33,PO-2025-0252,1,Awaiting Approval,Pending goods receipt confirmation.
1540,INVREC00699-02,INVREC00699,2,SCH-002,Electrical Components,30,Unit,1207.43,0,20,7244.57,36222.84,PO-2025-0252,27,Awaiting Approval,Pending goods receipt confirmation.
1541,INVREC00700-01,INVREC00700,1,WMI-002,Recycling Services,2,Month,60516.93,0,10,12103.39,121033.85,PO-2025-0807,2,Awaiting Approval,Pending goods receipt confirmation.
1542,INVREC00700-02,INVREC00700,2,WMI-001,Waste Collection,7,Month,38305.22,0,10,26813.65,268136.54,PO-2025-0807,7,Awaiting Approval,Pending goods receipt confirmation.
1543,INVREC00701-01,INVREC00701,1,CAT-002,Spare Parts,14,Box,12162.78,0,0,0,170278.89,PO-2026-0717,14,Matched,Goods receipt confirmed.
1544,INVREC00701-02,INVREC00701,2,CAT-001,Construction Equipment,3,Unit,43886.31,0,0,0,131658.93,PO-2026-0717,3,Matched,Validated automatically.
1545,INVREC00702-01,INVREC00702,1,ELT-002,Facility Maintenance,36,Hour,4266.29,0,5,7679.33,153586.5,PO-2026-0497,36,Matched,Three-way match completed.
1546,INVREC00702-02,INVREC00702,2,ELT-001,Janitorial Services,16,Visit,6433.48,0,5,5146.78,102935.64,PO-2026-0497,16,Matched,Validated automatically.
1547,INVREC00703-01,INVREC00703,1,CIS-002,Switch,6,Unit,11722.65,4220.15,18,11900.84,70335.91,PO-2024-0291,6,Matched,Ready for payment.
1548,INVREC00703-02,INVREC00703,2,CIS-001,Network Router,6,Unit,18851.29,0,18,21119.02,113107.74,PO-2024-0291,6,Matched,Goods receipt confirmed.
1549,INVREC00704-01,INVREC00704,1,MIC-001,Truck Tires,19,Unit,14591.36,0,0,0,277235.92,PO-2023-0247,19,Matched,Ready for payment.
1550,INVREC00704-02,INVREC00704,2,MIC-002,Fleet Services,8,Month,18417.77,0,0,0,147342.17,PO-2023-0247,8,Matched,Ready for payment.
1551,INVREC00705-01,INVREC00705,1,HON-002,Thermostats & Controls,40,Unit,3499.3,0,10,13997.22,139972.18,PO-2025-0683,40,Matched,Goods receipt confirmed.
1552,INVREC00705-02,INVREC00705,2,HON-001,Safety Systems,1,System,82336.58,0,10,8233.66,82336.58,PO-2025-0683,1,Matched,Goods receipt confirmed.
1553,INVREC00706-01,INVREC00706,1,REP-002,Dumpster Rental,6,Month,19516.65,0,18,21077.98,117099.9,PO-2024-0338,6,Matched,Three-way match completed.
1554,INVREC00706-02,INVREC00706,2,REP-001,Trash Removal,8,Month,17661.76,0,18,25432.94,141294.1,PO-2024-0338,8,Matched,Goods receipt confirmed.
1555,INVREC00707-01,INVREC00707,1,ABB-002,Drives & Motors,10,Unit,21835.22,0,0,0,218352.2,PO-2026-0893,10,Matched,Successfully matched against PO.
1556,INVREC00707-02,INVREC00707,2,ABB-001,Power Automation,4,Unit,31337.58,0,0,0,125350.33,PO-2026-0893,4,Matched,Three-way match completed.
1557,INVREC00708-01,INVREC00708,1,VGT-001,Server Equipment,5,Unit,23232.17,0,10,11616.08,116160.83,PO-2023-1290,5,Matched,Validated automatically.
1558,INVREC00708-02,INVREC00708,2,VGT-003,Storage Array,2,Unit,70785.51,7078.55,10,13449.25,141571.01,PO-2023-1290,2,Matched,Successfully matched against PO.
1559,INVREC00708-03,INVREC00708,3,VGT-002,Network Switch,4,Unit,54904.14,0,10,22669.51,219616.57,PO-2023-1290,4,Matched,Three-way match completed.
1560,INVREC00709-01,INVREC00709,1,PEN-001,Fleet Management,11,Month,15453.39,0,18,30597.72,169987.33,PO-2023-0531,11,Matched,Three-way match completed.
1561,INVREC00709-02,INVREC00709,2,PEN-002,Distribution Services,98,Pallet,2814.58,0,18,49649.13,275828.5,PO-2023-0531,98,Matched,Successfully matched against PO.
1562,INVREC00710-01,INVREC00710,1,DEW-001,Construction Tools,13,Unit,16145.4,0,5,10494.51,209890.16,PO-2025-0557,13,Matched,Ready for payment.
1563,INVREC00710-02,INVREC00710,2,DEW-002,Power Tools,3,Unit,77659.36,0,5,11648.9,232978.07,PO-2025-0557,3,Matched,Successfully matched against PO.
1564,INVREC00711-01,INVREC00711,1,ARA-002,Vending Services,3,Month,43877.45,0,18,23693.82,131632.36,PO-2024-0417,3,Matched,Matched to purchase order.
1565,INVREC00711-02,INVREC00711,2,ARA-001,Food Services,3,Month,72923.09,0,18,39378.47,218769.28,PO-2024-0417,3,Matched,Ready for payment.
1566,INVREC00712-01,INVREC00712,1,PIN-002,Investment Services,1,Project,78891.62,0,5,3944.58,78891.62,PO-2023-0314,1,Matched,Goods receipt confirmed.
1567,INVREC00712-02,INVREC00712,2,PIN-001,Financial Advisory,9,Hour,7962.21,0,5,3582.99,71659.89,PO-2023-0314,9,Matched,Successfully matched against PO.
1568,INVREC00713-01,INVREC00713,1,ECO-001,Cleaning Chemicals,9,Case,10228.07,0,18,16569.48,92052.67,PO-2023-0742,9,Matched,Validated automatically.
1569,INVREC00713-02,INVREC00713,2,ECO-002,Sanitation Services,8,Month,11932.75,0,18,17183.17,95462.03,PO-2023-0742,8,Matched,Validated automatically.
1570,INVREC00714-01,INVREC00714,1,GE-001,Power Generation,2,Unit,4496.87,0,20,1798.75,8993.73,PO-2026-1022,2,Matched,Ready for payment.
1571,INVREC00714-02,INVREC00714,2,GE-002,Medical Equipment,2,Unit,3350.61,0,20,1340.24,6701.21,PO-2026-1022,2,Matched,Validated automatically.
1572,INVREC00715-01,INVREC00715,1,UPS-001,Ground Shipping,53,Package,2105.25,0,5,5578.92,111578.34,PO-2023-0692,53,Matched,Ready for payment.
1573,INVREC00715-02,INVREC00715,2,UPS-002,Supply Chain Services,3,Month,31692.44,0,5,4753.87,95077.31,PO-2023-0692,3,Matched,Successfully matched against PO.
1574,INVREC00716-01,INVREC00716,1,GAT-002,Hydraulic Hose,114,Foot,1338.06,0,10,15253.86,152538.56,PO-2026-1382,114,Matched,Validated automatically.
1575,INVREC00716-02,INVREC00716,2,GAT-001,Power Transmission Belts,28,Unit,9470.8,0,10,26518.24,265182.41,PO-2026-1382,28,Matched,Matched to purchase order.
1576,INVREC00717-01,INVREC00717,1,CMX-001,Broadband Internet,5,Month,5353.51,0,5,1338.38,26767.53,PO-2023-1380,5,Matched,Successfully matched against PO.
1577,INVREC00717-02,INVREC00717,2,CMX-002,Voice Services,17,Line,2099.41,0,5,1784.5,35690.04,PO-2023-1380,17,Matched,Validated automatically.
1578,INVREC00718-01,INVREC00718,1,CBRE-002,Property Valuation,3,Project,4813.57,0,20,2888.14,14440.72,PO-2024-0928,3,Matched,Matched to purchase order.
1579,INVREC00718-02,INVREC00718,2,CBRE-001,Commercial Real Estate,1,Project,13290.57,0,20,2658.11,13290.57,PO-2024-0928,1,Matched,Goods receipt confirmed.
1580,INVREC00719-01,INVREC00719,1,FED-002,International Freight,1,Shipment,233396.18,0,20,46679.24,233396.18,PO-2024-0303,1,Matched,Goods receipt confirmed.
1581,INVREC00719-02,INVREC00719,2,FED-001,Express Shipping,3,Shipment,73476.58,0,20,44085.95,220429.73,PO-2024-0303,3,Matched,Ready for payment.
1582,INVREC00720-01,INVREC00720,1,LNV-002,Desktop,3,Unit,66840.69,0,18,36093.97,200522.07,PO-2025-0715,3,Matched,Successfully matched against PO.
1583,INVREC00720-02,INVREC00720,2,LNV-001,ThinkPad Laptop,14,Unit,19213.79,0,18,48418.74,268993.02,PO-2025-0715,14,Matched,Goods receipt confirmed.
1584,INVREC00721-01,INVREC00721,1,MOO-001,Credit Risk Software,4,User,55119.48,0,20,44095.58,220477.9,PO-2026-0399,4,Matched,Matched to purchase order.
1585,INVREC00721-02,INVREC00721,2,MOO-002,Financial Data Service,9,Month,23272.67,0,20,41890.8,209454.01,PO-2026-0399,9,Matched,Ready for payment.
1586,INVREC00722-01,INVREC00722,1,ECO-001,Cleaning Chemicals,3,Case,56039.63,0,10,16811.89,168118.88,PO-2025-1050,3,Matched,Goods receipt confirmed.
1587,INVREC00722-02,INVREC00722,2,ECO-002,Sanitation Services,8,Month,19878.92,0,10,15903.14,159031.38,PO-2025-1050,8,Matched,Goods receipt confirmed.
1588,INVREC00723-01,INVREC00723,1,PEN-001,Fleet Management,10,Month,9400.92,0,18,16921.65,94009.19,PO-2023-0037,10,Matched,Matched to purchase order.
1589,INVREC00723-02,INVREC00723,2,PEN-002,Distribution Services,34,Pallet,2559.47,0,18,15663.97,87022.03,PO-2023-0037,34,Matched,Matched to purchase order.
1590,INVREC00724-01,INVREC00724,1,FAS-002,Safety Supplies,45,Unit,1918.91,0,0,0,86350.96,PO-2025-0958,45,Matched,Three-way match completed.
1591,INVREC00724-02,INVREC00724,2,FAS-001,Industrial Fasteners,10,Box,13960.07,0,0,0,139600.71,PO-2025-0958,10,Matched,Goods receipt confirmed.
1592,INVREC00725-01,INVREC00725,1,OFW-CABIN,Filing Cabinet,3,Unit,54880.98,0,18,29635.73,164642.93,PO-2023-0145,3,Matched,Ready for payment.
1593,INVREC00725-02,INVREC00725,2,OFW-DESK,Standing Desk,8,Unit,20024.14,0,18,28834.76,160193.12,PO-2023-0145,8,Matched,Goods receipt confirmed.
1594,INVREC00725-03,INVREC00725,3,OFW-CHAIR,Ergonomic Office Chair,6,Unit,27069.67,0,18,29235.25,162418.03,PO-2023-0145,6,Matched,Matched to purchase order.
1595,INVREC00726-01,INVREC00726,1,BCG-002,Operations Improvement,1,Project,64026.9,0,10,6402.69,64026.9,PO-2023-0932,1,Matched,Ready for payment.
1596,INVREC00726-02,INVREC00726,2,BCG-001,Management Consulting,19,Hour,3627.08,0,10,6891.44,68914.44,PO-2023-0932,19,Matched,Validated automatically.
1597,INVREC00727-01,INVREC00727,1,BOS-002,Linear Motion,5,Unit,13091.96,0,0,0,65459.8,PO-2026-0253,4,Awaiting Approval,Pending goods receipt confirmation.
1598,INVREC00727-02,INVREC00727,2,BOS-001,Hydraulic Systems,2,Unit,30531.62,0,0,0,61063.24,PO-2026-0253,1,Awaiting Approval,Pending goods receipt confirmation.
1599,INVREC00728-01,INVREC00728,1,JCI-001,HVAC System,5,Unit,24896.31,0,18,22406.68,124481.57,PO-2023-0177,4,Awaiting Approval,Pending goods receipt confirmation.
1600,INVREC00728-02,INVREC00728,2,JCI-002,Building Automation,1,System,210985.7,0,18,37977.43,210985.7,PO-2023-0177,1,Awaiting Approval,Pending goods receipt confirmation.
1601,INVREC00729-01,INVREC00729,1,CIS-002,Switch,15,Unit,4715.02,0,18,12730.55,70725.26,PO-2024-0291,15,Matched,Validated automatically.
1602,INVREC00729-02,INVREC00729,2,CIS-001,Network Router,3,Unit,10498.28,0,18,5669.07,31494.84,PO-2024-0291,3,Matched,Successfully matched against PO.
1603,INVREC00729-03,INVREC00729,3,CIS-003,Firewall,1,Unit,81223.55,0,18,14620.24,81223.55,PO-2024-0291,1,Matched,Matched to purchase order.
1604,INVREC00730-01,INVREC00730,1,VGT-001,Server Equipment,2,Unit,89816.87,0,10,17963.37,179633.74,PO-2023-1290,2,Matched,Matched to purchase order.
1605,INVREC00730-02,INVREC00730,2,VGT-003,Storage Array,2,Unit,92957.33,0,10,18591.47,185914.65,PO-2023-1290,2,Matched,Three-way match completed.
1606,INVREC00730-03,INVREC00730,3,VGT-002,Network Switch,1,Unit,111800.02,0,10,11180,111800.02,PO-2023-1290,1,Matched,Successfully matched against PO.
1607,INVREC00731-01,INVREC00731,1,SPG-001,Market Data Subscription,10,Month,1874.23,0,0,0,18742.26,PO-2025-1435,10,Matched,Ready for payment.
1608,INVREC00731-02,INVREC00731,2,SPG-002,Ratings Services,1,Project,23794.53,0,0,0,23794.53,PO-2025-1435,1,Matched,Successfully matched against PO.
1609,INVREC00732-01,INVREC00732,1,ALP-002,Spare Parts,3,Box,61256.12,0,10,18376.84,183768.36,PO-2024-1268,3,Matched,Goods receipt confirmed.
1610,INVREC00732-02,INVREC00732,2,ALP-001,Heavy Machinery,1,Unit,160555.51,0,10,16055.55,160555.51,PO-2024-1268,1,Matched,Successfully matched against PO.
1611,INVREC00733-01,INVREC00733,1,ABCD-200,Industrial Fasteners,155,Box,311.83,0,5,2416.68,48333.63,PO-2023-0805,155,Matched,Successfully matched against PO.
1612,INVREC00733-02,INVREC00733,2,ABCD-100,Steel Coils,1,Ton,92500.58,0,5,4625.03,92500.58,PO-2023-0805,1,Matched,Successfully matched against PO.
1613,INVREC00733-03,INVREC00733,3,ABCD-300,Packaging Film,71,Roll,610.33,0,5,2166.68,43333.6,PO-2023-0805,71,Matched,Successfully matched against PO.
1614,INVREC00734-01,INVREC00734,1,MCM-002,Hardware,13,Each,12977.31,13496.4,5,7760.43,168704.99,PO-2024-0677,13,Matched,Ready for payment.
1615,INVREC00734-02,INVREC00734,2,MCM-001,Fasteners,100,Box,715.31,0,5,4251.37,71530.92,PO-2024-0677,100,Matched,Ready for payment.
1616,INVREC00735-01,INVREC00735,1,LNV-002,Desktop,9,Unit,17278.45,0,10,15550.61,155506.06,PO-2025-1208,9,Matched,Matched to purchase order.
1617,INVREC00735-02,INVREC00735,2,LNV-001,ThinkPad Laptop,11,Unit,15850.48,0,10,17435.53,174355.27,PO-2025-1208,11,Matched,Ready for payment.
1618,INVREC00736-01,INVREC00736,1,ABB-001,Power Automation,2,Unit,19091.42,0,0,0,38182.84,PO-2023-0402,2,Matched,Ready for payment.
1619,INVREC00736-02,INVREC00736,2,ABB-002,Drives & Motors,10,Unit,3541.15,0,0,0,35411.5,PO-2023-0402,10,Matched,Goods receipt confirmed.
1620,INVREC00737-01,INVREC00737,1,CHR-002,Warehousing,65,Pallet,2981.04,0,18,34878.19,193767.71,PO-2026-0237,65,Matched,Three-way match completed.
1621,INVREC00737-02,INVREC00737,2,CHR-001,Freight Brokerage,7,Shipment,27059.05,0,18,34094.41,189413.37,PO-2026-0237,7,Matched,Matched to purchase order.
1622,INVREC00738-01,INVREC00738,1,PEN-001,Fleet Management,9,Month,4261.08,0,18,6902.94,38349.68,PO-2024-1000,9,Matched,Successfully matched against PO.
1623,INVREC00738-02,INVREC00738,2,PEN-002,Distribution Services,74,Pallet,784,0,18,10442.91,58016.19,PO-2024-1000,74,Matched,Ready for payment.
1624,INVREC00739-01,INVREC00739,1,MOD-001,Office Desk,8,Unit,25455.81,0,0,0,203646.45,PO-2023-0713,8,Matched,Successfully matched against PO.
1625,INVREC00739-02,INVREC00739,2,MOD-002,Office Chair,7,Unit,27880.17,0,0,0,195161.18,PO-2023-0713,7,Matched,Validated automatically.
1626,INVREC00740-01,INVREC00740,1,TMO-001,Mobile Plans,45,Line,2819.8,0,0,0,126890.89,PO-2024-0978,45,Matched,Matched to purchase order.
1627,INVREC00740-02,INVREC00740,2,TMO-002,IoT Services,231,Device,368.72,0,0,0,85173.33,PO-2024-0978,231,Matched,Matched to purchase order.
1628,INVREC00741-01,INVREC00741,1,ABCD-100,Steel Coils,9,Ton,18762.24,0,5,8443.01,168860.13,PO-2025-1011,9,Matched,Successfully matched against PO.
1629,INVREC00741-02,INVREC00741,2,ABCD-300,Packaging Film,41,Roll,2153.73,0,5,4415.15,88303.01,PO-2025-1011,41,Matched,Ready for payment.
1630,INVREC00741-03,INVREC00741,3,ABCD-200,Industrial Fasteners,67,Box,2474.06,0,5,8288.09,165761.79,PO-2025-1011,67,Matched,Successfully matched against PO.
1631,INVREC00742-01,INVREC00742,1,REG-002,Power Transmission,6,Unit,29582.38,3549.89,0,0,177494.3,PO-2026-0682,6,Matched,Matched to purchase order.
1632,INVREC00742-02,INVREC00742,2,REG-001,Motion Control,2,Unit,94056.81,0,0,0,188113.61,PO-2026-0682,2,Matched,Validated automatically.
1633,INVREC00743-01,INVREC00743,1,EMR-002,Valves & Actuators,8,Unit,4926.46,3547.05,5,1793.23,39411.71,PO-2024-1244,8,Matched,Matched to purchase order.
1634,INVREC00743-02,INVREC00743,2,EMR-001,Process Control,3,Unit,34611.57,0,5,5369.09,103834.7,PO-2024-1244,3,Matched,Ready for payment.
1635,INVREC00744-01,INVREC00744,1,MOD-002,Office Chair,13,Unit,20094.03,0,20,52244.48,261222.39,PO-2023-0644,13,Matched,Ready for payment.
1636,INVREC00744-02,INVREC00744,2,MOD-001,Office Desk,10,Unit,17136.19,0,20,34272.38,171361.89,PO-2023-0644,10,Matched,Goods receipt confirmed.
1637,INVREC00745-01,INVREC00745,1,JLL-001,Property Management,11,Month,7420.95,2448.91,5,3959.08,81630.41,PO-2024-1262,11,Matched,Matched to purchase order.
1638,INVREC00745-02,INVREC00745,2,JLL-002,Leasing Services,1,Project,141492.71,0,5,7197.08,141492.71,PO-2024-1262,1,Matched,Three-way match completed.
1639,INVREC00746-01,INVREC00746,1,ACC-002,Systems Integration,1,Project,61048.04,0,18,10988.65,61048.04,PO-2024-0091,1,Vendor Mismatch,Vendor does not match purchase order.
1640,INVREC00746-02,INVREC00746,2,ACC-001,Technology Consulting,34,Hour,2067.58,0,18,12653.6,70297.75,PO-2024-0091,24,Quantity Mismatch,Quantity exceeds PO by 37%.
1641,INVREC00747-01,INVREC00747,1,VER-001,Mobile Services,86,Line,1549.85,0,5,6664.37,133287.33,PO-2024-1379,86,Matched,Ready for payment.
1642,INVREC00747-02,INVREC00747,2,VER-002,Data Services,4,Month,25968.05,0,5,5193.61,103872.2,PO-2024-1379,4,Matched,Matched to purchase order.
1643,INVREC00748-01,INVREC00748,1,SNA-001,Hand Tools,12,Unit,11772.9,0,5,7063.74,141274.78,PO-2025-1494,12,Matched,Ready for payment.
1644,INVREC00748-02,INVREC00748,2,SNA-002,Diagnostic Equipment,2,Unit,59659.96,0,5,5966,119319.92,PO-2025-1494,2,Matched,Validated automatically.
1645,INVREC00749-01,INVREC00749,1,FED-002,International Freight,4,Shipment,11576.22,0,18,8334.88,46304.89,PO-2024-1310,4,Matched,Goods receipt confirmed.
1646,INVREC00749-02,INVREC00749,2,FED-001,Express Shipping,9,Shipment,3134.3,0,18,5077.57,28208.72,PO-2024-1310,9,Matched,Matched to purchase order.
1647,INVREC00750-01,INVREC00750,1,TIM-001,Bearings,38,Unit,3861.27,0,20,29345.65,146728.26,PO-2026-0507,38,Matched,Three-way match completed.
1648,INVREC00750-02,INVREC00750,2,TIM-002,Lubrication Systems,6,Unit,16399.04,0,20,19678.85,98394.24,PO-2026-0507,6,Matched,Validated automatically.
1649,INVREC00751-01,INVREC00751,1,ADT-002,Alarm Systems,5,Unit,58895.9,0,5,14723.98,294479.51,PO-2025-0021,5,Matched,Matched to purchase order.
1650,INVREC00751-02,INVREC00751,2,ADT-001,Security Monitoring,10,Month,19509.27,0,5,9754.63,195092.67,PO-2025-0021,10,Matched,Successfully matched against PO.
1651,INVREC00752-01,INVREC00752,1,SIE-002,Electrical Equipment,8,Unit,15288.55,0,5,6115.42,122308.41,PO-2023-0108,8,Matched,Ready for payment.
1652,INVREC00752-02,INVREC00752,2,SIE-001,Industrial Automation,1,Unit,277973.67,0,5,13898.68,277973.67,PO-2023-0108,1,Matched,Matched to purchase order.
1653,INVREC00753-01,INVREC00753,1,WWG-001,MRO Supplies,24,Box,7074.8,13583.61,20,31242.31,169795.14,PO-2026-0924,24,Matched,Validated automatically.
1654,INVREC00753-02,INVREC00753,2,WWG-002,HVAC Parts,11,Unit,15847.55,0,20,37581.32,174323.01,PO-2026-0924,11,Matched,Successfully matched against PO.
1655,INVREC00754-01,INVREC00754,1,ATL-001,Air Cargo Charter,2,Flight,226235.25,0,0,0,452470.5,PO-2025-0121,2,Matched,Goods receipt confirmed.
1656,INVREC00755-01,INVREC00755,1,PWC-001,Assurance Services,1,Project,281695.79,0,5,14084.79,281695.79,PO-2023-1334,1,Matched,Matched to purchase order.
1657,INVREC00755-02,INVREC00755,2,PWC-002,Advisory Services,24,Hour,7790.26,0,5,9348.31,186966.23,PO-2023-1334,24,Matched,Successfully matched against PO.
1658,INVREC00756-01,INVREC00756,1,OFW-CHAIR,Ergonomic Office Chair,6,Unit,25301.3,0,18,27325.4,151807.8,PO-2023-0145,6,Matched,Three-way match completed.
1659,INVREC00756-02,INVREC00756,2,OFW-CABIN,Filing Cabinet,6,Unit,29586.2,0,18,31953.09,177517.19,PO-2023-0145,6,Matched,Matched to purchase order.
1660,INVREC00756-03,INVREC00756,3,OFW-BOOK,Bookshelf,1,Unit,62437.08,0,18,11238.67,62437.08,PO-2023-0145,1,Matched,Ready for payment.
1661,INVREC00756-04,INVREC00756,4,OFW-DESK,Standing Desk,1,Unit,95492.01,0,18,17188.56,95492.01,PO-2023-0145,1,Matched,Successfully matched against PO.
1662,INVREC00757-01,INVREC00757,1,EXP-001,Customs Clearance,4,Shipment,51003.21,0,10,20401.28,204012.83,PO-2026-0300,3,Awaiting Approval,Pending goods receipt confirmation.
1663,INVREC00757-02,INVREC00757,2,EXP-002,International Logistics,3,Shipment,34946.64,0,10,10483.99,104839.92,PO-2026-0300,2,Awaiting Approval,Pending goods receipt confirmation.
1664,INVREC00758-01,INVREC00758,1,REP-001,Trash Removal,1,Month,180078.62,0,10,18007.86,180078.62,PO-2023-0600,1,Matched,Goods receipt confirmed.
1665,INVREC00758-02,INVREC00758,2,REP-002,Dumpster Rental,1,Month,123988.56,0,10,12398.86,123988.56,PO-2023-0600,1,Matched,Ready for payment.
1666,INVREC00759-01,INVREC00759,1,WMI-002,Recycling Services,4,Month,13350.31,0,0,0,53401.25,PO-2025-0732,4,Matched,Goods receipt confirmed.
1667,INVREC00759-02,INVREC00759,2,WMI-001,Waste Collection,1,Month,47467.77,2373.39,0,0,47467.77,PO-2025-0732,1,Matched,Validated automatically.
1668,INVREC00760-01,INVREC00760,1,FED-002,International Freight,1,Shipment,16462.62,0,10,1646.26,16462.62,PO-2024-0726,1,Awaiting Approval,Pending goods receipt confirmation.
1669,INVREC00760-02,INVREC00760,2,FED-001,Express Shipping,2,Shipment,7213.96,0,10,1442.79,14427.92,PO-2024-0726,2,Awaiting Approval,Pending goods receipt confirmation.
1670,INVREC00761-01,INVREC00761,1,ORC-002,Cloud Services,7,Month,8557.25,0,18,10782.14,59900.77,PO-2023-0157,7,Matched,Ready for payment.
1671,INVREC00761-02,INVREC00761,2,ORC-001,Database License,8,Processor,12037.02,0,18,17333.31,96296.17,PO-2023-0157,8,Matched,Successfully matched against PO.
1672,INVREC00762-01,INVREC00762,1,SKF-002,Seals,13,Box,2098.94,0,5,1364.31,27286.19,PO-2025-0625,13,Matched,Three-way match completed.
1673,INVREC00762-02,INVREC00762,2,SKF-001,Industrial Bearings,46,Unit,638.04,0,5,1467.49,29349.85,PO-2025-0625,46,Matched,Goods receipt confirmed.
1674,INVREC00763-01,INVREC00763,1,SAP-001,ERP License,16,User,6318.79,0,0,0,101100.59,PO-2026-0703,16,Matched,Validated automatically.
1675,INVREC00763-02,INVREC00763,2,SAP-002,Implementation Services,16,Hour,6376.23,7141.38,0,0,102019.69,PO-2026-0703,16,Matched,Goods receipt confirmed.
1676,INVREC00764-01,INVREC00764,1,NH-002,Market Analysis,2,Project,120986.02,0,20,48394.41,241972.04,PO-2023-1281,2,Matched,Matched to purchase order.
1677,INVREC00764-02,INVREC00764,2,NH-001,Strategic Consulting,26,Hour,9384.17,21958.96,20,48797.69,243988.47,PO-2023-1281,26,Matched,Validated automatically.
1678,INVREC00765-01,INVREC00765,1,GS-001,Bulk Materials,2,Ton,48682.8,0,0,0,97365.6,PO-2025-0792,2,Matched,Validated automatically.
1679,INVREC00765-02,INVREC00765,2,GS-002,Logistics Services,4,Shipment,38830.33,0,0,0,155321.32,PO-2025-0792,4,Matched,Matched to purchase order.
1680,INVREC00766-01,INVREC00766,1,SEC-001,Security Guard Services,42,Hour,577.77,0,20,4853.3,24266.49,PO-2023-0233,42,Matched,Successfully matched against PO.
1681,INVREC00766-02,INVREC00766,2,SEC-002,Access Control Systems,9,Unit,2633.57,0,20,4740.43,23702.16,PO-2023-0233,9,Matched,Ready for payment.
1682,INVREC00767-01,INVREC00767,1,CIS-003,Firewall,3,Unit,12220.61,0,10,3666.18,36661.83,PO-2024-1459,3,Matched,Three-way match completed.
1683,INVREC00767-02,INVREC00767,2,CIS-001,Network Router,3,Unit,8641.72,0,10,2592.52,25925.15,PO-2024-1459,3,Matched,Matched to purchase order.
1684,INVREC00767-03,INVREC00767,3,CIS-002,Switch,13,Unit,3021.58,2356.83,10,3928.05,39280.54,PO-2024-1459,13,Matched,Successfully matched against PO.
1685,INVREC00768-01,INVREC00768,1,STP-FOLD,Manila Folders,11,Box,4451.93,0,18,8814.81,48971.19,PO-2024-1134,10,Awaiting Approval,Pending goods receipt confirmation.
1686,INVREC00768-02,INVREC00768,2,STP-PAPER,A4 Printer Paper,138,Ream,373.83,0,18,9285.83,51587.96,PO-2024-1134,126,Awaiting Approval,Pending goods receipt confirmation.
1687,INVREC00768-03,INVREC00768,3,STP-PENS,Ballpoint Pens (Box),9,Box,3156.75,0,18,5113.94,28410.77,PO-2024-1134,7,Awaiting Approval,Pending goods receipt confirmation.
1688,INVREC00768-04,INVREC00768,4,STP-INK,Ink Cartridge,4,Each,11588.6,0,18,8343.79,46354.41,PO-2024-1134,3,Awaiting Approval,Pending goods receipt confirmation.
1689,INVREC00769-01,INVREC00769,1,CIN-002,Floor Mats,25,Month,1406.75,0,5,1758.44,35168.78,PO-2024-0134,25,Matched,Ready for payment.
1690,INVREC00769-02,INVREC00769,2,CIN-001,Uniforms Rental,56,Month,931.89,0,5,2609.3,52185.92,PO-2024-0134,56,Matched,Ready for payment.
1691,INVREC00770-01,INVREC00770,1,EMR-002,Valves & Actuators,4,Unit,21229.04,0,20,16983.23,84916.15,PO-2024-0424,4,Matched,Successfully matched against PO.
1692,INVREC00770-02,INVREC00770,2,EMR-001,Process Control,5,Unit,28934.39,0,20,28934.39,144671.97,PO-2024-0424,5,Matched,Goods receipt confirmed.
1693,INVREC00771-01,INVREC00771,1,ECO-002,Sanitation Services,11,Month,11537.25,0,0,0,126909.79,PO-2025-0973,11,Matched,Validated automatically.
1694,INVREC00771-02,INVREC00771,2,ECO-001,Cleaning Chemicals,4,Case,48301.49,0,0,0,193205.95,PO-2025-0973,4,Matched,Ready for payment.
1695,INVREC00772-01,INVREC00772,1,DEL-002,Tax Consulting,22,Hour,2572.26,0,5,2829.49,56589.71,PO-2026-0203,22,Matched,Matched to purchase order.
1696,INVREC00772-02,INVREC00772,2,DEL-001,Audit Services,1,Project,26183.3,0,5,1309.17,26183.3,PO-2026-0203,1,Matched,Goods receipt confirmed.
1697,INVREC00773-01,INVREC00773,1,SPG-001,Market Data Subscription,5,Month,56336.23,0,10,28168.11,281681.14,PO-2026-0209,5,Matched,Three-way match completed.
1698,INVREC00773-02,INVREC00773,2,SPG-002,Ratings Services,1,Project,213272.86,0,10,21327.29,213272.86,PO-2026-0209,1,Matched,Three-way match completed.
1699,INVREC00774-01,INVREC00774,1,GE-001,Power Generation,2,Unit,121573.44,0,5,12157.34,243146.87,PO-2024-0834,2,Matched,Successfully matched against PO.
1700,INVREC00774-02,INVREC00774,2,GE-002,Medical Equipment,3,Unit,46736.26,0,5,7010.44,140208.78,PO-2024-0834,3,Matched,Goods receipt confirmed.
1701,INVREC00775-01,INVREC00775,1,EMR-002,Valves & Actuators,16,Unit,10362.46,0,5,8289.97,165799.39,PO-2023-0850,16,Matched,Successfully matched against PO.
1702,INVREC00775-02,INVREC00775,2,EMR-001,Process Control,2,Unit,143480.24,0,5,14348.02,286960.48,PO-2023-0850,2,Matched,Ready for payment.
1703,INVREC00776-01,INVREC00776,1,CHR-001,Freight Brokerage,8,Shipment,23182.36,0,5,9272.94,185458.86,PO-2024-0286,8,Matched,Matched to purchase order.
1704,INVREC00776-02,INVREC00776,2,CHR-002,Warehousing,12,Pallet,21229.27,0,5,12737.56,254751.19,PO-2024-0286,12,Matched,Three-way match completed.
1705,INVREC00777-01,INVREC00777,1,SEC-002,Access Control Systems,4,Unit,21091.84,0,18,15186.12,84367.35,PO-2025-0290,4,Matched,Matched to purchase order.
1706,INVREC00777-02,INVREC00777,2,SEC-001,Security Guard Services,147,Hour,434.32,0,18,11492.2,63845.56,PO-2025-0290,147,Matched,Goods receipt confirmed.
1707,INVREC00778-01,INVREC00778,1,SEC-001,Security Guard Services,138,Hour,564.41,0,10,7788.8,77888.03,PO-2023-0721,138,Matched,Successfully matched against PO.
1708,INVREC00778-02,INVREC00778,2,SEC-002,Access Control Systems,6,Unit,33202.27,0,10,19921.36,199213.62,PO-2023-0721,6,Matched,Three-way match completed.
1709,INVREC00779-01,INVREC00779,1,PEN-001,Fleet Management,2,Month,91038.61,0,20,36415.44,182077.22,PO-2024-0076,2,Matched,Matched to purchase order.
1710,INVREC00779-02,INVREC00779,2,PEN-002,Distribution Services,30,Pallet,5370.62,0,20,32223.74,161118.69,PO-2024-0076,30,Matched,Ready for payment.
1711,INVREC00780-01,INVREC00780,1,KUN-002,Air Freight,1,Shipment,126393.61,0,18,22750.85,126393.61,PO-2023-1116,1,Matched,Successfully matched against PO.
1712,INVREC00780-02,INVREC00780,2,KUN-001,Supply Chain Management,6,Month,33952.79,0,18,36669.02,203716.75,PO-2023-1116,6,Matched,Ready for payment.
1713,INVREC00781-01,INVREC00781,1,CUM-001,Engine Parts,2,Unit,137305.81,27461.16,20,49430.09,274611.61,PO-2025-1056,2,Matched,Successfully matched against PO.
1714,INVREC00781-02,INVREC00781,2,CUM-002,Generators,2,Unit,80095.05,0,20,37530.25,160190.11,PO-2025-1056,2,Matched,Goods receipt confirmed.
1715,INVREC00782-01,INVREC00782,1,WWG-002,HVAC Parts,9,Unit,1789.7,0,10,1610.73,16107.27,PO-2024-0110,6,Awaiting Approval,Pending goods receipt confirmation.
1716,INVREC00782-02,INVREC00782,2,WWG-001,MRO Supplies,29,Box,353.06,0,10,1023.87,10238.73,PO-2024-0110,27,Awaiting Approval,Pending goods receipt confirmation.
1717,INVREC00783-01,INVREC00783,1,MCM-001,Fasteners,67,Box,1826.38,0,5,6118.37,122367.35,PO-2024-0677,67,Matched,Ready for payment.
1718,INVREC00783-02,INVREC00783,2,MCM-002,Hardware,47,Each,2507.84,0,5,5893.43,117868.56,PO-2024-0677,47,Matched,Goods receipt confirmed.
1719,INVREC00784-01,INVREC00784,1,MOD-002,Office Chair,5,Unit,38037.42,0,20,38037.42,190187.12,PO-2026-1189,5,Matched,Matched to purchase order.
1720,INVREC00784-02,INVREC00784,2,MOD-001,Office Desk,3,Unit,75970.06,0,20,45582.04,227910.19,PO-2026-1189,3,Matched,Ready for payment.
1721,INVREC00785-01,INVREC00785,1,QL-002,Courier Services,11,Package,3025.49,1664.02,10,3161.64,33280.38,PO-2025-1205,11,Matched,Matched to purchase order.
1722,INVREC00785-02,INVREC00785,2,QL-001,Domestic Freight,14,Pallet,1558.8,0,10,2348.72,21823.2,PO-2025-1205,14,Matched,Successfully matched against PO.
1723,INVREC00786-01,INVREC00786,1,VER-001,Mobile Services,98,Line,751.27,0,20,14724.83,73624.13,PO-2023-1078,98,Matched,Validated automatically.
1724,INVREC00786-02,INVREC00786,2,VER-002,Data Services,1,Month,75528.21,0,20,15105.64,75528.21,PO-2023-1078,1,Matched,Successfully matched against PO.
1725,INVREC00787-01,INVREC00787,1,GOO-002,Retread Services,20,Unit,9677.58,0,5,9677.58,193551.52,PO-2023-0396,20,Matched,Three-way match completed.
1726,INVREC00787-02,INVREC00787,2,GOO-001,Commercial Tires,37,Unit,2508.07,0,5,4639.93,92798.67,PO-2023-0396,37,Matched,Goods receipt confirmed.
1727,INVREC00788-01,INVREC00788,1,ALP-001,Heavy Machinery,2,Unit,132453.36,0,20,52981.34,264906.72,PO-2025-1350,2,Matched,Validated automatically.
1728,INVREC00788-02,INVREC00788,2,ALP-002,Spare Parts,10,Box,16970.59,0,20,33941.17,169705.87,PO-2025-1350,10,Matched,Validated automatically.
1729,INVREC00789-01,INVREC00789,1,EY-002,Risk Consulting,10,Hour,16772.19,0,5,8386.1,167721.93,PO-2025-0462,10,Matched,Validated automatically.
1730,INVREC00789-02,INVREC00789,2,EY-001,Financial Audit,1,Project,322202.66,0,5,16110.13,322202.66,PO-2025-0462,1,Matched,Goods receipt confirmed.
1731,INVREC00790-01,INVREC00790,1,ECO-001,Cleaning Chemicals,15,Case,8515.85,0,20,25547.56,127737.79,PO-2024-0872,15,Matched,Validated automatically.
1732,INVREC00790-02,INVREC00790,2,ECO-002,Sanitation Services,2,Month,78435.49,0,20,31374.2,156870.98,PO-2024-0872,2,Matched,Validated automatically.
1733,INVREC00791-01,INVREC00791,1,ELT-001,Janitorial Services,14,Visit,12356.57,0,5,8649.6,172992.01,PO-2026-1091,14,Matched,Three-way match completed.
1734,INVREC00791-02,INVREC00791,2,ELT-002,Facility Maintenance,12,Hour,14416,8649.6,5,8649.6,172992.02,PO-2026-1091,12,Matched,Goods receipt confirmed.
1735,INVREC00792-01,INVREC00792,1,GEN-002,Miscellaneous Supplies,84,Each,2490.15,0,18,37651.11,209172.84,PO-2025-0877,84,Matched,Goods receipt confirmed.
1736,INVREC00792-02,INVREC00792,2,GEN-001,General Services,48,Hour,5541.94,0,18,47882.39,266013.29,PO-2025-0877,48,Matched,Successfully matched against PO.
1737,INVREC00793-01,INVREC00793,1,SUM-002,Implementation Service,37,Hour,4997.89,12944.53,10,17197.73,184921.82,PO-2023-0196,37,Matched,Goods receipt confirmed.
1738,INVREC00793-02,INVREC00793,2,SUM-001,Software License,29,User,9064.79,5257.58,10,27582.36,262879.05,PO-2023-0196,29,Matched,Ready for payment.
1739,INVREC00794-01,INVREC00794,1,NH-001,Strategic Consulting,20,Hour,2400.67,0,20,9602.68,48013.42,PO-2023-0270,20,Matched,Matched to purchase order.
1740,INVREC00794-02,INVREC00794,2,NH-002,Market Analysis,2,Project,18085.06,0,20,7234.02,36170.11,PO-2023-0270,2,Matched,Matched to purchase order.
1741,INVREC00795-01,INVREC00795,1,MAE-001,Container Shipping,5,Container,51086.07,0,20,51086.07,255430.36,PO-2024-0063,5,Matched,Three-way match completed.
1742,INVREC00795-02,INVREC00795,2,MAE-002,Freight Forwarding,1,Shipment,174157.06,0,20,34831.41,174157.06,PO-2024-0063,1,Matched,Matched to purchase order.
1743,INVREC00796-01,INVREC00796,1,SOD-002,Catering,2,Event,9658.16,0,5,965.82,19316.32,PO-2023-0985,2,Matched,Three-way match completed.
1744,INVREC00796-02,INVREC00796,2,SOD-001,Facility Management,6,Month,5002.43,0,5,1500.73,30014.59,PO-2023-0985,6,Matched,Goods receipt confirmed.
1745,INVREC00797-01,INVREC00797,1,VER-001,Mobile Services,99,Line,1130.3,0,5,5594.96,111899.21,PO-2024-1379,99,Matched,Matched to purchase order.
1746,INVREC00797-02,INVREC00797,2,VER-002,Data Services,1,Month,125260.32,0,5,6263.02,125260.32,PO-2024-1379,1,Matched,Goods receipt confirmed.
1747,INVREC00798-01,INVREC00798,1,BBY-001,Television,3,Unit,2289.46,0,10,686.84,6868.39,PO-2026-1105,3,Matched,Ready for payment.
1748,INVREC00798-02,INVREC00798,2,BBY-002,Audio System,7,Unit,1032.46,0,10,722.72,7227.19,PO-2026-1105,7,Matched,Ready for payment.
1749,INVREC00799-01,INVREC00799,1,AMZ-STAND,Laptop Stand,10,Each,8038.5,0,20,16076.99,80384.96,PO-2026-1162,7,Awaiting Approval,Pending goods receipt confirmation.
1750,INVREC00799-02,INVREC00799,2,AMZ-HDMI,HDMI Cable,2,Each,28779.8,0,20,11511.92,57559.6,PO-2026-1162,2,Awaiting Approval,Pending goods receipt confirmation.
1751,INVREC00799-03,INVREC00799,3,AMZ-ADAPT,Ethernet Adapter,29,Each,2224.36,0,20,12901.29,64506.45,PO-2026-1162,24,Awaiting Approval,Pending goods receipt confirmation.
1752,INVREC00799-04,INVREC00799,4,AMZ-USBH,USB Hub,19,Each,6685.69,6351.41,20,25405.62,127028.1,PO-2026-1162,17,Awaiting Approval,Pending goods receipt confirmation.
1753,INVREC00800-01,INVREC00800,1,SKF-002,Seals,7,Box,7161.9,0,20,10026.66,50133.31,PO-2024-0599,6,Awaiting Approval,Pending goods receipt confirmation.
1754,INVREC00800-02,INVREC00800,2,SKF-001,Industrial Bearings,16,Unit,2532.42,0,20,8103.74,40518.7,PO-2024-0599,11,Awaiting Approval,Pending goods receipt confirmation.
1755,INVREC00801-01,INVREC00801,1,CBRE-002,Property Valuation,2,Project,51825.14,0,5,5182.51,103650.27,PO-2025-1419,2,Matched,Goods receipt confirmed.
1756,INVREC00801-02,INVREC00801,2,CBRE-001,Commercial Real Estate,1,Project,55811.69,0,5,2790.58,55811.69,PO-2025-1419,1,Matched,Ready for payment.
1757,INVREC00802-01,INVREC00802,1,ZF-002,Industrial Drives,2,Unit,148163.96,0,0,0,296327.92,PO-2026-0017,2,Matched,Goods receipt confirmed.
1758,INVREC00802-02,INVREC00802,2,ZF-001,Automotive Components,2,Unit,71338.2,0,0,0,142676.4,PO-2026-0017,2,Matched,Goods receipt confirmed.
1759,INVREC00803-01,INVREC00803,1,JLL-002,Leasing Services,1,Project,6870.47,0,5,343.52,6870.47,PO-2025-0048,1,Matched,Matched to purchase order.
1760,INVREC00803-02,INVREC00803,2,JLL-001,Property Management,2,Month,2690.93,0,5,269.09,5381.86,PO-2025-0048,2,Matched,Ready for payment.
1761,INVREC00804-01,INVREC00804,1,DELL-MON,"24"" Monitor",11,Unit,19636.59,6480.07,18,37714.03,216002.45,PO-2025-0229,11,Matched,Validated automatically.
1762,INVREC00804-02,INVREC00804,2,DELL-LAT,Latitude Laptop,1,Unit,183687.12,0,18,34230.09,183687.12,PO-2025-0229,1,Matched,Ready for payment.
1763,INVREC00805-01,INVREC00805,1,GRA-001,Industrial Supplies,9,Box,11521.28,0,10,10369.15,103691.53,PO-2023-1167,9,Matched,Validated automatically.
1764,INVREC00805-02,INVREC00805,2,GRA-002,Safety Equipment,42,Unit,2598.79,0,10,10914.9,109148.97,PO-2023-1167,42,Matched,Goods receipt confirmed.
1765,INVREC00806-01,INVREC00806,1,GEN-001,General Services,41,Hour,2031.13,0,5,4163.81,83276.25,PO-2024-1451,41,Matched,Ready for payment.
1766,INVREC00806-02,INVREC00806,2,GEN-002,Miscellaneous Supplies,15,Each,7137.96,0,5,5353.47,107069.46,PO-2024-1451,15,Matched,Successfully matched against PO.
1767,INVREC00807-01,INVREC00807,1,VMW-002,Support Services,2,Year,31064.8,4970.37,10,5715.92,62129.59,PO-2025-0105,2,Awaiting Approval,Pending goods receipt confirmation.
1768,INVREC00807-02,INVREC00807,2,VMW-001,vSphere License,13,CPU,2037.64,0,10,3145.98,26489.36,PO-2025-0105,9,Awaiting Approval,Pending goods receipt confirmation.
1769,INVREC00808-01,INVREC00808,1,SNA-002,Diagnostic Equipment,5,Unit,39955.97,0,20,39955.97,199779.87,PO-2025-0510,5,Matched,Goods receipt confirmed.
1770,INVREC00808-02,INVREC00808,2,SNA-001,Hand Tools,19,Unit,9422.29,0,20,35804.7,179023.52,PO-2025-0510,19,Matched,Matched to purchase order.
1771,INVREC00809-01,INVREC00809,1,KUN-001,Supply Chain Management,3,Month,89176.29,0,5,13376.44,267528.88,PO-2026-0112,3,Matched,Successfully matched against PO.
1772,INVREC00809-02,INVREC00809,2,KUN-002,Air Freight,5,Shipment,44504.81,0,5,11126.2,222524.03,PO-2026-0112,5,Matched,Validated automatically.
1773,INVREC00810-01,INVREC00810,1,AMZ-USBH,USB Hub,16,Each,957.19,0,5,765.75,15315.09,PO-2025-0823,16,Matched,Three-way match completed.
1774,INVREC00810-02,INVREC00810,2,AMZ-ADAPT,Ethernet Adapter,21,Each,829.5,0,5,870.97,17419.46,PO-2025-0823,21,Matched,Three-way match completed.
1775,INVREC00810-03,INVREC00810,3,AMZ-HDMI,HDMI Cable,20,Each,870.97,0,5,870.97,17419.45,PO-2025-0823,20,Matched,Ready for payment.
1776,INVREC00811-01,INVREC00811,1,ABCD-300,Packaging Film,30,Roll,2838.43,0,20,17030.56,85152.82,PO-2026-0697,30,Matched,Matched to purchase order.
1777,INVREC00811-02,INVREC00811,2,ABCD-200,Industrial Fasteners,32,Box,2605,0,20,16672.02,83360.12,PO-2026-0697,32,Matched,Goods receipt confirmed.
1778,INVREC00812-01,INVREC00812,1,TYC-001,Fire Protection Systems,3,Unit,8472.86,0,0,0,25418.58,PO-2024-0088,3,Awaiting Approval,Pending goods receipt confirmation.
1779,INVREC00812-02,INVREC00812,2,TYC-002,Building Safety,1,System,19063.94,0,0,0,19063.94,PO-2024-0088,1,Awaiting Approval,Pending goods receipt confirmation.
1780,INVREC00813-01,INVREC00813,1,FED-002,International Freight,1,Shipment,124406.6,0,0,0,124406.6,PO-2025-0204,1,Matched,Three-way match completed.
1781,INVREC00813-02,INVREC00813,2,FED-001,Express Shipping,1,Shipment,174439.69,5233.19,0,0,174439.69,PO-2025-0204,1,Matched,Matched to purchase order.
1782,INVREC00814-01,INVREC00814,1,DHL-FUEL,Fuel Surcharge,1,Percent,113392.13,0,0,0,113392.13,PO-2025-1454,1,Matched,Matched to purchase order.
1783,INVREC00814-02,INVREC00814,2,DHL-EXP,Express Delivery,5,Shipment,21746.44,0,0,0,108732.18,PO-2025-1454,5,Matched,Validated automatically.
1784,INVREC00815-01,INVREC00815,1,CIN-001,Uniforms Rental,88,Month,775.76,0,18,12288.1,68267.21,PO-2023-0423,88,Matched,Three-way match completed.
1785,INVREC00815-02,INVREC00815,2,CIN-002,Floor Mats,43,Month,1292.77,0,18,10006.02,55589.01,PO-2023-0423,43,Matched,Matched to purchase order.
1786,INVREC00816-01,INVREC00816,1,EY-001,Financial Audit,1,Project,296129.3,0,18,53303.27,296129.3,PO-2025-0102,1,Awaiting Approval,Pending goods receipt confirmation.
1787,INVREC00816-02,INVREC00816,2,EY-002,Risk Consulting,8,Hour,16082.88,9006.41,18,23159.36,128663.07,PO-2025-0102,7,Awaiting Approval,Pending goods receipt confirmation.
1788,INVREC00817-01,INVREC00817,1,ARA-001,Food Services,1,Month,41719.96,0,10,4172,41719.96,PO-2025-1135,1,Matched,Matched to purchase order.
1789,INVREC00817-02,INVREC00817,2,ARA-002,Vending Services,6,Month,6624.45,0,10,3974.67,39746.72,PO-2025-1135,6,Matched,Matched to purchase order.
1790,INVREC00818-01,INVREC00818,1,KUN-001,Supply Chain Management,3,Month,72044.34,21613.3,10,19451.97,216133.01,PO-2026-0355,3,Matched,Ready for payment.
1791,INVREC00818-02,INVREC00818,2,KUN-002,Air Freight,3,Shipment,92802.88,0,10,30002.19,278408.63,PO-2026-0355,3,Matched,Successfully matched against PO.
1792,INVREC00819-01,INVREC00819,1,BAI-001,Strategy Services,32,Hour,478.79,0,20,3064.28,15321.41,PO-2024-0052,32,Matched,Ready for payment.
1793,INVREC00819-02,INVREC00819,2,BAI-002,Due Diligence,1,Project,19835.75,0,20,3967.15,19835.75,PO-2024-0052,1,Matched,Goods receipt confirmed.
1794,INVREC00820-01,INVREC00820,1,REG-002,Power Transmission,6,Unit,19936.92,0,18,21531.88,119621.53,PO-2026-0636,6,Matched,Ready for payment.
1795,INVREC00820-02,INVREC00820,2,REG-001,Motion Control,4,Unit,35756.44,0,18,25744.64,143025.75,PO-2026-0636,4,Matched,Validated automatically.
1796,INVREC00821-01,INVREC00821,1,MCD-001,Catering Services,1,Event,202429.66,0,20,40485.93,202429.66,PO-2026-0551,1,Matched,Ready for payment.
1797,INVREC00822-01,INVREC00822,1,ABCD-300,Packaging Film,64,Roll,2045.42,0,0,0,130906.57,PO-2026-0382,64,Matched,Three-way match completed.
1798,INVREC00822-02,INVREC00822,2,ABCD-200,Industrial Fasteners,187,Box,982.74,0,0,0,183772.69,PO-2026-0382,187,Matched,Goods receipt confirmed.
1799,INVREC00822-03,INVREC00822,3,ABCD-100,Steel Coils,4,Ton,32726.64,0,0,0,130906.57,PO-2026-0382,4,Matched,Successfully matched against PO.
1800,INVREC00823-01,INVREC00823,1,PIN-001,Financial Advisory,16,Hour,4342.85,0,10,6948.57,69485.68,PO-2026-0800,16,Matched,Validated automatically.
1801,INVREC00823-02,INVREC00823,2,PIN-002,Investment Services,1,Project,164881.28,0,10,16488.13,164881.28,PO-2026-0800,1,Matched,Goods receipt confirmed.
1802,INVREC00824-01,INVREC00824,1,DEW-001,Construction Tools,4,Unit,52082.92,0,5,10416.58,208331.69,PO-2026-0760,4,Matched,Three-way match completed.
1803,INVREC00824-02,INVREC00824,2,DEW-002,Power Tools,1,Unit,248261.93,14895.72,5,12413.1,248261.93,PO-2026-0760,1,Matched,Validated automatically.
1804,INVREC00825-01,INVREC00825,1,MOO-001,Credit Risk Software,3,User,82987.57,0,10,24896.27,248962.7,PO-2023-0166,3,Matched,Successfully matched against PO.
1805,INVREC00825-02,INVREC00825,2,MOO-002,Financial Data Service,6,Month,37951.63,0,10,22770.98,227709.79,PO-2023-0166,6,Matched,Ready for payment.
1806,INVREC00826-01,INVREC00826,1,TIM-001,Bearings,34,Unit,3736.03,0,20,25405.02,127025.08,PO-2024-0099,29,Awaiting Approval,Pending goods receipt confirmation.
1807,INVREC00826-02,INVREC00826,2,TIM-002,Lubrication Systems,2,Unit,34199.06,0,20,13679.62,68398.12,PO-2024-0099,2,Awaiting Approval,Pending goods receipt confirmation.
1808,INVREC00827-01,INVREC00827,1,HPE-001,Server,4,Unit,56278.29,0,10,22511.32,225113.17,PO-2026-1188,4,Matched,Ready for payment.
1809,INVREC00827-02,INVREC00827,2,HPE-002,Storage Array,4,Unit,43291,0,10,17316.4,173163.98,PO-2026-1188,4,Matched,Ready for payment.
1810,INVREC00828-01,INVREC00828,1,QL-001,Domestic Freight,31,Pallet,1542.78,0,5,2391.3,47826.07,PO-2024-0311,31,Matched,Successfully matched against PO.
1811,INVREC00828-02,INVREC00828,2,QL-002,Courier Services,65,Package,847.91,0,5,2755.69,55113.85,PO-2024-0311,65,Matched,Goods receipt confirmed.
1812,INVREC00829-01,INVREC00829,1,VMW-001,vSphere License,12,CPU,13955.11,0,5,8373.07,167461.37,PO-2025-0061,12,Matched,Goods receipt confirmed.
1813,INVREC00829-02,INVREC00829,2,VMW-002,Support Services,2,Year,159749.34,15974.93,5,15974.93,319498.67,PO-2025-0061,2,Matched,Matched to purchase order.
1814,INVREC00830-01,INVREC00830,1,EMR-002,Valves & Actuators,14,Unit,10791.23,0,5,7553.86,151077.18,PO-2024-1257,14,Matched,Goods receipt confirmed.
1815,INVREC00830-02,INVREC00830,2,EMR-001,Process Control,2,Unit,158203.46,0,5,15820.35,316406.92,PO-2024-1257,2,Matched,Validated automatically.
1816,INVREC00831-01,INVREC00831,1,SIE-001,Industrial Automation,1,Unit,238263.14,0,5,11913.16,238263.14,PO-2023-0108,1,Matched,Validated automatically.
1817,INVREC00831-02,INVREC00831,2,SIE-002,Electrical Equipment,10,Unit,16201.89,0,5,8100.95,162018.94,PO-2023-0108,10,Matched,Matched to purchase order.
1818,INVREC00832-01,INVREC00832,1,PIN-002,Investment Services,1,Project,134014.64,0,5,6700.73,134014.64,PO-2026-1004,1,Matched,Three-way match completed.
1819,INVREC00832-02,INVREC00832,2,PIN-001,Financial Advisory,8,Hour,7899.24,0,5,3159.7,63193.9,PO-2026-1004,8,Matched,Successfully matched against PO.
1820,INVREC00833-01,INVREC00833,1,ABCD-200,Industrial Fasteners,29,Box,7493.13,0,10,21730.09,217300.87,PO-2024-1106,29,Matched,Successfully matched against PO.
1821,INVREC00833-02,INVREC00833,2,ABCD-300,Packaging Film,73,Roll,2940.86,0,10,21468.28,214682.78,PO-2024-1106,73,Matched,Three-way match completed.
1822,INVREC00834-01,INVREC00834,1,MS-AZ,Azure Subscription,1,Month,62036.91,0,5,3101.85,62036.91,PO-2026-0487,1,Matched,Goods receipt confirmed.
1823,INVREC00834-02,INVREC00834,2,MS-365,Microsoft 365 Business Premium,24,Seat,4317.91,0,5,5181.49,103629.83,PO-2026-0487,24,Matched,Matched to purchase order.
1824,INVREC00834-03,INVREC00834,3,MS-DYN,Dynamics 365 License,11,Seat,9420.89,0,5,5181.49,103629.83,PO-2026-0487,11,Matched,Ready for payment.
1825,INVREC00834-04,INVREC00834,4,MS-PBI,Power BI Pro,12,Seat,4347.28,0,5,2608.37,52167.4,PO-2026-0487,12,Matched,Successfully matched against PO.
1826,INVREC00835-01,INVREC00835,1,CAT-002,Spare Parts,6,Box,7333.52,0,5,2200.06,44001.13,PO-2023-0559,6,Matched,Goods receipt confirmed.
1827,INVREC00835-02,INVREC00835,2,CAT-001,Construction Equipment,3,Unit,17642.97,0,5,2646.45,52928.9,PO-2023-0559,3,Matched,Validated automatically.
1828,INVREC00836-01,INVREC00836,1,MCK-002,Market Research,1,Project,44295.82,0,10,4429.58,44295.82,PO-2023-0626,1,Matched,Ready for payment.
1829,INVREC00836-02,INVREC00836,2,MCK-001,Strategy Consulting,28,Hour,773.68,0,10,2166.29,21662.92,PO-2023-0626,28,Matched,Successfully matched against PO.
1830,INVREC00837-01,INVREC00837,1,GE-001,Power Generation,1,Unit,21151.01,0,18,3807.18,21151.01,PO-2023-0470,1,Matched,Ready for payment.
1831,INVREC00837-02,INVREC00837,2,GE-002,Medical Equipment,2,Unit,20078.13,0,18,7228.13,40156.27,PO-2023-0470,2,Matched,Ready for payment.
1832,INVREC00838-01,INVREC00838,1,ZF-001,Automotive Components,1,Unit,4945.11,0,0,0,4945.11,PO-2023-0689,1,Matched,Three-way match completed.
1833,INVREC00838-02,INVREC00838,2,ZF-002,Industrial Drives,3,Unit,1712.39,0,0,0,5137.16,PO-2023-0689,3,Matched,Matched to purchase order.
1834,INVREC00839-01,INVREC00839,1,IR-001,Compressed Air Systems,5,Unit,30342.99,6068.6,0,0,151714.95,PO-2025-0767,5,Matched,Goods receipt confirmed.
1835,INVREC00839-02,INVREC00839,2,IR-002,Air Tools,13,Unit,25462.65,0,0,0,331014.44,PO-2025-0767,13,Matched,Three-way match completed.
1836,INVREC00840-01,INVREC00840,1,BAI-002,Due Diligence,1,Project,50622.62,0,5,2531.13,50622.62,PO-2023-0433,1,Matched,Three-way match completed.
1837,INVREC00840-02,INVREC00840,2,BAI-001,Strategy Services,38,Hour,912.03,0,5,1732.85,34657.03,PO-2023-0433,38,Matched,Ready for payment.
1838,INVREC00841-01,INVREC00841,1,BOS-001,Hydraulic Systems,4,Unit,9356.56,0,5,1871.31,37426.24,PO-2024-1216,4,Matched,Goods receipt confirmed.
1839,INVREC00841-02,INVREC00841,2,BOS-002,Linear Motion,9,Unit,1687.5,0,5,759.37,15187.46,PO-2024-1216,9,Matched,Ready for payment.
1840,INVREC00842-01,INVREC00842,1,WMI-001,Waste Collection,3,Month,53684.17,0,18,28989.45,161052.5,PO-2026-0094,3,Matched,Validated automatically.
1841,INVREC00842-02,INVREC00842,2,WMI-002,Recycling Services,10,Month,18386.83,0,18,33096.29,183868.28,PO-2026-0094,10,Matched,Matched to purchase order.
1842,INVREC00843-01,INVREC00843,1,FED-001,Express Shipping,5,Shipment,28496.11,0,0,0,142480.54,PO-2025-1174,5,Matched,Goods receipt confirmed.
1843,INVREC00843-02,INVREC00843,2,FED-002,International Freight,2,Shipment,57639.86,0,0,0,115279.71,PO-2025-1174,2,Matched,Goods receipt confirmed.
1844,INVREC00844-01,INVREC00844,1,SNA-001,Hand Tools,8,Unit,22592.91,10844.6,18,30581.77,180743.3,PO-2024-0415,8,Matched,Successfully matched against PO.
1845,INVREC00844-02,INVREC00844,2,SNA-002,Diagnostic Equipment,3,Unit,97674.41,0,18,54696.21,293023.24,PO-2024-0415,3,Matched,Ready for payment.
1846,INVREC00845-01,INVREC00845,1,CHR-001,Freight Brokerage,4,Shipment,59331.6,0,18,42718.75,237326.41,PO-2026-0746,4,Matched,Matched to purchase order.
1847,INVREC00845-02,INVREC00845,2,CHR-002,Warehousing,94,Pallet,2372.66,0,18,40145.33,223029.63,PO-2026-0746,94,Matched,Successfully matched against PO.
1848,INVREC00846-01,INVREC00846,1,REP-001,Trash Removal,8,Month,17134.93,0,10,13707.95,137079.47,PO-2023-0600,6,Awaiting Approval,Pending goods receipt confirmation.
1849,INVREC00846-02,INVREC00846,2,REP-002,Dumpster Rental,1,Month,166987.71,0,10,16698.77,166987.71,PO-2023-0600,1,Awaiting Approval,Pending goods receipt confirmation.
1850,INVREC00847-01,INVREC00847,1,SNA-001,Hand Tools,12,Unit,17703.09,0,5,10621.85,212437.09,PO-2026-0562,12,Matched,Ready for payment.
1851,INVREC00847-02,INVREC00847,2,SNA-002,Diagnostic Equipment,4,Unit,29390.57,0,5,5878.11,117562.28,PO-2026-0562,4,Matched,Matched to purchase order.
1852,INVREC00848-01,INVREC00848,1,DEW-002,Power Tools,3,Unit,68748.15,0,18,37124,206244.45,PO-2026-0797,3,Awaiting Approval,Pending goods receipt confirmation.
1853,INVREC00848-02,INVREC00848,2,DEW-001,Construction Tools,3,Unit,72725.31,0,18,39271.67,218175.94,PO-2026-0797,2,Awaiting Approval,Pending goods receipt confirmation.
1854,INVREC00849-01,INVREC00849,1,GAT-002,Hydraulic Hose,300,Foot,1082.31,0,20,64938.89,324694.47,PO-2026-1066,300,Matched,Three-way match completed.
1855,INVREC00849-02,INVREC00849,2,GAT-001,Power Transmission Belts,26,Unit,6445.55,0,20,33516.85,167584.25,PO-2026-1066,26,Matched,Goods receipt confirmed.
1856,INVREC00850-01,INVREC00850,1,BAL-002,Drives,1,Unit,164167.1,0,18,29550.08,164167.1,PO-2026-0813,1,Matched,Validated automatically.
1857,INVREC00850-02,INVREC00850,2,BAL-001,Electric Motors,6,Unit,38696.53,0,18,41792.25,232179.19,PO-2026-0813,6,Matched,Matched to purchase order.
1858,INVREC00851-01,INVREC00851,1,CUM-001,Engine Parts,4,Unit,45806.96,0,18,32981.01,183227.82,PO-2025-1110,4,Matched,Validated automatically.
1859,INVREC00851-02,INVREC00851,2,CUM-002,Generators,3,Unit,32961.62,0,18,17799.27,98884.86,PO-2025-1110,3,Matched,Goods receipt confirmed.
1860,INVREC00852-01,INVREC00852,1,REG-001,Motion Control,3,Unit,13056.21,0,0,0,39168.64,PO-2024-1266,3,Matched,Three-way match completed.
1861,INVREC00852-02,INVREC00852,2,REG-002,Power Transmission,9,Unit,6979.74,0,0,0,62817.63,PO-2024-1266,9,Matched,Three-way match completed.
1862,INVREC00853-01,INVREC00853,1,SFS-002,Sales Cloud,38,User,5138.95,9764.01,5,9275.81,195280.16,PO-2023-0657,38,Matched,Matched to purchase order.
1863,INVREC00853-02,INVREC00853,2,SFS-001,CRM License,72,User,2101.36,0,5,8053.11,151298.14,PO-2023-0657,72,Matched,Validated automatically.
1864,INVREC00854-01,INVREC00854,1,SCH-001,Energy Management,1,System,133469.42,0,10,13346.94,133469.42,PO-2024-0043,1,Matched,Ready for payment.
1865,INVREC00854-02,INVREC00854,2,SCH-002,Electrical Components,30,Unit,5705.16,0,10,17115.49,171154.9,PO-2024-0043,30,Matched,Successfully matched against PO.
1866,INVREC00855-01,INVREC00855,1,ABB-001,Power Automation,2,Unit,103697.66,0,18,37331.16,207395.32,PO-2026-1088,2,Matched,Successfully matched against PO.
1867,INVREC00855-02,INVREC00855,2,ABB-002,Drives & Motors,4,Unit,70804.32,0,18,50979.11,283217.26,PO-2026-1088,4,Matched,Goods receipt confirmed.
1868,INVREC00856-01,INVREC00856,1,EY-002,Risk Consulting,26,Hour,4520.03,0,20,23504.14,117520.69,PO-2024-0262,26,Matched,Ready for payment.
1869,INVREC00856-02,INVREC00856,2,EY-001,Financial Audit,1,Project,107727.3,7540.91,20,21545.46,107727.3,PO-2024-0262,1,Matched,Ready for payment.
1870,INVREC00857-01,INVREC00857,1,LNV-001,ThinkPad Laptop,20,Unit,2926.37,0,18,10534.92,58527.33,PO-2023-1193,20,Matched,Validated automatically.
1871,INVREC00857-02,INVREC00857,2,LNV-002,Desktop,13,Unit,4968.99,0,18,11627.43,64596.83,PO-2023-1193,13,Matched,Validated automatically.
1872,INVREC00858-01,INVREC00858,1,SPG-002,Ratings Services,1,Project,55502.41,0,0,0,55502.41,PO-2026-1107,1,Matched,Three-way match completed.
1873,INVREC00858-02,INVREC00858,2,SPG-001,Market Data Subscription,6,Month,21880.76,0,0,0,131284.56,PO-2026-1107,6,Matched,Three-way match completed.
1874,INVREC00859-01,INVREC00859,1,MOD-001,Office Desk,5,Unit,30242.76,0,0,0,151213.81,PO-2026-1487,5,Matched,Validated automatically.
1875,INVREC00859-02,INVREC00859,2,MOD-002,Office Chair,6,Unit,22367.04,0,0,0,134202.25,PO-2026-1487,6,Matched,Goods receipt confirmed.
1876,INVREC00860-01,INVREC00860,1,GEN-002,Miscellaneous Supplies,30,Each,1682.32,5046.95,5,2271.13,50469.5,PO-2026-0474,30,Matched,Successfully matched against PO.
1877,INVREC00860-02,INVREC00860,2,GEN-001,General Services,10,Hour,4698.88,0,5,2601.79,46988.84,PO-2026-0474,10,Matched,Three-way match completed.
1878,INVREC00861-01,INVREC00861,1,SFS-002,Sales Cloud,28,User,3725.25,0,20,20861.38,104306.88,PO-2023-0718,28,Matched,Ready for payment.
1879,INVREC00861-02,INVREC00861,2,SFS-001,CRM License,41,User,6235.47,0,20,51130.82,255654.12,PO-2023-0718,41,Matched,Successfully matched against PO.
1880,INVREC00862-01,INVREC00862,1,WMI-001,Waste Collection,6,Month,38410.24,0,20,46092.29,230461.46,PO-2024-0267,6,Matched,Goods receipt confirmed.
1881,INVREC00862-02,INVREC00862,2,WMI-002,Recycling Services,8,Month,25491.69,0,20,40786.7,203933.52,PO-2024-0267,8,Matched,Successfully matched against PO.
1882,INVREC00863-01,INVREC00863,1,CMX-001,Broadband Internet,10,Month,17405.95,0,0,0,174059.54,PO-2023-1207,10,Matched,Matched to purchase order.
1883,INVREC00863-02,INVREC00863,2,CMX-002,Voice Services,39,Line,3595.25,0,0,0,140214.63,PO-2023-1207,39,Matched,Ready for payment.
1884,INVREC00864-01,INVREC00864,1,KMB-001,Paper Towels,29,Case,2977.29,0,0,0,86341.28,PO-2026-1013,29,Matched,Goods receipt confirmed.
1885,INVREC00864-02,INVREC00864,2,KMB-002,Sanitary Products,17,Case,2701.54,0,0,0,45926.21,PO-2026-1013,17,Matched,Three-way match completed.
1886,INVREC00865-01,INVREC00865,1,GAT-002,Hydraulic Hose,354,Foot,459.21,0,0,0,162560.7,PO-2024-0501,354,Matched,Three-way match completed.
1887,INVREC00865-02,INVREC00865,2,GAT-001,Power Transmission Belts,47,Unit,2587.45,0,0,0,121610.29,PO-2024-0501,47,Matched,Three-way match completed.
1888,INVREC00866-01,INVREC00866,1,WWG-002,HVAC Parts,11,Unit,14570.79,0,10,16027.86,160278.64,PO-2023-1341,11,Matched,Ready for payment.
1889,INVREC00866-02,INVREC00866,2,WWG-001,MRO Supplies,23,Box,7131.96,0,10,16403.52,164035.18,PO-2023-1341,23,Matched,Matched to purchase order.
1890,INVREC00867-01,INVREC00867,1,MAK-002,Accessories,30,Box,4892.2,0,0,0,146766.1,PO-2026-0210,29,Awaiting Approval,Pending goods receipt confirmation.
1891,INVREC00867-02,INVREC00867,2,MAK-001,Power Tools,7,Unit,34944.31,0,0,0,244610.16,PO-2026-0210,6,Awaiting Approval,Pending goods receipt confirmation.
1892,INVREC00868-01,INVREC00868,1,HIL-001,Power Tools,10,Unit,3890.74,0,0,0,38907.39,PO-2024-0077,10,Matched,Successfully matched against PO.
1893,INVREC00868-02,INVREC00868,2,HIL-002,Anchoring Systems,7,Box,7236.15,0,0,0,50653.02,PO-2024-0077,7,Matched,Goods receipt confirmed.
1894,INVREC00869-01,INVREC00869,1,HON-001,Safety Systems,2,System,29316.7,0,5,2931.67,58633.4,PO-2026-1099,2,Matched,Goods receipt confirmed.
1895,INVREC00869-02,INVREC00869,2,HON-002,Thermostats & Controls,39,Unit,2110.06,0,5,4114.63,82292.5,PO-2026-1099,39,Matched,Validated automatically.
1896,INVREC00870-01,INVREC00870,1,VMW-002,Support Services,2,Year,40354.5,0,20,16141.8,80708.99,PO-2025-0131,2,Matched,Ready for payment.
1897,INVREC00870-02,INVREC00870,2,VMW-001,vSphere License,11,CPU,11439.69,0,20,25167.32,125836.6,PO-2025-0131,11,Matched,Goods receipt confirmed.
1898,INVREC00871-01,INVREC00871,1,MOD-001,Office Desk,2,Unit,22617.78,2714.13,20,8504.29,45235.56,PO-2023-1316,2,Matched,Validated automatically.
1899,INVREC00871-02,INVREC00871,2,MOD-002,Office Chair,12,Unit,2337.17,0,20,6152.03,28046.04,PO-2023-1316,12,Matched,Ready for payment.
1900,INVREC00872-01,INVREC00872,1,JCI-001,HVAC System,2,Unit,102967.51,0,0,0,205935.02,PO-2026-0234,2,Matched,Matched to purchase order.
1901,INVREC00872-02,INVREC00872,2,JCI-002,Building Automation,2,System,112328.2,0,0,0,224656.39,PO-2026-0234,2,Matched,Validated automatically.
1902,INVREC00873-01,INVREC00873,1,SNA-001,Hand Tools,12,Unit,28091.93,0,18,60678.56,337103.12,PO-2024-0415,12,Matched,Ready for payment.
1903,INVREC00873-02,INVREC00873,2,SNA-002,Diagnostic Equipment,2,Unit,68331.71,0,18,24599.42,136663.42,PO-2024-0415,2,Matched,Three-way match completed.
1904,INVREC00874-01,INVREC00874,1,WWG-002,HVAC Parts,11,Unit,14089.26,0,10,15498.18,154981.83,PO-2023-1341,11,Matched,Validated automatically.
1905,INVREC00874-02,INVREC00874,2,WWG-001,MRO Supplies,19,Box,8912.21,0,10,16933.2,169331.99,PO-2023-1341,19,Matched,Successfully matched against PO.
1906,INVREC00875-01,INVREC00875,1,MOO-002,Financial Data Service,6,Month,21397.49,0,20,25676.99,128384.95,PO-2025-1256,6,Matched,Goods receipt confirmed.
1907,INVREC00875-02,INVREC00875,2,MOO-001,Credit Risk Software,1,User,152007.78,0,20,30401.56,152007.78,PO-2025-1256,1,Matched,Three-way match completed.
1908,INVREC00876-01,INVREC00876,1,GOO-001,Commercial Tires,26,Unit,7440.81,0,18,34823.01,193461.17,PO-2025-0466,24,Awaiting Approval,Pending goods receipt confirmation.
1909,INVREC00876-02,INVREC00876,2,GOO-002,Retread Services,13,Unit,12906.19,0,18,30200.49,167780.48,PO-2025-0466,12,Awaiting Approval,Pending goods receipt confirmation.
1910,INVREC00877-01,INVREC00877,1,ZF-001,Automotive Components,3,Unit,45105.12,0,18,24356.76,135315.35,PO-2025-1450,3,Matched,Matched to purchase order.
1911,INVREC00877-02,INVREC00877,2,ZF-002,Industrial Drives,3,Unit,16601.19,0,18,8964.64,49803.56,PO-2025-1450,3,Matched,Matched to purchase order.
1912,INVREC00878-01,INVREC00878,1,REG-001,Motion Control,2,Unit,23901.22,0,18,8604.44,47802.43,PO-2024-0666,2,Matched,Ready for payment.
1913,INVREC00878-02,INVREC00878,2,REG-002,Power Transmission,5,Unit,12167.89,0,18,10951.1,60839.46,PO-2024-0666,5,Matched,Successfully matched against PO.
1914,INVREC00879-01,INVREC00879,1,CIN-001,Uniforms Rental,25,Month,6869.16,0,5,8586.45,171729.08,PO-2024-1304,25,Matched,Ready for payment.
1915,INVREC00879-02,INVREC00879,2,CIN-002,Floor Mats,22,Month,4170.26,0,5,4587.28,91745.68,PO-2024-1304,22,Matched,Ready for payment.
1916,INVREC00880-01,INVREC00880,1,CIN-002,Floor Mats,28,Month,4823.4,0,10,13505.52,135055.17,PO-2025-0988,28,Matched,Ready for payment.
1917,INVREC00880-02,INVREC00880,2,CIN-001,Uniforms Rental,59,Month,3104.36,0,10,18315.7,183157.02,PO-2025-0988,59,Matched,Successfully matched against PO.
1918,INVREC00881-01,INVREC00881,1,REG-002,Power Transmission,2,Unit,4369.27,0,10,873.86,8738.55,PO-2025-1001,2,Matched,Ready for payment.
1919,INVREC00881-02,INVREC00881,2,REG-001,Motion Control,1,Unit,9074.65,0,10,907.47,9074.65,PO-2025-1001,1,Matched,Three-way match completed.
1920,INVREC00882-01,INVREC00882,1,NH-002,Market Analysis,1,Project,268589.83,0,5,13429.49,268589.83,PO-2024-0701,1,Matched,Goods receipt confirmed.
1921,INVREC00882-02,INVREC00882,2,NH-001,Strategic Consulting,26,Hour,8414.26,0,5,10938.54,218770.74,PO-2024-0701,26,Matched,Successfully matched against PO.
1922,INVREC00883-01,INVREC00883,1,SKF-001,Industrial Bearings,31,Unit,4834.98,0,18,26979.21,149884.51,PO-2023-0065,31,Matched,Validated automatically.
1923,INVREC00883-02,INVREC00883,2,SKF-002,Seals,4,Box,21210.07,0,18,15271.25,84840.29,PO-2023-0065,4,Matched,Validated automatically.
1924,INVREC00884-01,INVREC00884,1,CBRE-001,Commercial Real Estate,1,Project,102701.28,0,0,0,102701.28,PO-2024-0889,1,Matched,Ready for payment.
1925,INVREC00884-02,INVREC00884,2,CBRE-002,Property Valuation,1,Project,131066.39,0,0,0,131066.39,PO-2024-0889,1,Matched,Successfully matched against PO.
1926,INVREC00885-01,INVREC00885,1,QL-001,Domestic Freight,47,Pallet,753.33,0,10,3540.63,35406.33,PO-2024-1138,47,Matched,Successfully matched against PO.
1927,INVREC00885-02,INVREC00885,2,QL-002,Courier Services,38,Package,644.52,2204.24,10,2449.16,24491.6,PO-2024-1138,38,Matched,Ready for payment.
1928,INVREC00886-01,INVREC00886,1,FTI-002,Expert Witness Services,1,Project,107500.42,0,5,5375.02,107500.42,PO-2023-1083,1,Matched,Three-way match completed.
1929,INVREC00886-02,INVREC00886,2,FTI-001,Forensic Accounting,10,Hour,12978.71,0,5,6489.36,129787.1,PO-2023-1083,10,Matched,Goods receipt confirmed.
1930,INVREC00887-01,INVREC00887,1,SPE-002,Phone Services,17,Line,1548.41,0,0,0,26322.99,PO-2024-0044,16,Awaiting Approval,Pending goods receipt confirmation.
1931,INVREC00887-02,INVREC00887,2,SPE-001,Cable Services,12,Month,1329.97,0,0,0,15959.61,PO-2024-0044,9,Awaiting Approval,Pending goods receipt confirmation.
1932,INVREC00888-01,INVREC00888,1,TIM-001,Bearings,34,Unit,2837.8,0,20,19297.02,96485.09,PO-2024-0099,34,Matched,Goods receipt confirmed.
1933,INVREC00888-02,INVREC00888,2,TIM-002,Lubrication Systems,8,Unit,12367.26,0,20,19787.62,98938.11,PO-2024-0099,8,Matched,Goods receipt confirmed.
1934,INVREC00889-01,INVREC00889,1,MIC-002,Fleet Services,5,Month,16687.57,3337.51,5,4005.02,83437.85,PO-2024-1242,5,Matched,Ready for payment.
1935,INVREC00889-02,INVREC00889,2,MIC-001,Truck Tires,35,Unit,3135.4,0,5,5653.82,109738.92,PO-2024-1242,35,Matched,Ready for payment.
1936,INVREC00890-01,INVREC00890,1,HPE-002,Storage Array,3,Unit,27005.41,5671.14,0,0,81016.22,PO-2025-1456,3,Matched,Successfully matched against PO.
1937,INVREC00890-02,INVREC00890,2,HPE-001,Server,10,Unit,9786.12,0,0,0,97861.18,PO-2025-1456,10,Matched,Validated automatically.
1938,INVREC00891-01,INVREC00891,1,CIN-001,Uniforms Rental,90,Month,578.51,0,20,10413.11,52065.56,PO-2024-1363,90,Matched,Matched to purchase order.
1939,INVREC00891-02,INVREC00891,2,CIN-002,Floor Mats,38,Month,725.37,0,20,5512.82,27564.12,PO-2024-1363,38,Matched,Validated automatically.
1940,INVREC00892-01,INVREC00892,1,GE-001,Power Generation,1,Unit,90602.86,0,10,9060.29,90602.86,PO-2023-1230,1,Matched,Successfully matched against PO.
1941,INVREC00892-02,INVREC00892,2,GE-002,Medical Equipment,2,Unit,61631.01,11093.58,10,12326.2,123262.02,PO-2023-1230,2,Matched,Matched to purchase order.
1942,INVREC00893-01,INVREC00893,1,MIC-001,Truck Tires,37,Unit,8509.32,0,10,31484.48,314844.8,PO-2024-1320,37,Matched,Ready for payment.
1943,INVREC00893-02,INVREC00893,2,MIC-002,Fleet Services,6,Month,21273.3,0,10,12763.98,127639.78,PO-2024-1320,6,Matched,Three-way match completed.
1944,INVREC00894-01,INVREC00894,1,ECO-001,Cleaning Chemicals,14,Case,5780.7,0,18,14567.36,80929.78,PO-2025-0517,14,Matched,Ready for payment.
1945,INVREC00894-02,INVREC00894,2,ECO-002,Sanitation Services,3,Month,14987,0,18,8092.98,44960.99,PO-2025-0517,3,Matched,Goods receipt confirmed.
1946,INVREC00895-01,INVREC00895,1,TIM-001,Bearings,42,Unit,6365.63,21388.5,5,12298.39,267356.28,PO-2026-1267,42,Matched,Successfully matched against PO.
1947,INVREC00895-02,INVREC00895,2,TIM-002,Lubrication Systems,1,Unit,161868.77,0,5,9162.86,161868.77,PO-2026-1267,1,Matched,Three-way match completed.
1948,INVREC00896-01,INVREC00896,1,ABB-002,Drives & Motors,4,Unit,7506.68,0,5,1501.34,30026.72,PO-2026-0238,4,Matched,Validated automatically.
1949,INVREC00896-02,INVREC00896,2,ABB-001,Power Automation,3,Unit,25512.9,0,5,3826.93,76538.69,PO-2026-0238,3,Matched,Goods receipt confirmed.
1950,INVREC00897-01,INVREC00897,1,VMW-002,Support Services,3,Year,45373.73,0,10,13612.12,136121.18,PO-2026-1274,3,Matched,Ready for payment.
1951,INVREC00897-02,INVREC00897,2,VMW-001,vSphere License,17,CPU,6806.06,0,10,11570.3,115703.01,PO-2026-1274,17,Matched,Goods receipt confirmed.
1952,INVREC00898-01,INVREC00898,1,PWC-002,Advisory Services,30,Hour,383.14,0,5,574.71,11494.27,PO-2023-0725,30,Matched,Successfully matched against PO.
1953,INVREC00898-02,INVREC00898,2,PWC-001,Assurance Services,1,Project,10511.86,0,5,525.59,10511.86,PO-2023-0725,1,Matched,Matched to purchase order.
1954,INVREC00899-01,INVREC00899,1,KUN-002,Air Freight,2,Shipment,105247.18,0,20,42098.87,210494.35,PO-2026-0946,2,Matched,Successfully matched against PO.
1955,INVREC00899-02,INVREC00899,2,KUN-001,Supply Chain Management,1,Month,184679.01,0,20,36935.8,184679.01,PO-2026-0946,1,Matched,Validated automatically.
1956,INVREC00900-01,INVREC00900,1,TMO-001,Mobile Plans,40,Line,229.87,0,10,919.46,9194.6,PO-2025-0704,40,Matched,Goods receipt confirmed.
1957,INVREC00900-02,INVREC00900,2,TMO-002,IoT Services,447,Device,15.05,0,10,672.57,6725.68,PO-2025-0704,447,Matched,Three-way match completed.
1958,INVREC00901-01,INVREC00901,1,MS-PBI,Power BI Pro,93,Seat,1138.64,0,0,0,105893.59,PO-2026-0244,93,Matched,Successfully matched against PO.
1959,INVREC00901-02,INVREC00901,2,MS-365,Microsoft 365 Business Premium,76,Seat,1652.88,0,0,0,125618.86,PO-2026-0244,76,Matched,Three-way match completed.
1960,INVREC00902-01,INVREC00902,1,DEW-002,Power Tools,6,Unit,22917.38,0,0,0,137504.25,PO-2023-1127,6,Matched,Validated automatically.
1961,INVREC00902-02,INVREC00902,2,DEW-001,Construction Tools,10,Unit,12614.03,7568.42,0,0,126140.26,PO-2023-1127,10,Matched,Successfully matched against PO.
1962,INVREC00903-01,INVREC00903,1,VGT-003,Storage Array,2,Unit,53768.27,0,20,21507.31,107536.53,PO-2026-0219,2,Matched,Validated automatically.
1963,INVREC00903-02,INVREC00903,2,VGT-001,Server Equipment,1,Unit,111244.69,0,20,22248.94,111244.69,PO-2026-0219,1,Matched,Three-way match completed.
1964,INVREC00903-03,INVREC00903,3,VGT-002,Network Switch,7,Unit,22248.94,0,20,31148.51,155742.57,PO-2026-0219,7,Matched,Validated automatically.
1965,INVREC00904-01,INVREC00904,1,ALP-001,Heavy Machinery,1,Unit,105851.67,0,10,10585.17,105851.67,PO-2023-1101,1,Matched,Goods receipt confirmed.
1966,INVREC00904-02,INVREC00904,2,ALP-002,Spare Parts,9,Box,18199.06,0,10,16379.15,163791.52,PO-2023-1101,9,Matched,Goods receipt confirmed.
1967,INVREC00905-01,INVREC00905,1,ABB-001,Power Automation,1,Unit,28980.36,0,20,5796.07,28980.36,PO-2026-0964,1,Matched,Goods receipt confirmed.
1968,INVREC00905-02,INVREC00905,2,ABB-002,Drives & Motors,5,Unit,7076.6,0,20,7076.6,35383,PO-2026-0964,5,Matched,Goods receipt confirmed.
1969,INVREC00906-01,INVREC00906,1,BAL-001,Electric Motors,6,Unit,39020.14,0,18,42141.75,234120.83,PO-2026-0813,6,Matched,Matched to purchase order.
1970,INVREC00906-02,INVREC00906,2,BAL-002,Drives,4,Unit,40556.37,0,18,29200.58,162225.46,PO-2026-0813,4,Matched,Successfully matched against PO.
1971,INVREC00907-01,INVREC00907,1,MCM-002,Hardware,37,Each,1210.44,0,18,8061.54,44786.32,PO-2025-0762,37,Matched,Ready for payment.
1972,INVREC00907-02,INVREC00907,2,MCM-001,Fasteners,85,Box,562.71,0,18,8609.41,47830.06,PO-2025-0762,85,Matched,Three-way match completed.
1973,INVREC00908-01,INVREC00908,1,CAT-001,Construction Equipment,3,Unit,89229.98,0,5,13384.5,267689.94,PO-2026-0648,3,Matched,Three-way match completed.
1974,INVREC00908-02,INVREC00908,2,CAT-002,Spare Parts,9,Box,25377.33,0,5,11419.8,228396,PO-2026-0648,9,Matched,Goods receipt confirmed.
1975,INVREC00909-01,INVREC00909,1,EMR-001,Process Control,2,Unit,89580.01,0,20,35832,179160.02,PO-2026-0757,2,Matched,Matched to purchase order.
1976,INVREC00909-02,INVREC00909,2,EMR-002,Valves & Actuators,3,Unit,66480.76,0,20,39888.46,199442.29,PO-2026-0757,3,Matched,Goods receipt confirmed.
1977,INVREC00910-01,INVREC00910,1,PEN-001,Fleet Management,2,Month,150848.71,0,18,54305.54,301697.42,PO-2023-0494,2,Matched,Three-way match completed.
1978,INVREC00910-02,INVREC00910,2,PEN-002,Distribution Services,47,Pallet,3596.91,0,18,30429.83,169054.59,PO-2023-0494,47,Matched,Validated automatically.
1979,INVREC00911-01,INVREC00911,1,SEC-002,Access Control Systems,7,Unit,4214.39,0,20,5900.14,29500.72,PO-2023-0233,7,Matched,Validated automatically.
1980,INVREC00911-02,INVREC00911,2,SEC-001,Security Guard Services,113,Hour,163.43,0,20,3693.59,18467.93,PO-2023-0233,113,Matched,Validated automatically.
1981,INVREC00912-01,INVREC00912,1,ORC-002,Cloud Services,2,Month,56596.57,0,5,5659.66,113193.14,PO-2023-0333,2,Matched,Matched to purchase order.
1982,INVREC00912-02,INVREC00912,2,ORC-001,Database License,4,Processor,47660.27,0,5,9532.05,190641.09,PO-2023-0333,4,Matched,Matched to purchase order.
1983,INVREC00913-01,INVREC00913,1,BAL-001,Electric Motors,7,Unit,18131.41,0,18,22845.58,126919.88,PO-2026-0813,7,Matched,Successfully matched against PO.
1984,INVREC00913-02,INVREC00913,2,BAL-002,Drives,2,Unit,134713.2,0,18,48496.75,269426.41,PO-2026-0813,2,Matched,Ready for payment.
1985,INVREC00914-01,INVREC00914,1,ADT-002,Alarm Systems,1,Unit,272636,0,5,13631.8,272636,PO-2025-0021,1,Matched,Ready for payment.
1986,INVREC00914-02,INVREC00914,2,ADT-001,Security Monitoring,5,Month,43387.24,0,5,10846.81,216936.18,PO-2025-0021,5,Matched,Validated automatically.
1987,INVREC00915-01,INVREC00915,1,ORC-002,Cloud Services,2,Month,92838.24,0,5,9283.82,185676.47,PO-2023-0333,2,Awaiting Approval,Pending goods receipt confirmation.
1988,INVREC00915-02,INVREC00915,2,ORC-001,Database License,4,Processor,29539.44,0,5,5907.89,118157.76,PO-2023-0333,3,Awaiting Approval,Pending goods receipt confirmation.
1989,INVREC00916-01,INVREC00916,1,IR-002,Air Tools,14,Unit,14729.59,0,10,20621.43,206214.27,PO-2025-0983,10,Awaiting Approval,Pending goods receipt confirmation.
1990,INVREC00916-02,INVREC00916,2,IR-001,Compressed Air Systems,5,Unit,41807.83,0,10,20903.91,209039.13,PO-2025-0983,4,Awaiting Approval,Pending goods receipt confirmation.
1991,INVREC00917-01,INVREC00917,1,VMW-001,vSphere License,7,CPU,16776.36,0,0,0,117434.52,PO-2025-0332,7,Matched,Ready for payment.
1992,INVREC00917-02,INVREC00917,2,VMW-002,Support Services,2,Year,160641.57,0,0,0,321283.13,PO-2025-0332,2,Matched,Validated automatically.
1993,INVREC00918-01,INVREC00918,1,SOD-001,Facility Management,8,Month,10153.37,0,0,0,81226.99,PO-2026-1441,8,Matched,Matched to purchase order.
1994,INVREC00918-02,INVREC00918,2,SOD-002,Catering,1,Event,69042.94,3452.15,0,0,69042.94,PO-2026-1441,1,Matched,Three-way match completed.
1995,INVREC00919-01,INVREC00919,1,SEC-001,Security Guard Services,60,Hour,993.45,0,20,11921.38,59606.91,PO-2024-0688,60,Matched,Three-way match completed.
1996,INVREC00919-02,INVREC00919,2,SEC-002,Access Control Systems,9,Unit,7884.51,0,20,14192.12,70960.6,PO-2024-0688,9,Matched,Goods receipt confirmed.
1997,INVREC00920-01,INVREC00920,1,SPG-002,Ratings Services,2,Project,33920.61,0,20,13568.24,67841.21,PO-2026-1187,2,Matched,Successfully matched against PO.
1998,INVREC00920-02,INVREC00920,2,SPG-001,Market Data Subscription,2,Month,85407.25,0,20,34162.9,170814.49,PO-2026-1187,2,Matched,Successfully matched against PO.
1999,INVREC00921-01,INVREC00921,1,SNA-001,Hand Tools,17,Unit,7556.24,0,5,6422.81,128456.13,PO-2026-0562,17,Matched,Three-way match completed.
2000,INVREC00921-02,INVREC00921,2,SNA-002,Diagnostic Equipment,3,Unit,67181.08,0,5,10077.16,201543.24,PO-2026-0562,3,Matched,Successfully matched against PO.
2001,INVREC00922-01,INVREC00922,1,CIN-001,Uniforms Rental,78,Month,1624,0,10,12667.21,126672.14,PO-2024-0401,78,Matched,Ready for payment.
2002,INVREC00922-02,INVREC00922,2,CIN-002,Floor Mats,18,Month,10556.01,0,10,19000.82,190008.21,PO-2024-0401,18,Matched,Three-way match completed.
2003,INVREC00923-01,INVREC00923,1,MCM-001,Fasteners,27,Box,8867.94,0,18,43098.17,239434.3,PO-2025-0455,27,Matched,Three-way match completed.
2004,INVREC00923-02,INVREC00923,2,MCM-002,Hardware,17,Each,12350.91,0,18,37793.78,209965.46,PO-2025-0455,17,Matched,Goods receipt confirmed.
2005,INVREC00924-01,INVREC00924,1,ZF-001,Automotive Components,2,Unit,76417.13,0,10,15283.43,152834.25,PO-2024-0435,2,Matched,Matched to purchase order.
2006,INVREC00924-02,INVREC00924,2,ZF-002,Industrial Drives,1,Unit,151350.42,0,10,15135.04,151350.42,PO-2024-0435,1,Matched,Successfully matched against PO.
2007,INVREC00925-01,INVREC00925,1,EXP-001,Customs Clearance,1,Shipment,221480.58,0,5,11074.03,221480.58,PO-2026-1453,1,Matched,Three-way match completed.
2008,INVREC00925-02,INVREC00925,2,EXP-002,International Logistics,1,Shipment,274748.06,0,5,13737.4,274748.06,PO-2026-1453,1,Matched,Goods receipt confirmed.
2009,INVREC00926-01,INVREC00926,1,SPE-001,Cable Services,4,Month,3536.79,848.83,5,664.92,14147.15,PO-2026-1291,4,Matched,Successfully matched against PO.
2010,INVREC00926-02,INVREC00926,2,SPE-002,Phone Services,43,Line,230.3,0,5,537.59,9903,PO-2026-1291,43,Matched,Three-way match completed.
2011,INVREC00927-01,INVREC00927,1,MAE-001,Container Shipping,5,Container,40641.47,0,20,40641.47,203207.33,PO-2024-0063,5,Matched,Matched to purchase order.
2012,INVREC00927-02,INVREC00927,2,MAE-002,Freight Forwarding,2,Shipment,113190.05,0,20,45276.02,226380.09,PO-2024-0063,2,Matched,Three-way match completed.
2013,INVREC00928-01,INVREC00928,1,EMR-001,Process Control,3,Unit,52616.05,0,5,7892.41,157848.15,PO-2024-1202,3,Matched,Goods receipt confirmed.
2014,INVREC00928-02,INVREC00928,2,EMR-002,Valves & Actuators,17,Unit,19799.29,0,5,16829.4,336587.97,PO-2024-1202,17,Matched,Ready for payment.
2015,INVREC00929-01,INVREC00929,1,JCI-001,HVAC System,5,Unit,16797.57,0,5,4199.39,83987.83,PO-2025-0438,5,Matched,Ready for payment.
2016,INVREC00929-02,INVREC00929,2,JCI-002,Building Automation,2,System,26357.88,3690.1,5,2635.79,52715.76,PO-2025-0438,2,Matched,Matched to purchase order.
2017,INVREC00930-01,INVREC00930,1,VGT-001,Server Equipment,4,Unit,23656.65,0,18,17032.79,94626.61,PO-2023-0674,4,Matched,Successfully matched against PO.
2018,INVREC00930-02,INVREC00930,2,VGT-002,Network Switch,7,Unit,16288.19,0,18,20523.12,114017.32,PO-2023-0674,7,Matched,Successfully matched against PO.
2019,INVREC00930-03,INVREC00930,3,VGT-003,Storage Array,1,Unit,79889.68,0,18,14380.14,79889.68,PO-2023-0674,1,Matched,Three-way match completed.
2020,INVREC00931-01,INVREC00931,1,EXP-002,International Logistics,2,Shipment,16444.01,0,18,5919.84,32888.01,PO-2026-0610,2,Matched,Ready for payment.
2021,INVREC00931-02,INVREC00931,2,EXP-001,Customs Clearance,4,Shipment,6440.57,0,18,4637.21,25762.28,PO-2026-0610,4,Matched,Validated automatically.
2022,INVREC00932-01,INVREC00932,1,EMR-001,Process Control,4,Unit,4100.76,0,18,2952.55,16403.04,PO-2023-1303,4,Matched,Successfully matched against PO.
2023,INVREC00932-02,INVREC00932,2,EMR-002,Valves & Actuators,10,Unit,1993.82,0,18,3588.87,19938.17,PO-2023-1303,10,Matched,Three-way match completed.
2024,INVREC00933-01,INVREC00933,1,VER-002,Data Services,7,Month,23563.02,0,0,0,164941.16,PO-2023-0738,7,Matched,Three-way match completed.
2025,INVREC00933-02,INVREC00933,2,VER-001,Mobile Services,32,Line,6744.6,0,0,0,215827.27,PO-2023-0738,32,Matched,Matched to purchase order.
2026,INVREC00934-01,INVREC00934,1,GOO-001,Commercial Tires,36,Unit,3857.74,0,5,6943.93,138878.62,PO-2024-1044,36,Matched,Matched to purchase order.
2027,INVREC00934-02,INVREC00934,2,GOO-002,Retread Services,20,Unit,7895.15,0,5,7895.15,157903.09,PO-2024-1044,20,Matched,Validated automatically.
2028,INVREC00935-01,INVREC00935,1,PEN-002,Distribution Services,70,Pallet,2119.44,0,10,14836.11,148361.08,PO-2024-0506,53,Awaiting Approval,Pending goods receipt confirmation.
2029,INVREC00935-02,INVREC00935,2,PEN-001,Fleet Management,10,Month,8937.41,7149.93,10,8937.41,89374.15,PO-2024-0506,9,Awaiting Approval,Pending goods receipt confirmation.
2030,INVREC00936-01,INVREC00936,1,VGT-001,Server Equipment,1,Unit,244942.68,0,10,24494.27,244942.68,PO-2023-0785,1,Matched,Matched to purchase order.
2031,INVREC00936-02,INVREC00936,2,VGT-002,Network Switch,10,Unit,24800.45,0,10,24800.45,248004.46,PO-2023-0785,10,Matched,Goods receipt confirmed.
2032,INVREC00937-01,INVREC00937,1,TMO-002,IoT Services,431,Device,131.29,0,18,10185.27,56584.84,PO-2026-0883,431,Matched,Matched to purchase order.
2033,INVREC00937-02,INVREC00937,2,TMO-001,Mobile Plans,43,Line,2921.8,0,18,22614.75,125637.51,PO-2026-0883,43,Matched,Matched to purchase order.
2034,INVREC00938-01,INVREC00938,1,IR-001,Compressed Air Systems,2,Unit,87801.99,0,18,31608.72,175603.98,PO-2026-0116,2,Matched,Ready for payment.
2035,INVREC00938-02,INVREC00938,2,IR-002,Air Tools,20,Unit,12762.97,0,18,45946.69,255259.4,PO-2026-0116,20,Matched,Validated automatically.
2036,INVREC00939-01,INVREC00939,1,CIN-001,Uniforms Rental,14,Month,7471.11,0,18,18827.19,104595.49,PO-2024-0502,14,Matched,Validated automatically.
2037,INVREC00939-02,INVREC00939,2,CIN-002,Floor Mats,11,Month,7195.76,0,18,14247.6,79153.35,PO-2024-0502,11,Matched,Matched to purchase order.
2038,INVREC00940-01,INVREC00940,1,CMX-002,Voice Services,11,Line,7623.45,0,10,8385.79,83857.94,PO-2024-1296,11,Matched,Ready for payment.
2039,INVREC00940-02,INVREC00940,2,CMX-001,Broadband Internet,2,Month,83857.94,0,10,16771.59,167715.87,PO-2024-1296,2,Matched,Matched to purchase order.
2040,INVREC00941-01,INVREC00941,1,DELL-MS,Mouse,18,Unit,5973.62,0,18,19354.53,107525.14,PO-2023-0736,18,Matched,Successfully matched against PO.
2041,INVREC00941-02,INVREC00941,2,DELL-DOCK,Docking Station,18,Unit,15720.05,0,18,50932.96,282960.89,PO-2023-0736,18,Matched,Successfully matched against PO.
2042,INVREC00942-01,INVREC00942,1,HIL-001,Power Tools,9,Unit,21292.55,0,0,0,191632.91,PO-2024-1405,9,Matched,Validated automatically.
2043,INVREC00942-02,INVREC00942,2,HIL-002,Anchoring Systems,18,Box,3823.66,0,0,0,68825.9,PO-2024-1405,18,Matched,Ready for payment.
2044,INVREC00943-01,INVREC00943,1,ATT-001,Phone Services,77,Line,1609.02,0,10,12389.43,123894.28,PO-2026-0193,77,Matched,Ready for payment.
2045,INVREC00943-02,INVREC00943,2,ATT-002,Internet Services,12,Month,17576.27,14764.07,10,21091.52,210915.26,PO-2026-0193,12,Matched,Three-way match completed.
2046,INVREC00944-01,INVREC00944,1,ABCD-200,Industrial Fasteners,59,Box,3444.26,0,10,20321.16,203211.63,PO-2025-0578,59,Matched,Goods receipt confirmed.
2047,INVREC00944-02,INVREC00944,2,ABCD-300,Packaging Film,31,Roll,5971.09,0,10,18510.37,185103.67,PO-2025-0578,31,Matched,Goods receipt confirmed.
2048,INVREC00945-01,INVREC00945,1,TIM-002,Lubrication Systems,2,Unit,84074.1,0,20,33629.64,168148.2,PO-2024-1226,2,Matched,Validated automatically.
2049,INVREC00945-02,INVREC00945,2,TIM-001,Bearings,35,Unit,5698.05,0,20,39886.32,199431.58,PO-2024-1226,35,Matched,Three-way match completed.
2050,INVREC00946-01,INVREC00946,1,SFS-001,CRM License,93,User,1999.78,0,20,37195.97,185979.85,PO-2023-0718,93,Matched,Three-way match completed.
2051,INVREC00946-02,INVREC00946,2,SFS-002,Sales Cloud,42,User,4142.41,0,20,34796.23,173981.15,PO-2023-0718,42,Matched,Validated automatically.
2052,INVREC00947-01,INVREC00947,1,ELT-002,Facility Maintenance,7,Hour,19749.56,0,18,24884.44,138246.89,PO-2026-0656,5,Awaiting Approval,Pending goods receipt confirmation.
2053,INVREC00947-02,INVREC00947,2,ELT-001,Janitorial Services,18,Visit,6572.63,0,18,21295.34,118307.43,PO-2026-0656,16,Awaiting Approval,Pending goods receipt confirmation.
2054,INVREC00948-01,INVREC00948,1,TMO-002,IoT Services,300,Device,45.3,0,5,679.47,13589.47,PO-2023-0097,300,Matched,Three-way match completed.
2055,INVREC00948-02,INVREC00948,2,TMO-001,Mobile Plans,51,Line,264.67,0,5,674.91,13498.27,PO-2023-0097,51,Matched,Validated automatically.
2056,INVREC00949-01,INVREC00949,1,BAI-001,Strategy Services,21,Hour,760.98,0,20,3196.11,15980.53,PO-2024-0052,21,Matched,Successfully matched against PO.
2057,INVREC00949-02,INVREC00949,2,BAI-002,Due Diligence,1,Project,19176.63,0,20,3835.33,19176.63,PO-2024-0052,1,Matched,Ready for payment.
2058,INVREC00950-01,INVREC00950,1,MCD-001,Catering Services,2,Event,101214.83,0,20,40485.93,202429.66,PO-2026-0551,2,Matched,Ready for payment.
2059,INVREC00951-01,INVREC00951,1,ATL-001,Air Cargo Charter,2,Flight,57431.55,0,20,22972.62,114863.09,PO-2023-0301,2,Matched,Successfully matched against PO.
2060,INVREC00952-01,INVREC00952,1,MIC-002,Fleet Services,12,Month,17474.57,18872.53,5,9541.12,209694.83,PO-2023-1438,12,Matched,Goods receipt confirmed.
2061,INVREC00952-02,INVREC00952,2,MIC-001,Truck Tires,21,Unit,12999.95,0,5,14593.57,272998.94,PO-2023-1438,21,Matched,Successfully matched against PO.
2062,INVREC00953-01,INVREC00953,1,CHR-001,Freight Brokerage,1,Shipment,219310.36,0,10,21931.04,219310.36,PO-2026-1252,1,Matched,Goods receipt confirmed.
2063,INVREC00953-02,INVREC00953,2,CHR-002,Warehousing,15,Pallet,15092.33,0,10,22638.49,226384.89,PO-2026-1252,15,Matched,Ready for payment.
2064,INVREC00954-01,INVREC00954,1,ATL-001,Air Cargo Charter,2,Flight,57431.55,0,20,22972.62,114863.09,PO-2023-0301,2,Matched,Goods receipt confirmed.
2065,INVREC00955-01,INVREC00955,1,ZF-002,Industrial Drives,2,Unit,41961.33,0,18,15106.08,83922.65,PO-2026-1178,2,Matched,Validated automatically.
2066,INVREC00955-02,INVREC00955,2,ZF-001,Automotive Components,2,Unit,43438.84,0,18,15637.98,86877.67,PO-2026-1178,2,Matched,Ready for payment.
2067,INVREC00956-01,INVREC00956,1,SPG-002,Ratings Services,2,Project,42019.91,4201.99,20,15967.57,84039.82,PO-2025-1030,2,Matched,Validated automatically.
2068,INVREC00956-02,INVREC00956,2,SPG-001,Market Data Subscription,4,Month,44079.71,0,20,36104.16,176318.85,PO-2025-1030,4,Matched,Ready for payment.
2069,INVREC00957-01,INVREC00957,1,SAMI-01,Consulting Services,8,Hour,19092.81,0,5,7637.13,152742.5,PO-2024-0917,8,Matched,Ready for payment.
2070,INVREC00957-02,INVREC00957,2,SAMI-02,Design Work,8,Hour,14001.4,0,5,5600.56,112011.16,PO-2024-0917,8,Matched,Three-way match completed.
2071,INVREC00958-01,INVREC00958,1,SAP-001,ERP License,29,User,2997.49,0,10,8692.72,86927.22,PO-2024-0632,29,Matched,Matched to purchase order.
2072,INVREC00958-02,INVREC00958,2,SAP-002,Implementation Services,18,Hour,7167.68,0,10,12901.83,129018.29,PO-2024-0632,18,Matched,Goods receipt confirmed.
2073,INVREC00959-01,INVREC00959,1,IR-001,Compressed Air Systems,2,Unit,61631.66,0,0,0,123263.31,PO-2023-0388,2,Matched,Goods receipt confirmed.
2074,INVREC00959-02,INVREC00959,2,IR-002,Air Tools,6,Unit,18413.41,3314.41,0,0,110480.45,PO-2023-0388,6,Matched,Matched to purchase order.
2075,INVREC00960-01,INVREC00960,1,FAS-001,Industrial Fasteners,25,Box,4386.3,0,0,0,109657.51,PO-2023-1271,25,Matched,Ready for payment.
2076,INVREC00960-02,INVREC00960,2,FAS-002,Safety Supplies,49,Unit,2651.06,0,0,0,129901.97,PO-2023-1271,49,Matched,Validated automatically.
2077,INVREC00961-01,INVREC00961,1,MAK-001,Power Tools,9,Unit,16514.01,0,20,29725.21,148626.05,PO-2023-0580,9,Matched,Validated automatically.
2078,INVREC00961-02,INVREC00961,2,MAK-002,Accessories,10,Box,26676.47,0,20,53352.94,266764.7,PO-2023-0580,10,Matched,Matched to purchase order.
2079,INVREC00962-01,INVREC00962,1,UNI-002,Protective Gear,12,Unit,3199.81,0,10,3839.77,38397.7,PO-2024-0404,12,Matched,Goods receipt confirmed.
2080,INVREC00962-02,INVREC00962,2,UNI-001,Work Uniforms,60,Month,261.39,0,10,1568.36,15683.57,PO-2024-0404,60,Matched,Matched to purchase order.
2081,INVREC00963-01,INVREC00963,1,WMI-002,Recycling Services,12,Month,14955.05,0,18,32302.91,179460.63,PO-2026-0094,12,Matched,Ready for payment.
2082,INVREC00963-02,INVREC00963,2,WMI-001,Waste Collection,1,Month,165460.15,0,18,29782.83,165460.15,PO-2026-0094,1,Matched,Validated automatically.
2083,INVREC00964-01,INVREC00964,1,WWG-001,MRO Supplies,50,Box,2322.68,0,20,23226.82,116134.11,PO-2026-0491,50,Matched,Three-way match completed.
2084,INVREC00964-02,INVREC00964,2,WWG-002,HVAC Parts,19,Unit,10379.41,0,20,39441.77,197208.87,PO-2026-0491,19,Matched,Validated automatically.
2085,INVREC00965-01,INVREC00965,1,NH-001,Strategic Consulting,16,Hour,17325.41,19404.46,20,51560.43,277206.63,PO-2024-0002,16,Matched,Goods receipt confirmed.
2086,INVREC00965-02,INVREC00965,2,NH-002,Market Analysis,2,Project,101240.68,0,20,44377.17,202481.36,PO-2024-0002,2,Matched,Validated automatically.
2087,INVREC00966-01,INVREC00966,1,ACC-002,Systems Integration,1,Project,35981.16,0,10,3598.12,35981.16,PO-2025-1301,1,Matched,Three-way match completed.
2088,INVREC00966-02,INVREC00966,2,ACC-001,Technology Consulting,11,Hour,4906.52,0,10,5397.17,53971.74,PO-2025-1301,11,Matched,Ready for payment.
2089,INVREC00967-01,INVREC00967,1,TMO-002,IoT Services,448,Device,292.92,0,0,0,131227.86,PO-2024-0978,448,Matched,Validated automatically.
2090,INVREC00967-02,INVREC00967,2,TMO-001,Mobile Plans,52,Line,1554.55,0,0,0,80836.36,PO-2024-0978,52,Matched,Goods receipt confirmed.
2091,INVREC00968-01,INVREC00968,1,TYC-001,Fire Protection Systems,1,Unit,10131.61,0,18,1823.69,10131.61,PO-2026-1436,1,Matched,Validated automatically.
2092,INVREC00968-02,INVREC00968,2,TYC-002,Building Safety,1,System,5377.54,0,18,967.96,5377.54,PO-2026-1436,1,Matched,Goods receipt confirmed.
2093,INVREC00969-01,INVREC00969,1,DELL-KB,Keyboard,13,Unit,3511.66,0,5,2282.58,45651.64,PO-2025-1423,13,Matched,Three-way match completed.
2094,INVREC00969-02,INVREC00969,2,DELL-MON,"24"" Monitor",11,Unit,4150.15,0,5,2282.58,45651.64,PO-2025-1423,11,Matched,Three-way match completed.
2095,INVREC00970-01,INVREC00970,1,HPE-001,Server,2,Unit,72038.91,0,20,28815.56,144077.82,PO-2023-0313,2,Matched,Goods receipt confirmed.
2096,INVREC00970-02,INVREC00970,2,HPE-002,Storage Array,5,Unit,52202.11,0,20,52202.11,261010.54,PO-2023-0313,5,Matched,Goods receipt confirmed.
2097,INVREC00971-01,INVREC00971,1,DHL-FUEL,Fuel Surcharge,1,Percent,121014.57,0,5,6050.73,121014.57,PO-2025-0637,1,Matched,Validated automatically.
2098,INVREC00971-02,INVREC00971,2,DHL-INT,International Shipping,3,Shipment,74680.17,0,5,11202.03,224040.5,PO-2025-0637,3,Matched,Successfully matched against PO.
2099,INVREC00971-03,INVREC00971,3,DHL-EXP,Express Delivery,1,Shipment,88307.93,0,5,4415.4,88307.93,PO-2025-0637,1,Matched,Validated automatically.
2100,INVREC00972-01,INVREC00972,1,TIM-001,Bearings,30,Unit,1758.65,0,20,10551.91,52759.57,PO-2024-1153,30,Matched,Goods receipt confirmed.
2101,INVREC00972-02,INVREC00972,2,TIM-002,Lubrication Systems,8,Unit,4912.56,0,20,7860.1,39300.5,PO-2024-1153,8,Matched,Ready for payment.
2102,INVREC00973-01,INVREC00973,1,HIL-001,Power Tools,3,Unit,59850.22,0,20,35910.13,179550.65,PO-2025-1160,3,Matched,Matched to purchase order.
2103,INVREC00973-02,INVREC00973,2,HIL-002,Anchoring Systems,8,Box,28655.96,0,20,45849.54,229247.7,PO-2025-1160,8,Matched,Validated automatically.
2104,INVREC00974-01,INVREC00974,1,KUN-001,Supply Chain Management,1,Month,258531.85,0,5,12926.59,258531.85,PO-2026-0112,1,Matched,Validated automatically.
2105,INVREC00974-02,INVREC00974,2,KUN-002,Air Freight,1,Shipment,231521.06,0,5,11576.05,231521.06,PO-2026-0112,1,Matched,Validated automatically.
2106,INVREC00975-01,INVREC00975,1,BCG-001,Management Consulting,10,Hour,16239.11,0,20,32478.22,162391.11,PO-2024-1333,10,Matched,Matched to purchase order.
2107,INVREC00975-02,INVREC00975,2,BCG-002,Operations Improvement,1,Project,212709.49,0,20,42541.9,212709.49,PO-2024-1333,1,Matched,Ready for payment.
2108,INVREC00976-01,INVREC00976,1,HIL-001,Power Tools,2,Unit,45821.46,0,0,0,91642.91,PO-2024-1405,2,Matched,Validated automatically.
2109,INVREC00976-02,INVREC00976,2,HIL-002,Anchoring Systems,6,Box,28135.98,0,0,0,168815.9,PO-2024-1405,6,Matched,Goods receipt confirmed.
2110,INVREC00977-01,INVREC00977,1,UNI-001,Work Uniforms,13,Month,18985.38,0,18,44425.79,246809.93,PO-2025-0959,13,Matched,Ready for payment.
2111,INVREC00977-02,INVREC00977,2,UNI-002,Protective Gear,14,Unit,11632.93,0,18,29314.97,162860.97,PO-2025-0959,14,Matched,Validated automatically.
2112,INVREC00978-01,INVREC00978,1,BAL-001,Electric Motors,9,Unit,27532.22,0,0,0,247790,PO-2023-1155,9,Matched,Validated automatically.
2113,INVREC00978-02,INVREC00978,2,BAL-002,Drives,3,Unit,68437.24,0,0,0,205311.72,PO-2023-1155,3,Matched,Validated automatically.
2114,INVREC00979-01,INVREC00979,1,SAMI-01,Consulting Services,2,Hour,93096.27,16757.33,20,33887.04,186192.54,PO-2025-1115,2,Matched,Goods receipt confirmed.
2115,INVREC00979-02,INVREC00979,2,SAMI-02,Design Work,8,Hour,27637.96,0,20,47572.2,221103.65,PO-2025-1115,8,Matched,Matched to purchase order.
2116,INVREC00980-01,INVREC00980,1,SCH-002,Electrical Components,11,Unit,7494.8,0,5,4122.14,82442.81,PO-2026-0856,11,Matched,Ready for payment.
2117,INVREC00980-02,INVREC00980,2,SCH-001,Energy Management,1,System,67696.94,0,5,3384.85,67696.94,PO-2026-0856,1,Matched,Matched to purchase order.
2118,INVREC00981-01,INVREC00981,1,WWG-002,HVAC Parts,5,Unit,3313.81,0,18,2982.43,16569.04,PO-2024-0848,5,Matched,Matched to purchase order.
2119,INVREC00981-02,INVREC00981,2,WWG-001,MRO Supplies,15,Box,1858.54,0,18,5018.05,27878.06,PO-2024-0848,15,Matched,Ready for payment.
2120,INVREC00982-01,INVREC00982,1,SPG-002,Ratings Services,2,Project,12245.4,0,5,1224.54,24490.8,PO-2023-0093,2,Matched,Goods receipt confirmed.
2121,INVREC00982-02,INVREC00982,2,SPG-001,Market Data Subscription,4,Month,3800.3,0,5,760.06,15201.19,PO-2023-0093,4,Matched,Validated automatically.
2122,INVREC00983-01,INVREC00983,1,HIL-001,Power Tools,5,Unit,11031.6,0,10,5515.8,55157.98,PO-2026-1012,5,Matched,Goods receipt confirmed.
2123,INVREC00983-02,INVREC00983,2,HIL-002,Anchoring Systems,13,Box,6193.69,0,10,8051.8,80517.96,PO-2026-1012,13,Matched,Matched to purchase order.
2124,INVREC00984-01,INVREC00984,1,HPE-001,Server,9,Unit,30681.62,0,18,49704.22,276134.54,PO-2025-0891,9,Matched,Ready for payment.
2125,INVREC00984-02,INVREC00984,2,HPE-002,Storage Array,3,Unit,52131.6,0,18,28151.06,156394.79,PO-2025-0891,3,Matched,Matched to purchase order.
2126,INVREC00985-01,INVREC00985,1,THO-001,Legal Research Software,12,User,6923.86,0,5,4154.32,83086.36,PO-2023-1362,12,Matched,Successfully matched against PO.
2127,INVREC00985-02,INVREC00985,2,THO-002,Tax Software,6,User,18568.54,0,5,5570.56,111411.26,PO-2023-1362,6,Matched,Goods receipt confirmed.
2128,INVREC00986-01,INVREC00986,1,SEC-002,Access Control Systems,5,Unit,34617.1,12115.98,10,16096.95,173085.48,PO-2024-0943,5,Matched,Successfully matched against PO.
2129,INVREC00986-02,INVREC00986,2,SEC-001,Security Guard Services,119,Hour,1388.88,0,10,17739.31,165277.12,PO-2024-0943,119,Matched,Ready for payment.
2130,INVREC00987-01,INVREC00987,1,SNA-002,Diagnostic Equipment,4,Unit,56695.9,13607.02,20,42635.32,226783.61,PO-2025-0510,4,Matched,Successfully matched against PO.
2131,INVREC00987-02,INVREC00987,2,SNA-001,Hand Tools,16,Unit,9501.24,10641.38,20,33125.36,152019.78,PO-2025-0510,16,Matched,Ready for payment.
2132,INVREC00988-01,INVREC00988,1,SNA-002,Diagnostic Equipment,2,Unit,100251.64,0,10,20050.33,200503.27,PO-2024-1150,2,Matched,Validated automatically.
2133,INVREC00988-02,INVREC00988,2,SNA-001,Hand Tools,18,Unit,6950.02,0,10,12510.03,125100.33,PO-2024-1150,18,Matched,Three-way match completed.
2134,INVREC00989-01,INVREC00989,1,CUM-001,Engine Parts,4,Unit,36981.41,0,0,0,147925.62,PO-2026-0537,4,Matched,Validated automatically.
2135,INVREC00989-02,INVREC00989,2,CUM-002,Generators,3,Unit,20906.82,0,0,0,62720.46,PO-2026-0537,3,Matched,Validated automatically.
2136,INVREC00990-01,INVREC00990,1,MAK-001,Power Tools,4,Unit,1310.01,0,10,524,5240.04,PO-2025-0104,4,Awaiting Approval,Pending goods receipt confirmation.
2137,INVREC00990-02,INVREC00990,2,MAK-002,Accessories,30,Box,180.8,271.2,10,542.39,5423.91,PO-2025-0104,24,Awaiting Approval,Pending goods receipt confirmation.
2138,INVREC00991-01,INVREC00991,1,FED-002,International Freight,4,Shipment,46467.71,0,5,9293.54,185870.83,PO-2026-0571,4,Matched,Successfully matched against PO.
2139,INVREC00991-02,INVREC00991,2,FED-001,Express Shipping,8,Shipment,29599.29,0,5,11839.72,236794.35,PO-2026-0571,8,Matched,Validated automatically.
2140,INVREC00992-01,INVREC00992,1,BCG-001,Management Consulting,13,Hour,13902.38,0,5,9036.54,180730.88,PO-2023-1255,13,Matched,Validated automatically.
2141,INVREC00992-02,INVREC00992,2,BCG-002,Operations Improvement,1,Project,133787.8,0,5,6689.39,133787.8,PO-2023-1255,1,Matched,Matched to purchase order.
2142,INVREC00993-01,INVREC00993,1,IBM-002,Consulting Services,14,Hour,13968.21,0,20,39110.97,195554.87,PO-2026-0777,14,Matched,Goods receipt confirmed.
2143,INVREC00993-02,INVREC00993,2,IBM-001,Mainframe Hardware,1,Unit,242962.12,0,20,48592.42,242962.12,PO-2026-0777,1,Matched,Goods receipt confirmed.
2144,INVREC00994-01,INVREC00994,1,SFS-002,Sales Cloud,41,User,4980.09,0,18,36753.09,204183.84,PO-2026-0030,41,Matched,Matched to purchase order.
2145,INVREC00994-02,INVREC00994,2,SFS-001,CRM License,27,User,8538.15,0,18,41495.43,230530.15,PO-2026-0030,27,Matched,Validated automatically.
2146,INVREC00995-01,INVREC00995,1,ABB-001,Power Automation,3,Unit,38737.49,0,10,11621.25,116212.48,PO-2026-0961,3,Matched,Matched to purchase order.
2147,INVREC00995-02,INVREC00995,2,ABB-002,Drives & Motors,10,Unit,7558.54,0,10,7558.54,75585.35,PO-2026-0961,10,Matched,Validated automatically.
2148,INVREC00996-01,INVREC00996,1,ABCD-200,Industrial Fasteners,27,Box,7831.94,0,5,10573.12,211462.46,PO-2025-1011,27,Matched,Successfully matched against PO.
2149,INVREC00996-02,INVREC00996,2,ABCD-300,Packaging Film,52,Roll,4066.59,0,5,10573.12,211462.47,PO-2025-1011,52,Matched,Goods receipt confirmed.
2150,INVREC00997-01,INVREC00997,1,MCK-001,Strategy Consulting,36,Hour,5194.81,0,0,0,187013.09,PO-2025-0336,36,Matched,Ready for payment.
2151,INVREC00997-02,INVREC00997,2,MCK-002,Market Research,1,Project,175176.81,7007.07,0,0,175176.81,PO-2025-0336,1,Matched,Matched to purchase order.
2152,INVREC00998-01,INVREC00998,1,CIN-002,Floor Mats,37,Month,5449.21,0,18,36291.72,201620.67,PO-2025-0155,37,Matched,Three-way match completed.
2153,INVREC00998-02,INVREC00998,2,CIN-001,Uniforms Rental,76,Month,3563.6,0,18,48750.07,270833.74,PO-2025-0155,76,Matched,Matched to purchase order.
2154,INVREC00999-01,INVREC00999,1,WMI-001,Waste Collection,2,Month,90602.14,0,5,9060.21,181204.27,PO-2024-1428,2,Matched,Ready for payment.
2155,INVREC00999-02,INVREC00999,2,WMI-002,Recycling Services,2,Month,52347.9,0,5,5234.79,104695.8,PO-2024-1428,2,Matched,Goods receipt confirmed.
2156,INVREC01000-01,INVREC01000,1,BAL-001,Electric Motors,4,Unit,23354.87,0,18,16815.5,93419.47,PO-2025-0467,4,Matched,Goods receipt confirmed.
2157,INVREC01000-02,INVREC01000,2,BAL-002,Drives,2,Unit,68835.41,0,18,24780.75,137670.81,PO-2025-0467,2,Matched,Ready for payment.
2158,INVREC01001-01,INVREC01001,1,EMR-002,Valves & Actuators,4,Unit,11550.56,0,0,0,46202.24,PO-2024-0509,4,Matched,Goods receipt confirmed.
2159,INVREC01001-02,INVREC01001,2,EMR-001,Process Control,2,Unit,17476.5,0,0,0,34953,PO-2024-0509,2,Matched,Successfully matched against PO.
2160,INVREC01002-01,INVREC01002,1,ALP-001,Heavy Machinery,1,Unit,174893.4,0,10,17489.34,174893.4,PO-2026-1176,1,Matched,Three-way match completed.
2161,INVREC01002-02,INVREC01002,2,ALP-002,Spare Parts,9,Box,14849.44,0,10,13364.5,133644.95,PO-2026-1176,9,Matched,Successfully matched against PO.
2162,INVREC01003-01,INVREC01003,1,VMW-002,Support Services,3,Year,109741.81,0,5,16461.27,329225.42,PO-2023-1006,3,Matched,Matched to purchase order.
2163,INVREC01003-02,INVREC01003,2,VMW-001,vSphere License,19,CPU,8911.36,0,5,8465.8,169315.93,PO-2023-1006,19,Matched,Ready for payment.
2164,INVREC01004-01,INVREC01004,1,VER-001,Mobile Services,18,Line,10692.31,0,20,38492.33,192461.64,PO-2023-1225,18,Matched,Matched to purchase order.
2165,INVREC01004-02,INVREC01004,2,VER-002,Data Services,7,Month,25058.3,0,20,35081.61,175408.07,PO-2023-1225,7,Matched,Successfully matched against PO.
2166,INVREC01005-01,INVREC01005,1,MCK-002,Market Research,1,Project,168418.3,0,0,0,168418.3,PO-2025-0336,1,Matched,Matched to purchase order.
2167,INVREC01005-02,INVREC01005,2,MCK-001,Strategy Consulting,49,Hour,3954.52,0,0,0,193771.6,PO-2025-0336,49,Matched,Goods receipt confirmed.
2168,INVREC01006-01,INVREC01006,1,JCI-002,Building Automation,1,System,173521.91,0,0,0,173521.91,PO-2026-0234,1,Matched,Successfully matched against PO.
2169,INVREC01006-02,INVREC01006,2,JCI-001,HVAC System,3,Unit,85689.83,0,0,0,257069.5,PO-2026-0234,3,Matched,Validated automatically.
2170,INVREC01007-01,INVREC01007,1,GOO-002,Retread Services,10,Unit,20381.4,0,5,10190.7,203813.95,PO-2024-1044,10,Matched,Three-way match completed.
2171,INVREC01007-02,INVREC01007,2,GOO-001,Commercial Tires,37,Unit,2512.64,0,5,4648.39,92967.76,PO-2024-1044,37,Matched,Goods receipt confirmed.
2172,INVREC01008-01,INVREC01008,1,BAL-002,Drives,4,Unit,40292.46,0,18,29010.57,161169.86,PO-2026-0813,4,Matched,Validated automatically.
2173,INVREC01008-02,INVREC01008,2,BAL-001,Electric Motors,1,Unit,235176.43,0,18,42331.76,235176.43,PO-2026-0813,1,Matched,Three-way match completed.
2174,INVREC01009-01,INVREC01009,1,EXP-001,Customs Clearance,4,Shipment,50217.09,0,10,20086.83,200868.34,PO-2023-1246,4,Matched,Goods receipt confirmed.
2175,INVREC01009-02,INVREC01009,2,EXP-002,International Logistics,2,Shipment,101537.84,0,10,20307.57,203075.68,PO-2023-1246,2,Matched,Goods receipt confirmed.
2176,INVREC01010-01,INVREC01010,1,SFS-001,CRM License,93,User,441.72,0,18,7394.34,41079.67,PO-2026-0448,93,Matched,Successfully matched against PO.
2177,INVREC01010-02,INVREC01010,2,SFS-002,Sales Cloud,37,User,1487.14,0,18,9904.35,55024.14,PO-2026-0448,37,Matched,Ready for payment.
2178,INVREC01011-01,INVREC01011,1,TYC-002,Building Safety,2,System,75578.1,0,0,0,151156.2,PO-2026-0174,2,Matched,Ready for payment.
2179,INVREC01011-02,INVREC01011,2,TYC-001,Fire Protection Systems,4,Unit,67363.09,10778.09,0,0,269452.37,PO-2026-0174,4,Matched,Three-way match completed.
2180,INVREC01012-01,INVREC01012,1,ADT-002,Alarm Systems,4,Unit,8040.68,0,5,1608.14,32162.71,PO-2026-0769,4,Matched,Matched to purchase order.
2181,INVREC01012-02,INVREC01012,2,ADT-001,Security Monitoring,5,Month,6678.06,0,5,1669.52,33390.3,PO-2026-0769,5,Matched,Validated automatically.
2182,INVREC01013-01,INVREC01013,1,PEN-001,Fleet Management,5,Month,22269.94,0,18,20042.95,111349.71,PO-2024-1248,4,Awaiting Approval,Pending goods receipt confirmation.
2183,INVREC01013-02,INVREC01013,2,PEN-002,Distribution Services,98,Pallet,2196.7,0,18,38749.7,215276.12,PO-2024-1248,74,Awaiting Approval,Pending goods receipt confirmation.
2184,INVREC01014-01,INVREC01014,1,PWC-001,Assurance Services,1,Project,213264.57,0,5,10663.23,213264.57,PO-2026-0987,1,Matched,Matched to purchase order.
2185,INVREC01014-02,INVREC01014,2,PWC-002,Advisory Services,23,Hour,4464.48,0,5,5134.15,102682.94,PO-2026-0987,23,Matched,Ready for payment.
2186,INVREC01015-01,INVREC01015,1,PAR-001,Hydraulic Components,15,Unit,8731.19,0,18,23574.2,130967.79,PO-2023-1476,15,Matched,Successfully matched against PO.
2187,INVREC01015-02,INVREC01015,2,PAR-002,Seals & Gaskets,11,Box,19893.84,0,18,39389.81,218832.26,PO-2023-1476,11,Matched,Successfully matched against PO.
2188,INVREC01016-01,INVREC01016,1,GE-001,Power Generation,1,Unit,7304.18,292.17,20,1402.4,7304.18,PO-2026-1022,1,Matched,Successfully matched against PO.
2189,INVREC01016-02,INVREC01016,2,GE-002,Medical Equipment,3,Unit,2796.92,755.17,20,1736.59,8390.76,PO-2026-1022,3,Matched,Ready for payment.
2190,INVREC01017-01,INVREC01017,1,SNA-001,Hand Tools,6,Unit,31628.16,0,10,18976.9,189768.97,PO-2024-1150,6,Matched,Three-way match completed.
2191,INVREC01017-02,INVREC01017,2,SNA-002,Diagnostic Equipment,1,Unit,135834.63,0,10,13583.46,135834.63,PO-2024-1150,1,Matched,Successfully matched against PO.
2192,INVREC01018-01,INVREC01018,1,DELL-KB,Keyboard,31,Unit,1204.88,0,5,1867.57,37351.34,PO-2025-1423,31,Matched,Three-way match completed.
2193,INVREC01018-02,INVREC01018,2,DELL-LAT,Latitude Laptop,1,Unit,53951.94,4316.16,5,2697.59,53951.94,PO-2025-1423,1,Matched,Ready for payment.
2194,INVREC01019-01,INVREC01019,1,BAI-001,Strategy Services,17,Hour,9658.64,0,20,32839.39,164196.95,PO-2024-1194,11,Vendor Mismatch,Vendor does not match purchase order.
2195,INVREC01019-02,INVREC01019,2,BAI-002,Due Diligence,1,Project,85472.39,4273.62,20,17094.48,85472.39,PO-2024-1194,1,Missing PO,Invoice has no purchase order.
2196,INVREC01020-01,INVREC01020,1,VMW-002,Support Services,2,Year,19253.99,0,5,1925.4,38507.97,PO-2025-0614,2,Matched,Ready for payment.
2197,INVREC01020-02,INVREC01020,2,VMW-001,vSphere License,11,CPU,6764.91,6697.26,5,3720.7,74414.04,PO-2025-0614,11,Matched,Successfully matched against PO.
2198,INVREC01021-01,INVREC01021,1,BBY-001,Television,4,Unit,2093.7,0,10,837.48,8374.78,PO-2026-1105,4,Matched,Successfully matched against PO.
2199,INVREC01021-02,INVREC01021,2,BBY-002,Audio System,5,Unit,1144.16,171.62,10,572.08,5720.8,PO-2026-1105,5,Matched,Goods receipt confirmed.
2200,INVREC01022-01,INVREC01022,1,SAMI-02,Design Work,3,Hour,83811.16,0,10,25143.35,251433.47,PO-2023-1335,3,Matched,Goods receipt confirmed.
2201,INVREC01022-02,INVREC01022,2,SAMI-01,Consulting Services,9,Hour,13478.4,0,10,12130.56,121305.62,PO-2023-1335,9,Matched,Three-way match completed.
2202,INVREC01023-01,INVREC01023,1,ECO-001,Cleaning Chemicals,13,Case,8000.81,0,0,0,104010.53,PO-2024-0276,13,Matched,Ready for payment.
2203,INVREC01023-02,INVREC01023,2,ECO-002,Sanitation Services,4,Month,10082.66,0,0,0,40330.62,PO-2024-0276,4,Matched,Successfully matched against PO.
2204,INVREC01024-01,INVREC01024,1,IR-002,Air Tools,9,Unit,6746.72,0,5,3036.02,60720.47,PO-2023-1137,9,Matched,Matched to purchase order.
2205,INVREC01024-02,INVREC01024,2,IR-001,Compressed Air Systems,3,Unit,31774.87,0,5,4766.23,95324.61,PO-2023-1137,3,Matched,Matched to purchase order.
2206,INVREC01025-01,INVREC01025,1,BAL-002,Drives,4,Unit,21664.72,0,18,15598.59,86658.86,PO-2025-0467,4,Awaiting Approval,Pending goods receipt confirmation.
2207,INVREC01025-02,INVREC01025,2,BAL-001,Electric Motors,6,Unit,24071.9,0,18,25997.66,144431.42,PO-2025-0467,5,Awaiting Approval,Pending goods receipt confirmation.
2208,INVREC01026-01,INVREC01026,1,ACC-002,Systems Integration,1,Project,30051.79,0,0,0,30051.79,PO-2026-1302,1,Matched,Matched to purchase order.
2209,INVREC01026-02,INVREC01026,2,ACC-001,Technology Consulting,18,Hour,1817.48,0,0,0,32714.61,PO-2026-1302,18,Matched,Three-way match completed.
2210,INVREC01027-01,INVREC01027,1,MAE-002,Freight Forwarding,3,Shipment,35479.74,0,18,19159.06,106439.23,PO-2023-0478,3,Matched,Three-way match completed.
2211,INVREC01027-02,INVREC01027,2,MAE-001,Container Shipping,1,Container,178543.22,0,18,32137.78,178543.22,PO-2023-0478,1,Matched,Successfully matched against PO.
2212,INVREC01028-01,INVREC01028,1,MSC-002,Abrasives,40,Box,5120.56,0,18,36868.06,204822.53,PO-2025-0003,40,Matched,Validated automatically.
2213,INVREC01028-02,INVREC01028,2,MSC-001,Metalworking Tools,17,Unit,7887.79,0,18,24136.64,134092.45,PO-2025-0003,17,Matched,Validated automatically.
2214,INVREC01029-01,INVREC01029,1,MIC-001,Truck Tires,18,Unit,12627.74,0,0,0,227299.38,PO-2023-0247,18,Matched,Ready for payment.
2215,INVREC01029-02,INVREC01029,2,MIC-002,Fleet Services,8,Month,24659.84,0,0,0,197278.71,PO-2023-0247,8,Matched,Goods receipt confirmed.
2216,INVREC01030-01,INVREC01030,1,SEC-001,Security Guard Services,57,Hour,3346.83,0,5,9538.47,190769.37,PO-2025-0070,57,Matched,Matched to purchase order.
2217,INVREC01030-02,INVREC01030,2,SEC-002,Access Control Systems,6,Unit,23467.66,0,5,7040.3,140805.96,PO-2025-0070,6,Matched,Validated automatically.
2218,INVREC01031-01,INVREC01031,1,LNV-001,ThinkPad Laptop,13,Unit,16264.1,0,5,10571.67,211433.32,PO-2026-1197,13,Matched,Validated automatically.
2219,INVREC01031-02,INVREC01031,2,LNV-002,Desktop,1,Unit,250435.58,0,5,12521.78,250435.58,PO-2026-1197,1,Matched,Goods receipt confirmed.
2220,INVREC01032-01,INVREC01032,1,MIC-002,Fleet Services,11,Month,12462.4,0,20,27417.28,137086.39,PO-2025-0655,9,Awaiting Approval,Pending goods receipt confirmation.
2221,INVREC01032-02,INVREC01032,2,MIC-001,Truck Tires,9,Unit,27333.82,0,20,49200.87,246004.34,PO-2025-0655,7,Awaiting Approval,Pending goods receipt confirmation.
2222,INVREC01033-01,INVREC01033,1,MIC-001,Truck Tires,10,Unit,18789.97,5636.99,10,18226.27,187899.71,PO-2023-0232,10,Matched,Goods receipt confirmed.
2223,INVREC01033-02,INVREC01033,2,MIC-002,Fleet Services,12,Month,20152.82,0,10,24747.09,241833.88,PO-2023-0232,12,Matched,Matched to purchase order.
2224,INVREC01034-01,INVREC01034,1,ECO-001,Cleaning Chemicals,19,Case,9620.51,0,10,18278.97,182789.67,PO-2026-0469,19,Matched,Matched to purchase order.
2225,INVREC01034-02,INVREC01034,2,ECO-002,Sanitation Services,1,Month,123276.76,0,10,12327.68,123276.76,PO-2026-0469,1,Matched,Goods receipt confirmed.
2226,INVREC01035-01,INVREC01035,1,SAP-002,Implementation Services,37,Hour,2846.53,0,0,0,105321.63,PO-2026-0703,37,Matched,Goods receipt confirmed.
2227,INVREC01035-02,INVREC01035,2,SAP-001,ERP License,7,User,13971.24,0,0,0,97798.65,PO-2026-0703,7,Matched,Goods receipt confirmed.
2228,INVREC01036-01,INVREC01036,1,SOD-002,Catering,7,Event,33165.76,0,5,11608.02,232160.34,PO-2025-0911,5,Price Mismatch,Price differs from PO by 11%.
2229,INVREC01036-02,INVREC01036,2,SOD-001,Facility Management,11,Month,19270.23,0,5,10598.62,211972.48,PO-2025-0911,9,Quantity Mismatch,Quantity exceeds PO by 20%.
2230,INVREC01037-01,INVREC01037,1,FED-001,Express Shipping,8,Shipment,34231.27,0,18,49293.03,273850.15,PO-2024-0765,8,Matched,Ready for payment.
2231,INVREC01037-02,INVREC01037,2,FED-002,International Freight,1,Shipment,213473.74,0,18,38425.27,213473.74,PO-2024-0765,1,Matched,Ready for payment.
2232,INVREC01038-01,INVREC01038,1,FAS-001,Industrial Fasteners,36,Box,788.02,0,20,5673.72,28368.61,PO-2024-0265,23,Quantity Mismatch,Quantity exceeds PO by 34%.
2233,INVREC01038-02,INVREC01038,2,FAS-002,Safety Supplies,21,Unit,828.7,0,20,3480.52,17402.6,PO-2024-0265,17,Quantity Mismatch,Quantity exceeds PO by 19%.
2234,INVREC01039-01,INVREC01039,1,KMB-002,Sanitary Products,6,Case,41249.1,0,5,12374.73,247494.59,PO-2024-0665,6,Matched,Validated automatically.
2235,INVREC01039-02,INVREC01039,2,KMB-001,Paper Towels,38,Case,4219.7,0,5,8017.43,160348.61,PO-2024-0665,38,Matched,Validated automatically.
2236,INVREC01040-01,INVREC01040,1,BAI-002,Due Diligence,1,Project,131835.93,0,10,13183.59,131835.93,PO-2026-1121,1,Matched,Matched to purchase order.
2237,INVREC01040-02,INVREC01040,2,BAI-001,Strategy Services,18,Hour,13389.59,24101.26,10,24101.26,241012.56,PO-2026-1121,18,Matched,Successfully matched against PO.
2238,INVREC01041-01,INVREC01041,1,MSC-001,Metalworking Tools,19,Unit,4921.13,0,0,0,93501.38,PO-2025-0969,19,Matched,Validated automatically.
2239,INVREC01041-02,INVREC01041,2,MSC-002,Abrasives,17,Box,7912.4,0,0,0,134510.75,PO-2025-0969,17,Matched,Matched to purchase order.
2240,INVREC01042-01,INVREC01042,1,IBM-002,Consulting Services,26,Hour,8574.35,0,20,44586.64,222933.22,PO-2026-0777,26,Matched,Goods receipt confirmed.
2241,INVREC01042-02,INVREC01042,2,IBM-001,Mainframe Hardware,2,Unit,107791.89,12935.03,20,43116.76,215583.77,PO-2026-0777,2,Matched,Goods receipt confirmed.
2242,INVREC01043-01,INVREC01043,1,SNA-002,Diagnostic Equipment,2,Unit,100389.59,0,20,40155.84,200779.18,PO-2025-0510,2,Matched,Successfully matched against PO.
2243,INVREC01043-02,INVREC01043,2,SNA-001,Hand Tools,17,Unit,10472.01,0,20,35604.84,178024.21,PO-2025-0510,17,Matched,Three-way match completed.
2244,INVREC01044-01,INVREC01044,1,HIL-002,Anchoring Systems,18,Box,11502.53,0,18,37268.18,207045.45,PO-2023-0274,18,Matched,Validated automatically.
2245,INVREC01044-02,INVREC01044,2,HIL-001,Power Tools,9,Unit,23005.05,0,18,37268.18,207045.46,PO-2023-0274,9,Matched,Goods receipt confirmed.
2246,INVREC01045-01,INVREC01045,1,BOS-002,Linear Motion,3,Unit,74000.08,0,0,0,222000.25,PO-2026-0592,3,Matched,Three-way match completed.
2247,INVREC01045-02,INVREC01045,2,BOS-001,Hydraulic Systems,3,Unit,87703.8,18417.8,0,0,263111.4,PO-2026-0592,3,Matched,Successfully matched against PO.
2248,INVREC01046-01,INVREC01046,1,ARA-001,Food Services,6,Month,11926.05,0,20,14311.26,71556.32,PO-2024-0488,6,Matched,Validated automatically.
2249,INVREC01046-02,INVREC01046,2,ARA-002,Vending Services,9,Month,3814.19,0,20,6865.54,34327.69,PO-2024-0488,9,Matched,Three-way match completed.
2250,INVREC01047-01,INVREC01047,1,SCH-001,Energy Management,1,System,135574.56,9490.22,10,12608.43,135574.56,PO-2024-0043,1,Matched,Goods receipt confirmed.
2251,INVREC01047-02,INVREC01047,2,SCH-002,Electrical Components,42,Unit,4024.99,0,10,17854,169049.76,PO-2024-0043,42,Matched,Validated automatically.
2252,INVREC01048-01,INVREC01048,1,IR-002,Air Tools,4,Unit,55577.4,0,10,22230.96,222309.59,PO-2023-0916,4,Matched,Validated automatically.
2253,INVREC01048-02,INVREC01048,2,IR-001,Compressed Air Systems,3,Unit,67310.4,0,10,20193.12,201931.21,PO-2023-0916,3,Matched,Successfully matched against PO.
2254,INVREC01049-01,INVREC01049,1,IBM-001,Mainframe Hardware,1,Unit,29832.33,2088.26,18,4993.93,29832.33,PO-2023-0195,1,Matched,Successfully matched against PO.
2255,INVREC01049-02,INVREC01049,2,IBM-002,Consulting Services,16,Hour,3962.11,0,18,11786.75,63393.69,PO-2023-0195,16,Matched,Three-way match completed.
2256,INVREC01050-01,INVREC01050,1,SIE-001,Industrial Automation,3,Unit,31544.07,0,18,17033.8,94632.22,PO-2023-1172,2,Awaiting Approval,Pending goods receipt confirmation.
2257,INVREC01050-02,INVREC01050,2,SIE-002,Electrical Equipment,3,Unit,44631.51,0,18,24101.02,133894.53,PO-2023-1172,3,Awaiting Approval,Pending goods receipt confirmation.
2258,INVREC01051-01,INVREC01051,1,BRI-002,Tire Services,11,Month,22387.97,0,5,12313.38,246267.64,PO-2025-1132,11,Matched,Goods receipt confirmed.
2259,INVREC01051-02,INVREC01051,2,BRI-001,Tires,18,Unit,11080.91,0,5,9972.82,199456.44,PO-2025-1132,18,Matched,Three-way match completed.
2260,INVREC01052-01,INVREC01052,1,DELL-KB,Keyboard,10,Unit,3794.96,0,20,7589.93,37949.64,PO-2024-0281,8,Awaiting Approval,Pending goods receipt confirmation.
2261,INVREC01052-02,INVREC01052,2,DELL-DOCK,Docking Station,5,Unit,15882.62,0,20,15882.62,79413.12,PO-2024-0281,4,Awaiting Approval,Pending goods receipt confirmation.
2262,INVREC01052-03,INVREC01052,3,DELL-LAT,Latitude Laptop,6,Unit,10073.05,0,20,12087.66,60438.31,PO-2024-0281,5,Awaiting Approval,Pending goods receipt confirmation.
2263,INVREC01053-01,INVREC01053,1,ABB-001,Power Automation,3,Unit,27553.54,0,18,14878.91,82660.61,PO-2026-0812,3,Matched,Successfully matched against PO.
2264,INVREC01053-02,INVREC01053,2,ABB-002,Drives & Motors,5,Unit,17854.69,0,18,16069.22,89273.46,PO-2026-0812,5,Matched,Validated automatically.
2265,INVREC01054-01,INVREC01054,1,WMI-002,Recycling Services,12,Month,16392.35,0,18,35407.48,196708.2,PO-2023-0842,12,Matched,Validated automatically.
2266,INVREC01054-02,INVREC01054,2,WMI-001,Waste Collection,9,Month,32784.7,0,18,53111.22,295062.31,PO-2023-0842,9,Matched,Successfully matched against PO.
2267,INVREC01055-01,INVREC01055,1,SKF-002,Seals,10,Box,15009.35,0,5,7504.67,150093.46,PO-2023-0884,10,Matched,Goods receipt confirmed.
2268,INVREC01055-02,INVREC01055,2,SKF-001,Industrial Bearings,18,Unit,6891.34,0,5,6202.21,124044.19,PO-2023-0884,18,Matched,Three-way match completed.
2269,INVREC01056-01,INVREC01056,1,HPE-002,Storage Array,5,Unit,34181.17,0,0,0,170905.83,PO-2025-0464,5,Matched,Matched to purchase order.
2270,INVREC01056-02,INVREC01056,2,HPE-001,Server,10,Unit,15510.78,0,0,0,155107.82,PO-2025-0464,10,Matched,Three-way match completed.
2271,INVREC01057-01,INVREC01057,1,ELT-001,Janitorial Services,18,Visit,4023.86,0,10,7242.95,72429.47,PO-2024-1360,18,Matched,Successfully matched against PO.
2272,INVREC01057-02,INVREC01057,2,ELT-002,Facility Maintenance,31,Hour,1879.31,0,10,5825.85,58258.49,PO-2024-1360,31,Matched,Validated automatically.
2273,INVREC01058-01,INVREC01058,1,ARA-001,Food Services,11,Month,7981.12,0,18,15802.61,87792.27,PO-2026-0681,11,Matched,Goods receipt confirmed.
2274,INVREC01058-02,INVREC01058,2,ARA-002,Vending Services,3,Month,33272.87,0,18,17967.35,99818.61,PO-2026-0681,3,Matched,Validated automatically.
2275,INVREC01059-01,INVREC01059,1,SEC-001,Security Guard Services,101,Hour,1922.85,0,18,34957.37,194207.61,PO-2025-0696,101,Matched,Matched to purchase order.
2276,INVREC01059-02,INVREC01059,2,SEC-002,Access Control Systems,9,Unit,24775.46,0,18,40136.24,222979.1,PO-2025-0696,9,Matched,Ready for payment.
2277,INVREC01060-01,INVREC01060,1,OFW-CABIN,Filing Cabinet,4,Unit,4153.44,0,18,2990.48,16613.75,PO-2023-0496,4,Matched,Matched to purchase order.
2278,INVREC01060-02,INVREC01060,2,OFW-DESK,Standing Desk,6,Unit,4454.41,0,18,4810.76,26726.47,PO-2023-0496,6,Matched,Successfully matched against PO.
2279,INVREC01061-01,INVREC01061,1,MOD-001,Office Desk,4,Unit,53746.32,0,10,21498.53,214985.28,PO-2025-1367,4,Matched,Successfully matched against PO.
2280,INVREC01061-02,INVREC01061,2,MOD-002,Office Chair,6,Unit,42913.73,0,10,25748.24,257482.36,PO-2025-1367,6,Matched,Three-way match completed.
2281,INVREC01062-01,INVREC01062,1,MOD-002,Office Chair,8,Unit,26408.09,6337.94,20,40985.36,211264.72,PO-2026-1189,8,Matched,Three-way match completed.
2282,INVREC01062-02,INVREC01062,2,MOD-001,Office Desk,4,Unit,51708.15,0,20,42634.1,206832.59,PO-2026-1189,4,Matched,Three-way match completed.
2283,INVREC01063-01,INVREC01063,1,ELT-002,Facility Maintenance,23,Hour,7832.47,0,20,36029.37,180146.87,PO-2023-0920,19,Awaiting Approval,Pending goods receipt confirmation.
2284,INVREC01063-02,INVREC01063,2,ELT-001,Janitorial Services,16,Visit,17741.74,0,20,56773.56,283867.8,PO-2023-0920,12,Awaiting Approval,Pending goods receipt confirmation.
2285,INVREC01064-01,INVREC01064,1,BBY-002,Audio System,2,Unit,94394.85,0,5,9439.49,188789.7,PO-2024-0749,2,Matched,Goods receipt confirmed.
2286,INVREC01064-02,INVREC01064,2,BBY-001,Television,1,Unit,79125.1,0,5,3956.26,79125.1,PO-2024-0749,1,Matched,Successfully matched against PO.
2287,INVREC01065-01,INVREC01065,1,CMX-001,Broadband Internet,3,Month,42758.39,0,0,0,128275.17,PO-2023-1207,3,Matched,Ready for payment.
2288,INVREC01065-02,INVREC01065,2,CMX-002,Voice Services,47,Line,3957.43,0,0,0,185999,PO-2023-1207,47,Matched,Three-way match completed.
2289,INVREC01066-01,INVREC01066,1,BBY-001,Television,2,Unit,40045.1,0,5,4004.51,80090.2,PO-2026-1064,2,Matched,Matched to purchase order.
2290,INVREC01066-02,INVREC01066,2,BBY-002,Audio System,6,Unit,24789.83,0,5,7436.95,148738.95,PO-2026-1064,6,Matched,Three-way match completed.
2291,INVREC01067-01,INVREC01067,1,JCI-001,HVAC System,1,Unit,72172.7,0,5,3608.64,72172.7,PO-2025-0438,1,Matched,Successfully matched against PO.
2292,INVREC01067-02,INVREC01067,2,JCI-002,Building Automation,1,System,64530.89,3226.54,5,3226.54,64530.89,PO-2025-0438,1,Matched,Ready for payment.
2293,INVREC01068-01,INVREC01068,1,CIS-002,Switch,7,Unit,21413.83,0,18,26981.43,149896.82,PO-2026-1280,7,Matched,Ready for payment.
2294,INVREC01068-02,INVREC01068,2,CIS-001,Network Router,8,Unit,17194.05,0,18,24759.43,137552.38,PO-2026-1280,8,Matched,Successfully matched against PO.
2295,INVREC01068-03,INVREC01068,3,CIS-003,Firewall,3,Unit,70539.68,0,18,38091.43,211619.05,PO-2026-1280,3,Matched,Successfully matched against PO.
2296,INVREC01069-01,INVREC01069,1,DEL-002,Tax Consulting,19,Hour,4018.42,7634.99,18,12368.69,76349.92,PO-2024-1170,19,Matched,Goods receipt confirmed.
2297,INVREC01069-02,INVREC01069,2,DEL-001,Audit Services,1,Project,89513.69,0,18,17486.76,89513.69,PO-2024-1170,1,Matched,Validated automatically.
2298,INVREC01070-01,INVREC01070,1,UNI-001,Work Uniforms,82,Month,2824.96,0,18,41696.35,231646.37,PO-2025-0959,82,Matched,Validated automatically.
2299,INVREC01070-02,INVREC01070,2,UNI-002,Protective Gear,29,Unit,6138.78,0,18,32044.42,178024.53,PO-2025-0959,29,Matched,Ready for payment.
2300,INVREC01071-01,INVREC01071,1,CUM-001,Engine Parts,2,Unit,32498.66,0,0,0,64997.32,PO-2024-1348,2,Matched,Validated automatically.
2301,INVREC01071-02,INVREC01071,2,CUM-002,Generators,3,Unit,33509.73,5026.46,0,0,100529.2,PO-2024-1348,3,Matched,Goods receipt confirmed.
2302,INVREC01072-01,INVREC01072,1,CAT-002,Spare Parts,9,Box,14943.1,0,5,6724.39,134487.86,PO-2024-0056,9,Matched,Matched to purchase order.
2303,INVREC01072-02,INVREC01072,2,CAT-001,Construction Equipment,2,Unit,67878.31,0,5,6787.83,135756.62,PO-2024-0056,2,Matched,Successfully matched against PO.
2304,INVREC01073-01,INVREC01073,1,JLL-001,Property Management,1,Month,12466.63,0,20,2493.33,12466.63,PO-2026-1124,1,Matched,Validated automatically.
2305,INVREC01073-02,INVREC01073,2,JLL-002,Leasing Services,1,Project,20427.24,0,20,4085.45,20427.24,PO-2026-1124,1,Matched,Successfully matched against PO.
2306,INVREC01074-01,INVREC01074,1,PWC-002,Advisory Services,29,Hour,4028.94,0,10,11683.94,116839.38,PO-2024-0511,29,Matched,Validated automatically.
2307,INVREC01074-02,INVREC01074,2,PWC-001,Assurance Services,1,Project,152004.62,0,10,15200.46,152004.62,PO-2024-0511,1,Matched,Successfully matched against PO.
2308,INVREC01075-01,INVREC01075,1,EMR-001,Process Control,3,Unit,14702.04,0,0,0,44106.11,PO-2024-0509,3,Matched,Successfully matched against PO.
2309,INVREC01075-02,INVREC01075,2,EMR-002,Valves & Actuators,4,Unit,9262.28,0,0,0,37049.13,PO-2024-0509,4,Matched,Validated automatically.
2310,INVREC01076-01,INVREC01076,1,SCH-002,Electrical Components,28,Unit,4377.56,0,18,22062.91,122571.72,PO-2024-0776,28,Matched,Successfully matched against PO.
2311,INVREC01076-02,INVREC01076,2,SCH-001,Energy Management,1,System,152386.47,0,18,27429.56,152386.47,PO-2024-0776,1,Matched,Goods receipt confirmed.
2312,INVREC01077-01,INVREC01077,1,DEL-002,Tax Consulting,29,Hour,10646.3,0,10,30874.27,308742.73,PO-2023-1034,29,Matched,Successfully matched against PO.
2313,INVREC01077-02,INVREC01077,2,DEL-001,Audit Services,1,Project,187930.36,0,10,18793.04,187930.36,PO-2023-1034,1,Matched,Three-way match completed.
2314,INVREC01078-01,INVREC01078,1,SUM-001,Software License,31,User,3225.14,0,18,17996.3,99979.42,PO-2023-0737,31,Matched,Matched to purchase order.
2315,INVREC01078-02,INVREC01078,2,SUM-002,Implementation Service,49,Hour,1331.63,0,18,11744.95,65249.72,PO-2023-0737,49,Matched,Matched to purchase order.
2316,INVREC01079-01,INVREC01079,1,HPE-001,Server,3,Unit,47058.52,0,0,0,141175.55,PO-2025-0464,3,Matched,Goods receipt confirmed.
2317,INVREC01079-02,INVREC01079,2,HPE-002,Storage Array,1,Unit,184838.1,0,0,0,184838.1,PO-2025-0464,1,Matched,Three-way match completed.
2318,INVREC01080-01,INVREC01080,1,ECO-001,Cleaning Chemicals,14,Case,13827.18,13550.63,10,18002.99,193580.48,PO-2026-0469,14,Matched,Successfully matched against PO.
2319,INVREC01080-02,INVREC01080,2,ECO-002,Sanitation Services,1,Month,112485.95,0,10,12603.65,112485.95,PO-2026-0469,1,Matched,Successfully matched against PO.
2320,INVREC01081-01,INVREC01081,1,EXP-001,Customs Clearance,1,Shipment,63735.81,0,0,0,63735.81,PO-2023-0164,1,Matched,Successfully matched against PO.
2321,INVREC01081-02,INVREC01081,2,EXP-002,International Logistics,1,Shipment,158201.4,0,0,0,158201.4,PO-2023-0164,1,Matched,Matched to purchase order.
2322,INVREC01082-01,INVREC01082,1,NH-001,Strategic Consulting,10,Hour,13277.01,0,10,13277.01,132770.05,PO-2024-1089,10,Matched,Ready for payment.
2323,INVREC01082-02,INVREC01082,2,NH-002,Market Analysis,1,Project,113960.96,0,10,11396.1,113960.96,PO-2024-1089,1,Matched,Three-way match completed.
2324,INVREC01083-01,INVREC01083,1,BBY-001,Television,1,Unit,113041.52,0,20,22608.3,113041.52,PO-2026-0956,1,Matched,Goods receipt confirmed.
2325,INVREC01083-02,INVREC01083,2,BBY-002,Audio System,6,Unit,40410.98,21821.93,20,48493.18,242465.88,PO-2026-0956,6,Matched,Goods receipt confirmed.
2326,INVREC01084-01,INVREC01084,1,GAT-002,Hydraulic Hose,96,Foot,176.91,0,20,3396.76,16983.8,PO-2023-0143,96,Matched,Successfully matched against PO.
2327,INVREC01084-02,INVREC01084,2,GAT-001,Power Transmission Belts,39,Unit,613.63,0,20,4786.34,23931.71,PO-2023-0143,39,Matched,Validated automatically.
2328,INVREC01085-01,INVREC01085,1,HPE-001,Server,8,Unit,17872.71,0,18,25736.7,142981.68,PO-2024-0845,8,Matched,Three-way match completed.
2329,INVREC01085-02,INVREC01085,2,HPE-002,Storage Array,2,Unit,95321.12,0,18,34315.6,190642.24,PO-2024-0845,2,Matched,Ready for payment.
2330,INVREC01086-01,INVREC01086,1,ALP-002,Spare Parts,5,Box,35082.05,0,10,17541.03,175410.27,PO-2024-1268,5,Matched,Successfully matched against PO.
2331,INVREC01086-02,INVREC01086,2,ALP-001,Heavy Machinery,2,Unit,84456.8,0,10,16891.36,168913.6,PO-2024-1268,2,Matched,Ready for payment.
2332,INVREC01087-01,INVREC01087,1,ABCD-100,Steel Coils,13,Ton,5236.56,0,5,3403.76,68075.23,PO-2023-0805,13,Matched,Goods receipt confirmed.
2333,INVREC01087-02,INVREC01087,2,ABCD-200,Industrial Fasteners,195,Box,342.87,0,5,3342.98,66859.6,PO-2023-0805,195,Matched,Validated automatically.
2334,INVREC01087-03,INVREC01087,3,ABCD-300,Packaging Film,25,Roll,1969.32,0,5,2461.65,49232.98,PO-2023-0805,25,Matched,Three-way match completed.
2335,INVREC01088-01,INVREC01088,1,TMO-002,IoT Services,366,Device,28.16,0,0,0,10306.99,PO-2023-0646,366,Matched,Matched to purchase order.
2336,INVREC01088-02,INVREC01088,2,TMO-001,Mobile Plans,88,Line,104.33,0,0,0,9181.01,PO-2023-0646,88,Matched,Validated automatically.
2337,INVREC01089-01,INVREC01089,1,CIN-001,Uniforms Rental,79,Month,1287.7,0,5,5086.43,101728.67,PO-2024-1345,79,Matched,Validated automatically.
2338,INVREC01089-02,INVREC01089,2,CIN-002,Floor Mats,37,Month,1576.59,0,5,2916.7,58333.93,PO-2024-1345,37,Matched,Successfully matched against PO.
2339,INVREC01090-01,INVREC01090,1,AMZ-ADAPT,Ethernet Adapter,28,Each,5012.58,0,20,28070.43,140352.13,PO-2026-1162,28,Matched,Matched to purchase order.
2340,INVREC01090-02,INVREC01090,2,AMZ-HDMI,HDMI Cable,31,Each,3178.87,0,20,19709.02,98545.11,PO-2026-1162,31,Matched,Validated automatically.
2341,INVREC01090-03,INVREC01090,3,AMZ-STAND,Laptop Stand,13,Each,6967.84,0,20,18116.37,90581.87,PO-2026-1162,13,Matched,Ready for payment.
2342,INVREC01091-01,INVREC01091,1,ACC-002,Systems Integration,1,Project,81346.4,0,20,16269.28,81346.4,PO-2023-0660,1,Price Mismatch,Price differs from PO by 6%.
2343,INVREC01091-02,INVREC01091,2,ACC-001,Technology Consulting,48,Hour,1542.95,0,20,14812.33,74061.64,PO-2023-0660,42,Price Mismatch,Price differs from PO by 17%.
2344,INVREC01092-01,INVREC01092,1,SAMI-01,Consulting Services,2,Hour,94406.28,0,5,9440.63,188812.55,PO-2026-0999,2,Matched,Ready for payment.
2345,INVREC01092-02,INVREC01092,2,SAMI-02,Design Work,7,Hour,15644.47,0,5,5475.56,109511.28,PO-2026-0999,7,Matched,Successfully matched against PO.
2346,INVREC01093-01,INVREC01093,1,LNV-002,Desktop,5,Unit,938.95,0,5,234.74,4694.74,PO-2024-0935,5,Matched,Successfully matched against PO.
2347,INVREC01093-02,INVREC01093,2,LNV-001,ThinkPad Laptop,16,Unit,407.74,0,5,326.19,6523.87,PO-2024-0935,16,Matched,Goods receipt confirmed.
2348,INVREC01094-01,INVREC01094,1,SEC-002,Access Control Systems,4,Unit,27532.95,0,0,0,110131.8,PO-2026-1474,4,Matched,Ready for payment.
2349,INVREC01094-02,INVREC01094,2,SEC-001,Security Guard Services,95,Hour,1639.39,0,0,0,155741.94,PO-2026-1474,95,Matched,Three-way match completed.
2350,INVREC01095-01,INVREC01095,1,VGT-002,Network Switch,10,Unit,4142.82,0,0,0,41428.23,PO-2026-1343,10,Matched,Successfully matched against PO.
2351,INVREC01095-02,INVREC01095,2,VGT-001,Server Equipment,3,Unit,20714.11,0,0,0,62142.34,PO-2026-1343,3,Matched,Goods receipt confirmed.
2352,INVREC01095-03,INVREC01095,3,VGT-003,Storage Array,2,Unit,16801.45,0,0,0,33602.89,PO-2026-1343,2,Matched,Goods receipt confirmed.
2353,INVREC01096-01,INVREC01096,1,NH-001,Strategic Consulting,6,Hour,31240.92,7497.82,0,0,187445.54,PO-2023-0574,6,Matched,Ready for payment.
2354,INVREC01096-02,INVREC01096,2,NH-002,Market Analysis,2,Project,130718.61,0,0,0,261437.21,PO-2023-0574,2,Matched,Three-way match completed.
2355,INVREC01097-01,INVREC01097,1,PWC-002,Advisory Services,30,Hour,4025.65,0,0,0,120769.51,PO-2026-0343,30,Matched,Three-way match completed.
2356,INVREC01097-02,INVREC01097,2,PWC-001,Assurance Services,1,Project,212993.49,0,0,0,212993.49,PO-2026-0343,1,Matched,Matched to purchase order.
2357,INVREC01098-01,INVREC01098,1,BBY-001,Television,1,Unit,96072.49,0,20,19214.5,96072.49,PO-2026-0310,1,Matched,Validated automatically.
2358,INVREC01098-02,INVREC01098,2,BBY-002,Audio System,6,Unit,14291.78,0,20,17150.13,85750.66,PO-2026-0310,6,Matched,Ready for payment.
2359,INVREC01099-01,INVREC01099,1,IR-001,Compressed Air Systems,4,Unit,33500.34,0,5,6700.07,134001.36,PO-2023-1103,3,Vendor Mismatch,Vendor does not match purchase order.
2360,INVREC01099-02,INVREC01099,2,IR-002,Air Tools,11,Unit,15574.38,0,5,8565.91,171318.2,PO-2023-1103,7,Quantity Mismatch,Quantity exceeds PO by 25%.
2361,INVREC01100-01,INVREC01100,1,GAT-002,Hydraulic Hose,278,Foot,431.83,0,0,0,120049.18,PO-2024-0190,278,Matched,Goods receipt confirmed.
2362,INVREC01100-02,INVREC01100,2,GAT-001,Power Transmission Belts,47,Unit,1154.96,0,0,0,54283.11,PO-2024-0190,47,Matched,Ready for payment.
2363,INVREC01101-01,INVREC01101,1,BBY-001,Television,4,Unit,55167.25,0,5,11033.45,220669,PO-2023-0966,4,Matched,Successfully matched against PO.
2364,INVREC01101-02,INVREC01101,2,BBY-002,Audio System,1,Unit,243991.74,0,5,12199.59,243991.74,PO-2023-0966,1,Matched,Three-way match completed.
2365,INVREC01102-01,INVREC01102,1,IBM-002,Consulting Services,28,Hour,2849.6,0,5,3989.44,79788.7,PO-2026-1217,28,Matched,Validated automatically.
2366,INVREC01102-02,INVREC01102,2,IBM-001,Mainframe Hardware,1,Unit,56786.56,0,5,2839.33,56786.56,PO-2026-1217,1,Matched,Matched to purchase order.
2367,INVREC01103-01,INVREC01103,1,ALP-002,Spare Parts,8,Box,19593.89,0,5,7837.55,156751.09,PO-2026-0120,8,Matched,Successfully matched against PO.
2368,INVREC01103-02,INVREC01103,2,ALP-001,Heavy Machinery,1,Unit,273729.52,0,5,13686.48,273729.52,PO-2026-0120,1,Matched,Goods receipt confirmed.
2369,INVREC01104-01,INVREC01104,1,APP-003,iPhone,24,Unit,2146.52,0,18,9272.97,51516.5,PO-2025-1049,24,Matched,Ready for payment.
2370,INVREC01104-02,INVREC01104,2,APP-001,MacBook Pro,3,Unit,13684.07,0,18,7389.4,41052.21,PO-2025-1049,3,Matched,Goods receipt confirmed.
2371,INVREC01104-03,INVREC01104,3,APP-002,iPad,13,Unit,8482.89,0,18,19849.95,110277.52,PO-2025-1049,13,Matched,Successfully matched against PO.
2372,INVREC01105-01,INVREC01105,1,HIL-001,Power Tools,9,Unit,6219.47,0,0,0,55975.26,PO-2024-0077,9,Matched,Validated automatically.
2373,INVREC01105-02,INVREC01105,2,HIL-002,Anchoring Systems,10,Box,3358.52,0,0,0,33585.15,PO-2024-0077,10,Matched,Goods receipt confirmed.
2374,INVREC01106-01,INVREC01106,1,SKF-002,Seals,20,Box,1141.75,0,18,4110.3,22835.01,PO-2025-1368,20,Matched,Three-way match completed.
2375,INVREC01106-02,INVREC01106,2,SKF-001,Industrial Bearings,43,Unit,804.38,0,18,6225.9,34588.32,PO-2025-1368,43,Matched,Goods receipt confirmed.
2376,INVREC01107-01,INVREC01107,1,DEL-001,Audit Services,1,Project,195764.33,0,0,0,195764.33,PO-2023-1396,1,Matched,Goods receipt confirmed.
2377,INVREC01107-02,INVREC01107,2,DEL-002,Tax Consulting,23,Hour,7993.9,0,0,0,183859.75,PO-2023-1396,23,Matched,Successfully matched against PO.
2378,INVREC01108-01,INVREC01108,1,FED-001,Express Shipping,9,Shipment,18208.57,0,10,16387.71,163877.1,PO-2026-0049,9,Matched,Ready for payment.
2379,INVREC01108-02,INVREC01108,2,FED-002,International Freight,5,Shipment,22562.79,0,10,11281.39,112813.94,PO-2026-0049,5,Matched,Goods receipt confirmed.
2380,INVREC01109-01,INVREC01109,1,QL-002,Courier Services,79,Package,1418.88,0,0,0,112091.65,PO-2025-0479,79,Matched,Goods receipt confirmed.
2381,INVREC01109-02,INVREC01109,2,QL-001,Domestic Freight,28,Pallet,9711.64,0,0,0,271926.05,PO-2025-0479,28,Matched,Successfully matched against PO.
2382,INVREC01110-01,INVREC01110,1,JCI-001,HVAC System,1,Unit,78412.71,0,20,15682.54,78412.71,PO-2024-0645,1,Matched,Successfully matched against PO.
2383,INVREC01110-02,INVREC01110,2,JCI-002,Building Automation,1,System,86167.81,0,20,17233.56,86167.81,PO-2024-0645,1,Matched,Ready for payment.
2384,INVREC01111-01,INVREC01111,1,REP-002,Dumpster Rental,6,Month,12498.96,0,0,0,74993.74,PO-2026-0358,6,Awaiting Approval,Pending goods receipt confirmation.
2385,INVREC01111-02,INVREC01111,2,REP-001,Trash Removal,11,Month,7061.1,0,0,0,77672.09,PO-2026-0358,10,Awaiting Approval,Pending goods receipt confirmation.
2386,INVREC01112-01,INVREC01112,1,EY-001,Financial Audit,1,Project,110439.57,0,10,11043.96,110439.57,PO-2023-0023,1,Matched,Matched to purchase order.
2387,INVREC01112-02,INVREC01112,2,EY-002,Risk Consulting,14,Hour,18876.15,15855.97,10,26426.61,264266.1,PO-2023-0023,14,Matched,Successfully matched against PO.
2388,INVREC01113-01,INVREC01113,1,LNV-001,ThinkPad Laptop,7,Unit,25946.95,0,0,0,181628.67,PO-2023-0199,7,Matched,Validated automatically.
2389,INVREC01113-02,INVREC01113,2,LNV-002,Desktop,13,Unit,14296.35,0,0,0,185852.59,PO-2023-0199,13,Matched,Matched to purchase order.
2390,INVREC01114-01,INVREC01114,1,GE-001,Power Generation,2,Unit,32235.21,0,10,6447.04,64470.41,PO-2023-0046,2,Matched,Validated automatically.
2391,INVREC01114-02,INVREC01114,2,GE-002,Medical Equipment,2,Unit,25282.52,0,10,5056.5,50565.03,PO-2023-0046,2,Matched,Three-way match completed.
2392,INVREC01115-01,INVREC01115,1,ABB-002,Drives & Motors,9,Unit,19644.15,12375.81,18,29595.87,176797.33,PO-2026-1088,9,Matched,Ready for payment.
2393,INVREC01115-02,INVREC01115,2,ABB-001,Power Automation,2,Unit,156907.63,0,18,58714.39,313815.25,PO-2026-1088,2,Matched,Ready for payment.
2394,INVREC01116-01,INVREC01116,1,VMW-002,Support Services,3,Year,94686.67,0,5,14203,284060.02,PO-2025-0061,3,Matched,Successfully matched against PO.
2395,INVREC01116-02,INVREC01116,2,VMW-001,vSphere License,19,CPU,10678.95,0,5,10145,202900.02,PO-2025-0061,19,Matched,Goods receipt confirmed.
2396,INVREC01117-01,INVREC01117,1,ARA-002,Vending Services,12,Month,6889.18,0,0,0,82670.2,PO-2023-0026,12,Matched,Validated automatically.
2397,INVREC01117-02,INVREC01117,2,ARA-001,Food Services,12,Month,4629.53,0,0,0,55554.38,PO-2023-0026,12,Matched,Ready for payment.
2398,INVREC01118-01,INVREC01118,1,MCM-002,Hardware,18,Each,2836.9,5106.42,18,8272.4,51064.17,PO-2025-0762,18,Matched,Validated automatically.
2399,INVREC01118-02,INVREC01118,2,MCM-001,Fasteners,74,Box,561.52,0,18,8398.55,41552.21,PO-2025-0762,74,Matched,Matched to purchase order.
2400,INVREC01119-01,INVREC01119,1,JCI-001,HVAC System,5,Unit,3078.32,0,10,1539.16,15391.62,PO-2025-0680,5,Matched,Goods receipt confirmed.
2401,INVREC01119-02,INVREC01119,2,JCI-002,Building Automation,1,System,22114.4,442.29,10,2211.44,22114.4,PO-2025-0680,1,Matched,Validated automatically.
2402,INVREC01120-01,INVREC01120,1,MOD-001,Office Desk,5,Unit,22752.3,0,20,22752.3,113761.49,PO-2025-1388,5,Matched,Three-way match completed.
2403,INVREC01120-02,INVREC01120,2,MOD-002,Office Chair,11,Unit,6483.02,0,20,14262.63,71313.17,PO-2025-1388,11,Matched,Matched to purchase order.
2404,INVREC01121-01,INVREC01121,1,VGT-001,Server Equipment,3,Unit,20013.15,0,0,0,60039.44,PO-2026-1343,3,Matched,Matched to purchase order.
2405,INVREC01121-02,INVREC01121,2,VGT-003,Storage Array,3,Unit,13064.14,2743.47,0,0,39192.42,PO-2026-1343,3,Matched,Successfully matched against PO.
2406,INVREC01121-03,INVREC01121,3,VGT-002,Network Switch,10,Unit,3794.16,0,0,0,37941.6,PO-2026-1343,10,Matched,Validated automatically.
2407,INVREC01122-01,INVREC01122,1,IR-001,Compressed Air Systems,3,Unit,17538.19,1578.44,20,10207.23,52614.58,PO-2023-0454,3,Matched,Matched to purchase order.
2408,INVREC01122-02,INVREC01122,2,IR-002,Air Tools,5,Unit,11942.68,0,20,12258.36,59713.38,PO-2023-0454,5,Matched,Three-way match completed.
2409,INVREC01123-01,INVREC01123,1,MCM-002,Hardware,38,Each,4546.91,0,10,17278.26,172782.59,PO-2023-1017,38,Matched,Matched to purchase order.
2410,INVREC01123-02,INVREC01123,2,MCM-001,Fasteners,59,Box,3792.67,0,10,22376.76,223767.61,PO-2023-1017,59,Matched,Matched to purchase order.
2411,INVREC01124-01,INVREC01124,1,MSC-001,Metalworking Tools,7,Unit,9036.39,3162.74,20,12018.4,63254.72,PO-2026-1477,7,Matched,Validated automatically.
2412,INVREC01124-02,INVREC01124,2,MSC-002,Abrasives,45,Box,871.51,0,20,8476.13,39217.92,PO-2026-1477,45,Matched,Matched to purchase order.
2413,INVREC01125-01,INVREC01125,1,ELT-002,Facility Maintenance,14,Hour,17574.39,0,10,24604.14,246041.44,PO-2024-0624,14,Matched,Matched to purchase order.
2414,INVREC01125-02,INVREC01125,2,ELT-001,Janitorial Services,18,Visit,12028.69,0,10,21651.65,216516.47,PO-2024-0624,18,Matched,Three-way match completed.
2415,INVREC01126-01,INVREC01126,1,EY-002,Risk Consulting,10,Hour,5103.9,0,0,0,51038.99,PO-2024-0383,10,Matched,Matched to purchase order.
2416,INVREC01126-02,INVREC01126,2,EY-001,Financial Audit,1,Project,86887.8,0,0,0,86887.8,PO-2024-0383,1,Matched,Goods receipt confirmed.
2417,INVREC01127-01,INVREC01127,1,THO-001,Legal Research Software,15,User,6826.65,0,18,18431.95,102399.73,PO-2024-0546,15,Matched,Matched to purchase order.
2418,INVREC01127-02,INVREC01127,2,THO-002,Tax Software,2,User,101052.37,0,18,36378.85,202104.74,PO-2024-0546,2,Matched,Matched to purchase order.
2419,INVREC01128-01,INVREC01128,1,ABB-002,Drives & Motors,2,Unit,56459.93,6775.19,0,0,112919.86,PO-2024-0705,2,Matched,Three-way match completed.
2420,INVREC01128-02,INVREC01128,2,ABB-001,Power Automation,1,Unit,264927.37,0,0,0,264927.37,PO-2024-0705,1,Matched,Ready for payment.
2421,INVREC01129-01,INVREC01129,1,IBM-001,Mainframe Hardware,1,Unit,101064.23,0,0,0,101064.23,PO-2023-1164,1,Matched,Matched to purchase order.
2422,INVREC01129-02,INVREC01129,2,IBM-002,Consulting Services,25,Hour,3738.29,7476.58,0,0,93457.24,PO-2023-1164,25,Matched,Ready for payment.
2423,INVREC01130-01,INVREC01130,1,CAT-001,Construction Equipment,2,Unit,77219.63,0,18,27799.07,154439.25,PO-2025-0420,2,Matched,Ready for payment.
2424,INVREC01130-02,INVREC01130,2,CAT-002,Spare Parts,7,Box,31666.54,0,18,39899.84,221665.75,PO-2025-0420,7,Matched,Goods receipt confirmed.
2425,INVREC01131-01,INVREC01131,1,REG-001,Motion Control,4,Unit,69920.2,0,20,55936.16,279680.8,PO-2023-1445,4,Matched,Three-way match completed.
2426,INVREC01131-02,INVREC01131,2,REG-002,Power Transmission,6,Unit,30274.73,0,20,36329.67,181648.35,PO-2023-1445,6,Matched,Successfully matched against PO.
2427,INVREC01132-01,INVREC01132,1,REG-001,Motion Control,1,Unit,37621.02,0,20,7524.2,37621.02,PO-2026-0860,1,Matched,Successfully matched against PO.
2428,INVREC01132-02,INVREC01132,2,REG-002,Power Transmission,10,Unit,7597.97,0,20,15195.94,75979.71,PO-2026-0860,10,Matched,Ready for payment.
2429,INVREC01133-01,INVREC01133,1,IMP-001,Container Freight,2,Container,95571.93,0,0,0,191143.85,PO-2025-0919,1,Awaiting Approval,Pending goods receipt confirmation.
2430,INVREC01133-02,INVREC01133,2,IMP-002,Customs Brokerage,2,Shipment,94703.09,0,0,0,189406.17,PO-2025-0919,2,Awaiting Approval,Pending goods receipt confirmation.
2431,INVREC01134-01,INVREC01134,1,EMR-002,Valves & Actuators,11,Unit,8763.79,0,20,19280.33,96401.64,PO-2024-0424,11,Matched,Ready for payment.
2432,INVREC01134-02,INVREC01134,2,EMR-001,Process Control,4,Unit,33296.62,0,20,26637.3,133186.48,PO-2024-0424,4,Matched,Three-way match completed.
2433,INVREC01135-01,INVREC01135,1,PWC-001,Assurance Services,1,Project,106956.02,0,10,10695.6,106956.02,PO-2023-0843,1,Matched,Goods receipt confirmed.
2434,INVREC01135-02,INVREC01135,2,PWC-002,Advisory Services,13,Hour,8513.06,4426.79,10,11066.98,110669.78,PO-2023-0843,13,Matched,Matched to purchase order.
2435,INVREC01136-01,INVREC01136,1,ARA-002,Vending Services,11,Month,22053.4,0,18,43665.73,242587.37,PO-2023-0322,11,Matched,Three-way match completed.
2436,INVREC01136-02,INVREC01136,2,ARA-001,Food Services,2,Month,121293.69,0,18,43665.73,242587.38,PO-2023-0322,2,Matched,Three-way match completed.
2437,INVREC01137-01,INVREC01137,1,DELL-MS,Mouse,21,Unit,1445.84,0,20,6072.52,30362.59,PO-2026-0485,21,Matched,Three-way match completed.
2438,INVREC01137-02,INVREC01137,2,DELL-DOCK,Docking Station,6,Unit,7785.28,0,20,9342.34,46711.68,PO-2026-0485,6,Matched,Successfully matched against PO.
2439,INVREC01137-03,INVREC01137,3,DELL-MON,"24"" Monitor",6,Unit,8044.79,0,20,9653.75,48268.74,PO-2026-0485,6,Matched,Goods receipt confirmed.
2440,INVREC01138-01,INVREC01138,1,MIC-001,Truck Tires,20,Unit,14147.44,0,10,28294.88,282948.83,PO-2025-0296,20,Matched,Matched to purchase order.
2441,INVREC01138-02,INVREC01138,2,MIC-002,Fleet Services,5,Month,26779.09,0,10,13389.54,133895.43,PO-2025-0296,5,Matched,Ready for payment.
2442,INVREC01139-01,INVREC01139,1,AMZ-USBH,USB Hub,17,Each,3834.77,0,20,13038.21,65191.05,PO-2026-1162,17,Matched,Ready for payment.
2443,INVREC01139-02,INVREC01139,2,AMZ-HDMI,HDMI Cable,16,Each,7322.98,0,20,23433.54,117167.71,PO-2026-1162,16,Matched,Matched to purchase order.
2444,INVREC01139-03,INVREC01139,3,AMZ-STAND,Laptop Stand,8,Each,8699.48,0,20,13919.17,69595.85,PO-2026-1162,8,Matched,Validated automatically.
2445,INVREC01139-04,INVREC01139,4,AMZ-ADAPT,Ethernet Adapter,21,Each,3691.64,0,20,15504.9,77524.5,PO-2026-1162,21,Matched,Ready for payment.
2446,INVREC01140-01,INVREC01140,1,HPE-001,Server,3,Unit,50010.69,0,18,27005.77,150032.06,PO-2024-0845,3,Matched,Goods receipt confirmed.
2447,INVREC01140-02,INVREC01140,2,HPE-002,Storage Array,2,Unit,91795.93,0,18,33046.53,183591.86,PO-2024-0845,2,Matched,Successfully matched against PO.
2448,INVREC01141-01,INVREC01141,1,FES-001,Pneumatic Systems,20,Unit,7203.75,10085.25,18,24118.16,144075.05,PO-2024-1277,20,Matched,Successfully matched against PO.
2449,INVREC01141-02,INVREC01141,2,FES-002,Valves,38,Unit,3307.43,0,18,24438.2,125682.49,PO-2024-1277,38,Matched,Validated automatically.
2450,INVREC01142-01,INVREC01142,1,EY-001,Financial Audit,1,Project,166371.56,0,20,33274.31,166371.56,PO-2025-0182,1,Matched,Matched to purchase order.
2451,INVREC01142-02,INVREC01142,2,EY-002,Risk Consulting,23,Hour,8325.4,3829.69,20,38296.85,191484.25,PO-2025-0182,23,Matched,Successfully matched against PO.
2452,INVREC01143-01,INVREC01143,1,HPE-001,Server,9,Unit,17441.06,15696.95,0,0,156969.54,PO-2025-0464,9,Matched,Ready for payment.
2453,INVREC01143-02,INVREC01143,2,HPE-002,Storage Array,4,Unit,42261.03,0,0,0,169044.11,PO-2025-0464,4,Matched,Successfully matched against PO.
2454,INVREC01144-01,INVREC01144,1,DELL-LAT,Latitude Laptop,10,Unit,16636.19,0,18,29945.14,166361.91,PO-2024-0010,10,Matched,Goods receipt confirmed.
2455,INVREC01144-02,INVREC01144,2,DELL-MS,Mouse,41,Unit,4113.96,0,18,30361.05,168672.49,PO-2024-0010,41,Matched,Ready for payment.
2456,INVREC01145-01,INVREC01145,1,ABB-001,Power Automation,4,Unit,1664.98,266.4,10,639.35,6659.9,PO-2026-0744,4,Matched,Ready for payment.
2457,INVREC01145-02,INVREC01145,2,ABB-002,Drives & Motors,3,Unit,1842.57,0,10,579.41,5527.72,PO-2026-0744,3,Matched,Goods receipt confirmed.
2458,INVREC01146-01,INVREC01146,1,ABB-001,Power Automation,2,Unit,98877.33,0,0,0,197754.66,PO-2023-0936,2,Matched,Successfully matched against PO.
2459,INVREC01146-02,INVREC01146,2,ABB-002,Drives & Motors,7,Unit,26335.37,0,0,0,184347.57,PO-2023-0936,7,Matched,Validated automatically.
2460,INVREC01147-01,INVREC01147,1,PIN-001,Financial Advisory,12,Hour,9975.66,0,5,5985.4,119707.97,PO-2025-1365,12,Matched,Goods receipt confirmed.
2461,INVREC01147-02,INVREC01147,2,PIN-002,Investment Services,1,Project,71824.78,0,5,3591.24,71824.78,PO-2025-1365,1,Matched,Matched to purchase order.
2462,INVREC01148-01,INVREC01148,1,LNV-002,Desktop,7,Unit,11030.77,1544.31,18,13620.8,77215.4,PO-2023-1429,7,Matched,Ready for payment.
2463,INVREC01148-02,INVREC01148,2,LNV-001,ThinkPad Laptop,17,Unit,4632.02,0,18,14451.97,78744.42,PO-2023-1429,17,Matched,Ready for payment.
2464,INVREC01149-01,INVREC01149,1,LNV-001,ThinkPad Laptop,16,Unit,5226.06,4180.85,18,14298.51,83617.01,PO-2023-1429,16,Matched,Three-way match completed.
2465,INVREC01149-02,INVREC01149,2,LNV-002,Desktop,3,Unit,24114.27,0,18,13774.26,72342.81,PO-2023-1429,3,Matched,Ready for payment.
2466,INVREC01150-01,INVREC01150,1,SEC-001,Security Guard Services,58,Hour,105.28,0,20,1221.3,6106.51,PO-2023-0788,58,Matched,Validated automatically.
2467,INVREC01150-02,INVREC01150,2,SEC-002,Access Control Systems,10,Unit,556.13,0,20,1112.26,5561.28,PO-2023-0788,10,Matched,Ready for payment.
2468,INVREC01151-01,INVREC01151,1,PEN-001,Fleet Management,9,Month,26384.87,0,20,47492.77,237463.84,PO-2024-0076,9,Matched,Goods receipt confirmed.
2469,INVREC01151-02,INVREC01151,2,PEN-002,Distribution Services,59,Pallet,1792.07,0,20,21146.41,105732.07,PO-2024-0076,59,Matched,Successfully matched against PO.
2470,INVREC01152-01,INVREC01152,1,MAK-002,Accessories,19,Box,4557.6,0,10,8659.44,86594.41,PO-2023-0390,19,Matched,Ready for payment.
2471,INVREC01152-02,INVREC01152,2,MAK-001,Power Tools,8,Unit,18942.53,0,10,15154.02,151540.23,PO-2023-0390,8,Matched,Matched to purchase order.
2472,INVREC01153-01,INVREC01153,1,VMW-002,Support Services,3,Year,41864.76,0,18,22606.97,125594.29,PO-2025-1392,3,Matched,Three-way match completed.
2473,INVREC01153-02,INVREC01153,2,VMW-001,vSphere License,9,CPU,10676.92,0,18,17296.61,96092.27,PO-2025-1392,9,Matched,Ready for payment.
2474,INVREC01154-01,INVREC01154,1,DELL-MON,"24"" Monitor",14,Unit,5961.03,1669.09,20,16357.06,83454.37,PO-2025-0315,14,Matched,Matched to purchase order.
2475,INVREC01154-02,INVREC01154,2,DELL-KB,Keyboard,48,Unit,697.9,0,20,6699.86,33499.29,PO-2025-0315,48,Matched,Goods receipt confirmed.
2476,INVREC01154-03,INVREC01154,3,DELL-MS,Mouse,50,Unit,1622.07,0,20,16220.71,81103.54,PO-2025-0315,50,Matched,Ready for payment.
2477,INVREC01154-04,INVREC01154,4,DELL-DOCK,Docking Station,13,Unit,5696.24,0,20,15144.02,74051.06,PO-2025-0315,13,Matched,Successfully matched against PO.
2478,INVREC01155-01,INVREC01155,1,WWG-002,HVAC Parts,15,Unit,13102.31,0,20,39306.93,196534.65,PO-2026-0491,15,Matched,Matched to purchase order.
2479,INVREC01155-02,INVREC01155,2,WWG-001,MRO Supplies,8,Box,14601.04,0,20,23361.67,116808.33,PO-2026-0491,8,Matched,Three-way match completed.
2480,INVREC01156-01,INVREC01156,1,BBY-001,Television,3,Unit,15212.41,0,5,2281.86,45637.22,PO-2024-0354,3,Matched,Three-way match completed.
2481,INVREC01156-02,INVREC01156,2,BBY-002,Audio System,5,Unit,15315.54,0,5,3828.89,76577.72,PO-2024-0354,5,Matched,Matched to purchase order.
2482,INVREC01157-01,INVREC01157,1,OFW-DESK,Standing Desk,6,Unit,25614.99,0,18,27664.19,153689.96,PO-2023-0145,6,Matched,Three-way match completed.
2483,INVREC01157-02,INVREC01157,2,OFW-BOOK,Bookshelf,2,Unit,44399.32,0,18,15983.76,88798.64,PO-2023-0145,2,Matched,Successfully matched against PO.
2484,INVREC01157-03,INVREC01157,3,OFW-CHAIR,Ergonomic Office Chair,6,Unit,21250.96,10200.46,18,21114.95,127505.74,PO-2023-0145,6,Matched,Matched to purchase order.
2485,INVREC01157-04,INVREC01157,4,OFW-CABIN,Filing Cabinet,4,Unit,29314.94,0,18,22942.83,117259.74,PO-2023-0145,4,Matched,Three-way match completed.
2486,INVREC01158-01,INVREC01158,1,WMI-002,Recycling Services,1,Month,141592.83,0,18,25486.71,141592.83,PO-2024-1418,1,Matched,Goods receipt confirmed.
2487,INVREC01158-02,INVREC01158,2,WMI-001,Waste Collection,11,Month,6725.95,0,18,13317.38,73985.45,PO-2024-1418,11,Matched,Matched to purchase order.
2488,INVREC01159-01,INVREC01159,1,SOD-001,Facility Management,1,Month,18540.48,0,5,927.02,18540.48,PO-2023-0985,1,Matched,Three-way match completed.
2489,INVREC01159-02,INVREC01159,2,SOD-002,Catering,5,Event,6158.09,1847.43,5,1539.53,30790.43,PO-2023-0985,5,Matched,Validated automatically.
2490,INVREC01160-01,INVREC01160,1,DEL-002,Tax Consulting,6,Hour,16270.43,0,18,17572.06,97622.58,PO-2024-1170,6,Matched,Goods receipt confirmed.
2491,INVREC01160-02,INVREC01160,2,DEL-001,Audit Services,1,Project,68241.03,0,18,12283.39,68241.03,PO-2024-1170,1,Matched,Matched to purchase order.
2492,INVREC01161-01,INVREC01161,1,QL-002,Courier Services,35,Package,1302.7,0,5,2279.72,45594.39,PO-2024-0311,35,Matched,Three-way match completed.
2493,INVREC01161-02,INVREC01161,2,QL-001,Domestic Freight,42,Pallet,1365.37,0,5,2867.28,57345.53,PO-2024-0311,42,Matched,Matched to purchase order.
2494,INVREC01162-01,INVREC01162,1,UPS-002,Supply Chain Services,3,Month,69389.61,0,18,37470.39,208168.84,PO-2023-0836,3,Matched,Goods receipt confirmed.
2495,INVREC01162-02,INVREC01162,2,UPS-001,Ground Shipping,100,Package,2851.91,0,18,51334.44,285191.31,PO-2023-0836,100,Matched,Successfully matched against PO.
2496,INVREC01163-01,INVREC01163,1,MCK-002,Market Research,1,Project,122880.28,0,18,22118.45,122880.28,PO-2024-0257,1,Matched,Successfully matched against PO.
2497,INVREC01163-02,INVREC01163,2,MCK-001,Strategy Consulting,35,Hour,7077.46,0,18,44587.99,247711.03,PO-2024-0257,35,Matched,Matched to purchase order.
2498,INVREC01164-01,INVREC01164,1,WMI-001,Waste Collection,9,Month,29228.87,0,20,52611.96,263059.8,PO-2026-0289,9,Matched,Three-way match completed.
2499,INVREC01164-02,INVREC01164,2,WMI-002,Recycling Services,4,Month,44887.19,0,20,35909.75,179548.76,PO-2026-0289,4,Matched,Three-way match completed.
2500,INVREC01165-01,INVREC01165,1,FTI-002,Expert Witness Services,1,Project,152553.93,0,10,15255.39,152553.93,PO-2024-1370,1,Matched,Matched to purchase order.
2501,INVREC01165-02,INVREC01165,2,FTI-001,Forensic Accounting,5,Hour,26779.25,0,10,13389.63,133896.26,PO-2024-1370,5,Matched,Successfully matched against PO.
2502,INVREC01166-01,INVREC01166,1,MCK-002,Market Research,1,Project,189440.35,0,5,9472.02,189440.35,PO-2023-0284,1,Matched,Validated automatically.
2503,INVREC01166-02,INVREC01166,2,MCK-001,Strategy Consulting,24,Hour,6274.2,12046.46,5,7529.04,150580.79,PO-2023-0284,24,Matched,Goods receipt confirmed.
2504,INVREC01167-01,INVREC01167,1,GEN-001,General Services,16,Hour,5743.19,0,5,4594.55,91891.03,PO-2024-1451,16,Matched,Successfully matched against PO.
2505,INVREC01167-02,INVREC01167,2,GEN-002,Miscellaneous Supplies,95,Each,1036.37,0,5,4922.73,98454.68,PO-2024-1451,95,Matched,Successfully matched against PO.
2506,INVREC01168-01,INVREC01168,1,SPE-001,Cable Services,11,Month,6799.24,0,10,7479.17,74791.65,PO-2024-0590,11,Matched,Successfully matched against PO.
2507,INVREC01168-02,INVREC01168,2,SPE-002,Phone Services,33,Line,2085.1,0,10,6880.83,68808.31,PO-2024-0590,33,Matched,Validated automatically.
2508,INVREC01169-01,INVREC01169,1,TMO-002,IoT Services,76,Device,94.39,0,10,717.4,7173.95,PO-2025-0704,76,Matched,Goods receipt confirmed.
2509,INVREC01169-02,INVREC01169,2,TMO-001,Mobile Plans,14,Line,624.74,0,10,874.63,8746.33,PO-2025-0704,14,Matched,Validated automatically.
2510,INVREC01170-01,INVREC01170,1,BRI-002,Tire Services,3,Month,46469.18,0,20,27881.51,139407.54,PO-2025-0595,3,Matched,Three-way match completed.
2511,INVREC01170-02,INVREC01170,2,BRI-001,Tires,5,Unit,17012.44,0,20,17012.44,85062.22,PO-2025-0595,5,Matched,Ready for payment.
2512,INVREC01171-01,INVREC01171,1,REG-002,Power Transmission,4,Unit,16130.84,0,18,11614.2,64523.36,PO-2024-0666,4,Matched,Goods receipt confirmed.
2513,INVREC01171-02,INVREC01171,2,REG-001,Motion Control,1,Unit,44118.53,0,18,7941.34,44118.53,PO-2024-0666,1,Matched,Matched to purchase order.
2514,INVREC01172-01,INVREC01172,1,PEN-002,Distribution Services,45,Pallet,1914.35,8614.56,5,3876.55,86145.62,PO-2025-0866,45,Matched,Successfully matched against PO.
2515,INVREC01172-02,INVREC01172,2,PEN-001,Fleet Management,7,Month,16192.79,0,5,6098.21,113349.51,PO-2025-0866,7,Matched,Ready for payment.
2516,INVREC01173-01,INVREC01173,1,ABCD-100,Steel Coils,7,Ton,7045.41,1479.54,20,9567.67,49317.89,PO-2025-0857,7,Matched,Three-way match completed.
2517,INVREC01173-02,INVREC01173,2,ABCD-300,Packaging Film,77,Roll,263.46,0,20,4057.36,20286.79,PO-2025-0857,77,Matched,Matched to purchase order.
2518,INVREC01173-03,INVREC01173,3,ABCD-200,Industrial Fasteners,18,Box,2118.07,3050.01,20,7920.94,38125.17,PO-2025-0857,18,Matched,Ready for payment.
2519,INVREC01174-01,INVREC01174,1,SKF-001,Industrial Bearings,32,Unit,1939.39,0,5,3103.02,62060.4,PO-2025-0082,32,Matched,Matched to purchase order.
2520,INVREC01174-02,INVREC01174,2,SKF-002,Seals,16,Box,4793.58,0,5,3834.86,76697.29,PO-2025-0082,16,Matched,Ready for payment.
2521,INVREC01175-01,INVREC01175,1,KUN-001,Supply Chain Management,6,Month,30980.19,0,10,18588.11,185881.13,PO-2024-0261,5,Awaiting Approval,Pending goods receipt confirmation.
2522,INVREC01175-02,INVREC01175,2,KUN-002,Air Freight,5,Shipment,29934.1,0,10,14967.05,149670.52,PO-2024-0261,4,Awaiting Approval,Pending goods receipt confirmation.
2523,INVREC01176-01,INVREC01176,1,ATT-002,Internet Services,2,Month,88621.68,14179.47,5,8153.19,177243.36,PO-2023-1245,2,Matched,Ready for payment.
2524,INVREC01176-02,INVREC01176,2,ATT-001,Phone Services,18,Line,16102.5,0,5,15201.23,289845.02,PO-2023-1245,18,Matched,Successfully matched against PO.
2525,INVREC01177-01,INVREC01177,1,ZF-001,Automotive Components,5,Unit,22668.27,0,5,5667.07,113341.36,PO-2023-0772,5,Matched,Ready for payment.
2526,INVREC01177-02,INVREC01177,2,ZF-002,Industrial Drives,5,Unit,21743.04,0,5,5435.76,108715.19,PO-2023-0772,5,Matched,Matched to purchase order.
2527,INVREC01178-01,INVREC01178,1,MS-PBI,Power BI Pro,56,Seat,2975.74,0,5,8332.06,166641.25,PO-2026-0487,56,Matched,Three-way match completed.
2528,INVREC01178-02,INVREC01178,2,MS-AZ,Azure Subscription,2,Month,39592.07,0,5,3959.21,79184.14,PO-2026-0487,2,Matched,Ready for payment.
2529,INVREC01178-03,INVREC01178,3,MS-365,Microsoft 365 Business Premium,29,Seat,2608.23,0,5,3781.93,75638.58,PO-2026-0487,29,Matched,Goods receipt confirmed.
2530,INVREC01179-01,INVREC01179,1,ROK-002,HMI Systems,4,Unit,29394.71,4703.15,10,11287.57,117578.83,PO-2023-0074,4,Matched,Validated automatically.
2531,INVREC01179-02,INVREC01179,2,ROK-001,Industrial Controls,10,Unit,5554.91,0,10,6025.22,55549.05,PO-2023-0074,10,Matched,Three-way match completed.
2532,INVREC01180-01,INVREC01180,1,ACC-001,Technology Consulting,46,Hour,2776.96,5109.6,10,12263.05,127740.12,PO-2025-0992,46,Matched,Successfully matched against PO.
2533,INVREC01180-02,INVREC01180,2,ACC-002,Systems Integration,1,Project,66374.77,0,10,7148.44,66374.77,PO-2025-0992,1,Matched,Ready for payment.
2534,INVREC01181-01,INVREC01181,1,MSC-002,Abrasives,46,Box,1126.72,0,5,2591.46,51829.2,PO-2026-0365,46,Matched,Matched to purchase order.
2535,INVREC01181-02,INVREC01181,2,MSC-001,Metalworking Tools,16,Unit,1358.43,0,5,1086.74,21734.83,PO-2026-0365,16,Matched,Ready for payment.
2536,INVREC01182-01,INVREC01182,1,ADT-002,Alarm Systems,5,Unit,34696.16,0,0,0,173480.81,PO-2023-0901,5,Matched,Matched to purchase order.
2537,INVREC01182-02,INVREC01182,2,ADT-001,Security Monitoring,6,Month,35215.12,0,0,0,211290.74,PO-2023-0901,6,Matched,Goods receipt confirmed.
2538,INVREC01183-01,INVREC01183,1,DELL-DOCK,Docking Station,4,Unit,5090.14,0,20,4072.11,20360.54,PO-2026-1442,4,Matched,Goods receipt confirmed.
2539,INVREC01183-02,INVREC01183,2,DELL-LAT,Latitude Laptop,5,Unit,1589.79,0,20,1589.79,7948.97,PO-2026-1442,5,Matched,Matched to purchase order.
2540,INVREC01183-03,INVREC01183,3,DELL-MS,Mouse,7,Unit,1334.79,0,20,1868.71,9343.53,PO-2026-1442,7,Matched,Goods receipt confirmed.
2541,INVREC01183-04,INVREC01183,4,DELL-KB,Keyboard,43,Unit,246.48,0,20,2119.73,10598.63,PO-2026-1442,43,Matched,Three-way match completed.
2542,INVREC01184-01,INVREC01184,1,SUM-002,Implementation Service,41,Hour,863.69,0,5,1770.56,35411.19,PO-2023-0080,41,Matched,Goods receipt confirmed.
2543,INVREC01184-02,INVREC01184,2,SUM-001,Software License,26,User,2076.44,0,5,2699.38,53987.56,PO-2023-0080,26,Matched,Validated automatically.
2544,INVREC01185-01,INVREC01185,1,AMZ-HDMI,HDMI Cable,30,Each,1909.57,5155.84,18,9383.63,57287.09,PO-2026-0148,30,Matched,Goods receipt confirmed.
2545,INVREC01185-02,INVREC01185,2,AMZ-ADAPT,Ethernet Adapter,3,Each,32484.63,0,18,17541.7,97453.89,PO-2026-0148,3,Matched,Successfully matched against PO.
2546,INVREC01185-03,INVREC01185,3,AMZ-USBH,USB Hub,14,Each,3856.77,3239.68,18,9135.91,53994.73,PO-2026-0148,14,Matched,Matched to purchase order.
2547,INVREC01185-04,INVREC01185,4,AMZ-STAND,Laptop Stand,13,Each,3950.83,0,18,10756.14,51360.84,PO-2026-0148,13,Matched,Successfully matched against PO.
2548,INVREC01186-01,INVREC01186,1,CIN-002,Floor Mats,17,Month,6082.17,0,5,5169.84,103396.84,PO-2026-0385,17,Matched,Validated automatically.
2549,INVREC01186-02,INVREC01186,2,CIN-001,Uniforms Rental,93,Month,1580.83,0,5,7350.87,147017.38,PO-2026-0385,93,Matched,Ready for payment.
2550,INVREC01187-01,INVREC01187,1,ATL-001,Air Cargo Charter,2,Flight,137141.56,0,0,0,274283.11,PO-2023-0188,2,Matched,Validated automatically.
2551,INVREC01188-01,INVREC01188,1,ORC-002,Cloud Services,4,Month,13655.13,0,20,10924.1,54620.52,PO-2024-0929,4,Matched,Successfully matched against PO.
2552,INVREC01188-02,INVREC01188,2,ORC-001,Database License,10,Processor,4670.45,3269.32,20,9340.9,46704.5,PO-2024-0929,10,Matched,Matched to purchase order.
2553,INVREC01189-01,INVREC01189,1,ABB-002,Drives & Motors,8,Unit,18357.21,0,18,26434.38,146857.68,PO-2024-0172,8,Matched,Matched to purchase order.
2554,INVREC01189-02,INVREC01189,2,ABB-001,Power Automation,1,Unit,210445.55,0,18,37880.2,210445.55,PO-2024-0172,1,Matched,Ready for payment.
2555,INVREC01190-01,INVREC01190,1,CHR-001,Freight Brokerage,5,Shipment,5368.9,0,20,5368.9,26844.5,PO-2025-0007,5,Matched,Goods receipt confirmed.
2556,INVREC01190-02,INVREC01190,2,CHR-002,Warehousing,30,Pallet,679.2,0,20,4075.19,20375.95,PO-2025-0007,30,Matched,Successfully matched against PO.
2557,INVREC01191-01,INVREC01191,1,ELT-001,Janitorial Services,19,Visit,3776.33,0,10,7175.03,71750.25,PO-2024-1360,19,Matched,Validated automatically.
2558,INVREC01191-02,INVREC01191,2,ELT-002,Facility Maintenance,24,Hour,2455.74,0,10,5893.77,58937.71,PO-2024-1360,24,Matched,Validated automatically.
2559,INVREC01192-01,INVREC01192,1,IR-001,Compressed Air Systems,2,Unit,32182.39,0,18,11585.66,64364.77,PO-2025-1072,2,Matched,Validated automatically.
2560,INVREC01192-02,INVREC01192,2,IR-002,Air Tools,15,Unit,3352.33,0,18,9051.3,50284.98,PO-2025-1072,15,Matched,Ready for payment.
2561,INVREC01193-01,INVREC01193,1,SAMI-01,Consulting Services,6,Hour,5417.09,650.05,18,5733.45,32502.53,PO-2026-0505,6,Matched,Goods receipt confirmed.
2562,INVREC01193-02,INVREC01193,2,SAMI-02,Design Work,6,Hour,2244.22,0,18,2540.76,13465.33,PO-2026-0505,6,Matched,Goods receipt confirmed.
2563,INVREC01194-01,INVREC01194,1,CUM-001,Engine Parts,5,Unit,14191.78,0,0,0,70958.91,PO-2025-1282,5,Matched,Ready for payment.
2564,INVREC01194-02,INVREC01194,2,CUM-002,Generators,2,Unit,30244.78,0,0,0,60489.56,PO-2025-1282,2,Matched,Matched to purchase order.
2565,INVREC01195-01,INVREC01195,1,BAL-001,Electric Motors,5,Unit,3948.8,1776.96,18,3234.07,19744.02,PO-2024-1437,5,Matched,Successfully matched against PO.
2566,INVREC01195-02,INVREC01195,2,BAL-002,Drives,2,Unit,4328.5,0,18,1878.11,8657,PO-2024-1437,2,Matched,Goods receipt confirmed.
2567,INVREC01196-01,INVREC01196,1,GE-001,Power Generation,2,Unit,25907.49,0,0,0,51814.97,PO-2024-0643,2,Matched,Validated automatically.
2568,INVREC01196-02,INVREC01196,2,GE-002,Medical Equipment,1,Unit,56525.42,0,0,0,56525.42,PO-2024-0643,1,Matched,Goods receipt confirmed.
2569,INVREC01197-01,INVREC01197,1,GE-002,Medical Equipment,3,Unit,38370.38,0,10,11511.11,115111.14,PO-2025-1322,3,Matched,Goods receipt confirmed.
2570,INVREC01197-02,INVREC01197,2,GE-001,Power Generation,1,Unit,98898.31,0,10,9889.83,98898.31,PO-2025-1322,1,Matched,Ready for payment.
2571,INVREC01198-01,INVREC01198,1,BAI-001,Strategy Services,28,Hour,5779.76,0,20,32366.63,161833.15,PO-2023-1243,28,Matched,Goods receipt confirmed.
2572,INVREC01198-02,INVREC01198,2,BAI-002,Due Diligence,1,Project,312106.8,0,20,62421.36,312106.8,PO-2023-1243,1,Matched,Ready for payment.
2573,INVREC01199-01,INVREC01199,1,DEW-002,Power Tools,3,Unit,74642.44,0,18,40306.92,223927.32,PO-2026-0797,3,Matched,Matched to purchase order.
2574,INVREC01199-02,INVREC01199,2,DEW-001,Construction Tools,11,Unit,18226.64,0,18,36088.75,200493.07,PO-2026-0797,11,Matched,Ready for payment.
2575,INVREC01200-01,INVREC01200,1,NH-002,Market Analysis,1,Project,53170.63,0,10,5317.06,53170.63,PO-2023-0690,1,Matched,Three-way match completed.
2576,INVREC01200-02,INVREC01200,2,NH-001,Strategic Consulting,15,Hour,2716.08,0,10,4074.11,40741.14,PO-2023-0690,15,Matched,Ready for payment.
2577,INVREC01201-01,INVREC01201,1,VGT-002,Network Switch,5,Unit,16619.49,0,10,8309.74,83097.43,PO-2026-0028,5,Matched,Goods receipt confirmed.
2578,INVREC01201-02,INVREC01201,2,VGT-001,Server Equipment,1,Unit,96218.08,0,10,9621.81,96218.08,PO-2026-0028,1,Matched,Matched to purchase order.
2579,INVREC01201-03,INVREC01201,3,VGT-003,Storage Array,2,Unit,91115.6,0,10,18223.12,182231.2,PO-2026-0028,2,Matched,Matched to purchase order.
2580,INVREC01202-01,INVREC01202,1,GEN-001,General Services,46,Hour,5169.8,11890.54,5,11296.01,237810.77,PO-2023-0414,46,Matched,Ready for payment.
2581,INVREC01202-02,INVREC01202,2,GEN-002,Miscellaneous Supplies,98,Each,2191.22,0,5,11331.51,214739.58,PO-2023-0414,98,Matched,Successfully matched against PO.
2582,INVREC01203-01,INVREC01203,1,MCM-002,Hardware,49,Each,3982.43,0,0,0,195139.26,PO-2023-1426,49,Matched,Successfully matched against PO.
2583,INVREC01203-02,INVREC01203,2,MCM-001,Fasteners,66,Box,2793.53,0,0,0,184372.96,PO-2023-1426,66,Matched,Ready for payment.
2584,INVREC01204-01,INVREC01204,1,MAE-002,Freight Forwarding,1,Shipment,141399.11,0,18,25451.84,141399.11,PO-2023-0979,1,Matched,Ready for payment.
2585,INVREC01204-02,INVREC01204,2,MAE-001,Container Shipping,4,Container,29093.18,0,18,20947.09,116372.71,PO-2023-0979,4,Matched,Validated automatically.
2586,INVREC01205-01,INVREC01205,1,JLL-001,Property Management,5,Month,48426.32,0,5,12106.58,242131.6,PO-2023-1206,5,Matched,Three-way match completed.
2587,INVREC01205-02,INVREC01205,2,JLL-002,Leasing Services,2,Project,65648.36,0,5,6564.84,131296.72,PO-2023-1206,2,Matched,Three-way match completed.
2588,INVREC01206-01,INVREC01206,1,WMI-001,Waste Collection,8,Month,22560.55,0,5,9024.22,180484.4,PO-2024-1428,8,Matched,Three-way match completed.
2589,INVREC01206-02,INVREC01206,2,WMI-002,Recycling Services,11,Month,9583.24,0,5,5270.78,105415.67,PO-2024-1428,11,Matched,Matched to purchase order.
2590,INVREC01207-01,INVREC01207,1,MIC-002,Fleet Services,4,Month,74666.21,0,10,29866.49,298664.85,PO-2023-0232,4,Matched,Validated automatically.
2591,INVREC01207-02,INVREC01207,2,MIC-001,Truck Tires,20,Unit,6553.44,0,10,13106.87,131068.74,PO-2023-0232,20,Matched,Ready for payment.
2592,INVREC01208-01,INVREC01208,1,CIS-002,Switch,7,Unit,25989.73,0,10,18192.81,181928.12,PO-2025-1272,7,Matched,Three-way match completed.
2593,INVREC01208-02,INVREC01208,2,CIS-001,Network Router,7,Unit,13172.88,0,10,9221.01,92210.14,PO-2025-1272,7,Matched,Matched to purchase order.
2594,INVREC01208-03,INVREC01208,3,CIS-003,Firewall,1,Unit,93456.22,7476.5,10,9345.63,93456.22,PO-2025-1272,1,Matched,Successfully matched against PO.
2595,INVREC01209-01,INVREC01209,1,GEN-002,Miscellaneous Supplies,82,Each,138.74,0,0,0,11376.59,PO-2026-1076,82,Matched,Matched to purchase order.
2596,INVREC01209-02,INVREC01209,2,GEN-001,General Services,45,Hour,244.97,0,0,0,11023.83,PO-2026-1076,45,Matched,Ready for payment.
2597,INVREC01210-01,INVREC01210,1,ARA-002,Vending Services,4,Month,20064.86,0,10,8025.95,80259.45,PO-2023-0427,4,Matched,Validated automatically.
2598,INVREC01210-02,INVREC01210,2,ARA-001,Food Services,11,Month,4628.26,0,10,5091.08,50910.84,PO-2023-0427,11,Matched,Matched to purchase order.
2599,INVREC01211-01,INVREC01211,1,CHR-001,Freight Brokerage,7,Shipment,21602.29,0,20,30243.21,151216.05,PO-2023-1439,7,Matched,Validated automatically.
2600,INVREC01211-02,INVREC01211,2,CHR-002,Warehousing,36,Pallet,5228.21,0,20,37643.15,188215.73,PO-2023-1439,36,Matched,Ready for payment.
2601,INVREC01212-01,INVREC01212,1,MS-365,Microsoft 365 Business Premium,175,Seat,416.62,0,10,7290.82,72908.17,PO-2023-0266,175,Matched,Ready for payment.
2602,INVREC01212-02,INVREC01212,2,MS-DYN,Dynamics 365 License,22,Seat,3568.93,0,10,7851.65,78516.5,PO-2023-0266,22,Matched,Validated automatically.
2603,INVREC01213-01,INVREC01213,1,BBY-002,Audio System,1,Unit,128960.64,0,0,0,128960.64,PO-2026-0609,1,Matched,Validated automatically.
2604,INVREC01213-02,INVREC01213,2,BBY-001,Television,3,Unit,25533.56,0,0,0,76600.68,PO-2026-0609,3,Matched,Validated automatically.
2605,INVREC01214-01,INVREC01214,1,GE-001,Power Generation,1,Unit,111682.72,0,0,0,111682.72,PO-2025-1433,1,Matched,Validated automatically.
2606,INVREC01214-02,INVREC01214,2,GE-002,Medical Equipment,1,Unit,148300.01,0,0,0,148300.01,PO-2025-1433,1,Matched,Goods receipt confirmed.
2607,INVREC01215-01,INVREC01215,1,SAP-001,ERP License,41,User,3064.37,0,20,25127.82,125639.12,PO-2024-0837,41,Matched,Successfully matched against PO.
2608,INVREC01215-02,INVREC01215,2,SAP-002,Implementation Services,10,Hour,12969.2,0,20,25938.4,129691.99,PO-2024-0837,10,Matched,Goods receipt confirmed.
2609,INVREC01216-01,INVREC01216,1,BCG-001,Management Consulting,36,Hour,5909.47,0,5,10637.04,212740.84,PO-2025-0623,36,Matched,Validated automatically.
2610,INVREC01216-02,INVREC01216,2,BCG-002,Operations Improvement,1,Project,233226.99,0,5,11661.35,233226.99,PO-2025-0623,1,Matched,Matched to purchase order.
2611,INVREC01217-01,INVREC01217,1,SIE-002,Electrical Equipment,3,Unit,85273.25,0,5,12790.99,255819.74,PO-2024-0766,3,Matched,Goods receipt confirmed.
2612,INVREC01217-02,INVREC01217,2,SIE-001,Industrial Automation,4,Unit,28228.39,0,5,5645.68,112913.54,PO-2024-0766,4,Matched,Validated automatically.
2613,INVREC01218-01,INVREC01218,1,BBY-002,Audio System,3,Unit,52613.76,0,5,7892.06,157841.28,PO-2024-0749,3,Matched,Goods receipt confirmed.
2614,INVREC01218-02,INVREC01218,2,BBY-001,Television,3,Unit,36691.17,0,5,5503.68,110073.52,PO-2024-0749,3,Matched,Validated automatically.
2615,INVREC01219-01,INVREC01219,1,MS-AZ,Azure Subscription,3,Month,799.76,95.97,18,414.59,2399.27,PO-2026-0473,3,Matched,Matched to purchase order.
2616,INVREC01219-02,INVREC01219,2,MS-365,Microsoft 365 Business Premium,140,Seat,34.28,0,18,863.74,4798.54,PO-2026-0473,140,Matched,Three-way match completed.
2617,INVREC01219-03,INVREC01219,3,MS-DYN,Dynamics 365 License,9,Seat,300.51,0,18,486.83,2704.63,PO-2026-0473,9,Matched,Three-way match completed.
2618,INVREC01219-04,INVREC01219,4,MS-PBI,Power BI Pro,47,Seat,128.08,0,18,1100.88,6019.98,PO-2026-0473,47,Matched,Three-way match completed.
2619,INVREC01220-01,INVREC01220,1,MCM-001,Fasteners,19,Box,1208.51,0,5,1148.08,22961.66,PO-2023-0451,19,Matched,Matched to purchase order.
2620,INVREC01220-02,INVREC01220,2,MCM-002,Hardware,31,Each,393.5,0,5,609.92,12198.38,PO-2023-0451,31,Matched,Validated automatically.
2621,INVREC01221-01,INVREC01221,1,ZF-001,Automotive Components,7,Unit,11165.9,0,18,14069.04,78161.32,PO-2025-1450,5,Price Mismatch,Price differs from PO by 8%.
2622,INVREC01221-02,INVREC01221,2,ZF-002,Industrial Drives,3,Unit,35652.53,0,18,19252.37,106957.59,PO-2025-1450,2,Missing PO,Invoice has no purchase order.
2623,INVREC01222-01,INVREC01222,1,ATT-001,Phone Services,13,Line,3323.16,3024.07,0,0,43201.06,PO-2026-0635,13,Matched,Validated automatically.
2624,INVREC01222-02,INVREC01222,2,ATT-002,Internet Services,12,Month,6639.12,0,0,0,79669.49,PO-2026-0635,12,Matched,Successfully matched against PO.
2625,INVREC01223-01,INVREC01223,1,ABCD-300,Packaging Film,39,Roll,780.46,0,20,6087.59,30437.96,PO-2025-0857,39,Matched,Three-way match completed.
2626,INVREC01223-02,INVREC01223,2,ABCD-100,Steel Coils,11,Ton,2611.63,0,20,5745.59,28727.96,PO-2025-0857,11,Matched,Successfully matched against PO.
2627,INVREC01223-03,INVREC01223,3,ABCD-200,Industrial Fasteners,24,Box,2023.5,0,20,9712.79,48563.93,PO-2025-0857,24,Matched,Matched to purchase order.
2628,INVREC01224-01,INVREC01224,1,KMB-001,Paper Towels,11,Case,1744.84,0,5,959.66,19193.23,PO-2023-0826,11,Matched,Validated automatically.
2629,INVREC01224-02,INVREC01224,2,KMB-002,Sanitary Products,11,Case,2125.53,0,5,1169.04,23380.84,PO-2023-0826,11,Matched,Matched to purchase order.
2630,INVREC01225-01,INVREC01225,1,BAI-001,Strategy Services,12,Hour,4939.27,0,18,10668.83,59271.28,PO-2025-0714,12,Matched,Successfully matched against PO.
2631,INVREC01225-02,INVREC01225,2,BAI-002,Due Diligence,1,Project,53393.13,0,18,9610.76,53393.13,PO-2025-0714,1,Matched,Three-way match completed.
2632,INVREC01226-01,INVREC01226,1,CIS-003,Firewall,1,Unit,41968.66,0,18,7554.36,41968.66,PO-2024-0291,1,Matched,Successfully matched against PO.
2633,INVREC01226-02,INVREC01226,2,CIS-002,Switch,11,Unit,3815.33,0,18,7554.36,41968.66,PO-2024-0291,11,Matched,Ready for payment.
2634,INVREC01226-03,INVREC01226,3,CIS-001,Network Router,9,Unit,11056.26,0,18,17911.14,99506.33,PO-2024-0291,9,Matched,Ready for payment.
2635,INVREC01227-01,INVREC01227,1,MOO-002,Financial Data Service,9,Month,4421.73,0,18,7163.2,39795.57,PO-2024-1325,9,Matched,Validated automatically.
2636,INVREC01227-02,INVREC01227,2,MOO-001,Credit Risk Software,3,User,13380.54,0,18,7225.49,40141.61,PO-2024-1325,3,Matched,Three-way match completed.
2637,INVREC01228-01,INVREC01228,1,BAI-001,Strategy Services,13,Hour,1461.57,0,20,3800.08,19000.38,PO-2024-0052,13,Matched,Matched to purchase order.
2638,INVREC01228-02,INVREC01228,2,BAI-002,Due Diligence,1,Project,16156.78,0,20,3231.36,16156.78,PO-2024-0052,1,Matched,Goods receipt confirmed.
2639,INVREC01229-01,INVREC01229,1,UPS-002,Supply Chain Services,1,Month,45474.83,0,18,8185.47,45474.83,PO-2026-1020,1,Matched,Successfully matched against PO.
2640,INVREC01229-02,INVREC01229,2,UPS-001,Ground Shipping,98,Package,497.9,0,18,8782.95,48794.16,PO-2026-1020,98,Matched,Validated automatically.
2641,INVREC01230-01,INVREC01230,1,DEW-002,Power Tools,6,Unit,18568.42,0,20,22282.11,111410.54,PO-2026-0548,6,Matched,Goods receipt confirmed.
2642,INVREC01230-02,INVREC01230,2,DEW-001,Construction Tools,4,Unit,26510.34,0,20,21208.27,106041.35,PO-2026-0548,4,Matched,Ready for payment.
2643,INVREC01231-01,INVREC01231,1,SAP-001,ERP License,14,User,9429.49,0,18,23762.31,132012.85,PO-2026-0013,14,Matched,Goods receipt confirmed.
2644,INVREC01231-02,INVREC01231,2,SAP-002,Implementation Services,34,Hour,3643.79,0,18,22300.02,123888.98,PO-2026-0013,34,Matched,Ready for payment.
2645,INVREC01232-01,INVREC01232,1,VGT-001,Server Equipment,5,Unit,56707.56,0,10,28353.78,283537.78,PO-2023-1290,5,Matched,Three-way match completed.
2646,INVREC01232-02,INVREC01232,2,VGT-002,Network Switch,10,Unit,19381.06,0,10,19381.06,193810.63,PO-2023-1290,10,Matched,Matched to purchase order.
2647,INVREC01233-01,INVREC01233,1,DELL-DOCK,Docking Station,1,Unit,206183.91,0,10,20618.39,206183.91,PO-2024-0167,1,Matched,Three-way match completed.
2648,INVREC01233-02,INVREC01233,2,DELL-MS,Mouse,17,Unit,16373.43,0,10,27834.83,278348.27,PO-2024-0167,17,Matched,Ready for payment.
2649,INVREC01234-01,INVREC01234,1,SPG-002,Ratings Services,2,Project,11205.93,0,0,0,22411.86,PO-2025-1435,2,Matched,Matched to purchase order.
2650,INVREC01234-02,INVREC01234,2,SPG-001,Market Data Subscription,6,Month,3354.16,0,0,0,20124.93,PO-2025-1435,6,Matched,Three-way match completed.
2651,INVREC01235-01,INVREC01235,1,ATT-001,Phone Services,56,Line,361.63,0,5,1012.56,20251.11,PO-2025-0034,56,Matched,Goods receipt confirmed.
2652,INVREC01235-02,INVREC01235,2,ATT-002,Internet Services,11,Month,2135.57,0,5,1174.56,23491.29,PO-2025-0034,11,Matched,Three-way match completed.
2653,INVREC01236-01,INVREC01236,1,TMO-001,Mobile Plans,59,Line,2136.58,0,20,25211.6,126058,PO-2023-0727,59,Matched,Ready for payment.
2654,INVREC01236-02,INVREC01236,2,TMO-002,IoT Services,192,Device,842.24,0,20,32342.15,161710.76,PO-2023-0727,192,Matched,Ready for payment.
2655,INVREC01237-01,INVREC01237,1,CHR-001,Freight Brokerage,3,Shipment,57253.55,0,20,34352.13,171760.66,PO-2023-1439,3,Matched,Matched to purchase order.
2656,INVREC01237-02,INVREC01237,2,CHR-002,Warehousing,75,Pallet,2235.61,0,20,33534.22,167671.12,PO-2023-1439,75,Matched,Matched to purchase order.
2657,INVREC01238-01,INVREC01238,1,WWG-002,HVAC Parts,6,Unit,28316.64,0,20,33979.97,169899.84,PO-2024-0086,6,Matched,Validated automatically.
2658,INVREC01238-02,INVREC01238,2,WWG-001,MRO Supplies,50,Box,6539.54,0,20,65395.41,326977.05,PO-2024-0086,50,Matched,Successfully matched against PO.
2659,INVREC01239-01,INVREC01239,1,VER-002,Data Services,11,Month,1490.35,0,5,819.69,16393.88,PO-2024-0583,11,Matched,Goods receipt confirmed.
2660,INVREC01239-02,INVREC01239,2,VER-001,Mobile Services,60,Line,469.77,1973.02,5,1409.3,28185.98,PO-2024-0583,60,Matched,Matched to purchase order.
2661,INVREC01240-01,INVREC01240,1,ADT-002,Alarm Systems,5,Unit,36401.49,0,10,18200.75,182007.46,PO-2025-1298,5,Matched,Successfully matched against PO.
2662,INVREC01240-02,INVREC01240,2,ADT-001,Security Monitoring,2,Month,78970.18,0,10,15794.04,157940.35,PO-2025-1298,2,Matched,Three-way match completed.
2663,INVREC01241-01,INVREC01241,1,IR-001,Compressed Air Systems,1,Unit,96199.44,0,20,19239.89,96199.44,PO-2025-0930,1,Matched,Matched to purchase order.
2664,INVREC01241-02,INVREC01241,2,IR-002,Air Tools,19,Unit,6828.26,0,20,25947.37,129736.86,PO-2025-0930,19,Matched,Goods receipt confirmed.
2665,INVREC01242-01,INVREC01242,1,ABCD-300,Packaging Film,52,Roll,3053.05,6350.35,10,15240.84,158758.74,PO-2025-0578,52,Matched,Successfully matched against PO.
2666,INVREC01242-02,INVREC01242,2,ABCD-100,Steel Coils,15,Ton,9582.73,11499.28,10,13224.17,143741.02,PO-2025-0578,15,Matched,Matched to purchase order.
2667,INVREC01242-03,INVREC01242,3,ABCD-200,Industrial Fasteners,45,Box,1907.01,0,10,10366.52,85815.54,PO-2025-0578,45,Matched,Validated automatically.
2668,INVREC01243-01,INVREC01243,1,ZF-002,Industrial Drives,5,Unit,3600.58,0,5,900.14,18002.88,PO-2025-0239,5,Matched,Validated automatically.
2669,INVREC01243-02,INVREC01243,2,ZF-001,Automotive Components,3,Unit,13617.56,0,5,2042.63,40852.69,PO-2025-0239,3,Matched,Successfully matched against PO.
2670,INVREC01244-01,INVREC01244,1,DEL-002,Tax Consulting,26,Hour,4496.71,0,20,23382.88,116914.4,PO-2023-0814,26,Matched,Matched to purchase order.
2671,INVREC01244-02,INVREC01244,2,DEL-001,Audit Services,1,Project,195565.9,0,20,39113.18,195565.9,PO-2023-0814,1,Matched,Three-way match completed.
2672,INVREC01245-01,INVREC01245,1,ABB-001,Power Automation,4,Unit,11601.88,0,5,2320.38,46407.52,PO-2026-0238,4,Matched,Successfully matched against PO.
2673,INVREC01245-02,INVREC01245,2,ABB-002,Drives & Motors,5,Unit,12031.58,0,5,3007.89,60157.89,PO-2026-0238,5,Matched,Matched to purchase order.
2674,INVREC01246-01,INVREC01246,1,ECO-001,Cleaning Chemicals,14,Case,6006.35,0,20,16817.79,84088.95,PO-2024-0872,10,Awaiting Approval,Pending goods receipt confirmation.
2675,INVREC01246-02,INVREC01246,2,ECO-002,Sanitation Services,2,Month,100259.91,0,20,40103.96,200519.82,PO-2024-0872,2,Awaiting Approval,Pending goods receipt confirmation.
2676,INVREC01247-01,INVREC01247,1,AMZ-HDMI,HDMI Cable,9,Each,8532.3,4607.44,20,14436.65,76790.71,PO-2023-1179,9,Matched,Matched to purchase order.
2677,INVREC01247-02,INVREC01247,2,AMZ-USBH,USB Hub,4,Each,19742.29,0,20,15793.83,78969.17,PO-2023-1179,4,Matched,Ready for payment.
2678,INVREC01247-03,INVREC01247,3,AMZ-STAND,Laptop Stand,5,Each,12199.37,0,20,12199.37,60996.87,PO-2023-1179,5,Matched,Goods receipt confirmed.
2679,INVREC01247-04,INVREC01247,4,AMZ-ADAPT,Ethernet Adapter,27,Each,2380.17,0,20,13774.41,64264.56,PO-2023-1179,27,Matched,Goods receipt confirmed.
2680,INVREC01248-01,INVREC01248,1,CIN-002,Floor Mats,24,Month,10718.86,0,18,46305.48,257252.66,PO-2025-0155,24,Matched,Successfully matched against PO.
2681,INVREC01248-02,INVREC01248,2,CIN-001,Uniforms Rental,17,Month,12658.93,17216.14,18,38736.31,215201.75,PO-2025-0155,17,Matched,Matched to purchase order.
2682,INVREC01249-01,INVREC01249,1,PEN-002,Distribution Services,27,Pallet,4834.37,0,0,0,130528.07,PO-2025-1219,27,Matched,Successfully matched against PO.
2683,INVREC01249-02,INVREC01249,2,PEN-001,Fleet Management,5,Month,41219.39,0,0,0,206096.94,PO-2025-1219,5,Matched,Validated automatically.
2684,INVREC01250-01,INVREC01250,1,MAE-002,Freight Forwarding,2,Shipment,151352.1,0,5,15135.21,302704.2,PO-2026-0231,2,Matched,Three-way match completed.
2685,INVREC01250-02,INVREC01250,2,MAE-001,Container Shipping,1,Container,149278.78,11942.3,5,7463.94,149278.78,PO-2026-0231,1,Matched,Matched to purchase order.
2686,INVREC01251-01,INVREC01251,1,ALP-002,Spare Parts,6,Box,44488.97,0,18,48048.09,266933.82,PO-2024-0693,6,Matched,Successfully matched against PO.
2687,INVREC01251-02,INVREC01251,2,ALP-001,Heavy Machinery,2,Unit,83298.5,0,18,29987.46,166596.99,PO-2024-0693,2,Matched,Successfully matched against PO.
2688,INVREC01252-01,INVREC01252,1,SEC-002,Access Control Systems,6,Unit,22066.76,0,18,23832.1,132400.57,PO-2025-0696,6,Matched,Ready for payment.
2689,INVREC01252-02,INVREC01252,2,SEC-001,Security Guard Services,80,Hour,3559.83,0,18,51261.51,284786.14,PO-2025-0696,80,Matched,Validated automatically.
2690,INVREC01253-01,INVREC01253,1,QL-002,Courier Services,7,Package,40659.08,0,10,28461.36,284613.58,PO-2023-0150,7,Matched,Successfully matched against PO.
2691,INVREC01253-02,INVREC01253,2,QL-001,Domestic Freight,34,Pallet,5051.46,0,10,17174.96,171749.57,PO-2023-0150,34,Matched,Three-way match completed.
2692,INVREC01254-01,INVREC01254,1,TMO-001,Mobile Plans,26,Line,8582.8,0,5,11157.64,223152.77,PO-2023-0790,26,Matched,Matched to purchase order.
2693,INVREC01254-02,INVREC01254,2,TMO-002,IoT Services,335,Device,404.61,0,5,6777.23,135544.64,PO-2023-0790,335,Matched,Successfully matched against PO.
2694,INVREC01255-01,INVREC01255,1,ZF-002,Industrial Drives,3,Unit,40625.66,0,10,12187.7,121876.98,PO-2025-0755,3,Matched,Matched to purchase order.
2695,INVREC01255-02,INVREC01255,2,ZF-001,Automotive Components,6,Unit,22528.78,0,10,13517.27,135172.65,PO-2025-0755,6,Matched,Validated automatically.
2696,INVREC01256-01,INVREC01256,1,PEN-001,Fleet Management,4,Month,68406.15,0,18,49252.43,273624.61,PO-2023-0494,4,Matched,Validated automatically.
2697,INVREC01256-02,INVREC01256,2,PEN-002,Distribution Services,58,Pallet,3398.75,0,18,35482.93,197127.4,PO-2023-0494,58,Matched,Successfully matched against PO.
2698,INVREC01257-01,INVREC01257,1,THO-002,Tax Software,8,User,15485.48,0,5,6194.19,123883.83,PO-2023-1362,8,Matched,Goods receipt confirmed.
2699,INVREC01257-02,INVREC01257,2,THO-001,Legal Research Software,19,User,3716.52,7061.38,5,3530.69,70613.79,PO-2023-1362,19,Matched,Ready for payment.
2700,INVREC01258-01,INVREC01258,1,MCK-001,Strategy Consulting,10,Hour,18814.5,0,5,9407.25,188145.03,PO-2023-0284,10,Matched,Successfully matched against PO.
2701,INVREC01258-02,INVREC01258,2,MCK-002,Market Research,1,Project,151876.11,0,5,7593.81,151876.11,PO-2023-0284,1,Matched,Validated automatically.
2702,INVREC01259-01,INVREC01259,1,VGT-001,Server Equipment,2,Unit,152680.09,0,20,61072.03,305360.17,PO-2026-0854,2,Matched,Ready for payment.
2703,INVREC01259-02,INVREC01259,2,VGT-002,Network Switch,8,Unit,19620.1,0,20,31392.17,156960.83,PO-2026-0854,8,Matched,Three-way match completed.
2704,INVREC01260-01,INVREC01260,1,JCI-002,Building Automation,1,System,278506.46,0,10,27850.65,278506.46,PO-2023-0133,1,Matched,Successfully matched against PO.
2705,INVREC01260-02,INVREC01260,2,JCI-001,HVAC System,3,Unit,58451.97,5260.68,10,17535.59,175355.92,PO-2023-0133,3,Matched,Goods receipt confirmed.
2706,INVREC01261-01,INVREC01261,1,ACC-002,Systems Integration,1,Project,205723.36,0,5,10286.17,205723.36,PO-2023-0566,1,Awaiting Approval,Pending goods receipt confirmation.
2707,INVREC01261-02,INVREC01261,2,ACC-001,Technology Consulting,37,Hour,7942.99,0,5,14694.53,293890.51,PO-2023-0566,32,Awaiting Approval,Pending goods receipt confirmation.
2708,INVREC01262-01,INVREC01262,1,ELT-001,Janitorial Services,13,Visit,10703.52,0,5,6957.29,139145.75,PO-2026-1091,13,Matched,Validated automatically.
2709,INVREC01262-02,INVREC01262,2,ELT-002,Facility Maintenance,21,Hour,9849.44,0,5,10341.91,206838.28,PO-2026-1091,21,Matched,Three-way match completed.
2710,INVREC01263-01,INVREC01263,1,HPE-002,Storage Array,1,Unit,18629.45,0,0,0,18629.45,PO-2026-1386,1,Matched,Matched to purchase order.
2711,INVREC01263-02,INVREC01263,2,HPE-001,Server,6,Unit,4314.19,0,0,0,25885.14,PO-2026-1386,6,Matched,Goods receipt confirmed.
2712,INVREC01264-01,INVREC01264,1,CIS-003,Firewall,3,Unit,15157.6,0,5,2273.64,45472.79,PO-2026-1457,3,Matched,Goods receipt confirmed.
2713,INVREC01264-02,INVREC01264,2,CIS-002,Switch,19,Unit,1824.89,0,5,1733.65,34673,PO-2026-1457,19,Matched,Three-way match completed.
2714,INVREC01264-03,INVREC01264,3,CIS-001,Network Router,5,Unit,16711.25,0,5,4177.81,83556.25,PO-2026-1457,5,Matched,Validated automatically.
2715,INVREC01265-01,INVREC01265,1,SKF-001,Industrial Bearings,49,Unit,2461.73,0,18,21712.47,120624.82,PO-2023-1488,49,Matched,Ready for payment.
2716,INVREC01265-02,INVREC01265,2,SKF-002,Seals,7,Box,30033.12,0,18,37841.73,210231.84,PO-2023-1488,7,Matched,Matched to purchase order.
2717,INVREC01266-01,INVREC01266,1,PWC-001,Assurance Services,1,Project,162130.96,0,5,8106.55,162130.96,PO-2026-0987,1,Matched,Ready for payment.
2718,INVREC01266-02,INVREC01266,2,PWC-002,Advisory Services,23,Hour,6687.68,0,5,7690.83,153816.55,PO-2026-0987,23,Matched,Matched to purchase order.
2719,INVREC01267-01,INVREC01267,1,MAK-001,Power Tools,5,Unit,5180.63,0,0,0,25903.13,PO-2025-1409,5,Matched,Ready for payment.
2720,INVREC01267-02,INVREC01267,2,MAK-002,Accessories,19,Box,2017.72,0,0,0,38336.62,PO-2025-1409,19,Matched,Successfully matched against PO.
2721,INVREC01268-01,INVREC01268,1,HON-001,Safety Systems,2,System,48300.26,0,10,9660.05,96600.51,PO-2023-0277,2,Matched,Three-way match completed.
2722,INVREC01268-02,INVREC01268,2,HON-002,Thermostats & Controls,41,Unit,1791.42,0,10,7344.83,73448.32,PO-2023-0277,41,Matched,Matched to purchase order.
2723,INVREC01269-01,INVREC01269,1,KPM-002,Financial Advisory,7,Hour,10363.12,0,10,7254.18,72541.82,PO-2024-1328,7,Matched,Matched to purchase order.
2724,INVREC01269-02,INVREC01269,2,KPM-001,Internal Audit,1,Project,103461.29,0,10,10346.13,103461.29,PO-2024-1328,1,Matched,Goods receipt confirmed.
2725,INVREC01270-01,INVREC01270,1,QL-002,Courier Services,36,Package,4017.5,7231.5,0,0,144630.04,PO-2025-0479,36,Matched,Goods receipt confirmed.
2726,INVREC01270-02,INVREC01270,2,QL-001,Domestic Freight,22,Pallet,10881.26,0,0,0,239387.66,PO-2025-0479,22,Matched,Three-way match completed.
2727,INVREC01271-01,INVREC01271,1,BRI-002,Tire Services,7,Month,7829.72,0,20,10961.61,54808.06,PO-2023-0619,7,Matched,Three-way match completed.
2728,INVREC01271-02,INVREC01271,2,BRI-001,Tires,4,Unit,14672.07,0,20,11737.65,58688.27,PO-2023-0619,4,Matched,Goods receipt confirmed.
2729,INVREC01272-01,INVREC01272,1,VMW-001,vSphere License,5,CPU,8738.55,0,10,4369.28,43692.77,PO-2026-0327,5,Matched,Ready for payment.
2730,INVREC01272-02,INVREC01272,2,VMW-002,Support Services,3,Year,14453.08,0,10,4335.92,43359.24,PO-2026-0327,3,Matched,Successfully matched against PO.
2731,INVREC01273-01,INVREC01273,1,THO-002,Tax Software,2,User,5295.57,0,0,0,10591.13,PO-2023-1177,2,Matched,Successfully matched against PO.
2732,INVREC01273-02,INVREC01273,2,THO-001,Legal Research Software,13,User,1147.99,0,0,0,14923.87,PO-2023-1177,13,Matched,Ready for payment.
2733,INVREC01274-01,INVREC01274,1,IR-001,Compressed Air Systems,2,Unit,125520.79,0,10,25104.16,251041.57,PO-2023-0916,2,Matched,Validated automatically.
2734,INVREC01274-02,INVREC01274,2,IR-002,Air Tools,13,Unit,13323.02,0,10,17319.92,173199.23,PO-2023-0916,13,Matched,Matched to purchase order.
2735,INVREC01275-01,INVREC01275,1,OFW-CHAIR,Ergonomic Office Chair,10,Unit,3330.9,0,0,0,33308.99,PO-2024-0171,10,Matched,Successfully matched against PO.
2736,INVREC01275-02,INVREC01275,2,OFW-CABIN,Filing Cabinet,2,Unit,17087.08,0,0,0,34174.16,PO-2024-0171,2,Matched,Three-way match completed.
2737,INVREC01276-01,INVREC01276,1,ATL-001,Air Cargo Charter,1,Flight,274283.11,0,0,0,274283.11,PO-2023-0188,1,Matched,Successfully matched against PO.
2738,INVREC01277-01,INVREC01277,1,ELT-002,Facility Maintenance,30,Hour,5885.73,0,20,35314.39,176571.95,PO-2023-0920,30,Matched,Matched to purchase order.
2739,INVREC01277-02,INVREC01277,2,ELT-001,Janitorial Services,20,Visit,14372.14,22995.42,20,57488.54,287442.72,PO-2023-0920,20,Matched,Validated automatically.
2740,INVREC01278-01,INVREC01278,1,MOO-002,Financial Data Service,11,Month,18429.68,8109.06,18,35031.13,202726.44,PO-2025-0081,11,Matched,Three-way match completed.
2741,INVREC01278-02,INVREC01278,2,MOO-001,Credit Risk Software,2,User,114147.77,0,18,42552.82,228295.53,PO-2025-0081,2,Matched,Validated automatically.
2742,INVREC01279-01,INVREC01279,1,MAE-001,Container Shipping,3,Container,84927.82,0,10,25478.35,254783.47,PO-2025-0062,3,Matched,Three-way match completed.
2743,INVREC01279-02,INVREC01279,2,MAE-002,Freight Forwarding,3,Shipment,73945.78,0,10,22183.73,221837.33,PO-2025-0062,3,Matched,Ready for payment.
2744,INVREC01280-01,INVREC01280,1,SAMI-01,Consulting Services,7,Hour,1218.36,0,20,1705.7,8528.5,PO-2024-0633,7,Matched,Goods receipt confirmed.
2745,INVREC01280-02,INVREC01280,2,SAMI-02,Design Work,5,Hour,939.37,0,20,939.37,4696.85,PO-2024-0633,5,Matched,Goods receipt confirmed.
2746,INVREC01281-01,INVREC01281,1,ARA-002,Vending Services,3,Month,76318.09,0,18,41211.77,228954.28,PO-2025-1276,2,Awaiting Approval,Pending goods receipt confirmation.
2747,INVREC01281-02,INVREC01281,2,ARA-001,Food Services,10,Month,10051.65,0,18,18092.97,100516.52,PO-2025-1276,8,Awaiting Approval,Pending goods receipt confirmation.
2748,INVREC01282-01,INVREC01282,1,ABB-001,Power Automation,2,Unit,96421.55,0,5,9642.15,192843.09,PO-2026-0926,2,Matched,Three-way match completed.
2749,INVREC01282-02,INVREC01282,2,ABB-002,Drives & Motors,5,Unit,44139.64,0,5,11034.91,220698.2,PO-2026-0926,5,Matched,Goods receipt confirmed.
2750,INVREC01283-01,INVREC01283,1,KUN-002,Air Freight,2,Shipment,33915.5,0,18,12209.58,67831,PO-2026-0822,2,Matched,Ready for payment.
2751,INVREC01283-02,INVREC01283,2,KUN-001,Supply Chain Management,1,Month,50135.96,0,18,9024.47,50135.96,PO-2026-0822,1,Matched,Three-way match completed.
2752,INVREC01284-01,INVREC01284,1,MCM-002,Hardware,47,Each,6410.05,0,10,30127.22,301272.18,PO-2025-1095,47,Matched,Validated automatically.
2753,INVREC01284-02,INVREC01284,2,MCM-001,Fasteners,71,Box,1860.51,0,10,13209.63,132096.26,PO-2025-1095,71,Matched,Ready for payment.
2754,INVREC01285-01,INVREC01285,1,DEW-001,Construction Tools,11,Unit,3413.79,0,10,3755.17,37551.66,PO-2025-0526,11,Matched,Validated automatically.
2755,INVREC01285-02,INVREC01285,2,DEW-002,Power Tools,8,Unit,9012.4,0,10,7209.92,72099.2,PO-2025-0526,8,Matched,Validated automatically.
2756,INVREC01286-01,INVREC01286,1,SEC-001,Security Guard Services,120,Hour,1130.98,0,0,0,135717.98,PO-2026-1474,120,Matched,Validated automatically.
2757,INVREC01286-02,INVREC01286,2,SEC-002,Access Control Systems,3,Unit,43385.25,0,0,0,130155.76,PO-2026-1474,3,Matched,Matched to purchase order.
2758,INVREC01287-01,INVREC01287,1,GE-001,Power Generation,1,Unit,26975.2,0,18,4855.54,26975.2,PO-2023-0470,1,Matched,Matched to purchase order.
2759,INVREC01287-02,INVREC01287,2,GE-002,Medical Equipment,2,Unit,17166.04,3433.21,18,6179.77,34332.08,PO-2023-0470,2,Matched,Validated automatically.
2760,INVREC01288-01,INVREC01288,1,ALP-001,Heavy Machinery,1,Unit,202015.21,0,20,40403.04,202015.21,PO-2025-0107,1,Matched,Ready for payment.
2761,INVREC01288-02,INVREC01288,2,ALP-002,Spare Parts,4,Box,68206.16,0,20,54564.93,272824.66,PO-2025-0107,4,Matched,Validated automatically.
2762,INVREC01289-01,INVREC01289,1,JCI-001,HVAC System,1,Unit,279205.99,0,20,55841.2,279205.99,PO-2026-1315,1,Matched,Goods receipt confirmed.
2763,INVREC01289-02,INVREC01289,2,JCI-002,Building Automation,1,System,188722.56,0,20,37744.51,188722.56,PO-2026-1315,1,Matched,Validated automatically.
2764,INVREC01290-01,INVREC01290,1,BBY-002,Audio System,6,Unit,42632.43,0,18,46043.02,255794.58,PO-2024-1141,6,Matched,Three-way match completed.
2765,INVREC01290-02,INVREC01290,2,BBY-001,Television,2,Unit,70934.63,0,18,25536.47,141869.27,PO-2024-1141,2,Matched,Validated automatically.
2766,INVREC01291-01,INVREC01291,1,VER-002,Data Services,1,Month,127204.57,0,18,22896.82,127204.57,PO-2024-0079,1,Matched,Goods receipt confirmed.
2767,INVREC01291-02,INVREC01291,2,VER-001,Mobile Services,85,Line,1128.96,0,18,17273.04,95961.34,PO-2024-0079,85,Matched,Successfully matched against PO.
2768,INVREC01292-01,INVREC01292,1,GOO-001,Commercial Tires,25,Unit,5286.47,0,5,6608.08,132161.63,PO-2023-0396,25,Matched,Three-way match completed.
2769,INVREC01292-02,INVREC01292,2,GOO-002,Retread Services,12,Unit,12849.05,0,5,7709.43,154188.56,PO-2023-0396,12,Matched,Validated automatically.
2770,INVREC01293-01,INVREC01293,1,SKF-002,Seals,17,Box,1753.44,0,5,1490.42,29808.44,PO-2025-0625,17,Matched,Matched to purchase order.
2771,INVREC01293-02,INVREC01293,2,SKF-001,Industrial Bearings,39,Unit,687.89,0,5,1341.38,26827.6,PO-2025-0625,39,Matched,Successfully matched against PO.
2772,INVREC01294-01,INVREC01294,1,ECO-002,Sanitation Services,10,Month,9849.69,4924.84,10,9357.2,98496.85,PO-2025-1050,10,Matched,Three-way match completed.
2773,INVREC01294-02,INVREC01294,2,ECO-001,Cleaning Chemicals,8,Case,28581.68,6859.6,10,23357.83,228653.41,PO-2025-1050,8,Matched,Successfully matched against PO.
2774,INVREC01295-01,INVREC01295,1,PAR-002,Seals & Gaskets,12,Box,15973.51,0,10,19168.21,191682.12,PO-2023-0549,12,Matched,Three-way match completed.
2775,INVREC01295-02,INVREC01295,2,PAR-001,Hydraulic Components,10,Unit,25186.14,0,10,25186.14,251861.39,PO-2023-0549,10,Matched,Matched to purchase order.
2776,INVREC01296-01,INVREC01296,1,WMI-001,Waste Collection,9,Month,9015.47,0,18,14605.06,81139.22,PO-2025-1025,9,Matched,Matched to purchase order.
2777,INVREC01296-02,INVREC01296,2,WMI-002,Recycling Services,10,Month,18773.39,0,18,33792.1,187733.87,PO-2025-1025,10,Matched,Ready for payment.
2778,INVREC01297-01,INVREC01297,1,ELT-001,Janitorial Services,8,Visit,2892.29,0,18,4164.9,23138.34,PO-2024-0561,8,Matched,Goods receipt confirmed.
2779,INVREC01297-02,INVREC01297,2,ELT-002,Facility Maintenance,30,Hour,1886.88,0,18,10189.13,56606.29,PO-2024-0561,30,Matched,Successfully matched against PO.
2780,INVREC01298-01,INVREC01298,1,SKF-002,Seals,10,Box,15770.84,0,0,0,157708.35,PO-2025-1314,10,Matched,Ready for payment.
2781,INVREC01298-02,INVREC01298,2,SKF-001,Industrial Bearings,49,Unit,1438.07,0,0,0,70465.44,PO-2025-1314,49,Matched,Validated automatically.
2782,INVREC01299-01,INVREC01299,1,BCG-001,Management Consulting,21,Hour,10618.28,0,5,11149.2,222983.91,PO-2025-0623,21,Matched,Validated automatically.
2783,INVREC01299-02,INVREC01299,2,BCG-002,Operations Improvement,1,Project,222983.92,0,5,11149.2,222983.92,PO-2025-0623,1,Matched,Three-way match completed.
2784,INVREC01300-01,INVREC01300,1,MCD-001,Catering Services,4,Event,24698.49,0,0,0,98793.94,PO-2025-0869,3,Awaiting Approval,Pending goods receipt confirmation.
2785,INVREC01301-01,INVREC01301,1,REG-001,Motion Control,1,Unit,49700.32,0,20,9940.06,49700.32,PO-2026-0860,1,Matched,Successfully matched against PO.
2786,INVREC01301-02,INVREC01301,2,REG-002,Power Transmission,4,Unit,15975.1,0,20,12780.08,63900.41,PO-2026-0860,4,Matched,Three-way match completed.
2787,INVREC01302-01,INVREC01302,1,TIM-001,Bearings,39,Unit,2740.75,0,0,0,106889.11,PO-2024-1147,39,Matched,Goods receipt confirmed.
2788,INVREC01302-02,INVREC01302,2,TIM-002,Lubrication Systems,8,Unit,11057.49,0,0,0,88459.95,PO-2024-1147,8,Matched,Validated automatically.
2789,INVREC01303-01,INVREC01303,1,SOD-001,Facility Management,9,Month,10107.75,0,20,18193.95,90969.77,PO-2025-0728,9,Matched,Three-way match completed.
2790,INVREC01303-02,INVREC01303,2,SOD-002,Catering,5,Event,19020.95,0,20,19020.95,95104.76,PO-2025-0728,5,Matched,Goods receipt confirmed.
2791,INVREC01304-01,INVREC01304,1,IMP-002,Customs Brokerage,2,Shipment,48421.78,0,0,0,96843.55,PO-2023-1344,2,Matched,Goods receipt confirmed.
2792,INVREC01304-02,INVREC01304,2,IMP-001,Container Freight,3,Container,51560.22,0,0,0,154680.66,PO-2023-1344,3,Matched,Matched to purchase order.
2793,INVREC01305-01,INVREC01305,1,VMW-001,vSphere License,14,CPU,10964.95,0,18,27631.67,153509.29,PO-2023-0686,14,Matched,Ready for payment.
2794,INVREC01305-02,INVREC01305,2,VMW-002,Support Services,3,Year,21002.52,0,18,11341.36,63007.55,PO-2023-0686,3,Matched,Matched to purchase order.
2795,INVREC01306-01,INVREC01306,1,CAT-001,Construction Equipment,2,Unit,60052.29,0,10,12010.46,120104.58,PO-2024-1113,2,Matched,Successfully matched against PO.
2796,INVREC01306-02,INVREC01306,2,CAT-002,Spare Parts,7,Box,13231.86,6483.61,10,9262.3,92623.03,PO-2024-1113,7,Matched,Three-way match completed.
2797,INVREC01307-01,INVREC01307,1,GE-001,Power Generation,1,Unit,211426.45,0,5,10571.32,211426.45,PO-2024-0834,1,Awaiting Approval,Pending goods receipt confirmation.
2798,INVREC01307-02,INVREC01307,2,GE-002,Medical Equipment,3,Unit,57309.73,0,5,8596.46,171929.2,PO-2024-0834,3,Awaiting Approval,Pending goods receipt confirmation.
2799,INVREC01308-01,INVREC01308,1,THO-001,Legal Research Software,4,User,44430.16,0,0,0,177720.62,PO-2023-0798,4,Matched,Three-way match completed.
2800,INVREC01308-02,INVREC01308,2,THO-002,Tax Software,1,User,162191.64,0,0,0,162191.64,PO-2023-0798,1,Matched,Matched to purchase order.
2801,INVREC01309-01,INVREC01309,1,FTI-001,Forensic Accounting,23,Hour,4670.23,6444.92,20,20194.09,107415.35,PO-2023-0673,23,Matched,Goods receipt confirmed.
2802,INVREC01309-02,INVREC01309,2,FTI-002,Expert Witness Services,1,Project,104827.02,0,20,22254.38,104827.02,PO-2023-0673,1,Matched,Ready for payment.
2803,INVREC01310-01,INVREC01310,1,GRA-001,Industrial Supplies,19,Box,5460.52,0,20,20749.99,103749.97,PO-2023-1052,19,Matched,Goods receipt confirmed.
2804,INVREC01310-02,INVREC01310,2,GRA-002,Safety Equipment,8,Unit,19951.92,0,20,31923.07,159615.33,PO-2023-1052,8,Matched,Goods receipt confirmed.
2805,INVREC01311-01,INVREC01311,1,REG-002,Power Transmission,5,Unit,19752.59,0,10,9876.3,98762.97,PO-2023-0986,5,Matched,Matched to purchase order.
2806,INVREC01311-02,INVREC01311,2,REG-001,Motion Control,3,Unit,43455.7,10429.37,10,13036.71,130367.11,PO-2023-0986,3,Matched,Validated automatically.
2807,INVREC01312-01,INVREC01312,1,LNV-002,Desktop,6,Unit,9738.07,0,10,5842.84,58428.43,PO-2024-0161,6,Matched,Goods receipt confirmed.
2808,INVREC01312-02,INVREC01312,2,LNV-001,ThinkPad Laptop,15,Unit,3056.26,0,10,4584.38,45843.84,PO-2024-0161,15,Matched,Matched to purchase order.
2809,INVREC01313-01,INVREC01313,1,MCM-002,Hardware,43,Each,2999.85,0,5,6449.68,128993.67,PO-2024-0677,43,Matched,Goods receipt confirmed.
2810,INVREC01313-02,INVREC01313,2,MCM-001,Fasteners,15,Box,7416.15,0,5,5562.11,111242.24,PO-2024-0677,15,Matched,Three-way match completed.
2811,INVREC01314-01,INVREC01314,1,ZF-001,Automotive Components,10,Unit,11146.71,0,5,5573.36,111467.12,PO-2023-0772,10,Matched,Ready for payment.
2812,INVREC01314-02,INVREC01314,2,ZF-002,Industrial Drives,3,Unit,36863.14,0,5,5529.47,110589.43,PO-2023-0772,3,Matched,Successfully matched against PO.
2813,INVREC01315-01,INVREC01315,1,KUN-001,Supply Chain Management,6,Month,12062.64,0,18,13027.65,72375.86,PO-2026-0822,6,Matched,Validated automatically.
2814,INVREC01315-02,INVREC01315,2,KUN-002,Air Freight,3,Shipment,15197.03,0,18,8206.4,45591.1,PO-2026-0822,3,Matched,Goods receipt confirmed.
2815,INVREC01316-01,INVREC01316,1,HON-001,Safety Systems,1,System,65674.21,0,5,3283.71,65674.21,PO-2026-1099,1,Matched,Goods receipt confirmed.
2816,INVREC01316-02,INVREC01316,2,HON-002,Thermostats & Controls,26,Unit,2894.3,0,5,3762.58,75251.69,PO-2026-1099,26,Matched,Validated automatically.
2817,INVREC01317-01,INVREC01317,1,EMR-001,Process Control,5,Unit,44715.87,0,5,11178.97,223579.35,PO-2024-1257,5,Matched,Ready for payment.
2818,INVREC01317-02,INVREC01317,2,EMR-002,Valves & Actuators,20,Unit,12195.24,0,5,12195.24,243904.75,PO-2024-1257,20,Matched,Validated automatically.
2819,INVREC01318-01,INVREC01318,1,WMI-001,Waste Collection,9,Month,20386.96,0,18,33026.88,183482.68,PO-2026-0178,9,Matched,Three-way match completed.
2820,INVREC01318-02,INVREC01318,2,WMI-002,Recycling Services,10,Month,20785.15,0,18,37413.26,207851.47,PO-2026-0178,10,Matched,Ready for payment.
2821,INVREC01319-01,INVREC01319,1,ABB-002,Drives & Motors,10,Unit,2835.59,0,20,5671.18,28355.89,PO-2026-0964,10,Matched,Validated automatically.
2822,INVREC01319-02,INVREC01319,2,ABB-001,Power Automation,3,Unit,12002.49,0,20,7201.49,36007.47,PO-2026-0964,3,Matched,Validated automatically.
2823,INVREC01320-01,INVREC01320,1,CIS-002,Switch,3,Unit,37251.51,0,5,5587.73,111754.52,PO-2023-0015,2,Awaiting Approval,Pending goods receipt confirmation.
2824,INVREC01320-02,INVREC01320,2,CIS-001,Network Router,8,Unit,8021.98,0,5,3208.79,64175.86,PO-2023-0015,7,Awaiting Approval,Pending goods receipt confirmation.
2825,INVREC01320-03,INVREC01320,3,CIS-003,Firewall,3,Unit,54586.37,0,5,8187.96,163759.1,PO-2023-0015,2,Awaiting Approval,Pending goods receipt confirmation.
2826,INVREC01321-01,INVREC01321,1,VER-002,Data Services,11,Month,10690.14,0,10,11759.15,117591.5,PO-2025-0809,11,Matched,Goods receipt confirmed.
2827,INVREC01321-02,INVREC01321,2,VER-001,Mobile Services,16,Line,3793.27,0,10,6069.24,60692.38,PO-2025-0809,16,Matched,Matched to purchase order.
2828,INVREC01322-01,INVREC01322,1,BAI-002,Due Diligence,1,Project,278720.65,5574.41,18,49166.32,278720.65,PO-2025-0875,1,Matched,Matched to purchase order.
2829,INVREC01322-02,INVREC01322,2,BAI-001,Strategy Services,25,Hour,7016.74,12279.3,18,32578.74,175418.59,PO-2025-0875,25,Matched,Validated automatically.
2830,INVREC01323-01,INVREC01323,1,HIL-001,Power Tools,2,Unit,83614.09,0,18,30101.07,167228.18,PO-2023-1317,2,Matched,Matched to purchase order.
2831,INVREC01323-02,INVREC01323,2,HIL-002,Anchoring Systems,8,Box,21898.93,0,18,31534.46,175191.43,PO-2023-1317,8,Matched,Matched to purchase order.
2832,INVREC01324-01,INVREC01324,1,PIN-002,Investment Services,1,Project,157046.43,0,5,7852.32,157046.43,PO-2026-0793,1,Matched,Matched to purchase order.
2833,INVREC01324-02,INVREC01324,2,PIN-001,Financial Advisory,4,Hour,80745.57,0,5,16149.11,322982.27,PO-2026-0793,4,Matched,Goods receipt confirmed.
2834,INVREC01325-01,INVREC01325,1,SNA-001,Hand Tools,5,Unit,21390.16,0,20,21390.16,106950.8,PO-2026-1060,5,Awaiting Approval,Pending goods receipt confirmation.
2835,INVREC01325-02,INVREC01325,2,SNA-002,Diagnostic Equipment,1,Unit,157421.96,6296.88,20,31484.39,157421.96,PO-2026-1060,1,Awaiting Approval,Pending goods receipt confirmation.
2836,INVREC01326-01,INVREC01326,1,JCI-001,HVAC System,1,Unit,18473.11,554.19,10,1791.89,18473.11,PO-2025-0680,1,Matched,Three-way match completed.
2837,INVREC01326-02,INVREC01326,2,JCI-002,Building Automation,1,System,19032.91,951.65,10,1958.71,19032.91,PO-2025-0680,1,Matched,Validated automatically.
2838,INVREC01327-01,INVREC01327,1,TMO-001,Mobile Plans,14,Line,14307.97,0,5,10015.58,200311.54,PO-2023-0790,14,Matched,Validated automatically.
2839,INVREC01327-02,INVREC01327,2,TMO-002,IoT Services,428,Device,370.06,0,5,7919.29,158385.87,PO-2023-0790,428,Matched,Matched to purchase order.
2840,INVREC01328-01,INVREC01328,1,MS-365,Microsoft 365 Business Premium,77,Seat,123.93,477.12,5,453.27,9542.43,PO-2025-1119,77,Matched,Matched to purchase order.
2841,INVREC01328-02,INVREC01328,2,MS-DYN,Dynamics 365 License,34,Seat,256.04,0,5,435.27,8705.38,PO-2025-1119,34,Matched,Validated automatically.
2842,INVREC01328-03,INVREC01328,3,MS-AZ,Azure Subscription,7,Month,2845.99,0,5,996.1,19921.93,PO-2025-1119,7,Matched,Successfully matched against PO.
2843,INVREC01328-04,INVREC01328,4,MS-PBI,Power BI Pro,41,Seat,236.83,0,5,509.34,9709.84,PO-2025-1119,41,Matched,Goods receipt confirmed.
2844,INVREC01329-01,INVREC01329,1,SOD-002,Catering,9,Event,3965.26,0,18,6423.73,35687.38,PO-2026-0476,9,Matched,Successfully matched against PO.
2845,INVREC01329-02,INVREC01329,2,SOD-001,Facility Management,2,Month,14957.21,2094.01,18,5384.59,29914.42,PO-2026-0476,2,Matched,Ready for payment.
2846,INVREC01330-01,INVREC01330,1,SKF-001,Industrial Bearings,13,Unit,11860.16,0,18,27752.78,154182.12,PO-2026-0175,13,Matched,Ready for payment.
2847,INVREC01330-02,INVREC01330,2,SKF-002,Seals,19,Box,17913.91,0,18,61265.57,340364.29,PO-2026-0175,19,Matched,Three-way match completed.
2848,INVREC01331-01,INVREC01331,1,LNV-002,Desktop,14,Unit,5760.19,0,18,14515.69,80642.72,PO-2023-1193,14,Matched,Matched to purchase order.
2849,INVREC01331-02,INVREC01331,2,LNV-001,ThinkPad Laptop,8,Unit,5310.18,2124.07,18,7646.66,42481.44,PO-2023-1193,8,Matched,Matched to purchase order.
2850,INVREC01332-01,INVREC01332,1,TMO-001,Mobile Plans,100,Line,555.4,0,20,11107.9,55539.52,PO-2026-0874,100,Matched,Matched to purchase order.
2851,INVREC01332-02,INVREC01332,2,TMO-002,IoT Services,259,Device,159.69,0,20,8271.84,41359.22,PO-2026-0874,259,Matched,Three-way match completed.
2852,INVREC01333-01,INVREC01333,1,APP-003,iPhone,19,Unit,7041.8,0,20,26758.83,133794.14,PO-2026-0359,15,Awaiting Approval,Pending goods receipt confirmation.
2853,INVREC01333-02,INVREC01333,2,APP-001,MacBook Pro,6,Unit,11000.85,0,20,13201.02,66005.11,PO-2026-0359,6,Awaiting Approval,Pending goods receipt confirmation.
2854,INVREC01334-01,INVREC01334,1,VMW-002,Support Services,1,Year,252981.96,0,0,0,252981.96,PO-2026-0605,1,Matched,Matched to purchase order.
2855,INVREC01334-02,INVREC01334,2,VMW-001,vSphere License,6,CPU,32676.84,0,0,0,196061.02,PO-2026-0605,6,Matched,Validated automatically.
2856,INVREC01335-01,INVREC01335,1,ARA-001,Food Services,6,Month,3084.88,0,10,1850.93,18509.27,PO-2025-1070,6,Matched,Ready for payment.
2857,INVREC01335-02,INVREC01335,2,ARA-002,Vending Services,3,Month,9073.17,0,10,2721.95,27219.51,PO-2025-1070,3,Matched,Validated automatically.
2858,INVREC01336-01,INVREC01336,1,PAR-001,Hydraulic Components,7,Unit,26348.58,7377.6,18,31871.24,184440.03,PO-2023-1476,7,Matched,Validated automatically.
2859,INVREC01336-02,INVREC01336,2,PAR-002,Seals & Gaskets,20,Box,8268,0,18,31092.77,165360.02,PO-2023-1476,20,Matched,Ready for payment.
2860,INVREC01337-01,INVREC01337,1,SNA-002,Diagnostic Equipment,2,Unit,47341.46,0,10,9468.29,94682.91,PO-2025-0620,2,Matched,Matched to purchase order.
2861,INVREC01337-02,INVREC01337,2,SNA-001,Hand Tools,4,Unit,14033.36,0,10,5613.34,56133.44,PO-2025-0620,4,Matched,Three-way match completed.
2862,INVREC01338-01,INVREC01338,1,BOS-001,Hydraulic Systems,4,Unit,46027.13,0,20,36821.71,184108.53,PO-2023-0098,4,Matched,Goods receipt confirmed.
2863,INVREC01338-02,INVREC01338,2,BOS-002,Linear Motion,10,Unit,15128.3,9076.98,20,30256.59,151282.98,PO-2023-0098,10,Matched,Goods receipt confirmed.
2864,INVREC01339-01,INVREC01339,1,HPE-001,Server,6,Unit,30989.89,0,0,0,185939.34,PO-2025-0464,6,Matched,Matched to purchase order.
2865,INVREC01339-02,INVREC01339,2,HPE-002,Storage Array,4,Unit,35018.58,0,0,0,140074.31,PO-2025-0464,4,Matched,Matched to purchase order.
2866,INVREC01340-01,INVREC01340,1,FED-002,International Freight,3,Shipment,45298.98,0,10,13589.69,135896.93,PO-2026-0049,3,Matched,Validated automatically.
2867,INVREC01340-02,INVREC01340,2,FED-001,Express Shipping,7,Shipment,20113.44,0,10,14079.41,140794.11,PO-2026-0049,7,Matched,Ready for payment.
2868,INVREC01341-01,INVREC01341,1,WWG-002,HVAC Parts,5,Unit,2862.28,0,10,1431.14,14311.41,PO-2024-0110,5,Matched,Matched to purchase order.
2869,INVREC01341-02,INVREC01341,2,WWG-001,MRO Supplies,22,Box,547.03,0,10,1203.46,12034.59,PO-2024-0110,22,Matched,Ready for payment.
2870,INVREC01342-01,INVREC01342,1,MOD-002,Office Chair,6,Unit,27126.33,8137.9,0,0,162757.98,PO-2026-1427,6,Matched,Validated automatically.
2871,INVREC01342-02,INVREC01342,2,MOD-001,Office Desk,8,Unit,15889.69,0,0,0,127117.55,PO-2026-1427,8,Matched,Successfully matched against PO.
2872,INVREC01343-01,INVREC01343,1,UNI-001,Work Uniforms,56,Month,566.12,0,10,3170.28,31702.81,PO-2024-0404,56,Matched,Three-way match completed.
2873,INVREC01343-02,INVREC01343,2,UNI-002,Protective Gear,19,Unit,1177.81,0,10,2237.85,22378.46,PO-2024-0404,19,Matched,Successfully matched against PO.
2874,INVREC01344-01,INVREC01344,1,MAE-001,Container Shipping,4,Container,48103.15,0,10,19241.26,192412.61,PO-2023-1461,4,Matched,Ready for payment.
2875,INVREC01344-02,INVREC01344,2,MAE-002,Freight Forwarding,2,Shipment,107524.7,0,10,21504.94,215049.39,PO-2023-1461,2,Matched,Ready for payment.
2876,INVREC01345-01,INVREC01345,1,DEW-002,Power Tools,2,Unit,121500.94,0,0,0,243001.88,PO-2026-1251,2,Matched,Matched to purchase order.
2877,INVREC01345-02,INVREC01345,2,DEW-001,Construction Tools,12,Unit,12941.83,0,0,0,155301.96,PO-2026-1251,12,Matched,Three-way match completed.
2878,INVREC01346-01,INVREC01346,1,BRI-002,Tire Services,12,Month,1287.63,0,20,3090.31,15451.57,PO-2025-0352,12,Matched,Ready for payment.
2879,INVREC01346-02,INVREC01346,2,BRI-001,Tires,5,Unit,4198.16,0,20,4198.16,20990.82,PO-2025-0352,5,Matched,Three-way match completed.
2880,INVREC01347-01,INVREC01347,1,ADT-001,Security Monitoring,5,Month,21446.38,0,5,5361.59,107231.89,PO-2025-1318,5,Matched,Ready for payment.
2881,INVREC01347-02,INVREC01347,2,ADT-002,Alarm Systems,2,Unit,51666.28,0,5,5166.63,103332.55,PO-2025-1318,2,Matched,Validated automatically.
2882,INVREC01348-01,INVREC01348,1,ALP-001,Heavy Machinery,1,Unit,205194.33,0,18,36934.98,205194.33,PO-2025-0135,1,Matched,Successfully matched against PO.
2883,INVREC01348-02,INVREC01348,2,ALP-002,Spare Parts,9,Box,11157.14,0,18,18074.56,100414.25,PO-2025-0135,9,Matched,Successfully matched against PO.
2884,INVREC01349-01,INVREC01349,1,GOO-001,Commercial Tires,11,Unit,12527.61,0,5,6890.18,137803.66,PO-2024-0092,11,Matched,Successfully matched against PO.
2885,INVREC01349-02,INVREC01349,2,GOO-002,Retread Services,17,Unit,11145.88,0,5,9474,189480.04,PO-2024-0092,17,Matched,Matched to purchase order.
2886,INVREC01350-01,INVREC01350,1,ACC-001,Technology Consulting,31,Hour,362.31,0,18,2021.7,11231.64,PO-2024-1443,31,Matched,Ready for payment.
2887,INVREC01350-02,INVREC01350,2,ACC-002,Systems Integration,1,Project,10701.85,0,18,1926.33,10701.85,PO-2024-1443,1,Matched,Matched to purchase order.
2888,INVREC01351-01,INVREC01351,1,GRA-002,Safety Equipment,32,Unit,2395.13,6131.54,20,14102.55,76644.28,PO-2026-1498,32,Matched,Successfully matched against PO.
2889,INVREC01351-02,INVREC01351,2,GRA-001,Industrial Supplies,14,Box,6549.96,0,20,19566.19,91699.4,PO-2026-1498,14,Matched,Ready for payment.
2890,INVREC01352-01,INVREC01352,1,VMW-002,Support Services,1,Year,111396.35,7797.74,18,18647.75,111396.35,PO-2023-0686,1,Matched,Matched to purchase order.
2891,INVREC01352-02,INVREC01352,2,VMW-001,vSphere License,5,CPU,21024.1,0,18,20325.28,105120.49,PO-2023-0686,5,Matched,Matched to purchase order.
2892,INVREC01353-01,INVREC01353,1,GAT-002,Hydraulic Hose,71,Foot,2913.24,0,20,41367.96,206839.8,PO-2026-1066,71,Matched,Matched to purchase order.
2893,INVREC01353-02,INVREC01353,2,GAT-001,Power Transmission Belts,27,Unit,10571.81,0,20,57087.78,285438.92,PO-2026-1066,27,Matched,Successfully matched against PO.
2894,INVREC01354-01,INVREC01354,1,ECO-001,Cleaning Chemicals,2,Case,24974.28,0,18,8990.74,49948.56,PO-2025-0517,2,Matched,Validated automatically.
2895,INVREC01354-02,INVREC01354,2,ECO-002,Sanitation Services,8,Month,9492.78,0,18,13669.6,75942.21,PO-2025-0517,8,Matched,Three-way match completed.
2896,INVREC01355-01,INVREC01355,1,SFS-001,CRM License,68,User,786.47,0,5,2673.99,53479.72,PO-2023-0898,68,Matched,Three-way match completed.
2897,INVREC01355-02,INVREC01355,2,SFS-002,Sales Cloud,10,User,4530.92,0,5,2265.46,45309.2,PO-2023-0898,10,Matched,Validated automatically.
2898,INVREC01356-01,INVREC01356,1,CUM-002,Generators,2,Unit,74762.99,13457.34,0,0,149525.97,PO-2026-0537,2,Matched,Validated automatically.
2899,INVREC01356-02,INVREC01356,2,CUM-001,Engine Parts,4,Unit,15280.03,0,0,0,61120.11,PO-2026-0537,4,Matched,Successfully matched against PO.
2900,INVREC01357-01,INVREC01357,1,BCG-002,Operations Improvement,1,Project,168338.52,0,0,0,168338.52,PO-2025-1448,1,Matched,Goods receipt confirmed.
2901,INVREC01357-02,INVREC01357,2,BCG-001,Management Consulting,31,Hour,7757.54,0,0,0,240483.6,PO-2025-1448,31,Matched,Matched to purchase order.
2902,INVREC01358-01,INVREC01358,1,SNA-002,Diagnostic Equipment,4,Unit,65079.41,15619.06,10,24469.86,260317.62,PO-2024-0550,4,Matched,Goods receipt confirmed.
2903,INVREC01358-02,INVREC01358,2,SNA-001,Hand Tools,10,Unit,15895.5,0,10,17457.4,158955.01,PO-2024-0550,10,Matched,Successfully matched against PO.
2904,INVREC01359-01,INVREC01359,1,FAS-001,Industrial Fasteners,50,Box,2203.8,0,20,22037.98,110189.89,PO-2025-0751,50,Matched,Validated automatically.
2905,INVREC01359-02,INVREC01359,2,FAS-002,Safety Supplies,48,Unit,1538.3,0,20,14767.72,73838.59,PO-2025-0751,48,Matched,Three-way match completed.
2906,INVREC01360-01,INVREC01360,1,ARA-002,Vending Services,4,Month,26706.63,0,5,5341.33,106826.53,PO-2025-0781,4,Awaiting Approval,Pending goods receipt confirmation.
2907,INVREC01360-02,INVREC01360,2,ARA-001,Food Services,8,Month,10856.36,0,5,4342.54,86850.84,PO-2025-0781,7,Awaiting Approval,Pending goods receipt confirmation.
2908,INVREC01361-01,INVREC01361,1,TMO-001,Mobile Plans,65,Line,1749.57,0,0,0,113722.11,PO-2023-0297,65,Matched,Matched to purchase order.
2909,INVREC01361-02,INVREC01361,2,TMO-002,IoT Services,273,Device,598.81,0,0,0,163475.54,PO-2023-0297,273,Matched,Three-way match completed.
2910,INVREC01362-01,INVREC01362,1,MAK-002,Accessories,22,Box,9981.84,0,18,39528.09,219600.52,PO-2023-0810,22,Matched,Matched to purchase order.
2911,INVREC01362-02,INVREC01362,2,MAK-001,Power Tools,8,Unit,14059.79,0,18,20246.1,112478.32,PO-2023-0810,8,Matched,Ready for payment.
2912,INVREC01363-01,INVREC01363,1,KUN-002,Air Freight,1,Shipment,241704.22,0,0,0,241704.22,PO-2025-0228,1,Matched,Ready for payment.
2913,INVREC01363-02,INVREC01363,2,KUN-001,Supply Chain Management,6,Month,36668.8,0,0,0,220012.82,PO-2025-0228,6,Matched,Successfully matched against PO.
2914,INVREC01364-01,INVREC01364,1,ATL-001,Air Cargo Charter,2,Flight,37740.94,0,10,7548.19,75481.87,PO-2026-0954,2,Matched,Validated automatically.
2915,INVREC01365-01,INVREC01365,1,ALP-001,Heavy Machinery,2,Unit,60667.66,0,10,12133.53,121335.31,PO-2026-1176,2,Matched,Three-way match completed.
2916,INVREC01365-02,INVREC01365,2,ALP-002,Spare Parts,7,Box,26743.29,0,10,18720.3,187203.04,PO-2026-1176,7,Matched,Ready for payment.
2917,INVREC01366-01,INVREC01366,1,UNI-002,Protective Gear,9,Unit,10165.89,0,10,9149.3,91493.04,PO-2023-0832,7,Awaiting Approval,Pending goods receipt confirmation.
2918,INVREC01366-02,INVREC01366,2,UNI-001,Work Uniforms,16,Month,11124.72,0,10,17799.55,177995.54,PO-2023-0832,14,Awaiting Approval,Pending goods receipt confirmation.
2919,INVREC01367-01,INVREC01367,1,CIN-002,Floor Mats,25,Month,1889.45,0,5,2361.81,47236.25,PO-2024-0134,25,Matched,Ready for payment.
2920,INVREC01367-02,INVREC01367,2,CIN-001,Uniforms Rental,27,Month,1485.87,0,5,2005.92,40118.45,PO-2024-0134,27,Matched,Goods receipt confirmed.
2921,INVREC01368-01,INVREC01368,1,FAS-002,Safety Supplies,29,Unit,2557.79,0,0,0,74176.05,PO-2025-0958,29,Matched,Three-way match completed.
2922,INVREC01368-02,INVREC01368,2,FAS-001,Industrial Fasteners,84,Box,1806.85,0,0,0,151775.62,PO-2025-0958,84,Matched,Matched to purchase order.
2923,INVREC01369-01,INVREC01369,1,MAE-002,Freight Forwarding,1,Shipment,13130.99,0,10,1313.1,13130.99,PO-2026-0371,1,Matched,Successfully matched against PO.
2924,INVREC01369-02,INVREC01369,2,MAE-001,Container Shipping,4,Container,7096.53,0,10,2838.61,28386.12,PO-2026-0371,4,Matched,Successfully matched against PO.
2925,INVREC01370-01,INVREC01370,1,SUM-001,Software License,28,User,1203.2,0,10,3368.97,33689.66,PO-2024-0251,28,Matched,Three-way match completed.
2926,INVREC01370-02,INVREC01370,2,SUM-002,Implementation Service,23,Hour,1266.53,1747.81,10,2913.01,29130.16,PO-2024-0251,23,Matched,Successfully matched against PO.
2927,INVREC01371-01,INVREC01371,1,SKF-002,Seals,12,Box,858.73,0,0,0,10304.72,PO-2023-0223,12,Matched,Goods receipt confirmed.
2928,INVREC01371-02,INVREC01371,2,SKF-001,Industrial Bearings,27,Unit,601.59,0,0,0,16243.04,PO-2023-0223,27,Matched,Matched to purchase order.
2929,INVREC01372-01,INVREC01372,1,MAK-002,Accessories,16,Box,4247.51,0,10,6796.02,67960.23,PO-2025-0589,16,Matched,Validated automatically.
2930,INVREC01372-02,INVREC01372,2,MAK-001,Power Tools,10,Unit,5640.24,0,10,5640.24,56402.36,PO-2025-0589,10,Matched,Goods receipt confirmed.
2931,INVREC01373-01,INVREC01373,1,CBRE-001,Commercial Real Estate,1,Project,165826.04,0,10,16582.6,165826.04,PO-2026-1389,1,Matched,Three-way match completed.
2932,INVREC01373-02,INVREC01373,2,CBRE-002,Property Valuation,1,Project,327288.23,13091.53,10,32728.83,327288.23,PO-2026-1389,1,Matched,Goods receipt confirmed.
2933,INVREC01374-01,INVREC01374,1,THO-001,Legal Research Software,20,User,6618.66,0,18,23827.16,132373.12,PO-2024-0658,16,Awaiting Approval,Pending goods receipt confirmation.
2934,INVREC01374-02,INVREC01374,2,THO-002,Tax Software,8,User,11425.06,0,18,16452.09,91400.49,PO-2024-0658,6,Awaiting Approval,Pending goods receipt confirmation.
2935,INVREC01375-01,INVREC01375,1,LNV-002,Desktop,8,Unit,26350.31,0,10,21080.25,210802.45,PO-2024-1473,8,Matched,Validated automatically.
2936,INVREC01375-02,INVREC01375,2,LNV-001,ThinkPad Laptop,4,Unit,27448.24,0,10,10979.29,109792.94,PO-2024-1473,4,Matched,Matched to purchase order.
2937,INVREC01376-01,INVREC01376,1,CAT-001,Construction Equipment,1,Unit,221551.13,0,0,0,221551.13,PO-2025-0627,1,Matched,Validated automatically.
2938,INVREC01376-02,INVREC01376,2,CAT-002,Spare Parts,14,Box,18162.88,0,0,0,254280.28,PO-2025-0627,14,Matched,Validated automatically.
2939,INVREC01377-01,INVREC01377,1,MS-PBI,Power BI Pro,14,Seat,3299.57,0,18,8314.91,46193.94,PO-2025-1258,14,Matched,Ready for payment.
2940,INVREC01377-02,INVREC01377,2,MS-DYN,Dynamics 365 License,45,Seat,2648.45,0,18,21452.47,119180.38,PO-2025-1258,45,Matched,Goods receipt confirmed.
2941,INVREC01377-03,INVREC01377,3,MS-AZ,Azure Subscription,11,Month,5543.27,0,18,10975.68,60976.01,PO-2025-1258,11,Matched,Goods receipt confirmed.
2942,INVREC01378-01,INVREC01378,1,CIN-002,Floor Mats,45,Month,3036.19,4098.85,18,23855.31,136628.34,PO-2026-0179,45,Matched,Goods receipt confirmed.
2943,INVREC01378-02,INVREC01378,2,CIN-001,Uniforms Rental,61,Month,2371.56,0,18,26777.55,144665.3,PO-2026-0179,61,Matched,Ready for payment.
2944,INVREC01379-01,INVREC01379,1,SPG-002,Ratings Services,1,Project,79727.5,0,5,3986.38,79727.5,PO-2024-0066,1,Matched,Goods receipt confirmed.
2945,INVREC01379-02,INVREC01379,2,SPG-001,Market Data Subscription,1,Month,112022.19,0,5,5601.11,112022.19,PO-2024-0066,1,Matched,Successfully matched against PO.
2946,INVREC01380-01,INVREC01380,1,BOS-001,Hydraulic Systems,2,Unit,57133.51,0,5,5713.35,114267.02,PO-2026-1407,2,Matched,Successfully matched against PO.
2947,INVREC01380-02,INVREC01380,2,BOS-002,Linear Motion,8,Unit,11382.07,0,5,4552.83,91056.53,PO-2026-1407,8,Matched,Goods receipt confirmed.
2948,INVREC01381-01,INVREC01381,1,ATL-001,Air Cargo Charter,1,Flight,51044.22,0,20,10208.84,51044.22,PO-2025-0038,1,Awaiting Approval,Pending goods receipt confirmation.
2949,INVREC01382-01,INVREC01382,1,FED-002,International Freight,1,Shipment,155465.36,0,0,0,155465.36,PO-2026-1287,1,Matched,Validated automatically.
2950,INVREC01382-02,INVREC01382,2,FED-001,Express Shipping,8,Shipment,10571.65,0,0,0,84573.16,PO-2026-1287,8,Matched,Matched to purchase order.
2951,INVREC01383-01,INVREC01383,1,ABB-001,Power Automation,3,Unit,41626.63,0,18,22478.38,124879.9,PO-2024-0931,3,Matched,Goods receipt confirmed.
2952,INVREC01383-02,INVREC01383,2,ABB-002,Drives & Motors,10,Unit,17170.99,0,18,30907.78,171709.87,PO-2024-0931,10,Matched,Ready for payment.
2953,INVREC01384-01,INVREC01384,1,MSC-001,Metalworking Tools,4,Unit,20892.92,0,20,16714.34,83571.68,PO-2023-0278,4,Matched,Three-way match completed.
2954,INVREC01384-02,INVREC01384,2,MSC-002,Abrasives,37,Box,6081.1,22500.07,20,45000.13,225000.68,PO-2023-0278,37,Matched,Ready for payment.
2955,INVREC01385-01,INVREC01385,1,ADT-002,Alarm Systems,4,Unit,44299.69,0,5,8859.94,177198.77,PO-2023-0101,4,Matched,Goods receipt confirmed.
2956,INVREC01385-02,INVREC01385,2,ADT-001,Security Monitoring,7,Month,28014.28,0,5,9805,196099.98,PO-2023-0101,7,Matched,Ready for payment.
2957,INVREC01386-01,INVREC01386,1,GS-001,Bulk Materials,19,Ton,5296.09,0,5,5031.28,100625.67,PO-2023-0324,19,Matched,Goods receipt confirmed.
2958,INVREC01386-02,INVREC01386,2,GS-002,Logistics Services,3,Shipment,18530.14,3891.33,5,2779.52,55590.41,PO-2023-0324,3,Matched,Matched to purchase order.
2959,INVREC01387-01,INVREC01387,1,DEL-001,Audit Services,1,Project,60965,0,10,6096.5,60965,PO-2025-0539,1,Matched,Successfully matched against PO.
2960,INVREC01387-02,INVREC01387,2,DEL-002,Tax Consulting,14,Hour,6717.27,0,10,9404.17,94041.75,PO-2025-0539,14,Matched,Ready for payment.
2961,INVREC01388-01,INVREC01388,1,ORC-002,Cloud Services,12,Month,16377.54,0,18,35375.48,196530.47,PO-2024-0876,12,Matched,Three-way match completed.
2962,INVREC01388-02,INVREC01388,2,ORC-001,Database License,10,Processor,18506.62,0,18,33311.92,185066.2,PO-2024-0876,10,Matched,Validated automatically.
2963,INVREC01389-01,INVREC01389,1,SNA-001,Hand Tools,4,Unit,41329.65,0,0,0,165318.6,PO-2023-0914,4,Matched,Validated automatically.
2964,INVREC01389-02,INVREC01389,2,SNA-002,Diagnostic Equipment,4,Unit,57679.84,0,0,0,230719.36,PO-2023-0914,4,Matched,Three-way match completed.
2965,INVREC01390-01,INVREC01390,1,SFS-002,Sales Cloud,35,User,1570.61,0,18,9894.85,54971.38,PO-2026-0448,35,Matched,Three-way match completed.
2966,INVREC01390-02,INVREC01390,2,SFS-001,CRM License,45,User,914.05,0,18,7403.84,41132.43,PO-2026-0448,45,Matched,Matched to purchase order.
2967,INVREC01391-01,INVREC01391,1,AMZ-USBH,USB Hub,6,Each,14677.96,0,18,15852.2,88067.79,PO-2024-0679,6,Matched,Matched to purchase order.
2968,INVREC01391-02,INVREC01391,2,AMZ-ADAPT,Ethernet Adapter,9,Each,11208.63,0,18,18157.98,100877.65,PO-2024-0679,9,Matched,Goods receipt confirmed.
2969,INVREC01391-03,INVREC01391,3,AMZ-STAND,Laptop Stand,9,Each,25085.98,0,18,40639.28,225773.78,PO-2024-0679,9,Matched,Three-way match completed.
2970,INVREC01392-01,INVREC01392,1,MS-DYN,Dynamics 365 License,9,Seat,8437.18,0,0,0,75934.58,PO-2026-1297,9,Matched,Three-way match completed.
2971,INVREC01392-02,INVREC01392,2,MS-365,Microsoft 365 Business Premium,14,Seat,6670.77,0,0,0,93390.81,PO-2026-1297,14,Matched,Goods receipt confirmed.
2972,INVREC01392-03,INVREC01392,3,MS-AZ,Azure Subscription,3,Month,33457.77,0,0,0,100373.3,PO-2026-1297,3,Matched,Successfully matched against PO.
2973,INVREC01393-01,INVREC01393,1,PIN-002,Investment Services,1,Project,180411.99,0,18,32474.16,180411.99,PO-2026-1114,1,Matched,Three-way match completed.
2974,INVREC01393-02,INVREC01393,2,PIN-001,Financial Advisory,7,Hour,14023.62,0,18,17669.76,98165.34,PO-2026-1114,7,Matched,Three-way match completed.
2975,INVREC01394-01,INVREC01394,1,VMW-001,vSphere License,13,CPU,14129.18,0,20,36735.86,183679.32,PO-2026-1053,13,Matched,Three-way match completed.
2976,INVREC01394-02,INVREC01394,2,VMW-002,Support Services,3,Year,58505.26,0,20,35103.16,175515.79,PO-2026-1053,3,Matched,Ready for payment.
2977,INVREC01395-01,INVREC01395,1,MS-365,Microsoft 365 Business Premium,132,Seat,712.89,0,18,16938.31,94101.7,PO-2023-1337,132,Matched,Three-way match completed.
2978,INVREC01395-02,INVREC01395,2,MS-DYN,Dynamics 365 License,2,Seat,32871.14,0,18,11833.61,65742.29,PO-2023-1337,2,Matched,Three-way match completed.
2979,INVREC01395-03,INVREC01395,3,MS-PBI,Power BI Pro,9,Seat,7591.16,0,18,12297.68,68320.42,PO-2023-1337,9,Matched,Validated automatically.
2980,INVREC01396-01,INVREC01396,1,THO-002,Tax Software,1,User,266640.85,0,10,26664.09,266640.85,PO-2025-0254,1,Matched,Ready for payment.
2981,INVREC01396-02,INVREC01396,2,THO-001,Legal Research Software,8,User,17446.23,0,10,13956.98,139569.82,PO-2025-0254,8,Matched,Successfully matched against PO.
2982,INVREC01397-01,INVREC01397,1,KPM-002,Financial Advisory,23,Hour,1161.42,0,18,4808.3,26712.77,PO-2025-0406,23,Matched,Ready for payment.
2983,INVREC01397-02,INVREC01397,2,KPM-001,Internal Audit,1,Project,31758.51,0,18,5716.53,31758.51,PO-2025-0406,1,Matched,Successfully matched against PO.
2984,INVREC01398-01,INVREC01398,1,BCG-002,Operations Improvement,1,Project,97161.83,3886.47,20,18655.07,97161.83,PO-2023-1173,1,Matched,Validated automatically.
2985,INVREC01398-02,INVREC01398,2,BCG-001,Management Consulting,13,Hour,8983.16,0,20,24133.5,116781.04,PO-2023-1173,13,Matched,Matched to purchase order.
2986,INVREC01399-01,INVREC01399,1,GEN-002,Miscellaneous Supplies,98,Each,753.73,0,18,13295.87,73865.92,PO-2024-0340,98,Matched,Goods receipt confirmed.
2987,INVREC01399-02,INVREC01399,2,GEN-001,General Services,50,Hour,1604.99,0,18,14444.89,80249.4,PO-2024-0340,50,Matched,Ready for payment.
2988,INVREC01400-01,INVREC01400,1,VER-002,Data Services,11,Month,15606.59,0,20,34334.51,171672.53,PO-2023-1225,11,Matched,Goods receipt confirmed.
2989,INVREC01400-02,INVREC01400,2,VER-001,Mobile Services,78,Line,2515.35,0,20,39239.44,196197.18,PO-2023-1225,78,Matched,Validated automatically.
2990,INVREC01401-01,INVREC01401,1,PIN-001,Financial Advisory,4,Hour,53654.11,0,20,42923.29,214616.44,PO-2026-0729,4,Matched,Successfully matched against PO.
2991,INVREC01401-02,INVREC01401,2,PIN-002,Investment Services,1,Project,266820.43,18677.43,20,53364.08,266820.43,PO-2026-0729,1,Matched,Successfully matched against PO.
2992,INVREC01402-01,INVREC01402,1,WMI-002,Recycling Services,12,Month,3066.45,0,10,3679.75,36797.45,PO-2023-0442,12,Matched,Matched to purchase order.
2993,INVREC01402-02,INVREC01402,2,WMI-001,Waste Collection,5,Month,7709.94,0,10,3854.97,38549.7,PO-2023-0442,5,Matched,Three-way match completed.
2994,INVREC01403-01,INVREC01403,1,MCK-001,Strategy Consulting,18,Hour,4364.34,0,0,0,78558.12,PO-2025-0184,15,Awaiting Approval,Pending goods receipt confirmation.
2995,INVREC01403-02,INVREC01403,2,MCK-002,Market Research,1,Project,96959.12,0,0,0,96959.12,PO-2025-0184,1,Awaiting Approval,Pending goods receipt confirmation.
2996,INVREC01404-01,INVREC01404,1,CAT-002,Spare Parts,16,Box,11126.33,0,5,8901.06,178021.27,PO-2026-0648,16,Matched,Matched to purchase order.
2997,INVREC01404-02,INVREC01404,2,CAT-001,Construction Equipment,2,Unit,159032.34,0,5,15903.23,318064.67,PO-2026-0648,2,Matched,Validated automatically.
2998,INVREC01405-01,INVREC01405,1,FAS-001,Industrial Fasteners,95,Box,729.13,1385.35,18,12218.77,69267.4,PO-2025-0908,95,Matched,Successfully matched against PO.
2999,INVREC01405-02,INVREC01405,2,FAS-002,Safety Supplies,9,Unit,14666.68,0,18,24009.39,132000.15,PO-2025-0908,9,Matched,Validated automatically.
3000,INVREC01406-01,INVREC01406,1,FTI-002,Expert Witness Services,1,Project,277204.12,0,5,13860.21,277204.12,PO-2026-0719,1,Matched,Ready for payment.
3001,INVREC01406-02,INVREC01406,2,FTI-001,Forensic Accounting,26,Hour,8080.44,14706.41,5,10504.57,210091.55,PO-2026-0719,26,Matched,Three-way match completed.
3002,INVREC01407-01,INVREC01407,1,ADT-002,Alarm Systems,5,Unit,12292.41,0,5,3073.1,61462.05,PO-2025-1318,5,Matched,Matched to purchase order.
3003,INVREC01407-02,INVREC01407,2,ADT-001,Security Monitoring,5,Month,29820.48,0,5,7455.12,149102.39,PO-2025-1318,5,Matched,Three-way match completed.
3004,INVREC01408-01,INVREC01408,1,SEC-001,Security Guard Services,97,Hour,1608.19,0,10,15599.42,155994.16,PO-2024-0968,97,Matched,Three-way match completed.
3005,INVREC01408-02,INVREC01408,2,SEC-002,Access Control Systems,5,Unit,35705.33,0,10,17852.67,178526.66,PO-2024-0968,5,Matched,Validated automatically.
3006,INVREC01409-01,INVREC01409,1,CIN-002,Floor Mats,17,Month,4195.93,0,18,12839.55,71330.81,PO-2023-0423,17,Matched,Ready for payment.
3007,INVREC01409-02,INVREC01409,2,CIN-001,Uniforms Rental,76,Month,691.12,0,18,9454.57,52525.41,PO-2023-0423,76,Matched,Matched to purchase order.
3008,INVREC01410-01,INVREC01410,1,CAT-001,Construction Equipment,2,Unit,29854.16,0,0,0,59708.31,PO-2023-0859,2,Matched,Goods receipt confirmed.
3009,INVREC01410-02,INVREC01410,2,CAT-002,Spare Parts,15,Box,6953.98,0,0,0,104309.69,PO-2023-0859,15,Matched,Matched to purchase order.
3010,INVREC01411-01,INVREC01411,1,HPE-001,Server,5,Unit,33571.89,0,5,8392.97,167859.43,PO-2023-1149,5,Awaiting Approval,Pending goods receipt confirmation.
3011,INVREC01411-02,INVREC01411,2,HPE-002,Storage Array,2,Unit,61333.25,0,5,6133.33,122666.5,PO-2023-1149,2,Awaiting Approval,Pending goods receipt confirmation.
3012,INVREC01412-01,INVREC01412,1,SEC-002,Access Control Systems,4,Unit,42007.43,0,10,16802.97,168029.72,PO-2023-0721,4,Matched,Ready for payment.
3013,INVREC01412-02,INVREC01412,2,SEC-001,Security Guard Services,135,Hour,807.94,0,10,10907.19,109071.93,PO-2023-0721,135,Matched,Successfully matched against PO.
3014,INVREC01413-01,INVREC01413,1,EY-002,Risk Consulting,19,Hour,6677.25,0,18,22836.2,126867.75,PO-2023-1485,19,Matched,Successfully matched against PO.
3015,INVREC01413-02,INVREC01413,2,EY-001,Financial Audit,1,Project,128325.99,0,18,23098.68,128325.99,PO-2023-1485,1,Matched,Validated automatically.
3016,INVREC01414-01,INVREC01414,1,ELT-001,Janitorial Services,20,Visit,9884.34,0,20,39537.34,197686.72,PO-2023-0920,14,Quantity Mismatch,Quantity exceeds PO by 46%.
3017,INVREC01414-02,INVREC01414,2,ELT-002,Facility Maintenance,22,Hour,12105.82,0,20,53265.59,266327.95,PO-2023-0920,18,Missing PO,Invoice has no purchase order.
3018,INVREC01415-01,INVREC01415,1,SPG-002,Ratings Services,2,Project,82036.58,0,10,16407.31,164073.15,PO-2026-0209,2,Matched,Matched to purchase order.
3019,INVREC01415-02,INVREC01415,2,SPG-001,Market Data Subscription,11,Month,30080.08,0,10,33088.09,330880.85,PO-2026-0209,11,Matched,Validated automatically.
3020,INVREC01416-01,INVREC01416,1,QL-002,Courier Services,82,Package,494.01,0,5,2025.44,40508.76,PO-2024-0311,78,Awaiting Approval,Pending goods receipt confirmation.
3021,INVREC01416-02,INVREC01416,2,QL-001,Domestic Freight,14,Pallet,4459.37,2497.25,5,3121.56,62431.16,PO-2024-0311,11,Awaiting Approval,Pending goods receipt confirmation.
3022,INVREC01417-01,INVREC01417,1,QL-001,Domestic Freight,35,Pallet,2961.13,0,18,18655.14,103639.66,PO-2026-1182,35,Matched,Matched to purchase order.
3023,INVREC01417-02,INVREC01417,2,QL-002,Courier Services,52,Package,1312.1,0,18,12281.3,68229.45,PO-2026-1182,52,Matched,Matched to purchase order.
3024,INVREC01418-01,INVREC01418,1,MCK-002,Market Research,1,Project,223369.62,0,0,0,223369.62,PO-2024-0162,1,Matched,Matched to purchase order.
3025,INVREC01418-02,INVREC01418,2,MCK-001,Strategy Consulting,39,Hour,4108.81,0,0,0,160243.43,PO-2024-0162,39,Matched,Goods receipt confirmed.
3026,INVREC01419-01,INVREC01419,1,SIE-001,Industrial Automation,1,Unit,93229.82,0,18,16781.37,93229.82,PO-2023-1172,1,Matched,Validated automatically.
3027,INVREC01419-02,INVREC01419,2,SIE-002,Electrical Equipment,8,Unit,16912.12,0,18,24353.45,135296.93,PO-2023-1172,8,Matched,Three-way match completed.
3028,INVREC01420-01,INVREC01420,1,GE-002,Medical Equipment,2,Unit,76403.05,0,5,7640.31,152806.1,PO-2024-0834,2,Awaiting Approval,Pending goods receipt confirmation.
3029,INVREC01420-02,INVREC01420,2,GE-001,Power Generation,2,Unit,115274.78,0,5,11527.48,230549.55,PO-2024-0834,2,Awaiting Approval,Pending goods receipt confirmation.
3030,INVREC01421-01,INVREC01421,1,MAK-001,Power Tools,8,Unit,20577.52,0,10,16462.02,164620.16,PO-2023-0695,8,Matched,Matched to purchase order.
3031,INVREC01421-02,INVREC01421,2,MAK-002,Accessories,18,Box,9463.67,0,10,17034.61,170346.08,PO-2023-0695,18,Matched,Three-way match completed.
3032,INVREC01422-01,INVREC01422,1,UNI-001,Work Uniforms,15,Month,12456.54,0,20,37369.62,186848.12,PO-2026-1133,15,Matched,Validated automatically.
3033,INVREC01422-02,INVREC01422,2,UNI-002,Protective Gear,28,Unit,3712.53,0,20,20790.14,103950.71,PO-2026-1133,28,Matched,Three-way match completed.
3034,INVREC01423-01,INVREC01423,1,BAI-002,Due Diligence,1,Project,13823.09,0,0,0,13823.09,PO-2023-1057,1,Matched,Goods receipt confirmed.
3035,INVREC01423-02,INVREC01423,2,BAI-001,Strategy Services,21,Hour,713.67,0,0,0,14987.14,PO-2023-1057,21,Matched,Validated automatically.
3036,INVREC01424-01,INVREC01424,1,THO-002,Tax Software,8,User,24773.58,0,20,39637.73,198188.64,PO-2026-0499,8,Matched,Matched to purchase order.
3037,INVREC01424-02,INVREC01424,2,THO-001,Legal Research Software,1,User,141083.44,0,20,28216.69,141083.44,PO-2026-0499,1,Matched,Successfully matched against PO.
3038,INVREC01425-01,INVREC01425,1,VGT-002,Network Switch,7,Unit,6307.53,0,0,0,44152.71,PO-2026-1343,7,Matched,Goods receipt confirmed.
3039,INVREC01425-02,INVREC01425,2,VGT-003,Storage Array,1,Unit,63014.06,0,0,0,63014.06,PO-2026-1343,1,Matched,Validated automatically.
3040,INVREC01425-03,INVREC01425,3,VGT-001,Server Equipment,5,Unit,6001.34,0,0,0,30006.69,PO-2026-1343,5,Matched,Goods receipt confirmed.
3041,INVREC01426-01,INVREC01426,1,VMW-001,vSphere License,9,CPU,19760.7,0,5,8892.31,177846.28,PO-2025-0061,9,Matched,Goods receipt confirmed.
3042,INVREC01426-02,INVREC01426,2,VMW-002,Support Services,3,Year,103037.92,0,5,15455.69,309113.76,PO-2025-0061,3,Matched,Ready for payment.
3043,INVREC01427-01,INVREC01427,1,SKF-002,Seals,4,Box,8100.27,0,5,1620.05,32401.08,PO-2025-0625,4,Matched,Matched to purchase order.
3044,INVREC01427-02,INVREC01427,2,SKF-001,Industrial Bearings,6,Unit,4039.16,0,5,1211.75,24234.96,PO-2025-0625,6,Matched,Validated automatically.
3045,INVREC01428-01,INVREC01428,1,CIS-002,Switch,3,Unit,20382.63,0,18,11006.62,61147.88,PO-2024-0291,3,Matched,Successfully matched against PO.
3046,INVREC01428-02,INVREC01428,2,CIS-003,Firewall,5,Unit,16306.1,0,18,14675.49,81530.51,PO-2024-0291,5,Matched,Successfully matched against PO.
3047,INVREC01428-03,INVREC01428,3,CIS-001,Network Router,2,Unit,20382.63,3261.22,18,7337.75,40765.26,PO-2024-0291,2,Matched,Validated automatically.
3048,INVREC01429-01,INVREC01429,1,SAP-002,Implementation Services,16,Hour,7373.37,0,0,0,117973.9,PO-2026-0703,13,Awaiting Approval,Pending goods receipt confirmation.
3049,INVREC01429-02,INVREC01429,2,SAP-001,ERP License,44,User,1935.15,0,0,0,85146.38,PO-2026-0703,32,Awaiting Approval,Pending goods receipt confirmation.
3050,INVREC01430-01,INVREC01430,1,SCH-002,Electrical Components,23,Unit,5981.9,0,18,24765.05,137583.6,PO-2025-0963,23,Matched,Three-way match completed.
3051,INVREC01430-02,INVREC01430,2,SCH-001,Energy Management,2,System,67664.07,0,18,24359.07,135328.14,PO-2025-0963,2,Matched,Successfully matched against PO.
3052,INVREC01431-01,INVREC01431,1,GOO-002,Retread Services,18,Unit,2181.15,0,20,7852.15,39260.75,PO-2025-0287,18,Matched,Ready for payment.
3053,INVREC01431-02,INVREC01431,2,GOO-001,Commercial Tires,17,Unit,3123.26,0,20,10619.1,53095.49,PO-2025-0287,17,Matched,Three-way match completed.
3054,INVREC01432-01,INVREC01432,1,SCH-002,Electrical Components,30,Unit,546.33,0,20,3277.99,16389.95,PO-2024-0344,30,Matched,Successfully matched against PO.
3055,INVREC01432-02,INVREC01432,2,SCH-001,Energy Management,2,System,10476.05,0,20,4190.42,20952.09,PO-2024-0344,2,Matched,Goods receipt confirmed.
3056,INVREC01433-01,INVREC01433,1,IR-001,Compressed Air Systems,3,Unit,50013.92,0,0,0,150041.75,PO-2026-1452,3,Matched,Goods receipt confirmed.
3057,INVREC01433-02,INVREC01433,2,IR-002,Air Tools,5,Unit,24895.82,0,0,0,124479.08,PO-2026-1452,5,Matched,Goods receipt confirmed.
3058,INVREC01434-01,INVREC01434,1,PIN-002,Investment Services,1,Project,9091.52,0,18,1636.47,9091.52,PO-2024-1016,1,Matched,Validated automatically.
3059,INVREC01434-02,INVREC01434,2,PIN-001,Financial Advisory,8,Hour,1490.24,0,18,2145.94,11921.89,PO-2024-1016,8,Matched,Ready for payment.
3060,INVREC01435-01,INVREC01435,1,HIL-002,Anchoring Systems,8,Box,9095.59,0,10,7276.48,72764.75,PO-2026-1012,8,Matched,Three-way match completed.
3061,INVREC01435-02,INVREC01435,2,HIL-001,Power Tools,10,Unit,6291.12,0,10,6291.12,62911.19,PO-2026-1012,10,Matched,Matched to purchase order.
3062,INVREC01436-01,INVREC01436,1,MCK-001,Strategy Consulting,28,Hour,1487.17,0,10,4164.06,41640.62,PO-2023-0626,28,Matched,Validated automatically.
3063,INVREC01436-02,INVREC01436,2,MCK-002,Market Research,1,Project,24318.12,0,10,2431.81,24318.12,PO-2023-0626,1,Matched,Successfully matched against PO.
3064,INVREC01437-01,INVREC01437,1,JLL-001,Property Management,8,Month,5116.05,0,18,7367.11,40928.39,PO-2023-1397,8,Matched,Validated automatically.
3065,INVREC01437-02,INVREC01437,2,JLL-002,Leasing Services,1,Project,27435.51,0,18,4938.39,27435.51,PO-2023-1397,1,Matched,Ready for payment.
3066,INVREC01438-01,INVREC01438,1,ZF-002,Industrial Drives,1,Unit,50645.34,0,20,10129.07,50645.34,PO-2026-0925,1,Matched,Three-way match completed.
3067,INVREC01438-02,INVREC01438,2,ZF-001,Automotive Components,9,Unit,4974.82,0,20,8954.68,44773.42,PO-2026-0925,9,Matched,Ready for payment.
3068,INVREC01439-01,INVREC01439,1,CAT-001,Construction Equipment,2,Unit,75314.04,0,5,7531.4,150628.07,PO-2024-0056,2,Awaiting Approval,Pending goods receipt confirmation.
3069,INVREC01439-02,INVREC01439,2,CAT-002,Spare Parts,14,Box,8544.03,0,5,5980.82,119616.41,PO-2024-0056,10,Awaiting Approval,Pending goods receipt confirmation.
3070,INVREC01440-01,INVREC01440,1,VGT-003,Storage Array,1,Unit,56979.75,0,0,0,56979.75,PO-2026-1343,1,Matched,Validated automatically.
3071,INVREC01440-02,INVREC01440,2,VGT-002,Network Switch,4,Unit,12240.09,0,0,0,48960.37,PO-2026-1343,4,Matched,Goods receipt confirmed.
3072,INVREC01440-03,INVREC01440,3,VGT-001,Server Equipment,4,Unit,7808.34,0,0,0,31233.34,PO-2026-1343,4,Matched,Ready for payment.
3073,INVREC01441-01,INVREC01441,1,BAL-002,Drives,5,Unit,34094.96,0,18,30685.46,170474.78,PO-2024-1019,5,Matched,Successfully matched against PO.
3074,INVREC01441-02,INVREC01441,2,BAL-001,Electric Motors,6,Unit,39478.37,9474.81,18,42636.64,236870.22,PO-2024-1019,6,Matched,Goods receipt confirmed.
3075,INVREC01442-01,INVREC01442,1,CBRE-001,Commercial Real Estate,2,Project,49897.78,0,0,0,99795.56,PO-2024-0889,2,Matched,Three-way match completed.
3076,INVREC01442-02,INVREC01442,2,CBRE-002,Property Valuation,3,Project,44657.37,0,0,0,133972.11,PO-2024-0889,3,Matched,Goods receipt confirmed.
3077,INVREC01443-01,INVREC01443,1,MCM-002,Hardware,12,Each,15556.82,0,10,18668.18,186681.79,PO-2025-1095,12,Matched,Goods receipt confirmed.
3078,INVREC01443-02,INVREC01443,2,MCM-001,Fasteners,39,Box,6325.3,0,10,24668.67,246686.65,PO-2025-1095,39,Matched,Ready for payment.
3079,INVREC01444-01,INVREC01444,1,HPE-002,Storage Array,3,Unit,70371.84,0,18,38000.79,211115.51,PO-2025-0891,3,Matched,Goods receipt confirmed.
3080,INVREC01444-02,INVREC01444,2,HPE-001,Server,3,Unit,73804.61,0,18,39854.49,221413.82,PO-2025-0891,3,Matched,Goods receipt confirmed.
3081,INVREC01445-01,INVREC01445,1,ABB-001,Power Automation,4,Unit,40934.7,0,10,16373.88,163738.78,PO-2026-0795,4,Matched,Ready for payment.
3082,INVREC01445-02,INVREC01445,2,ABB-002,Drives & Motors,3,Unit,74505.48,0,10,22351.64,223516.43,PO-2026-0795,3,Matched,Three-way match completed.
3083,INVREC01446-01,INVREC01446,1,FAS-001,Industrial Fasteners,38,Box,3799.99,0,20,28879.95,144399.76,PO-2023-1465,38,Matched,Goods receipt confirmed.
3084,INVREC01446-02,INVREC01446,2,FAS-002,Safety Supplies,20,Unit,9060.38,0,20,36241.51,181207.55,PO-2023-1465,20,Matched,Ready for payment.
3085,INVREC01447-01,INVREC01447,1,ACC-001,Technology Consulting,21,Hour,10931.5,0,0,0,229561.43,PO-2024-0533,21,Matched,Matched to purchase order.
3086,INVREC01447-02,INVREC01447,2,ACC-002,Systems Integration,1,Project,250622.11,17543.55,0,0,250622.11,PO-2024-0533,1,Matched,Validated automatically.
3087,INVREC01448-01,INVREC01448,1,HON-002,Thermostats & Controls,42,Unit,2956.54,0,10,12417.46,124174.62,PO-2025-0083,42,Matched,Goods receipt confirmed.
3088,INVREC01448-02,INVREC01448,2,HON-001,Safety Systems,3,System,45348.08,0,10,13604.43,136044.25,PO-2025-0083,3,Matched,Matched to purchase order.
3089,INVREC01449-01,INVREC01449,1,SIE-002,Electrical Equipment,2,Unit,96293.41,0,5,9629.34,192586.81,PO-2024-0766,2,Matched,Matched to purchase order.
3090,INVREC01449-02,INVREC01449,2,SIE-001,Industrial Automation,3,Unit,58715.49,0,5,8807.32,176146.47,PO-2024-0766,3,Matched,Matched to purchase order.
3091,INVREC01450-01,INVREC01450,1,DEL-001,Audit Services,1,Project,229661.43,0,10,22966.14,229661.43,PO-2023-1458,1,Matched,Matched to purchase order.
3092,INVREC01450-02,INVREC01450,2,DEL-002,Tax Consulting,29,Hour,8427.94,0,10,24441.03,244410.33,PO-2023-1458,29,Matched,Three-way match completed.
3093,INVREC01451-01,INVREC01451,1,MOO-001,Credit Risk Software,1,User,19353.38,0,0,0,19353.38,PO-2026-0126,1,Matched,Matched to purchase order.
3094,INVREC01451-02,INVREC01451,2,MOO-002,Financial Data Service,9,Month,3473.68,2501.05,0,0,31263.14,PO-2026-0126,9,Matched,Ready for payment.
3095,INVREC01452-01,INVREC01452,1,ADT-001,Security Monitoring,9,Month,14809.47,0,5,6664.26,133285.22,PO-2023-0357,9,Matched,Matched to purchase order.
3096,INVREC01452-02,INVREC01452,2,ADT-002,Alarm Systems,3,Unit,43095.56,0,5,6464.33,129286.67,PO-2023-0357,3,Matched,Matched to purchase order.
3097,INVREC01453-01,INVREC01453,1,SNA-001,Hand Tools,8,Unit,10359.43,0,20,16575.09,82875.46,PO-2024-1421,8,Matched,Matched to purchase order.
3098,INVREC01453-02,INVREC01453,2,SNA-002,Diagnostic Equipment,5,Unit,10710.06,0,20,10710.06,53550.3,PO-2024-1421,5,Matched,Ready for payment.
3099,INVREC01454-01,INVREC01454,1,IR-002,Air Tools,2,Unit,154910.42,0,18,55767.75,309820.84,PO-2023-0923,2,Awaiting Approval,Pending goods receipt confirmation.
3100,INVREC01454-02,INVREC01454,2,IR-001,Compressed Air Systems,5,Unit,34546.4,0,18,31091.76,172731.98,PO-2023-0923,4,Awaiting Approval,Pending goods receipt confirmation.
3101,INVREC01455-01,INVREC01455,1,CIS-003,Firewall,3,Unit,11497.47,2414.47,5,1603.9,34492.4,PO-2026-1457,3,Matched,Three-way match completed.
3102,INVREC01455-02,INVREC01455,2,CIS-001,Network Router,6,Unit,13596.21,0,5,4078.86,81577.27,PO-2026-1457,6,Matched,Matched to purchase order.
3103,INVREC01455-03,INVREC01455,3,CIS-002,Switch,17,Unit,2801.9,0,5,2502.34,47632.37,PO-2026-1457,17,Matched,Ready for payment.
3104,INVREC01456-01,INVREC01456,1,HPE-001,Server,4,Unit,56238.58,15746.8,0,0,224954.32,PO-2024-1353,4,Matched,Three-way match completed.
3105,INVREC01456-02,INVREC01456,2,HPE-002,Storage Array,1,Unit,212221.05,0,0,0,212221.05,PO-2024-1353,1,Matched,Three-way match completed.
3106,INVREC01457-01,INVREC01457,1,ABCD-200,Industrial Fasteners,107,Box,2016.15,0,20,43145.7,215728.51,PO-2025-0739,80,Awaiting Approval,Pending goods receipt confirmation.
3107,INVREC01457-02,INVREC01457,2,ABCD-100,Steel Coils,9,Ton,13906.16,0,20,25031.09,125155.47,PO-2025-0739,8,Awaiting Approval,Pending goods receipt confirmation.
3108,INVREC01457-03,INVREC01457,3,ABCD-300,Packaging Film,13,Roll,6840.48,0,20,17785.25,88926.25,PO-2025-0739,12,Awaiting Approval,Pending goods receipt confirmation.
3109,INVREC01458-01,INVREC01458,1,IBM-002,Consulting Services,22,Hour,6843.79,0,20,30112.65,150563.27,PO-2024-1108,22,Matched,Ready for payment.
3110,INVREC01458-02,INVREC01458,2,IBM-001,Mainframe Hardware,1,Unit,280359.18,0,20,56071.84,280359.18,PO-2024-1108,1,Matched,Matched to purchase order.
3111,INVREC01459-01,INVREC01459,1,TIM-002,Lubrication Systems,9,Unit,13488.81,0,20,24279.85,121399.26,PO-2024-0099,9,Matched,Matched to purchase order.
3112,INVREC01459-02,INVREC01459,2,TIM-001,Bearings,34,Unit,2177.17,0,20,14804.79,74023.94,PO-2024-0099,34,Matched,Matched to purchase order.
3113,INVREC01460-01,INVREC01460,1,REG-002,Power Transmission,5,Unit,31383.91,0,0,0,156919.55,PO-2025-1131,5,Matched,Three-way match completed.
3114,INVREC01460-02,INVREC01460,2,REG-001,Motion Control,3,Unit,91725.92,0,0,0,275177.76,PO-2025-1131,3,Matched,Goods receipt confirmed.
3115,INVREC01461-01,INVREC01461,1,CAT-002,Spare Parts,17,Box,13936.82,0,18,42646.68,236926.02,PO-2026-0761,17,Matched,Successfully matched against PO.
3116,INVREC01461-02,INVREC01461,2,CAT-001,Construction Equipment,1,Unit,243826.78,0,18,43888.82,243826.78,PO-2026-0761,1,Matched,Three-way match completed.
3117,INVREC01462-01,INVREC01462,1,CAT-002,Spare Parts,19,Box,12938.92,0,18,44251.11,245839.5,PO-2026-0761,19,Matched,Validated automatically.
3118,INVREC01462-02,INVREC01462,2,CAT-001,Construction Equipment,2,Unit,117456.65,0,18,42284.39,234913.3,PO-2026-0761,2,Matched,Matched to purchase order.
3119,INVREC01463-01,INVREC01463,1,FED-001,Express Shipping,1,Shipment,94844.49,6639.11,0,0,94844.49,PO-2026-1287,1,Awaiting Approval,Pending goods receipt confirmation.
3120,INVREC01463-02,INVREC01463,2,FED-002,International Freight,3,Shipment,48398.01,0,0,0,145194.03,PO-2026-1287,2,Awaiting Approval,Pending goods receipt confirmation.
3121,INVREC01464-01,INVREC01464,1,TMO-002,IoT Services,312,Device,180.49,3942.01,20,10474.48,56314.4,PO-2023-0722,312,Matched,Goods receipt confirmed.
3122,INVREC01464-02,INVREC01464,2,TMO-001,Mobile Plans,99,Line,508.96,0,20,10865.71,50386.57,PO-2023-0722,99,Matched,Three-way match completed.
3123,INVREC01465-01,INVREC01465,1,BAL-001,Electric Motors,10,Unit,16558.71,0,18,29805.67,165587.08,PO-2023-0294,10,Matched,Goods receipt confirmed.
3124,INVREC01465-02,INVREC01465,2,BAL-002,Drives,5,Unit,23776.61,0,18,21398.95,118883.04,PO-2023-0294,5,Matched,Validated automatically.
3125,INVREC01466-01,INVREC01466,1,ABB-001,Power Automation,2,Unit,27463.16,0,0,0,54926.31,PO-2025-0018,2,Matched,Successfully matched against PO.
3126,INVREC01466-02,INVREC01466,2,ABB-002,Drives & Motors,10,Unit,4971.43,0,0,0,49714.32,PO-2025-0018,10,Matched,Successfully matched against PO.
3127,INVREC01467-01,INVREC01467,1,THO-002,Tax Software,1,User,200048.59,0,18,36008.75,200048.59,PO-2025-0141,1,Matched,Successfully matched against PO.
3128,INVREC01467-02,INVREC01467,2,THO-001,Legal Research Software,10,User,15155.2,0,18,27279.35,151551.96,PO-2025-0141,10,Matched,Three-way match completed.
3129,INVREC01468-01,INVREC01468,1,MS-AZ,Azure Subscription,1,Month,17848.6,0,5,892.43,17848.6,PO-2025-1119,1,Matched,Successfully matched against PO.
3130,INVREC01468-02,INVREC01468,2,MS-DYN,Dynamics 365 License,40,Seat,750.77,0,5,1501.55,30030.98,PO-2025-1119,40,Matched,Successfully matched against PO.
3131,INVREC01469-01,INVREC01469,1,SFS-002,Sales Cloud,7,User,20666.85,11573.43,5,6654.72,144667.92,PO-2023-0825,7,Matched,Ready for payment.
3132,INVREC01469-02,INVREC01469,2,SFS-001,CRM License,15,User,6458.39,0,5,5422.47,96875.84,PO-2023-0825,15,Matched,Goods receipt confirmed.
3133,INVREC01470-01,INVREC01470,1,IR-001,Compressed Air Systems,3,Unit,8714.9,0,20,5228.94,26144.71,PO-2024-0504,3,Matched,Goods receipt confirmed.
3134,INVREC01470-02,INVREC01470,2,IR-002,Air Tools,5,Unit,8230.74,0,20,8230.74,41153.7,PO-2024-0504,5,Matched,Successfully matched against PO.
3135,INVREC01471-01,INVREC01471,1,BBY-001,Television,3,Unit,78173.24,0,18,42213.55,234519.71,PO-2024-1141,3,Awaiting Approval,Pending goods receipt confirmation.
3136,INVREC01471-02,INVREC01471,2,BBY-002,Audio System,4,Unit,40786.04,0,18,29365.95,163144.14,PO-2024-1141,3,Awaiting Approval,Pending goods receipt confirmation.
3137,INVREC01472-01,INVREC01472,1,PEN-002,Distribution Services,18,Pallet,9701.76,0,18,31433.69,174631.63,PO-2024-1248,18,Matched,Successfully matched against PO.
3138,INVREC01472-02,INVREC01472,2,PEN-001,Fleet Management,1,Month,151994.2,0,18,27358.96,151994.2,PO-2024-1248,1,Matched,Successfully matched against PO.
3139,INVREC01473-01,INVREC01473,1,CAT-002,Spare Parts,5,Box,58381.89,0,10,29190.95,291909.47,PO-2025-1077,5,Matched,Matched to purchase order.
3140,INVREC01473-02,INVREC01473,2,CAT-001,Construction Equipment,2,Unit,86756.32,0,10,17351.26,173512.63,PO-2025-1077,2,Matched,Matched to purchase order.
3141,INVREC01474-01,INVREC01474,1,SOD-002,Catering,2,Event,108467.94,0,18,39048.46,216935.88,PO-2025-0367,2,Matched,Validated automatically.
3142,INVREC01474-02,INVREC01474,2,SOD-001,Facility Management,5,Month,49862.88,0,18,44876.59,249314.38,PO-2025-0367,5,Matched,Validated automatically.
3143,INVREC01475-01,INVREC01475,1,SEC-002,Access Control Systems,7,Unit,608.75,0,20,852.26,4261.28,PO-2023-0788,7,Awaiting Approval,Pending goods receipt confirmation.
3144,INVREC01475-02,INVREC01475,2,SEC-001,Security Guard Services,47,Hour,157.59,0,20,1481.3,7406.51,PO-2023-0788,44,Awaiting Approval,Pending goods receipt confirmation.
3145,INVREC01476-01,INVREC01476,1,MCM-002,Hardware,8,Each,2143.53,0,5,857.41,17148.23,PO-2023-0451,8,Matched,Goods receipt confirmed.
3146,INVREC01476-02,INVREC01476,2,MCM-001,Fasteners,66,Box,272.91,0,5,900.59,18011.81,PO-2023-0451,66,Matched,Ready for payment.
3147,INVREC01477-01,INVREC01477,1,BCG-001,Management Consulting,32,Hour,5742.86,0,0,0,183771.38,PO-2026-0370,32,Matched,Validated automatically.
3148,INVREC01477-02,INVREC01477,2,BCG-002,Operations Improvement,1,Project,72685.69,0,0,0,72685.69,PO-2026-0370,1,Matched,Validated automatically.
3149,INVREC01478-01,INVREC01478,1,MCM-001,Fasteners,89,Box,1316.85,0,20,23439.88,117199.4,PO-2025-0564,89,Matched,Goods receipt confirmed.
3150,INVREC01478-02,INVREC01478,2,MCM-002,Hardware,28,Each,4455.74,0,20,24952.13,124760.65,PO-2025-0564,28,Matched,Ready for payment.
3151,INVREC01479-01,INVREC01479,1,EY-002,Risk Consulting,27,Hour,6127.61,0,18,29780.18,165445.45,PO-2025-0102,27,Matched,Successfully matched against PO.
3152,INVREC01479-02,INVREC01479,2,EY-001,Financial Audit,1,Project,259346.92,0,18,46682.45,259346.92,PO-2025-0102,1,Matched,Matched to purchase order.
3153,INVREC01480-01,INVREC01480,1,ELT-002,Facility Maintenance,16,Hour,20739.69,0,10,33183.5,331835.02,PO-2024-0624,16,Matched,Ready for payment.
3154,INVREC01480-02,INVREC01480,2,ELT-001,Janitorial Services,12,Visit,10893.57,0,10,13072.29,130722.89,PO-2024-0624,12,Matched,Matched to purchase order.
3155,INVREC01481-01,INVREC01481,1,IR-001,Compressed Air Systems,1,Unit,72559.68,0,20,14511.94,72559.68,PO-2023-0454,1,Matched,Successfully matched against PO.
3156,INVREC01481-02,INVREC01481,2,IR-002,Air Tools,9,Unit,4418.7,0,20,7953.66,39768.28,PO-2023-0454,9,Matched,Three-way match completed.
3157,INVREC01482-01,INVREC01482,1,IBM-001,Mainframe Hardware,1,Unit,48216.47,0,18,8678.96,48216.47,PO-2025-0429,1,Matched,Goods receipt confirmed.
3158,INVREC01482-02,INVREC01482,2,IBM-002,Consulting Services,23,Hour,4593.51,0,18,19017.15,105650.81,PO-2025-0429,23,Matched,Three-way match completed.
3159,INVREC01483-01,INVREC01483,1,BOS-002,Linear Motion,6,Unit,6286.21,2640.21,18,6313.87,37717.27,PO-2025-0833,6,Matched,Goods receipt confirmed.
3160,INVREC01483-02,INVREC01483,2,BOS-001,Hydraulic Systems,3,Unit,9052.14,0,18,5363.4,27156.43,PO-2025-0833,3,Matched,Validated automatically.
3161,INVREC01484-01,INVREC01484,1,PAR-002,Seals & Gaskets,12,Box,23772.89,0,10,28527.47,285274.68,PO-2023-0549,12,Matched,Validated automatically.
3162,INVREC01484-02,INVREC01484,2,PAR-001,Hydraulic Components,5,Unit,31653.77,0,10,15826.88,158268.83,PO-2023-0549,5,Matched,Matched to purchase order.
3163,INVREC01485-01,INVREC01485,1,DHL-INT,International Shipping,3,Shipment,21387.05,0,0,0,64161.15,PO-2023-0213,3,Matched,Three-way match completed.
3164,INVREC01485-02,INVREC01485,2,DHL-FUEL,Fuel Surcharge,1,Percent,92763.11,0,0,0,92763.11,PO-2023-0213,1,Matched,Successfully matched against PO.
3165,INVREC01485-03,INVREC01485,3,DHL-EXP,Express Delivery,4,Shipment,13914.47,0,0,0,55657.86,PO-2023-0213,4,Matched,Ready for payment.
3166,INVREC01486-01,INVREC01486,1,EY-001,Financial Audit,1,Project,126447.35,0,18,22760.52,126447.35,PO-2023-1485,1,Matched,Validated automatically.
3167,INVREC01486-02,INVREC01486,2,EY-002,Risk Consulting,21,Hour,6130.78,5149.86,18,23174.35,128746.39,PO-2023-1485,21,Matched,Three-way match completed.
3168,INVREC01487-01,INVREC01487,1,BBY-001,Television,3,Unit,66182.51,0,20,39709.51,198547.53,PO-2026-0956,3,Matched,Validated automatically.
3169,INVREC01487-02,INVREC01487,2,BBY-002,Audio System,8,Unit,19619.98,0,20,31391.97,156959.87,PO-2026-0956,8,Matched,Matched to purchase order.
3170,INVREC01488-01,INVREC01488,1,SCH-002,Electrical Components,43,Unit,484.82,0,20,4169.48,20847.4,PO-2024-0344,43,Matched,Matched to purchase order.
3171,INVREC01488-02,INVREC01488,2,SCH-001,Energy Management,3,System,5498.21,0,20,3298.93,16494.64,PO-2024-0344,3,Matched,Successfully matched against PO.
3172,INVREC01489-01,INVREC01489,1,GAT-002,Hydraulic Hose,133,Foot,113.99,606.43,20,2910.85,15160.66,PO-2023-0143,133,Matched,Three-way match completed.
3173,INVREC01489-02,INVREC01489,2,GAT-001,Power Transmission Belts,24,Unit,1073.12,0,20,5272.25,25754.85,PO-2023-0143,24,Matched,Ready for payment.
3174,INVREC01490-01,INVREC01490,1,MAK-001,Power Tools,8,Unit,7029.19,0,10,5623.35,56233.52,PO-2025-0589,8,Matched,Matched to purchase order.
3175,INVREC01490-02,INVREC01490,2,MAK-002,Accessories,11,Box,6193.55,0,10,6812.91,68129.07,PO-2025-0589,11,Matched,Goods receipt confirmed.
3176,INVREC01491-01,INVREC01491,1,OFW-DESK,Standing Desk,3,Unit,4728.12,0,0,0,14184.36,PO-2024-0171,3,Matched,Successfully matched against PO.
3177,INVREC01491-02,INVREC01491,2,OFW-CABIN,Filing Cabinet,2,Unit,5910.15,0,0,0,11820.3,PO-2024-0171,2,Matched,Matched to purchase order.
3178,INVREC01491-03,INVREC01491,3,OFW-BOOK,Bookshelf,5,Unit,4384.25,0,0,0,21921.27,PO-2024-0171,5,Matched,Validated automatically.
3179,INVREC01491-04,INVREC01491,4,OFW-CHAIR,Ergonomic Office Chair,9,Unit,2173.02,0,0,0,19557.22,PO-2024-0171,9,Matched,Matched to purchase order.
3180,INVREC01492-01,INVREC01492,1,DEL-002,Tax Consulting,11,Hour,8864.01,0,0,0,97504.15,PO-2025-0395,11,Matched,Three-way match completed.
3181,INVREC01492-02,INVREC01492,2,DEL-001,Audit Services,1,Project,103504.41,0,0,0,103504.41,PO-2025-0395,1,Matched,Goods receipt confirmed.
3182,INVREC01493-01,INVREC01493,1,CIS-002,Switch,9,Unit,18254.23,0,10,16428.8,164288.04,PO-2025-1272,9,Matched,Successfully matched against PO.
3183,INVREC01493-02,INVREC01493,2,CIS-001,Network Router,10,Unit,20330.64,0,10,20330.64,203306.44,PO-2025-1272,10,Matched,Matched to purchase order.
3184,INVREC01494-01,INVREC01494,1,SUM-002,Implementation Service,49,Hour,95.34,0,10,467.17,4671.73,PO-2025-1031,49,Matched,Goods receipt confirmed.
3185,INVREC01494-02,INVREC01494,2,SUM-001,Software License,30,User,313.81,470.71,10,941.43,9414.24,PO-2025-1031,30,Matched,Matched to purchase order.
3186,INVREC01495-01,INVREC01495,1,AMZ-HDMI,HDMI Cable,13,Each,3670.33,0,5,2385.72,47714.32,PO-2023-1128,13,Matched,Matched to purchase order.
3187,INVREC01495-02,INVREC01495,2,AMZ-STAND,Laptop Stand,9,Each,4485.96,0,5,2018.68,40373.65,PO-2023-1128,9,Matched,Successfully matched against PO.
3188,INVREC01495-03,INVREC01495,3,AMZ-USBH,USB Hub,8,Each,6239.57,0,5,2495.83,49916.52,PO-2023-1128,8,Matched,Three-way match completed.
3189,INVREC01496-01,INVREC01496,1,IBM-002,Consulting Services,24,Hour,12078.89,0,20,57978.66,289893.28,PO-2024-1108,24,Matched,Successfully matched against PO.
3190,INVREC01496-02,INVREC01496,2,IBM-001,Mainframe Hardware,1,Unit,141029.17,0,20,28205.83,141029.17,PO-2024-1108,1,Matched,Ready for payment.
3191,INVREC01497-01,INVREC01497,1,DHL-EXP,Express Delivery,1,Shipment,128749.33,0,0,0,128749.33,PO-2024-0711,1,Matched,Matched to purchase order.
3192,INVREC01497-02,INVREC01497,2,DHL-INT,International Shipping,3,Shipment,23221.91,0,0,0,69665.74,PO-2024-0711,3,Matched,Matched to purchase order.
3193,INVREC01497-03,INVREC01497,3,DHL-FUEL,Fuel Surcharge,1,Percent,89066.32,0,0,0,89066.32,PO-2024-0711,1,Matched,Goods receipt confirmed.
3194,INVREC01498-01,INVREC01498,1,CHR-002,Warehousing,33,Pallet,1441.45,0,18,8562.2,47567.8,PO-2023-0512,33,Matched,Validated automatically.
3195,INVREC01498-02,INVREC01498,2,CHR-001,Freight Brokerage,3,Shipment,8808.85,0,18,4756.78,26426.56,PO-2023-0512,3,Matched,Three-way match completed.
3196,INVREC01499-01,INVREC01499,1,ORC-002,Cloud Services,7,Month,11878.52,4988.98,18,14068.91,83149.61,PO-2023-0157,7,Matched,Ready for payment.
3197,INVREC01499-02,INVREC01499,2,ORC-001,Database License,1,Processor,73047.33,0,18,14046.54,73047.33,PO-2023-0157,1,Matched,Goods receipt confirmed.
3198,INVREC01500-01,INVREC01500,1,CAT-002,Spare Parts,15,Box,3456.42,0,5,2592.32,51846.3,PO-2023-0559,15,Matched,Matched to purchase order.
3199,INVREC01500-02,INVREC01500,2,CAT-001,Construction Equipment,3,Unit,15027.91,0,5,2254.19,45083.73,PO-2023-0559,3,Matched,Three-way match completed.
3200,INVREC01501-01,INVREC01501,1,MAE-002,Freight Forwarding,2,Shipment,67404.25,0,20,26961.7,134808.49,PO-2025-1415,2,Awaiting Approval,Pending goods receipt confirmation.
3201,INVREC01501-02,INVREC01501,2,MAE-001,Container Shipping,3,Container,20944.82,0,20,12566.89,62834.46,PO-2025-1415,3,Awaiting Approval,Pending goods receipt confirmation.
3202,INVREC01502-01,INVREC01502,1,WWG-001,MRO Supplies,26,Box,8355.8,0,10,21725.08,217250.77,PO-2026-1061,26,Matched,Three-way match completed.
3203,INVREC01502-02,INVREC01502,2,WWG-002,HVAC Parts,7,Unit,22396.99,0,10,15677.89,156778.9,PO-2026-1061,7,Matched,Matched to purchase order.
3204,INVREC01503-01,INVREC01503,1,GOO-002,Retread Services,10,Unit,19943.86,0,20,39887.73,199438.63,PO-2025-0035,10,Matched,Matched to purchase order.
3205,INVREC01503-02,INVREC01503,2,GOO-001,Commercial Tires,15,Unit,13456.1,0,20,40368.3,201841.51,PO-2025-0035,15,Matched,Goods receipt confirmed.
3206,INVREC01504-01,INVREC01504,1,SPG-001,Market Data Subscription,10,Month,10714.35,0,20,21428.7,107143.49,PO-2025-1030,10,Matched,Three-way match completed.
3207,INVREC01504-02,INVREC01504,2,SPG-002,Ratings Services,2,Project,76607.59,0,20,30643.04,153215.18,PO-2025-1030,2,Matched,Goods receipt confirmed.
3208,INVREC01505-01,INVREC01505,1,MCK-001,Strategy Consulting,40,Hour,1463.5,0,18,10537.18,58539.89,PO-2025-0347,40,Matched,Goods receipt confirmed.
3209,INVREC01505-02,INVREC01505,2,MCK-002,Market Research,1,Project,89900.55,0,18,16182.1,89900.55,PO-2025-0347,1,Matched,Successfully matched against PO.
3210,INVREC01506-01,INVREC01506,1,ACC-002,Systems Integration,1,Project,218698.85,0,10,21869.89,218698.85,PO-2024-1324,1,Matched,Ready for payment.
3211,INVREC01506-02,INVREC01506,2,ACC-001,Technology Consulting,41,Hour,5895.6,0,10,24171.98,241719.79,PO-2024-1324,41,Matched,Goods receipt confirmed.
3212,INVREC01507-01,INVREC01507,1,OFW-BOOK,Bookshelf,3,Unit,33175.12,0,20,19905.07,99525.36,PO-2026-1489,3,Matched,Successfully matched against PO.
3213,INVREC01507-02,INVREC01507,2,OFW-CHAIR,Ergonomic Office Chair,6,Unit,8625.53,0,20,10350.64,51753.19,PO-2026-1489,6,Matched,Ready for payment.
3214,INVREC01508-01,INVREC01508,1,OFW-CHAIR,Ergonomic Office Chair,2,Unit,42587.41,5962.24,18,14258.26,85174.81,PO-2024-0743,2,Matched,Validated automatically.
3215,INVREC01508-02,INVREC01508,2,OFW-DESK,Standing Desk,1,Unit,133440.54,0,18,24019.3,133440.54,PO-2024-0743,1,Matched,Ready for payment.
3216,INVREC01508-03,INVREC01508,3,OFW-CABIN,Filing Cabinet,5,Unit,39464.33,0,18,36591.1,197321.65,PO-2024-0743,5,Matched,Ready for payment.
3217,INVREC01509-01,INVREC01509,1,IR-001,Compressed Air Systems,4,Unit,17042.43,0,0,0,68169.73,PO-2023-0185,4,Matched,Three-way match completed.
3218,INVREC01509-02,INVREC01509,2,IR-002,Air Tools,19,Unit,3067.9,3497.4,0,0,58290.06,PO-2023-0185,19,Matched,Ready for payment.
3219,INVREC01510-01,INVREC01510,1,AMZ-USBH,USB Hub,7,Each,8883.15,0,10,6218.21,62182.05,PO-2026-0984,7,Matched,Successfully matched against PO.
3220,INVREC01510-02,INVREC01510,2,AMZ-STAND,Laptop Stand,6,Each,11227.31,3368.19,10,6399.57,67363.88,PO-2026-0984,6,Matched,Matched to purchase order.
3221,INVREC01510-03,INVREC01510,3,AMZ-HDMI,HDMI Cable,22,Each,2561.48,0,10,5972.06,56352.48,PO-2026-0984,22,Matched,Validated automatically.
3222,INVREC01511-01,INVREC01511,1,EMR-001,Process Control,4,Unit,65149.38,0,5,13029.88,260597.52,PO-2024-1257,4,Matched,Validated automatically.
3223,INVREC01511-02,INVREC01511,2,EMR-002,Valves & Actuators,11,Unit,18807.87,0,5,10344.33,206886.58,PO-2024-1257,11,Matched,Matched to purchase order.
3224,INVREC01512-01,INVREC01512,1,MS-PBI,Power BI Pro,65,Seat,89.56,0,18,1047.8,5821.1,PO-2026-0473,65,Matched,Successfully matched against PO.
3225,INVREC01512-02,INVREC01512,2,MS-365,Microsoft 365 Business Premium,72,Seat,85.6,0,18,1109.43,6163.52,PO-2026-0473,72,Matched,Ready for payment.
3226,INVREC01512-03,INVREC01512,3,MS-AZ,Azure Subscription,5,Month,787.56,393.78,18,708.81,3937.8,PO-2026-0473,5,Matched,Matched to purchase order.
3227,INVREC01513-01,INVREC01513,1,KPM-002,Financial Advisory,8,Hour,30048.08,0,5,12019.23,240384.61,PO-2026-0631,8,Matched,Matched to purchase order.
3228,INVREC01513-02,INVREC01513,2,KPM-001,Internal Audit,1,Project,246710.52,0,5,12335.53,246710.52,PO-2026-0631,1,Matched,Matched to purchase order.
3229,INVREC01514-01,INVREC01514,1,FAS-002,Safety Supplies,44,Unit,4511.53,15880.57,10,18262.65,198507.1,PO-2026-1035,44,Matched,Validated automatically.
3230,INVREC01514-02,INVREC01514,2,FAS-001,Industrial Fasteners,30,Box,5479.62,0,10,18026.93,164388.7,PO-2026-1035,30,Matched,Successfully matched against PO.
3231,INVREC01515-01,INVREC01515,1,CHR-002,Warehousing,28,Pallet,10195.35,25692.29,18,46759.97,285469.9,PO-2026-0237,28,Matched,Goods receipt confirmed.
3232,INVREC01515-02,INVREC01515,2,CHR-001,Freight Brokerage,3,Shipment,32570.39,0,18,22212.62,97711.18,PO-2026-0237,3,Matched,Three-way match completed.
3233,INVREC01516-01,INVREC01516,1,SIE-002,Electrical Equipment,9,Unit,6303.23,0,18,10211.23,56729.08,PO-2025-0613,9,Matched,Goods receipt confirmed.
3234,INVREC01516-02,INVREC01516,2,SIE-001,Industrial Automation,3,Unit,12195.38,0,18,6585.51,36586.15,PO-2025-0613,3,Matched,Ready for payment.
3235,INVREC01517-01,INVREC01517,1,MCK-002,Market Research,1,Project,76834.42,0,0,0,76834.42,PO-2024-0525,1,Matched,Matched to purchase order.
3236,INVREC01517-02,INVREC01517,2,MCK-001,Strategy Consulting,30,Hour,1920.86,0,0,0,57625.81,PO-2024-0525,30,Matched,Ready for payment.
3237,INVREC01518-01,INVREC01518,1,GE-002,Medical Equipment,3,Unit,24970.09,0,0,0,74910.28,PO-2025-1433,3,Matched,Three-way match completed.
3238,INVREC01518-02,INVREC01518,2,GE-001,Power Generation,2,Unit,92536.23,0,0,0,185072.45,PO-2025-1433,2,Matched,Three-way match completed.
3239,INVREC01519-01,INVREC01519,1,SFS-002,Sales Cloud,42,User,6730.34,0,5,14133.72,282674.4,PO-2025-0165,42,Matched,Matched to purchase order.
3240,INVREC01519-02,INVREC01519,2,SFS-001,CRM License,31,User,6343.32,0,5,9832.15,196643.06,PO-2025-0165,31,Matched,Validated automatically.
3241,INVREC01520-01,INVREC01520,1,DELL-DOCK,Docking Station,15,Unit,1200.93,0,20,3602.79,18013.96,PO-2026-1442,15,Matched,Matched to purchase order.
3242,INVREC01520-02,INVREC01520,2,DELL-MS,Mouse,22,Unit,1374.44,0,20,6047.54,30237.71,PO-2026-1442,22,Matched,Validated automatically.
3243,INVREC01521-01,INVREC01521,1,SAMI-01,Consulting Services,7,Hour,36845.2,0,5,12895.82,257916.4,PO-2026-0957,6,Awaiting Approval,Pending goods receipt confirmation.
3244,INVREC01521-02,INVREC01521,2,SAMI-02,Design Work,7,Hour,28657.38,0,5,10030.08,200601.64,PO-2026-0957,5,Awaiting Approval,Pending goods receipt confirmation.
3245,INVREC01522-01,INVREC01522,1,TIM-002,Lubrication Systems,10,Unit,9390.47,9390.47,20,16902.84,93904.65,PO-2024-0099,10,Matched,Ready for payment.
3246,INVREC01522-02,INVREC01522,2,TIM-001,Bearings,41,Unit,2476.06,0,20,22181.8,101518.55,PO-2024-0099,41,Matched,Goods receipt confirmed.
3247,INVREC01523-01,INVREC01523,1,GOO-001,Commercial Tires,11,Unit,17498.54,0,20,38496.79,192483.97,PO-2025-0035,11,Matched,Matched to purchase order.
3248,INVREC01523-02,INVREC01523,2,GOO-002,Retread Services,3,Unit,69598.72,0,20,41759.23,208796.17,PO-2025-0035,3,Matched,Ready for payment.
3249,INVREC01524-01,INVREC01524,1,CAT-002,Spare Parts,13,Box,12380.37,0,0,0,160944.83,PO-2026-0717,13,Matched,Goods receipt confirmed.
3250,INVREC01524-02,INVREC01524,2,CAT-001,Construction Equipment,1,Unit,140992.99,5639.72,0,0,140992.99,PO-2026-0717,1,Matched,Matched to purchase order.
3251,INVREC01525-01,INVREC01525,1,SFS-002,Sales Cloud,10,User,19116.01,0,5,9558,191160.06,PO-2026-0222,10,Matched,Matched to purchase order.
3252,INVREC01525-02,INVREC01525,2,SFS-001,CRM License,29,User,7003.71,0,5,10155.38,203107.57,PO-2026-0222,29,Matched,Successfully matched against PO.
3253,INVREC01526-01,INVREC01526,1,BAI-002,Due Diligence,1,Project,121805.67,0,10,12180.57,121805.67,PO-2024-0895,1,Matched,Validated automatically.
3254,INVREC01526-02,INVREC01526,2,BAI-001,Strategy Services,10,Hour,19813.72,0,10,19813.72,198137.22,PO-2024-0895,10,Matched,Validated automatically.
3255,INVREC01527-01,INVREC01527,1,SKF-002,Seals,3,Box,41643.89,0,0,0,124931.66,PO-2025-1314,3,Matched,Three-way match completed.
3256,INVREC01527-02,INVREC01527,2,SKF-001,Industrial Bearings,14,Unit,7374.44,0,0,0,103242.13,PO-2025-1314,14,Matched,Three-way match completed.
3257,INVREC01528-01,INVREC01528,1,SPE-001,Cable Services,7,Month,15810.07,0,18,19920.69,110670.52,PO-2023-0160,7,Matched,Goods receipt confirmed.
3258,INVREC01528-02,INVREC01528,2,SPE-002,Phone Services,39,Line,5897.98,0,18,41403.79,230021.07,PO-2023-0160,39,Matched,Matched to purchase order.
3259,INVREC01529-01,INVREC01529,1,BBY-002,Audio System,8,Unit,13132.49,0,5,5253,105059.92,PO-2026-1064,8,Matched,Ready for payment.
3260,INVREC01529-02,INVREC01529,2,BBY-001,Television,3,Unit,41256.41,9901.54,5,6188.46,123769.23,PO-2026-1064,3,Matched,Validated automatically.
3261,INVREC01530-01,INVREC01530,1,PWC-002,Advisory Services,28,Hour,3595.27,0,10,10066.77,100667.66,PO-2026-0602,28,Matched,Matched to purchase order.
3262,INVREC01530-02,INVREC01530,2,PWC-001,Assurance Services,1,Project,212121.14,0,10,21212.11,212121.14,PO-2026-0602,1,Matched,Matched to purchase order.
3263,INVREC01531-01,INVREC01531,1,ORC-001,Database License,7,Processor,20408.81,0,10,14286.17,142861.66,PO-2025-0031,7,Matched,Goods receipt confirmed.
3264,INVREC01531-02,INVREC01531,2,ORC-002,Cloud Services,10,Month,12892.39,0,10,12892.39,128923.94,PO-2025-0031,10,Matched,Validated automatically.
3265,INVREC01532-01,INVREC01532,1,THO-002,Tax Software,4,User,55328.53,22131.41,10,19918.27,221314.13,PO-2024-1467,4,Matched,Validated automatically.
3266,INVREC01532-02,INVREC01532,2,THO-001,Legal Research Software,4,User,44860.97,0,10,20157.53,179443.89,PO-2024-1467,4,Matched,Goods receipt confirmed.
3267,INVREC01533-01,INVREC01533,1,THO-002,Tax Software,10,User,19442.56,0,10,19442.56,194425.62,PO-2025-0254,10,Matched,Validated automatically.
3268,INVREC01533-02,INVREC01533,2,THO-001,Legal Research Software,15,User,14119,0,10,21178.51,211785.05,PO-2025-0254,15,Matched,Successfully matched against PO.
3269,INVREC01534-01,INVREC01534,1,MSC-002,Abrasives,24,Box,8125.01,0,5,9750.01,195000.18,PO-2025-1413,24,Matched,Ready for payment.
3270,INVREC01534-02,INVREC01534,2,MSC-001,Metalworking Tools,10,Unit,18880.97,15104.78,5,9440.48,188809.7,PO-2025-1413,10,Matched,Three-way match completed.
3271,INVREC01535-01,INVREC01535,1,LNV-002,Desktop,15,Unit,5790.91,0,18,15635.47,86863.7,PO-2023-1429,15,Matched,Validated automatically.
3272,INVREC01535-02,INVREC01535,2,LNV-001,ThinkPad Laptop,11,Unit,6281.47,0,18,12437.3,69096.12,PO-2023-1429,11,Matched,Successfully matched against PO.
3273,INVREC01536-01,INVREC01536,1,CMX-002,Voice Services,26,Line,5693.97,0,20,29608.62,148043.12,PO-2023-0363,26,Matched,Validated automatically.
3274,INVREC01536-02,INVREC01536,2,CMX-001,Broadband Internet,7,Month,20966.7,0,20,29353.38,146766.88,PO-2023-0363,7,Matched,Three-way match completed.
3275,INVREC01537-01,INVREC01537,1,UPS-001,Ground Shipping,75,Package,1657.97,8704.36,5,5782.18,124347.95,PO-2023-0132,75,Matched,Successfully matched against PO.
3276,INVREC01537-02,INVREC01537,2,UPS-002,Supply Chain Services,6,Month,36199.07,0,5,11294.94,217194.41,PO-2023-0132,6,Matched,Matched to purchase order.
3277,INVREC01538-01,INVREC01538,1,GEN-002,Miscellaneous Supplies,97,Each,991.81,0,18,17316.96,96205.32,PO-2024-0340,97,Matched,Goods receipt confirmed.
3278,INVREC01538-02,INVREC01538,2,GEN-001,General Services,17,Hour,3406.47,0,18,10423.8,57910,PO-2024-0340,17,Matched,Matched to purchase order.
3279,INVREC01539-01,INVREC01539,1,UNI-001,Work Uniforms,15,Month,8854.46,0,10,13281.68,132816.83,PO-2026-0953,15,Matched,Validated automatically.
3280,INVREC01539-02,INVREC01539,2,UNI-002,Protective Gear,24,Unit,10175.48,21979.04,10,24421.16,244211.59,PO-2026-0953,24,Matched,Matched to purchase order.
3281,INVREC01540-01,INVREC01540,1,WWG-002,HVAC Parts,15,Unit,6545.33,0,5,4908.99,98179.89,PO-2026-0373,15,Matched,Goods receipt confirmed.
3282,INVREC01540-02,INVREC01540,2,WWG-001,MRO Supplies,48,Box,1740.78,0,5,4177.87,83557.36,PO-2026-0373,48,Matched,Ready for payment.
3283,INVREC01541-01,INVREC01541,1,QL-002,Courier Services,50,Package,1434.92,0,5,3587.3,71746,PO-2024-0311,50,Matched,Three-way match completed.
3284,INVREC01541-02,INVREC01541,2,QL-001,Domestic Freight,44,Pallet,708.95,0,5,1559.7,31193.92,PO-2024-0311,44,Matched,Matched to purchase order.
3285,INVREC01542-01,INVREC01542,1,PAR-002,Seals & Gaskets,29,Box,5213.27,0,18,27213.26,151184.77,PO-2023-1476,29,Matched,Validated automatically.
3286,INVREC01542-02,INVREC01542,2,PAR-001,Hydraulic Components,16,Unit,12413.46,0,18,35750.75,198615.28,PO-2023-1476,16,Matched,Validated automatically.
3287,INVREC01543-01,INVREC01543,1,PWC-001,Assurance Services,1,Project,102191.53,0,20,20438.31,102191.53,PO-2026-0285,1,Matched,Three-way match completed.
3288,INVREC01543-02,INVREC01543,2,PWC-002,Advisory Services,22,Hour,6284.51,0,20,27651.83,138259.13,PO-2026-0285,22,Matched,Matched to purchase order.
3289,INVREC01544-01,INVREC01544,1,DHL-INT,International Shipping,3,Shipment,54629.68,0,0,0,163889.05,PO-2023-0641,3,Matched,Ready for payment.
3290,INVREC01544-02,INVREC01544,2,DHL-FUEL,Fuel Surcharge,1,Percent,142742.07,0,0,0,142742.07,PO-2023-0641,1,Matched,Three-way match completed.
3291,INVREC01544-03,INVREC01544,3,DHL-EXP,Express Delivery,1,Shipment,165651.29,0,0,0,165651.29,PO-2023-0641,1,Matched,Three-way match completed.
3292,INVREC01545-01,INVREC01545,1,CBRE-001,Commercial Real Estate,1,Project,215946.95,0,18,38870.45,215946.95,PO-2026-0937,1,Matched,Goods receipt confirmed.
3293,INVREC01545-02,INVREC01545,2,CBRE-002,Property Valuation,2,Project,91729.68,0,18,33022.68,183459.36,PO-2026-0937,2,Matched,Ready for payment.
3294,INVREC01546-01,INVREC01546,1,DEW-002,Power Tools,10,Unit,15449.8,0,18,27809.64,154498,PO-2023-1326,10,Matched,Ready for payment.
3295,INVREC01546-02,INVREC01546,2,DEW-001,Construction Tools,4,Unit,41405.46,13249.75,18,29811.93,165621.86,PO-2023-1326,4,Matched,Successfully matched against PO.
3296,INVREC01547-01,INVREC01547,1,SEC-001,Security Guard Services,52,Hour,3441.19,14315.34,10,16462.64,178941.76,PO-2024-0943,52,Matched,Validated automatically.
3297,INVREC01547-02,INVREC01547,2,SEC-002,Access Control Systems,3,Unit,53140.28,0,10,17373.62,159420.84,PO-2024-0943,3,Matched,Successfully matched against PO.
3298,INVREC01548-01,INVREC01548,1,GAT-002,Hydraulic Hose,104,Foot,1014.84,0,0,0,105543.84,PO-2024-1250,104,Matched,Successfully matched against PO.
3299,INVREC01548-02,INVREC01548,2,GAT-001,Power Transmission Belts,46,Unit,3226.54,4452.63,0,0,148421.02,PO-2024-1250,46,Matched,Matched to purchase order.
3300,INVREC01549-01,INVREC01549,1,PIN-001,Financial Advisory,3,Hour,75934.49,0,0,0,227803.48,PO-2025-0202,3,Matched,Goods receipt confirmed.
3301,INVREC01549-02,INVREC01549,2,PIN-002,Investment Services,1,Project,250583.83,0,0,0,250583.83,PO-2025-0202,1,Matched,Ready for payment.
3302,INVREC01550-01,INVREC01550,1,DHL-INT,International Shipping,3,Shipment,26787.41,0,0,0,80362.23,PO-2024-0711,3,Matched,Ready for payment.
3303,INVREC01550-02,INVREC01550,2,DHL-EXP,Express Delivery,2,Shipment,53850.98,0,0,0,107701.96,PO-2024-0711,2,Matched,Ready for payment.
3304,INVREC01550-03,INVREC01550,3,DHL-FUEL,Fuel Surcharge,1,Percent,99417.2,0,0,0,99417.2,PO-2024-0711,1,Matched,Validated automatically.
3305,INVREC01551-01,INVREC01551,1,ECO-001,Cleaning Chemicals,6,Case,32613.64,0,10,19568.18,195681.82,PO-2026-0469,6,Matched,Validated automatically.
3306,INVREC01551-02,INVREC01551,2,ECO-002,Sanitation Services,4,Month,27596.15,0,10,11038.46,110384.61,PO-2026-0469,4,Matched,Successfully matched against PO.
3307,INVREC01552-01,INVREC01552,1,TYC-002,Building Safety,1,System,154892.31,0,0,0,154892.31,PO-2023-1166,1,Matched,Goods receipt confirmed.
3308,INVREC01552-02,INVREC01552,2,TYC-001,Fire Protection Systems,5,Unit,20803.05,0,0,0,104015.27,PO-2023-1166,5,Matched,Goods receipt confirmed.
3309,INVREC01553-01,INVREC01553,1,MCM-002,Hardware,49,Each,683.57,0,18,6029.13,33495.16,PO-2023-0295,49,Matched,Validated automatically.
3310,INVREC01553-02,INVREC01553,2,MCM-001,Fasteners,42,Box,647.25,0,18,4893.2,27184.47,PO-2023-0295,42,Matched,Validated automatically.
3311,INVREC01554-01,INVREC01554,1,AMZ-STAND,Laptop Stand,12,Each,6824.33,0,10,8189.19,81891.94,PO-2023-0308,12,Matched,Matched to purchase order.
3312,INVREC01554-02,INVREC01554,2,AMZ-ADAPT,Ethernet Adapter,16,Each,5004.51,0,10,8007.21,80072.12,PO-2023-0308,16,Matched,Goods receipt confirmed.
3313,INVREC01554-03,INVREC01554,3,AMZ-HDMI,HDMI Cable,19,Each,4836.89,6433.07,10,8546.79,91900.95,PO-2023-0308,19,Matched,Ready for payment.
3314,INVREC01554-04,INVREC01554,4,AMZ-USBH,USB Hub,17,Each,7546.9,0,10,13473.05,128297.36,PO-2023-0308,17,Matched,Validated automatically.
3315,INVREC01555-01,INVREC01555,1,UNI-002,Protective Gear,29,Unit,6187.21,10765.74,20,33732.67,179429.07,PO-2026-1133,29,Matched,Ready for payment.
3316,INVREC01555-02,INVREC01555,2,UNI-001,Work Uniforms,99,Month,1124.95,0,20,24427.1,111369.76,PO-2026-1133,99,Matched,Goods receipt confirmed.
3317,INVREC01556-01,INVREC01556,1,MCM-001,Fasteners,69,Box,3398.11,7034.08,18,40938.36,234469.44,PO-2025-0455,69,Matched,Validated automatically.
3318,INVREC01556-02,INVREC01556,2,MCM-002,Hardware,24,Each,8955.43,0,18,39953.6,214930.32,PO-2025-0455,24,Matched,Three-way match completed.
3319,INVREC01557-01,INVREC01557,1,IR-002,Air Tools,4,Unit,47333.06,0,5,9466.61,189332.24,PO-2023-1103,4,Matched,Matched to purchase order.
3320,INVREC01557-02,INVREC01557,2,IR-001,Compressed Air Systems,2,Unit,57993.66,0,5,5799.37,115987.32,PO-2023-1103,2,Matched,Validated automatically.
3321,INVREC01558-01,INVREC01558,1,TIM-002,Lubrication Systems,1,Unit,150914.74,0,5,7545.74,150914.74,PO-2026-1267,1,Matched,Ready for payment.
3322,INVREC01558-02,INVREC01558,2,TIM-001,Bearings,17,Unit,16371.19,0,5,13915.52,278310.31,PO-2026-1267,17,Matched,Validated automatically.
3323,INVREC01559-01,INVREC01559,1,PIN-001,Financial Advisory,5,Hour,35864.22,0,0,0,179321.09,PO-2026-1331,5,Matched,Ready for payment.
3324,INVREC01559-02,INVREC01559,2,PIN-002,Investment Services,1,Project,103245.48,0,0,0,103245.48,PO-2026-1331,1,Matched,Matched to purchase order.
3325,INVREC01560-01,INVREC01560,1,ABB-002,Drives & Motors,2,Unit,76364.25,0,10,15272.85,152728.49,PO-2026-0144,2,Matched,Goods receipt confirmed.
3326,INVREC01560-02,INVREC01560,2,ABB-001,Power Automation,3,Unit,63073.71,0,10,18922.11,189221.13,PO-2026-0144,3,Matched,Successfully matched against PO.
3327,INVREC01561-01,INVREC01561,1,ELT-002,Facility Maintenance,9,Hour,22713.04,0,10,20441.74,204417.39,PO-2025-0471,9,Matched,Goods receipt confirmed.
3328,INVREC01561-02,INVREC01561,2,ELT-001,Janitorial Services,20,Visit,8192.3,0,10,16384.6,163846,PO-2025-0471,20,Matched,Ready for payment.
3329,INVREC01562-01,INVREC01562,1,HPE-001,Server,5,Unit,3775.58,0,0,0,18877.92,PO-2026-1386,5,Matched,Successfully matched against PO.
3330,INVREC01562-02,INVREC01562,2,HPE-002,Storage Array,5,Unit,5127.33,0,0,0,25636.67,PO-2026-1386,5,Matched,Successfully matched against PO.
3331,INVREC01563-01,INVREC01563,1,STP-PAPER,A4 Printer Paper,119,Ream,656.87,0,10,7816.79,78167.92,PO-2024-0759,119,Matched,Ready for payment.
3332,INVREC01563-02,INVREC01563,2,STP-FOLD,Manila Folders,42,Box,2586.01,10861.23,10,9775.1,108612.27,PO-2024-0759,42,Matched,Ready for payment.
3333,INVREC01563-03,INVREC01563,3,STP-INK,Ink Cartridge,20,Each,3990.68,3192.54,10,7662.1,79813.56,PO-2024-0759,20,Matched,Successfully matched against PO.
3334,INVREC01563-04,INVREC01563,4,STP-PENS,Ballpoint Pens (Box),90,Box,1005.67,0,10,10456.41,90510.23,PO-2024-0759,90,Matched,Goods receipt confirmed.
3335,INVREC01564-01,INVREC01564,1,FAS-001,Industrial Fasteners,44,Box,3086.34,0,18,24443.8,135798.89,PO-2023-0991,44,Matched,Validated automatically.
3336,INVREC01564-02,INVREC01564,2,FAS-002,Safety Supplies,43,Unit,7333.25,0,18,56759.33,315329.61,PO-2023-0991,43,Matched,Validated automatically.
3337,INVREC01565-01,INVREC01565,1,KMB-001,Paper Towels,46,Case,5342.18,0,18,44233.25,245740.27,PO-2024-0903,46,Matched,Successfully matched against PO.
3338,INVREC01565-02,INVREC01565,2,KMB-002,Sanitary Products,9,Case,24873.25,0,18,40294.67,223859.29,PO-2024-0903,9,Matched,Validated automatically.
3339,INVREC01566-01,INVREC01566,1,TMO-002,IoT Services,158,Device,213.04,0,20,6731.91,33659.56,PO-2026-0874,158,Matched,Goods receipt confirmed.
3340,INVREC01566-02,INVREC01566,2,TMO-001,Mobile Plans,70,Line,903.42,0,20,12647.84,63239.18,PO-2026-0874,70,Matched,Ready for payment.
3341,INVREC01567-01,INVREC01567,1,PWC-002,Advisory Services,16,Hour,6516.43,0,10,10426.29,104262.93,PO-2026-0602,11,Awaiting Approval,Pending goods receipt confirmation.
3342,INVREC01567-02,INVREC01567,2,PWC-001,Assurance Services,1,Project,208525.87,0,10,20852.59,208525.87,PO-2026-0602,1,Awaiting Approval,Pending goods receipt confirmation.
3343,INVREC01568-01,INVREC01568,1,JLL-001,Property Management,9,Month,5398.11,0,18,8744.93,48582.97,PO-2026-0975,9,Matched,Ready for payment.
3344,INVREC01568-02,INVREC01568,2,JLL-002,Leasing Services,2,Project,18668.46,0,18,6720.65,37336.92,PO-2026-0975,2,Matched,Matched to purchase order.
3345,INVREC01569-01,INVREC01569,1,CHR-002,Warehousing,71,Pallet,254.4,0,20,3612.49,18062.47,PO-2025-0007,71,Matched,Three-way match completed.
3346,INVREC01569-02,INVREC01569,2,CHR-001,Freight Brokerage,6,Shipment,4859.66,0,20,5831.6,29157.98,PO-2025-0007,6,Matched,Ready for payment.
3347,INVREC01570-01,INVREC01570,1,ATL-001,Air Cargo Charter,2,Flight,66355.01,0,0,0,132710.01,PO-2025-0521,2,Matched,Successfully matched against PO.
3348,INVREC01571-01,INVREC01571,1,SEC-001,Security Guard Services,113,Hour,1226.11,0,10,13855.08,138550.82,PO-2023-0721,113,Matched,Validated automatically.
3349,INVREC01571-02,INVREC01571,2,SEC-002,Access Control Systems,10,Unit,13855.08,0,10,13855.08,138550.83,PO-2023-0721,10,Matched,Successfully matched against PO.
3350,INVREC01572-01,INVREC01572,1,ELT-002,Facility Maintenance,37,Hour,1509.78,0,18,10055.11,55861.72,PO-2024-0561,37,Matched,Goods receipt confirmed.
3351,INVREC01572-02,INVREC01572,2,ELT-001,Janitorial Services,10,Visit,2388.29,0,18,4298.92,23882.91,PO-2024-0561,10,Matched,Successfully matched against PO.
3352,INVREC01573-01,INVREC01573,1,UNI-001,Work Uniforms,82,Month,3873.39,0,18,57171.16,317617.57,PO-2025-1293,82,Matched,Ready for payment.
3353,INVREC01573-02,INVREC01573,2,UNI-002,Protective Gear,15,Unit,11125.59,11681.87,18,30039.09,166883.81,PO-2025-1293,15,Matched,Ready for payment.
3354,INVREC01574-01,INVREC01574,1,ALP-002,Spare Parts,8,Box,12808.05,0,10,10246.44,102464.41,PO-2023-1101,8,Matched,Ready for payment.
3355,INVREC01574-02,INVREC01574,2,ALP-001,Heavy Machinery,2,Unit,83589.39,0,10,16717.88,167178.78,PO-2023-1101,2,Matched,Ready for payment.
3356,INVREC01575-01,INVREC01575,1,FTI-001,Forensic Accounting,22,Hour,5120.95,0,5,5633.04,112660.79,PO-2024-1199,22,Matched,Validated automatically.
3357,INVREC01575-02,INVREC01575,2,FTI-002,Expert Witness Services,1,Project,114143.16,0,5,5707.16,114143.16,PO-2024-1199,1,Matched,Successfully matched against PO.
3358,INVREC01576-01,INVREC01576,1,ZF-001,Automotive Components,1,Unit,21775.13,0,20,4355.03,21775.13,PO-2023-1200,1,Matched,Ready for payment.
3359,INVREC01576-02,INVREC01576,2,ZF-002,Industrial Drives,2,Unit,6793.1,0,20,2717.24,13586.19,PO-2023-1200,2,Matched,Ready for payment.
3360,INVREC01577-01,INVREC01577,1,SNA-002,Diagnostic Equipment,5,Unit,5809.59,0,18,5228.63,29047.97,PO-2025-1400,5,Awaiting Approval,Pending goods receipt confirmation.
3361,INVREC01577-02,INVREC01577,2,SNA-001,Hand Tools,7,Unit,3151.28,0,18,3970.62,22058.98,PO-2025-1400,7,Awaiting Approval,Pending goods receipt confirmation.
3362,INVREC01578-01,INVREC01578,1,ABB-002,Drives & Motors,7,Unit,8178.19,0,0,0,57247.34,PO-2025-0018,7,Matched,Three-way match completed.
3363,INVREC01578-02,INVREC01578,2,ABB-001,Power Automation,2,Unit,23696.65,0,0,0,47393.29,PO-2025-0018,2,Matched,Successfully matched against PO.
3364,INVREC01579-01,INVREC01579,1,PEN-002,Distribution Services,64,Pallet,2557.31,0,5,8183.39,163667.74,PO-2024-0224,60,Awaiting Approval,Pending goods receipt confirmation.
3365,INVREC01579-02,INVREC01579,2,PEN-001,Fleet Management,10,Month,17251.47,0,5,8625.73,172514.65,PO-2024-0224,10,Awaiting Approval,Pending goods receipt confirmation.
3366,INVREC01580-01,INVREC01580,1,SFS-001,CRM License,83,User,1382.93,0,5,5739.16,114783.19,PO-2023-0825,83,Matched,Successfully matched against PO.
3367,INVREC01580-02,INVREC01580,2,SFS-002,Sales Cloud,33,User,3841.23,0,5,6338.03,126760.57,PO-2023-0825,33,Matched,Ready for payment.
3368,INVREC01581-01,INVREC01581,1,BCG-001,Management Consulting,18,Hour,10608.16,0,0,0,190946.86,PO-2025-1448,18,Matched,Validated automatically.
3369,INVREC01581-02,INVREC01581,2,BCG-002,Operations Improvement,1,Project,217875.26,0,0,0,217875.26,PO-2025-1448,1,Matched,Validated automatically.
3370,INVREC01582-01,INVREC01582,1,UNI-001,Work Uniforms,86,Month,263.71,0,10,2267.92,22679.24,PO-2024-0404,86,Matched,Three-way match completed.
3371,INVREC01582-02,INVREC01582,2,UNI-002,Protective Gear,23,Unit,1365.31,0,10,3140.2,31402.03,PO-2024-0404,23,Matched,Matched to purchase order.
3372,INVREC01583-01,INVREC01583,1,JLL-002,Leasing Services,2,Project,26218.2,0,18,9438.55,52436.4,PO-2026-0975,2,Matched,Validated automatically.
3373,INVREC01583-02,INVREC01583,2,JLL-001,Property Management,2,Month,16741.75,0,18,6027.03,33483.49,PO-2026-0975,2,Matched,Successfully matched against PO.
3374,INVREC01584-01,INVREC01584,1,REP-001,Trash Removal,2,Month,55409.38,0,20,22163.75,110818.75,PO-2024-0330,2,Matched,Three-way match completed.
3375,INVREC01584-02,INVREC01584,2,REP-002,Dumpster Rental,3,Month,29743.56,0,20,17846.14,89230.68,PO-2024-0330,3,Matched,Validated automatically.
3376,INVREC01585-01,INVREC01585,1,JCI-001,HVAC System,4,Unit,63085.79,0,10,25234.32,252343.17,PO-2026-0169,4,Matched,Three-way match completed.
3377,INVREC01585-02,INVREC01585,2,JCI-002,Building Automation,2,System,122289.38,0,10,24457.88,244578.76,PO-2026-0169,2,Matched,Matched to purchase order.
3378,INVREC01586-01,INVREC01586,1,ABB-002,Drives & Motors,9,Unit,20858.34,0,0,0,187725.08,PO-2026-0893,9,Matched,Successfully matched against PO.
3379,INVREC01586-02,INVREC01586,2,ABB-001,Power Automation,3,Unit,51992.48,0,0,0,155977.45,PO-2026-0893,3,Matched,Goods receipt confirmed.
3380,INVREC01587-01,INVREC01587,1,MCM-002,Hardware,10,Each,27030.96,0,20,54061.92,270309.59,PO-2023-0841,10,Matched,Validated automatically.
3381,INVREC01587-02,INVREC01587,2,MCM-001,Fasteners,84,Box,1942.38,0,20,32631.97,163159.84,PO-2023-0841,84,Matched,Validated automatically.
3382,INVREC01588-01,INVREC01588,1,PEN-001,Fleet Management,4,Month,45146.6,7223.46,18,31205.33,180586.4,PO-2024-1248,4,Matched,Matched to purchase order.
3383,INVREC01588-02,INVREC01588,2,PEN-002,Distribution Services,60,Pallet,2433.99,0,18,27587.32,146039.43,PO-2024-1248,60,Matched,Goods receipt confirmed.
3384,INVREC01589-01,INVREC01589,1,HIL-002,Anchoring Systems,9,Box,10108.16,0,10,9097.35,90973.46,PO-2026-1012,9,Matched,Validated automatically.
3385,INVREC01589-02,INVREC01589,2,HIL-001,Power Tools,3,Unit,14900.83,0,10,4470.25,44702.48,PO-2026-1012,3,Matched,Validated automatically.
3386,INVREC01590-01,INVREC01590,1,IR-001,Compressed Air Systems,4,Unit,19749.46,0,5,3949.89,78997.82,PO-2023-1137,4,Matched,Successfully matched against PO.
3387,INVREC01590-02,INVREC01590,2,IR-002,Air Tools,13,Unit,5926.71,0,5,3852.36,77047.26,PO-2023-1137,13,Matched,Matched to purchase order.
3388,INVREC01591-01,INVREC01591,1,SCH-001,Energy Management,3,System,56022.86,0,10,16806.86,168068.59,PO-2024-0043,3,Matched,Goods receipt confirmed.
3389,INVREC01591-02,INVREC01591,2,SCH-002,Electrical Components,16,Unit,8534.73,0,10,13655.57,136555.73,PO-2024-0043,16,Matched,Successfully matched against PO.
3390,INVREC01592-01,INVREC01592,1,CHR-002,Warehousing,80,Pallet,1547.9,0,10,12383.18,123831.84,PO-2025-0490,80,Matched,Matched to purchase order.
3391,INVREC01592-02,INVREC01592,2,CHR-001,Freight Brokerage,2,Shipment,67253.5,0,10,13450.7,134507,PO-2025-0490,2,Matched,Three-way match completed.
3392,INVREC01593-01,INVREC01593,1,MS-PBI,Power BI Pro,18,Seat,8128.79,0,0,0,146318.29,PO-2023-0764,18,Matched,Matched to purchase order.
3393,INVREC01593-02,INVREC01593,2,MS-AZ,Azure Subscription,8,Month,11357.37,0,0,0,90858.94,PO-2023-0764,8,Matched,Successfully matched against PO.
3394,INVREC01593-03,INVREC01593,3,MS-DYN,Dynamics 365 License,30,Seat,4680.61,8425.1,0,0,140418.36,PO-2023-0764,30,Matched,Validated automatically.
3395,INVREC01594-01,INVREC01594,1,MSC-001,Metalworking Tools,11,Unit,14584.41,0,5,8021.42,160428.47,PO-2025-1413,11,Matched,Validated automatically.
3396,INVREC01594-02,INVREC01594,2,MSC-002,Abrasives,24,Box,9307.56,0,5,11169.07,223381.41,PO-2025-1413,24,Matched,Ready for payment.
3397,INVREC01595-01,INVREC01595,1,CIS-002,Switch,13,Unit,12183.62,0,10,15838.7,158387.04,PO-2026-1406,13,Matched,Three-way match completed.
3398,INVREC01595-02,INVREC01595,2,CIS-001,Network Router,1,Unit,213727.09,8549.08,10,21372.71,213727.09,PO-2026-1406,1,Matched,Validated automatically.
3399,INVREC01596-01,INVREC01596,1,FED-002,International Freight,1,Shipment,270013.69,0,10,27001.37,270013.69,PO-2023-1145,1,Matched,Validated automatically.
3400,INVREC01596-02,INVREC01596,2,FED-001,Express Shipping,10,Shipment,12219.6,0,10,12219.6,122195.97,PO-2023-1145,10,Matched,Goods receipt confirmed.
3401,INVREC01597-01,INVREC01597,1,BCG-002,Operations Improvement,1,Project,201158.01,0,18,36208.44,201158.01,PO-2023-1156,1,Awaiting Approval,Pending goods receipt confirmation.
3402,INVREC01597-02,INVREC01597,2,BCG-001,Management Consulting,18,Hour,15068.02,0,18,48820.37,271224.28,PO-2023-1156,17,Awaiting Approval,Pending goods receipt confirmation.
3403,INVREC01598-01,INVREC01598,1,AMZ-USBH,USB Hub,16,Each,3627.05,0,5,2901.64,58032.82,PO-2023-0768,16,Matched,Validated automatically.
3404,INVREC01598-02,INVREC01598,2,AMZ-STAND,Laptop Stand,15,Each,4490.63,0,5,3367.98,67359.51,PO-2023-0768,15,Matched,Ready for payment.
3405,INVREC01598-03,INVREC01598,3,AMZ-HDMI,HDMI Cable,47,Each,1433.18,0,5,3367.98,67359.52,PO-2023-0768,47,Matched,Three-way match completed.
3406,INVREC01599-01,INVREC01599,1,TYC-001,Fire Protection Systems,3,Unit,2384.04,0,10,715.21,7152.11,PO-2026-0560,3,Matched,Validated automatically.
3407,INVREC01599-02,INVREC01599,2,TYC-002,Building Safety,2,System,2138.63,0,10,427.73,4277.25,PO-2026-0560,2,Matched,Goods receipt confirmed.
3408,INVREC01600-01,INVREC01600,1,SEC-001,Security Guard Services,145,Hour,985.42,0,10,14288.58,142885.78,PO-2024-0968,145,Matched,Matched to purchase order.
3409,INVREC01600-02,INVREC01600,2,SEC-002,Access Control Systems,7,Unit,27376.43,0,10,19163.5,191635.04,PO-2024-0968,7,Matched,Validated automatically.
3410,INVREC01601-01,INVREC01601,1,SOD-002,Catering,8,Event,32686.86,0,18,47069.07,261494.85,PO-2025-0367,8,Matched,Successfully matched against PO.
3411,INVREC01601-02,INVREC01601,2,SOD-001,Facility Management,2,Month,102377.71,0,18,36855.97,204755.41,PO-2025-0367,2,Matched,Successfully matched against PO.
3412,INVREC01602-01,INVREC01602,1,SAP-001,ERP License,27,User,10166.36,0,10,27449.17,274491.71,PO-2026-1378,27,Matched,Matched to purchase order.
3413,INVREC01602-02,INVREC01602,2,SAP-002,Implementation Services,38,Hour,2617.9,0,10,9948.02,99480.22,PO-2026-1378,38,Matched,Successfully matched against PO.
3414,INVREC01603-01,INVREC01603,1,LNV-001,ThinkPad Laptop,20,Unit,6839.98,13679.96,0,0,136799.59,PO-2023-0199,20,Matched,Validated automatically.
3415,INVREC01603-02,INVREC01603,2,LNV-002,Desktop,14,Unit,16477.26,11534.08,0,0,230681.67,PO-2023-0199,14,Matched,Three-way match completed.
3416,INVREC01604-01,INVREC01604,1,DEW-001,Construction Tools,2,Unit,66902.83,0,0,0,133805.66,PO-2025-1047,1,Awaiting Approval,Pending goods receipt confirmation.
3417,INVREC01604-02,INVREC01604,2,DEW-002,Power Tools,10,Unit,33451.41,0,0,0,334514.14,PO-2025-1047,9,Awaiting Approval,Pending goods receipt confirmation.
3418,INVREC01605-01,INVREC01605,1,GEN-001,General Services,8,Hour,6702.15,4289.37,20,9865.56,53617.16,PO-2025-1390,6,Awaiting Approval,Pending goods receipt confirmation.
3419,INVREC01605-02,INVREC01605,2,GEN-002,Miscellaneous Supplies,3,Each,22127.72,0,20,14134.5,66383.16,PO-2025-1390,2,Awaiting Approval,Pending goods receipt confirmation.
3420,INVREC01606-01,INVREC01606,1,GE-001,Power Generation,1,Unit,127555.09,0,0,0,127555.09,PO-2025-1483,1,Matched,Ready for payment.
3421,INVREC01606-02,INVREC01606,2,GE-002,Medical Equipment,3,Unit,28209.3,0,0,0,84627.9,PO-2025-1483,3,Matched,Validated automatically.
3422,INVREC01607-01,INVREC01607,1,ATL-001,Air Cargo Charter,1,Flight,328203.63,0,10,32820.36,328203.63,PO-2023-0408,1,Matched,Ready for payment.
3423,INVREC01608-01,INVREC01608,1,ARA-002,Vending Services,8,Month,10781.35,0,0,0,86250.78,PO-2023-0910,7,Missing PO,Invoice has no purchase order.
3424,INVREC01608-02,INVREC01608,2,ARA-001,Food Services,5,Month,8323.5,0,0,0,41617.51,PO-2023-0910,3,Missing PO,Invoice has no purchase order.
3425,INVREC01609-01,INVREC01609,1,SFS-001,CRM License,81,User,671.94,0,5,2721.36,54427.1,PO-2023-0898,81,Matched,Goods receipt confirmed.
3426,INVREC01609-02,INVREC01609,2,SFS-002,Sales Cloud,18,User,2464.55,0,5,2218.09,44361.82,PO-2023-0898,18,Matched,Goods receipt confirmed.
3427,INVREC01610-01,INVREC01610,1,DELL-MS,Mouse,29,Unit,9360.24,0,18,48860.45,271446.93,PO-2025-0229,29,Matched,Validated automatically.
3428,INVREC01610-02,INVREC01610,2,DELL-KB,Keyboard,39,Unit,3288.27,0,18,23083.68,128242.64,PO-2025-0229,39,Matched,Validated automatically.
3429,INVREC01611-01,INVREC01611,1,MAE-001,Container Shipping,2,Container,133485.42,0,5,13348.54,266970.83,PO-2023-1063,2,Matched,Ready for payment.
3430,INVREC01611-02,INVREC01611,2,MAE-002,Freight Forwarding,1,Shipment,148085.39,0,5,7404.27,148085.39,PO-2023-1063,1,Matched,Successfully matched against PO.
3431,INVREC01612-01,INVREC01612,1,MIC-001,Truck Tires,32,Unit,6783.37,0,10,21706.79,217067.91,PO-2024-1320,27,Awaiting Approval,Pending goods receipt confirmation.
3432,INVREC01612-02,INVREC01612,2,MIC-002,Fleet Services,12,Month,18784.72,13525,10,22541.67,225416.67,PO-2024-1320,9,Awaiting Approval,Pending goods receipt confirmation.
3433,INVREC01613-01,INVREC01613,1,KMB-001,Paper Towels,22,Case,756.19,0,5,831.8,16636.09,PO-2023-0826,22,Matched,Ready for payment.
3434,INVREC01613-02,INVREC01613,2,KMB-002,Sanitary Products,18,Case,1441,0,5,1296.9,25937.98,PO-2023-0826,18,Matched,Goods receipt confirmed.
3435,INVREC01614-01,INVREC01614,1,MCD-001,Catering Services,4,Event,50478.28,0,20,40382.62,201913.12,PO-2024-1384,4,Matched,Matched to purchase order.
3436,INVREC01615-01,INVREC01615,1,ACC-001,Technology Consulting,27,Hour,4296.12,0,5,5799.76,115995.13,PO-2024-1163,27,Matched,Successfully matched against PO.
3437,INVREC01615-02,INVREC01615,2,ACC-002,Systems Integration,1,Project,181115.2,0,5,9055.76,181115.2,PO-2024-1163,1,Matched,Three-way match completed.
3438,INVREC01616-01,INVREC01616,1,BBY-002,Audio System,2,Unit,41902.27,0,5,4190.23,83804.53,PO-2024-0354,1,Awaiting Approval,Pending goods receipt confirmation.
3439,INVREC01616-02,INVREC01616,2,BBY-001,Television,5,Unit,7682.08,2304.62,5,1920.52,38410.41,PO-2024-0354,5,Awaiting Approval,Pending goods receipt confirmation.
3440,INVREC01617-01,INVREC01617,1,QL-002,Courier Services,28,Package,3297.16,0,0,0,92320.34,PO-2024-1300,28,Matched,Goods receipt confirmed.
3441,INVREC01617-02,INVREC01617,2,QL-001,Domestic Freight,25,Pallet,5082.58,0,0,0,127064.55,PO-2024-1300,25,Matched,Ready for payment.
3442,INVREC01618-01,INVREC01618,1,SFS-001,CRM License,5,User,3344.55,1170.59,10,1555.21,16722.73,PO-2025-1422,5,Matched,Successfully matched against PO.
3443,INVREC01618-02,INVREC01618,2,SFS-002,Sales Cloud,37,User,697.01,0,10,2695.99,25789.27,PO-2025-1422,37,Matched,Ready for payment.
3444,INVREC01619-01,INVREC01619,1,ADT-002,Alarm Systems,3,Unit,70918.68,0,0,0,212756.03,PO-2023-0901,3,Matched,Successfully matched against PO.
3445,INVREC01619-02,INVREC01619,2,ADT-001,Security Monitoring,10,Month,17201.55,0,0,0,172015.52,PO-2023-0901,10,Matched,Successfully matched against PO.
3446,INVREC01620-01,INVREC01620,1,HIL-002,Anchoring Systems,15,Box,15028.16,0,10,22542.24,225422.42,PO-2025-1295,13,Awaiting Approval,Pending goods receipt confirmation.
3447,INVREC01620-02,INVREC01620,2,HIL-001,Power Tools,2,Unit,93444.34,0,10,18688.87,186888.67,PO-2025-1295,2,Awaiting Approval,Pending goods receipt confirmation.
3448,INVREC01621-01,INVREC01621,1,MIC-001,Truck Tires,30,Unit,8087.2,0,0,0,242616.05,PO-2023-0247,30,Matched,Validated automatically.
3449,INVREC01621-02,INVREC01621,2,MIC-002,Fleet Services,4,Month,45490.51,0,0,0,181962.04,PO-2023-0247,4,Matched,Three-way match completed.
3450,INVREC01622-01,INVREC01622,1,SCH-001,Energy Management,3,System,44398.61,0,18,23975.25,133195.83,PO-2025-0963,3,Matched,Goods receipt confirmed.
3451,INVREC01622-02,INVREC01622,2,SCH-002,Electrical Components,37,Unit,3776.11,0,18,25148.86,139715.91,PO-2025-0963,37,Matched,Ready for payment.
3452,INVREC01623-01,INVREC01623,1,WMI-002,Recycling Services,11,Month,2915.49,0,20,6414.09,32070.44,PO-2023-0806,11,Matched,Three-way match completed.
3453,INVREC01623-02,INVREC01623,2,WMI-001,Waste Collection,12,Month,2895.25,0,20,6948.59,34742.97,PO-2023-0806,12,Matched,Three-way match completed.
3454,INVREC01624-01,INVREC01624,1,PEN-002,Distribution Services,23,Pallet,9847.56,0,18,40768.9,226493.89,PO-2023-0494,23,Matched,Successfully matched against PO.
3455,INVREC01624-02,INVREC01624,2,PEN-001,Fleet Management,9,Month,27139.79,0,18,43966.46,244258.12,PO-2023-0494,9,Matched,Three-way match completed.
3456,INVREC01625-01,INVREC01625,1,ACC-002,Systems Integration,1,Project,119323.19,0,10,11932.32,119323.19,PO-2026-1048,1,Matched,Three-way match completed.
3457,INVREC01625-02,INVREC01625,2,ACC-001,Technology Consulting,46,Hour,3322.63,7642.05,10,15284.09,152840.93,PO-2026-1048,46,Matched,Three-way match completed.
3458,INVREC01626-01,INVREC01626,1,PEN-001,Fleet Management,2,Month,48719.59,0,0,0,97439.17,PO-2024-0009,2,Matched,Matched to purchase order.
3459,INVREC01626-02,INVREC01626,2,PEN-002,Distribution Services,100,Pallet,1568.53,10979.73,0,0,156853.31,PO-2024-0009,100,Matched,Ready for payment.
3460,INVREC01627-01,INVREC01627,1,DEW-002,Power Tools,6,Unit,9237.3,0,5,2771.19,55423.78,PO-2026-0886,6,Matched,Validated automatically.
3461,INVREC01627-02,INVREC01627,2,DEW-001,Construction Tools,11,Unit,5038.53,0,5,2771.19,55423.79,PO-2026-0886,11,Matched,Goods receipt confirmed.
3462,INVREC01628-01,INVREC01628,1,VMW-001,vSphere License,12,CPU,3644.91,0,10,4373.9,43738.97,PO-2025-0105,12,Matched,Three-way match completed.
3463,INVREC01628-02,INVREC01628,2,VMW-002,Support Services,2,Year,22439.99,3141.6,10,4488,44879.98,PO-2025-0105,2,Matched,Successfully matched against PO.
3464,INVREC01629-01,INVREC01629,1,CHR-001,Freight Brokerage,4,Shipment,3808.1,0,20,3046.48,15232.4,PO-2025-0007,4,Matched,Successfully matched against PO.
3465,INVREC01629-02,INVREC01629,2,CHR-002,Warehousing,56,Pallet,571.22,0,20,6397.61,31988.05,PO-2025-0007,56,Matched,Matched to purchase order.
3466,INVREC01630-01,INVREC01630,1,ADT-002,Alarm Systems,2,Unit,76449.77,0,5,7644.98,152899.53,PO-2023-0125,2,Matched,Matched to purchase order.
3467,INVREC01630-02,INVREC01630,2,ADT-001,Security Monitoring,7,Month,16449.51,0,5,5757.33,115146.56,PO-2023-0125,7,Matched,Validated automatically.
3468,INVREC01631-01,INVREC01631,1,IMP-001,Container Freight,1,Container,136980.32,0,0,0,136980.32,PO-2023-1344,1,Matched,Goods receipt confirmed.
3469,INVREC01631-02,INVREC01631,2,IMP-002,Customs Brokerage,1,Shipment,114543.89,0,0,0,114543.89,PO-2023-1344,1,Matched,Ready for payment.
3470,INVREC01632-01,INVREC01632,1,ABCD-200,Industrial Fasteners,83,Box,998.91,0,5,4145.47,82909.49,PO-2023-0805,83,Matched,Three-way match completed.
3471,INVREC01632-02,INVREC01632,2,ABCD-100,Steel Coils,6,Ton,10873.38,0,5,3262.01,65240.26,PO-2023-0805,6,Matched,Successfully matched against PO.
3472,INVREC01632-03,INVREC01632,3,ABCD-300,Packaging Film,24,Roll,1500.75,2521.26,5,1800.91,36018.06,PO-2023-0805,24,Matched,Three-way match completed.
3473,INVREC01633-01,INVREC01633,1,ACC-001,Technology Consulting,20,Hour,13290.22,0,5,13290.22,265804.42,PO-2023-0566,20,Matched,Successfully matched against PO.
3474,INVREC01633-02,INVREC01633,2,ACC-002,Systems Integration,1,Project,233809.45,0,5,11690.47,233809.45,PO-2023-0566,1,Matched,Successfully matched against PO.
3475,INVREC01634-01,INVREC01634,1,SKF-001,Industrial Bearings,20,Unit,2175.79,0,5,2175.79,43515.73,PO-2025-0082,20,Matched,Validated automatically.
3476,INVREC01634-02,INVREC01634,2,SKF-002,Seals,20,Box,4762.1,0,5,4762.1,95241.96,PO-2025-0082,20,Matched,Matched to purchase order.
3477,INVREC01635-01,INVREC01635,1,VMW-002,Support Services,1,Year,158607.5,0,10,15860.75,158607.5,PO-2026-1274,1,Matched,Matched to purchase order.
3478,INVREC01635-02,INVREC01635,2,VMW-001,vSphere License,1,CPU,93216.69,0,10,9321.67,93216.69,PO-2026-1274,1,Matched,Ready for payment.
3479,INVREC01636-01,INVREC01636,1,VER-002,Data Services,8,Month,2759.45,0,5,1103.78,22075.6,PO-2024-0583,8,Matched,Validated automatically.
3480,INVREC01636-02,INVREC01636,2,VER-001,Mobile Services,100,Line,225.04,0,5,1125.21,22504.26,PO-2024-0583,100,Matched,Ready for payment.
3481,INVREC01637-01,INVREC01637,1,CHR-001,Freight Brokerage,4,Shipment,40204.23,0,18,28947.05,160816.93,PO-2026-0237,4,Matched,Ready for payment.
3482,INVREC01637-02,INVREC01637,2,CHR-002,Warehousing,87,Pallet,2555.91,0,18,40025.55,222364.15,PO-2026-0237,87,Matched,Ready for payment.
3483,INVREC01638-01,INVREC01638,1,SAMI-01,Consulting Services,4,Hour,35014.89,0,10,14005.95,140059.54,PO-2023-1335,4,Matched,Validated automatically.
3484,INVREC01638-02,INVREC01638,2,SAMI-02,Design Work,7,Hour,33239.94,0,10,23267.96,232679.55,PO-2023-1335,7,Matched,Three-way match completed.
3485,INVREC01639-01,INVREC01639,1,BCG-001,Management Consulting,28,Hour,5636.31,15781.67,20,28407.01,157816.72,PO-2024-1333,28,Matched,Successfully matched against PO.
3486,INVREC01639-02,INVREC01639,2,BCG-002,Operations Improvement,1,Project,217283.88,0,20,46613.11,217283.88,PO-2024-1333,1,Matched,Goods receipt confirmed.
3487,INVREC01640-01,INVREC01640,1,ARA-002,Vending Services,7,Month,26833.29,0,10,18783.3,187833.01,PO-2023-1002,5,Missing PO,Invoice has no purchase order.
3488,INVREC01640-02,INVREC01640,2,ARA-001,Food Services,3,Month,74384.01,0,10,22315.2,223152.04,PO-2023-1002,2,Vendor Mismatch,Vendor does not match purchase order.
3489,INVREC01641-01,INVREC01641,1,MIC-002,Fleet Services,2,Month,110540.56,0,5,11054.06,221081.12,PO-2023-1438,2,Matched,Three-way match completed.
3490,INVREC01641-02,INVREC01641,2,MIC-001,Truck Tires,15,Unit,17440.84,0,5,13080.63,261612.65,PO-2023-1438,15,Matched,Ready for payment.
3491,INVREC01642-01,INVREC01642,1,EY-002,Risk Consulting,28,Hour,9209.11,0,5,12892.75,257855.05,PO-2025-0462,28,Matched,Ready for payment.
3492,INVREC01642-02,INVREC01642,2,EY-001,Financial Audit,1,Project,232069.54,0,5,11603.48,232069.54,PO-2025-0462,1,Matched,Three-way match completed.
3493,INVREC01643-01,INVREC01643,1,WWG-001,MRO Supplies,50,Box,1413.69,0,0,0,70684.41,PO-2025-0214,50,Matched,Ready for payment.
3494,INVREC01643-02,INVREC01643,2,WWG-002,HVAC Parts,3,Unit,24410.53,0,0,0,73231.59,PO-2025-0214,3,Matched,Successfully matched against PO.
3495,INVREC01644-01,INVREC01644,1,GOO-001,Commercial Tires,13,Unit,4583.22,0,10,5958.19,59581.87,PO-2023-0493,13,Matched,Validated automatically.
3496,INVREC01644-02,INVREC01644,2,GOO-002,Retread Services,2,Unit,43670.81,0,10,8734.16,87341.61,PO-2023-0493,2,Matched,Ready for payment.
3497,INVREC01645-01,INVREC01645,1,HPE-002,Storage Array,4,Unit,40751.71,0,0,0,163006.82,PO-2025-0464,4,Matched,Validated automatically.
3498,INVREC01645-02,INVREC01645,2,HPE-001,Server,5,Unit,32601.37,9780.41,0,0,163006.83,PO-2025-0464,5,Matched,Matched to purchase order.
3499,INVREC01646-01,INVREC01646,1,ATL-001,Air Cargo Charter,1,Flight,85420.46,0,5,4271.02,85420.46,PO-2025-0532,1,Matched,Three-way match completed.
3500,INVREC01647-01,INVREC01647,1,BRI-002,Tire Services,11,Month,8937.08,0,20,19661.58,98307.92,PO-2025-0595,11,Matched,Successfully matched against PO.
3501,INVREC01647-02,INVREC01647,2,BRI-001,Tires,39,Unit,3234.92,0,20,25232.37,126161.84,PO-2025-0595,39,Matched,Validated automatically.
3502,INVREC01648-01,INVREC01648,1,VMW-002,Support Services,1,Year,102397.6,0,20,20479.52,102397.6,PO-2025-0131,1,Matched,Goods receipt confirmed.
3503,INVREC01648-02,INVREC01648,2,VMW-001,vSphere License,14,CPU,7439.14,0,20,20829.6,104147.99,PO-2025-0131,14,Matched,Goods receipt confirmed.
3504,INVREC01649-01,INVREC01649,1,CAT-001,Construction Equipment,1,Unit,104834.69,0,10,10483.47,104834.69,PO-2025-0699,1,Matched,Successfully matched against PO.
3505,INVREC01649-02,INVREC01649,2,CAT-002,Spare Parts,15,Box,7149.03,0,10,10723.55,107235.48,PO-2025-0699,15,Matched,Goods receipt confirmed.
3506,INVREC01650-01,INVREC01650,1,CUM-002,Generators,2,Unit,31588.54,0,0,0,63177.08,PO-2025-0236,2,Matched,Successfully matched against PO.
3507,INVREC01650-02,INVREC01650,2,CUM-001,Engine Parts,5,Unit,12993.87,0,0,0,64969.33,PO-2025-0236,5,Matched,Three-way match completed.
3508,INVREC01651-01,INVREC01651,1,ALP-001,Heavy Machinery,1,Unit,218308.43,0,10,21830.84,218308.43,PO-2024-1268,1,Awaiting Approval,Pending goods receipt confirmation.
3509,INVREC01651-02,INVREC01651,2,ALP-002,Spare Parts,5,Box,25203.09,0,10,12601.54,126015.44,PO-2024-1268,4,Awaiting Approval,Pending goods receipt confirmation.
3510,INVREC01652-01,INVREC01652,1,IR-001,Compressed Air Systems,5,Unit,24620.76,0,18,22158.69,123103.82,PO-2026-0116,5,Matched,Successfully matched against PO.
3511,INVREC01652-02,INVREC01652,2,IR-002,Air Tools,3,Unit,102586.52,0,18,55396.72,307759.56,PO-2026-0116,3,Matched,Validated automatically.
3512,INVREC01653-01,INVREC01653,1,HIL-001,Power Tools,1,Unit,8409.36,0,20,1681.87,8409.36,PO-2024-0349,1,Matched,Matched to purchase order.
3513,INVREC01653-02,INVREC01653,2,HIL-002,Anchoring Systems,19,Box,546.27,0,20,2075.82,10379.11,PO-2024-0349,19,Matched,Three-way match completed.
3514,INVREC01654-01,INVREC01654,1,TMO-002,IoT Services,411,Device,165.16,0,20,13576.19,67880.94,PO-2026-0874,411,Matched,Ready for payment.
3515,INVREC01654-02,INVREC01654,2,TMO-001,Mobile Plans,98,Line,296.1,0,20,5803.56,29017.8,PO-2026-0874,98,Matched,Ready for payment.
3516,INVREC01655-01,INVREC01655,1,BRI-002,Tire Services,2,Month,113449.73,0,5,11344.97,226899.45,PO-2023-0972,2,Matched,Validated automatically.
3517,INVREC01655-02,INVREC01655,2,BRI-001,Tires,31,Unit,3362.94,0,5,5212.56,104251.1,PO-2023-0972,31,Matched,Three-way match completed.
3518,INVREC01656-01,INVREC01656,1,ROK-002,HMI Systems,4,Unit,37786.12,0,0,0,151144.47,PO-2025-1373,4,Matched,Three-way match completed.
3519,INVREC01656-02,INVREC01656,2,ROK-001,Industrial Controls,6,Unit,30756.14,0,0,0,184536.85,PO-2025-1373,6,Matched,Goods receipt confirmed.
3520,INVREC01657-01,INVREC01657,1,MCM-001,Fasteners,28,Box,11003.07,0,0,0,308085.96,PO-2023-0426,28,Matched,Ready for payment.
3521,INVREC01657-02,INVREC01657,2,MCM-002,Hardware,11,Each,13288.38,0,0,0,146172.17,PO-2023-0426,11,Matched,Three-way match completed.
3522,INVREC01658-01,INVREC01658,1,ZF-002,Industrial Drives,3,Unit,37812.35,0,10,11343.71,113437.06,PO-2026-0329,3,Matched,Ready for payment.
3523,INVREC01658-02,INVREC01658,2,ZF-001,Automotive Components,7,Unit,8488.49,0,10,5941.94,59419.41,PO-2026-0329,7,Matched,Three-way match completed.
3524,INVREC01659-01,INVREC01659,1,CIN-002,Floor Mats,23,Month,5355.98,9855.01,5,5666.63,123187.64,PO-2026-0385,23,Matched,Validated automatically.
3525,INVREC01659-02,INVREC01659,2,CIN-001,Uniforms Rental,73,Month,1742.83,0,5,6854.08,127226.58,PO-2026-0385,73,Matched,Goods receipt confirmed.
3526,INVREC01660-01,INVREC01660,1,PEN-001,Fleet Management,12,Month,9156.86,0,5,5494.12,109882.34,PO-2025-0866,12,Matched,Ready for payment.
3527,INVREC01660-02,INVREC01660,2,PEN-002,Distribution Services,46,Pallet,1948.1,0,5,4480.64,89612.79,PO-2025-0866,46,Matched,Goods receipt confirmed.
3528,INVREC01661-01,INVREC01661,1,GOO-002,Retread Services,7,Unit,8170.75,0,20,11439.05,57195.23,PO-2025-0287,7,Matched,Three-way match completed.
3529,INVREC01661-02,INVREC01661,2,GOO-001,Commercial Tires,10,Unit,3516.1,0,20,7032.2,35161.01,PO-2025-0287,10,Matched,Three-way match completed.
3530,INVREC01662-01,INVREC01662,1,SPE-002,Phone Services,43,Line,3914.34,0,18,30297.02,168316.79,PO-2025-0597,43,Matched,Goods receipt confirmed.
3531,INVREC01662-02,INVREC01662,2,SPE-001,Cable Services,10,Month,14130.3,0,18,25434.54,141302.98,PO-2025-0597,10,Matched,Validated automatically.
3532,INVREC01663-01,INVREC01663,1,DEL-001,Audit Services,1,Project,277869.17,0,0,0,277869.17,PO-2023-1396,1,Matched,Matched to purchase order.
3533,INVREC01663-02,INVREC01663,2,DEL-002,Tax Consulting,24,Hour,4239.79,0,0,0,101754.91,PO-2023-1396,24,Matched,Three-way match completed.
3534,INVREC01664-01,INVREC01664,1,CAT-002,Spare Parts,7,Box,15099.37,0,5,5284.78,105695.62,PO-2024-0056,7,Matched,Ready for payment.
3535,INVREC01664-02,INVREC01664,2,CAT-001,Construction Equipment,1,Unit,164548.86,0,5,8227.44,164548.86,PO-2024-0056,1,Matched,Matched to purchase order.
3536,INVREC01665-01,INVREC01665,1,TMO-002,IoT Services,365,Device,22.72,0,10,829.18,8291.81,PO-2025-0704,365,Matched,Three-way match completed.
3537,INVREC01665-02,INVREC01665,2,TMO-001,Mobile Plans,92,Line,82.92,0,10,762.85,7628.47,PO-2025-0704,92,Matched,Successfully matched against PO.
3538,INVREC01666-01,INVREC01666,1,ZF-001,Automotive Components,3,Unit,1340.3,0,0,0,4020.91,PO-2023-0689,3,Matched,Validated automatically.
3539,INVREC01666-02,INVREC01666,2,ZF-002,Industrial Drives,1,Unit,6061.36,0,0,0,6061.36,PO-2023-0689,1,Matched,Successfully matched against PO.
3540,INVREC01667-01,INVREC01667,1,CAT-001,Construction Equipment,3,Unit,62371.88,0,18,33680.82,187115.64,PO-2025-0411,3,Matched,Ready for payment.
3541,INVREC01667-02,INVREC01667,2,CAT-002,Spare Parts,18,Box,9458.03,0,18,30644.02,170244.55,PO-2025-0411,18,Matched,Ready for payment.
3542,INVREC01668-01,INVREC01668,1,ABB-002,Drives & Motors,3,Unit,19116.45,0,20,11469.87,57349.36,PO-2026-0353,3,Matched,Ready for payment.
3543,INVREC01668-02,INVREC01668,2,ABB-001,Power Automation,4,Unit,19201.8,0,20,15361.44,76807.19,PO-2026-0353,4,Matched,Three-way match completed.
3544,INVREC01669-01,INVREC01669,1,OFW-CABIN,Filing Cabinet,6,Unit,36311.96,0,18,39216.92,217871.76,PO-2024-0743,6,Matched,Validated automatically.
3545,INVREC01669-02,INVREC01669,2,OFW-BOOK,Bookshelf,4,Unit,49516.31,0,18,35651.74,198065.24,PO-2024-0743,4,Matched,Ready for payment.
3546,INVREC01670-01,INVREC01670,1,THO-001,Legal Research Software,11,User,21263.39,0,20,46779.45,233897.25,PO-2026-1357,11,Matched,Successfully matched against PO.
3547,INVREC01670-02,INVREC01670,2,THO-002,Tax Software,10,User,19458.68,0,20,38917.36,194586.78,PO-2026-1357,10,Matched,Successfully matched against PO.
3548,INVREC01671-01,INVREC01671,1,EXP-002,International Logistics,3,Shipment,92973.8,0,0,0,278921.4,PO-2024-1171,3,Matched,Three-way match completed.
3549,INVREC01671-02,INVREC01671,2,EXP-001,Customs Clearance,1,Shipment,219152.52,0,0,0,219152.52,PO-2024-1171,1,Matched,Successfully matched against PO.
3550,INVREC01672-01,INVREC01672,1,CAT-002,Spare Parts,12,Box,9403.11,0,10,11283.73,112837.34,PO-2025-0699,12,Matched,Ready for payment.
3551,INVREC01672-02,INVREC01672,2,CAT-001,Construction Equipment,2,Unit,49616.42,0,10,9923.28,99232.83,PO-2025-0699,2,Matched,Validated automatically.
3552,INVREC01673-01,INVREC01673,1,TIM-002,Lubrication Systems,5,Unit,18061.84,6321.64,20,16797.51,90309.21,PO-2024-0099,5,Awaiting Approval,Pending goods receipt confirmation.
3553,INVREC01673-02,INVREC01673,2,TIM-001,Bearings,30,Unit,3503.8,0,20,22287.13,105113.99,PO-2024-0099,30,Awaiting Approval,Pending goods receipt confirmation.
3554,INVREC01674-01,INVREC01674,1,FES-001,Pneumatic Systems,7,Unit,1682.61,0,10,1177.83,11778.26,PO-2024-1051,6,Awaiting Approval,Pending goods receipt confirmation.
3555,INVREC01674-02,INVREC01674,2,FES-002,Valves,39,Unit,272.26,0,10,1061.83,10618.28,PO-2024-1051,29,Awaiting Approval,Pending goods receipt confirmation.
3556,INVREC01675-01,INVREC01675,1,SOD-002,Catering,4,Event,72435.95,0,5,14487.19,289743.79,PO-2025-0911,4,Matched,Ready for payment.
3557,INVREC01675-02,INVREC01675,2,SOD-001,Facility Management,11,Month,14035.37,0,5,7719.45,154389.03,PO-2025-0911,11,Matched,Three-way match completed.
3558,INVREC01676-01,INVREC01676,1,IBM-001,Mainframe Hardware,1,Unit,13239.26,661.96,20,2515.46,13239.26,PO-2023-0218,1,Matched,Validated automatically.
3559,INVREC01676-02,INVREC01676,2,IBM-002,Consulting Services,27,Hour,243.24,0,20,1445.89,6567.51,PO-2023-0218,27,Matched,Validated automatically.
3560,INVREC01677-01,INVREC01677,1,HIL-002,Anchoring Systems,4,Box,45186.13,0,5,9037.23,180744.51,PO-2023-1058,4,Matched,Matched to purchase order.
3561,INVREC01677-02,INVREC01677,2,HIL-001,Power Tools,4,Unit,64013.68,0,5,12802.74,256054.72,PO-2023-1058,4,Matched,Successfully matched against PO.
3562,INVREC01678-01,INVREC01678,1,ATL-001,Air Cargo Charter,1,Flight,29671.51,0,20,5934.3,29671.51,PO-2024-0611,1,Matched,Goods receipt confirmed.
3563,INVREC01679-01,INVREC01679,1,ROK-001,Industrial Controls,3,Unit,74074.31,0,0,0,222222.92,PO-2025-0482,3,Matched,Matched to purchase order.
3564,INVREC01679-02,INVREC01679,2,ROK-002,HMI Systems,2,Unit,109427.95,0,0,0,218855.9,PO-2025-0482,2,Matched,Successfully matched against PO.
3565,INVREC01680-01,INVREC01680,1,CIN-001,Uniforms Rental,57,Month,2240.61,0,5,6385.74,127714.86,PO-2024-1304,57,Matched,Goods receipt confirmed.
3566,INVREC01680-02,INVREC01680,2,CIN-002,Floor Mats,28,Month,4848.57,0,5,6788,135759.9,PO-2024-1304,28,Matched,Matched to purchase order.
3567,INVREC01681-01,INVREC01681,1,HIL-002,Anchoring Systems,16,Box,5599.93,0,20,17919.76,89598.8,PO-2023-1237,16,Matched,Goods receipt confirmed.
3568,INVREC01681-02,INVREC01681,2,HIL-001,Power Tools,2,Unit,62497.93,0,20,24999.17,124995.86,PO-2023-1237,2,Matched,Matched to purchase order.
3569,INVREC01682-01,INVREC01682,1,TMO-002,IoT Services,462,Device,17.15,396.13,0,0,7922.69,PO-2023-0646,462,Matched,Three-way match completed.
3570,INVREC01682-02,INVREC01682,2,TMO-001,Mobile Plans,22,Line,525.7,0,0,0,11565.31,PO-2023-0646,22,Matched,Goods receipt confirmed.
3571,INVREC01683-01,INVREC01683,1,GS-002,Logistics Services,5,Shipment,48818.84,0,18,43936.95,244094.19,PO-2025-1493,5,Matched,Goods receipt confirmed.
3572,INVREC01683-02,INVREC01683,2,GS-001,Bulk Materials,13,Ton,13560.79,0,18,31732.24,176290.24,PO-2025-1493,13,Matched,Matched to purchase order.
3573,INVREC01684-01,INVREC01684,1,CHR-001,Freight Brokerage,9,Shipment,25844.55,0,18,41868.17,232600.95,PO-2026-0746,9,Matched,Validated automatically.
3574,INVREC01684-02,INVREC01684,2,CHR-002,Warehousing,99,Pallet,2300.56,0,18,40995.92,227755.09,PO-2026-0746,99,Matched,Ready for payment.
3575,INVREC01685-01,INVREC01685,1,ZF-002,Industrial Drives,1,Unit,319275.87,0,0,0,319275.87,PO-2026-0017,1,Matched,Three-way match completed.
3576,INVREC01685-02,INVREC01685,2,ZF-001,Automotive Components,7,Unit,17104.06,0,0,0,119728.45,PO-2026-0017,7,Matched,Ready for payment.
3577,INVREC01686-01,INVREC01686,1,DHL-INT,International Shipping,2,Shipment,103811.83,0,0,0,207623.65,PO-2025-1374,2,Matched,Validated automatically.
3578,INVREC01686-02,INVREC01686,2,DHL-FUEL,Fuel Surcharge,1,Percent,232875.17,11643.76,0,0,232875.17,PO-2025-1374,1,Matched,Three-way match completed.
3579,INVREC01687-01,INVREC01687,1,PAR-002,Seals & Gaskets,15,Box,17021.14,17872.19,10,23744.49,255317.06,PO-2023-0549,15,Matched,Matched to purchase order.
3580,INVREC01687-02,INVREC01687,2,PAR-001,Hydraulic Components,18,Unit,10457.03,0,10,20609.86,188226.45,PO-2023-0549,18,Matched,Goods receipt confirmed.
3581,INVREC01688-01,INVREC01688,1,SOD-002,Catering,2,Event,83513.63,10021.64,10,15700.56,167027.25,PO-2026-1309,2,Matched,Three-way match completed.
3582,INVREC01688-02,INVREC01688,2,SOD-001,Facility Management,4,Month,58345.14,9335.22,10,24340.22,233380.54,PO-2026-1309,4,Matched,Ready for payment.
3583,INVREC01689-01,INVREC01689,1,DEL-001,Audit Services,1,Project,58241.63,0,5,2912.08,58241.63,PO-2023-0341,1,Matched,Successfully matched against PO.
3584,INVREC01689-02,INVREC01689,2,DEL-002,Tax Consulting,23,Hour,1674.87,0,5,1926.1,38522.02,PO-2023-0341,23,Matched,Ready for payment.
3585,INVREC01690-01,INVREC01690,1,IBM-002,Consulting Services,20,Hour,1546.58,0,0,0,30931.68,PO-2026-1033,20,Matched,Three-way match completed.
3586,INVREC01690-02,INVREC01690,2,IBM-001,Mainframe Hardware,1,Unit,35138.39,0,0,0,35138.39,PO-2026-1033,1,Matched,Ready for payment.
3587,INVREC01691-01,INVREC01691,1,CIS-003,Firewall,3,Unit,4409.37,0,18,2381.06,13228.1,PO-2026-0437,3,Matched,Goods receipt confirmed.
3588,INVREC01691-02,INVREC01691,2,CIS-002,Switch,12,Unit,939.89,0,18,2030.16,11278.69,PO-2026-0437,12,Matched,Matched to purchase order.
3589,INVREC01691-03,INVREC01691,3,CIS-001,Network Router,6,Unit,2042.23,0,18,2205.61,12253.4,PO-2026-0437,6,Matched,Ready for payment.
3590,INVREC01692-01,INVREC01692,1,IMP-001,Container Freight,2,Container,39521.61,0,10,7904.32,79043.21,PO-2025-0588,2,Matched,Ready for payment.
3591,INVREC01692-02,INVREC01692,2,IMP-002,Customs Brokerage,2,Shipment,42649.21,0,10,8529.84,85298.42,PO-2025-0588,2,Matched,Validated automatically.
3592,INVREC01693-01,INVREC01693,1,HPE-001,Server,8,Unit,1431.09,0,10,1144.87,11448.73,PO-2024-0629,8,Matched,Goods receipt confirmed.
3593,INVREC01693-02,INVREC01693,2,HPE-002,Storage Array,4,Unit,2172.5,0,10,869,8690,PO-2024-0629,4,Matched,Matched to purchase order.
3594,INVREC01694-01,INVREC01694,1,BCG-001,Management Consulting,32,Hour,2696.44,0,10,8628.61,86286.07,PO-2026-1027,32,Matched,Three-way match completed.
3595,INVREC01694-02,INVREC01694,2,BCG-002,Operations Improvement,1,Project,178648.63,0,10,17864.86,178648.63,PO-2026-1027,1,Matched,Ready for payment.
3596,INVREC01695-01,INVREC01695,1,FAS-002,Safety Supplies,34,Unit,4684.53,0,18,28669.31,159273.95,PO-2025-0585,34,Matched,Successfully matched against PO.
3597,INVREC01695-02,INVREC01695,2,FAS-001,Industrial Fasteners,65,Box,2594.51,0,18,30355.74,168643,PO-2025-0585,65,Matched,Successfully matched against PO.
3598,INVREC01696-01,INVREC01696,1,MAE-002,Freight Forwarding,1,Shipment,157166.22,0,0,0,157166.22,PO-2023-0940,1,Matched,Ready for payment.
3599,INVREC01696-02,INVREC01696,2,MAE-001,Container Shipping,2,Container,70163.49,0,0,0,140326.98,PO-2023-0940,2,Matched,Successfully matched against PO.
3600,INVREC01697-01,INVREC01697,1,BCG-001,Management Consulting,38,Hour,2706.4,0,0,0,102843.19,PO-2026-0370,29,Awaiting Approval,Pending goods receipt confirmation.
3601,INVREC01697-02,INVREC01697,2,BCG-002,Operations Improvement,1,Project,153613.88,0,0,0,153613.88,PO-2026-0370,1,Awaiting Approval,Pending goods receipt confirmation.
3602,INVREC01698-01,INVREC01698,1,WMI-001,Waste Collection,1,Month,101263.72,0,10,10126.37,101263.72,PO-2025-0807,1,Matched,Goods receipt confirmed.
3603,INVREC01698-02,INVREC01698,2,WMI-002,Recycling Services,12,Month,23992.22,17274.4,10,28790.67,287906.67,PO-2025-0807,12,Matched,Three-way match completed.
3604,INVREC01699-01,INVREC01699,1,IBM-002,Consulting Services,29,Hour,5163.88,4492.58,0,0,149752.51,PO-2026-0280,29,Matched,Validated automatically.
3605,INVREC01699-02,INVREC01699,2,IBM-001,Mainframe Hardware,1,Unit,125878.93,0,0,0,125878.93,PO-2026-0280,1,Matched,Goods receipt confirmed.
3606,INVREC01700-01,INVREC01700,1,ZF-002,Industrial Drives,4,Unit,2824,0,20,2259.2,11295.98,PO-2023-1200,3,Awaiting Approval,Pending goods receipt confirmation.
3607,INVREC01700-02,INVREC01700,2,ZF-001,Automotive Components,6,Unit,4010.89,0,20,4813.07,24065.34,PO-2023-1200,5,Awaiting Approval,Pending goods receipt confirmation.
3608,INVREC01701-01,INVREC01701,1,SKF-002,Seals,12,Box,3825.39,0,0,0,45904.71,PO-2026-0604,12,Matched,Matched to purchase order.
3609,INVREC01701-02,INVREC01701,2,SKF-001,Industrial Bearings,25,Unit,1271.21,0,0,0,31780.18,PO-2026-0604,25,Matched,Validated automatically.
3610,INVREC01702-01,INVREC01702,1,VER-002,Data Services,11,Month,5453.2,0,20,11997.04,59985.18,PO-2023-1078,11,Matched,Three-way match completed.
3611,INVREC01702-02,INVREC01702,2,VER-001,Mobile Services,79,Line,1128.7,0,20,17833.43,89167.16,PO-2023-1078,79,Matched,Ready for payment.
3612,INVREC01703-01,INVREC01703,1,ABCD-200,Industrial Fasteners,130,Box,1048.78,0,10,13634.18,136341.82,PO-2025-0578,130,Matched,Validated automatically.
3613,INVREC01703-02,INVREC01703,2,ABCD-100,Steel Coils,12,Ton,7622.49,0,10,9146.98,91469.83,PO-2025-0578,12,Matched,Three-way match completed.
3614,INVREC01703-03,INVREC01703,3,ABCD-300,Packaging Film,79,Roll,2031.69,0,10,16050.37,160503.65,PO-2025-0578,79,Matched,Successfully matched against PO.
3615,INVREC01704-01,INVREC01704,1,GAT-002,Hydraulic Hose,223,Foot,1038.5,0,10,23158.62,231586.24,PO-2026-1382,223,Matched,Ready for payment.
3616,INVREC01704-02,INVREC01704,2,GAT-001,Power Transmission Belts,18,Unit,10340.82,0,10,18613.47,186134.73,PO-2026-1382,18,Matched,Goods receipt confirmed.
3617,INVREC01705-01,INVREC01705,1,ATT-002,Internet Services,10,Month,20227.49,8091,0,0,202274.89,PO-2024-0804,8,Price Mismatch,Price differs from PO by 14%.
3618,INVREC01705-02,INVREC01705,2,ATT-001,Phone Services,100,Line,2584.62,0,0,0,258462.35,PO-2024-0804,76,Vendor Mismatch,Vendor does not match purchase order.
3619,INVREC01706-01,INVREC01706,1,FTI-002,Expert Witness Services,1,Project,132679.23,0,18,23882.26,132679.23,PO-2025-1391,1,Matched,Validated automatically.
3620,INVREC01706-02,INVREC01706,2,FTI-001,Forensic Accounting,21,Hour,6318.06,0,18,23882.26,132679.23,PO-2025-1391,21,Matched,Successfully matched against PO.
3621,INVREC01707-01,INVREC01707,1,FES-002,Valves,38,Unit,3354.95,0,18,22947.87,127488.15,PO-2024-1277,38,Matched,Successfully matched against PO.
3622,INVREC01707-02,INVREC01707,2,FES-001,Pneumatic Systems,13,Unit,10943.8,0,18,25608.49,142269.39,PO-2024-1277,13,Matched,Successfully matched against PO.
3623,INVREC01708-01,INVREC01708,1,HON-002,Thermostats & Controls,29,Unit,8012.96,0,18,41827.66,232375.88,PO-2023-0734,29,Matched,Three-way match completed.
3624,INVREC01708-02,INVREC01708,2,HON-001,Safety Systems,3,System,84136.1,0,18,45433.49,252408.29,PO-2023-0734,3,Matched,Ready for payment.
3625,INVREC01709-01,INVREC01709,1,CHR-001,Freight Brokerage,9,Shipment,21587.53,0,18,34971.8,194287.8,PO-2025-0593,9,Matched,Three-way match completed.
3626,INVREC01709-02,INVREC01709,2,CHR-002,Warehousing,14,Pallet,18590.88,0,18,46849.02,260272.34,PO-2025-0593,14,Matched,Ready for payment.
3627,INVREC01710-01,INVREC01710,1,CMX-002,Voice Services,19,Line,7204.93,0,5,6844.69,136893.75,PO-2026-0271,19,Matched,Ready for payment.
3628,INVREC01710-02,INVREC01710,2,CMX-001,Broadband Internet,4,Month,31327.61,0,5,6265.52,125310.44,PO-2026-0271,4,Matched,Successfully matched against PO.
3629,INVREC01711-01,INVREC01711,1,CIS-003,Firewall,4,Unit,22568.79,2708.25,18,15762.04,90275.14,PO-2026-1280,4,Missing PO,Invoice has no purchase order.
3630,INVREC01711-02,INVREC01711,2,CIS-002,Switch,20,Unit,9623.67,0,18,34645.22,192473.42,PO-2026-1280,19,Price Mismatch,Price differs from PO by 13%.
3631,INVREC01711-03,INVREC01711,3,CIS-001,Network Router,3,Unit,72106.56,0,18,39425.03,216319.69,PO-2026-1280,2,Missing PO,Invoice has no purchase order.
3632,INVREC01712-01,INVREC01712,1,PEN-001,Fleet Management,3,Month,25237.29,0,10,7571.19,75711.86,PO-2024-0506,3,Matched,Goods receipt confirmed.
3633,INVREC01712-02,INVREC01712,2,PEN-002,Distribution Services,80,Pallet,2025.29,0,10,16202.34,162023.37,PO-2024-0506,80,Matched,Successfully matched against PO.
3634,INVREC01713-01,INVREC01713,1,HPE-002,Storage Array,3,Unit,52893.61,0,5,7934.04,158680.83,PO-2023-1149,3,Matched,Three-way match completed.
3635,INVREC01713-02,INVREC01713,2,HPE-001,Server,2,Unit,65922.55,0,5,6592.26,131845.1,PO-2023-1149,2,Matched,Successfully matched against PO.
3636,INVREC01714-01,INVREC01714,1,ABB-001,Power Automation,3,Unit,26355.89,0,10,7906.77,79067.68,PO-2026-0961,3,Matched,Three-way match completed.
3637,INVREC01714-02,INVREC01714,2,ABB-002,Drives & Motors,9,Unit,12525.57,0,10,11273.02,112730.15,PO-2026-0961,9,Matched,Validated automatically.
3638,INVREC01715-01,INVREC01715,1,ADT-001,Security Monitoring,8,Month,17869.74,0,5,7147.9,142957.91,PO-2023-0125,8,Matched,Goods receipt confirmed.
3639,INVREC01715-02,INVREC01715,2,ADT-002,Alarm Systems,2,Unit,62544.09,0,5,6254.41,125088.18,PO-2023-0125,2,Matched,Matched to purchase order.
3640,INVREC01716-01,INVREC01716,1,ABB-001,Power Automation,1,Unit,21276.09,0,0,0,21276.09,PO-2023-0402,1,Matched,Goods receipt confirmed.
3641,INVREC01716-02,INVREC01716,2,ABB-002,Drives & Motors,7,Unit,7474.04,0,0,0,52318.25,PO-2023-0402,7,Matched,Successfully matched against PO.
3642,INVREC01717-01,INVREC01717,1,CAT-001,Construction Equipment,3,Unit,62432.78,0,0,0,187298.33,PO-2026-0717,3,Matched,Three-way match completed.
3643,INVREC01717-02,INVREC01717,2,CAT-002,Spare Parts,7,Box,16377.07,0,0,0,114639.49,PO-2026-0717,7,Matched,Three-way match completed.
3644,INVREC01718-01,INVREC01718,1,SCH-002,Electrical Components,49,Unit,422.99,0,20,4145.31,20726.55,PO-2024-0344,49,Matched,Successfully matched against PO.
3645,INVREC01718-02,INVREC01718,2,SCH-001,Energy Management,2,System,8307.75,0,20,3323.1,16615.49,PO-2024-0344,2,Matched,Successfully matched against PO.
3646,INVREC01719-01,INVREC01719,1,MAK-001,Power Tools,2,Unit,10943.5,0,0,0,21886.99,PO-2025-1409,2,Matched,Three-way match completed.
3647,INVREC01719-02,INVREC01719,2,MAK-002,Accessories,5,Box,8470.55,0,0,0,42352.76,PO-2025-1409,5,Matched,Three-way match completed.
3648,INVREC01720-01,INVREC01720,1,MS-365,Microsoft 365 Business Premium,41,Seat,147.52,0,5,302.41,6048.24,PO-2023-1466,41,Matched,Matched to purchase order.
3649,INVREC01720-02,INVREC01720,2,MS-PBI,Power BI Pro,42,Seat,119.25,0,5,250.44,5008.7,PO-2023-1466,42,Matched,Goods receipt confirmed.
3650,INVREC01720-03,INVREC01720,3,MS-AZ,Azure Subscription,12,Month,1165.55,0,5,699.33,13986.54,PO-2023-1466,12,Matched,Validated automatically.
3651,INVREC01720-04,INVREC01720,4,MS-DYN,Dynamics 365 License,44,Seat,150.35,0,5,330.76,6615.26,PO-2023-1466,44,Matched,Goods receipt confirmed.
3652,INVREC01721-01,INVREC01721,1,LNV-002,Desktop,10,Unit,447.64,0,5,223.82,4476.39,PO-2024-0935,10,Matched,Successfully matched against PO.
3653,INVREC01721-02,INVREC01721,2,LNV-001,ThinkPad Laptop,12,Unit,561.85,471.96,5,337.11,6742.22,PO-2024-0935,12,Matched,Goods receipt confirmed.
3654,INVREC01722-01,INVREC01722,1,BBY-002,Audio System,5,Unit,29259.33,0,5,7314.83,146296.66,PO-2024-0100,5,Matched,Ready for payment.
3655,INVREC01722-02,INVREC01722,2,BBY-001,Television,4,Unit,75268.57,0,5,15053.71,301074.28,PO-2024-0100,4,Matched,Three-way match completed.
3656,INVREC01723-01,INVREC01723,1,ELT-001,Janitorial Services,5,Visit,68085,0,5,17021.25,340424.98,PO-2026-0436,5,Matched,Three-way match completed.
3657,INVREC01723-02,INVREC01723,2,ELT-002,Facility Maintenance,39,Hour,3855.24,0,5,7517.72,150354.36,PO-2026-0436,39,Matched,Successfully matched against PO.
3658,INVREC01724-01,INVREC01724,1,AMZ-ADAPT,Ethernet Adapter,11,Each,2658.18,0,5,1462,29240.03,PO-2026-0948,11,Matched,Validated automatically.
3659,INVREC01724-02,INVREC01724,2,AMZ-HDMI,HDMI Cable,18,Each,1358.37,1711.55,5,1222.54,24450.72,PO-2026-0948,18,Matched,Successfully matched against PO.
3660,INVREC01725-01,INVREC01725,1,VMW-002,Support Services,1,Year,223426.26,17874.1,0,0,223426.26,PO-2026-0605,1,Awaiting Approval,Pending goods receipt confirmation.
3661,INVREC01725-02,INVREC01725,2,VMW-001,vSphere License,8,CPU,28202.09,0,0,0,225616.72,PO-2026-0605,7,Awaiting Approval,Pending goods receipt confirmation.
3662,INVREC01726-01,INVREC01726,1,BCG-002,Operations Improvement,1,Project,128791.48,0,20,25758.3,128791.48,PO-2023-1173,1,Matched,Validated automatically.
3663,INVREC01726-02,INVREC01726,2,BCG-001,Management Consulting,25,Hour,3406.06,0,20,17030.28,85151.39,PO-2023-1173,25,Matched,Goods receipt confirmed.
3664,INVREC01727-01,INVREC01727,1,MAE-001,Container Shipping,3,Container,38020.73,0,20,22812.44,114062.2,PO-2023-0710,3,Matched,Ready for payment.
3665,INVREC01727-02,INVREC01727,2,MAE-002,Freight Forwarding,2,Shipment,37136.53,0,20,14854.61,74273.06,PO-2023-0710,2,Matched,Three-way match completed.
3666,INVREC01728-01,INVREC01728,1,KPM-002,Financial Advisory,9,Hour,11028.04,0,5,4962.62,99252.38,PO-2023-0050,9,Matched,Three-way match completed.
3667,INVREC01728-02,INVREC01728,2,KPM-001,Internal Audit,1,Project,206381.93,0,5,10319.1,206381.93,PO-2023-0050,1,Matched,Goods receipt confirmed.
3668,INVREC01729-01,INVREC01729,1,MIC-002,Fleet Services,10,Month,11994.07,0,20,23988.13,119940.67,PO-2024-0520,10,Matched,Three-way match completed.
3669,INVREC01729-02,INVREC01729,2,MIC-001,Truck Tires,4,Unit,17638.34,0,20,14110.67,70553.34,PO-2024-0520,4,Matched,Goods receipt confirmed.
3670,INVREC01730-01,INVREC01730,1,ALP-001,Heavy Machinery,1,Unit,145406.78,0,5,7270.34,145406.78,PO-2026-0120,1,Matched,Goods receipt confirmed.
3671,INVREC01730-02,INVREC01730,2,ALP-002,Spare Parts,6,Box,47512.31,8552.21,5,14253.69,285073.83,PO-2026-0120,6,Matched,Successfully matched against PO.
3672,INVREC01731-01,INVREC01731,1,MS-365,Microsoft 365 Business Premium,92,Seat,1165.9,0,0,0,107263.24,PO-2023-0764,92,Matched,Three-way match completed.
3673,INVREC01731-02,INVREC01731,2,MS-PBI,Power BI Pro,27,Seat,2711.11,0,0,0,73199.91,PO-2023-0764,27,Matched,Three-way match completed.
3674,INVREC01731-03,INVREC01731,3,MS-DYN,Dynamics 365 License,16,Seat,6613.36,0,0,0,105813.74,PO-2023-0764,16,Matched,Matched to purchase order.
3675,INVREC01731-04,INVREC01731,4,MS-AZ,Azure Subscription,12,Month,7609.89,0,0,0,91318.7,PO-2023-0764,12,Matched,Matched to purchase order.
3676,INVREC01732-01,INVREC01732,1,BAL-001,Electric Motors,3,Unit,49634.11,0,18,26802.42,148902.33,PO-2023-0294,3,Matched,Successfully matched against PO.
3677,INVREC01732-02,INVREC01732,2,BAL-002,Drives,2,Unit,67783.9,6778.39,18,24402.2,135567.79,PO-2023-0294,2,Matched,Matched to purchase order.
3678,INVREC01733-01,INVREC01733,1,ARA-001,Food Services,1,Month,178190.6,0,18,32074.31,178190.6,PO-2024-0417,1,Matched,Validated automatically.
3679,INVREC01733-02,INVREC01733,2,ARA-002,Vending Services,5,Month,34442.21,0,18,30997.99,172211.04,PO-2024-0417,5,Matched,Successfully matched against PO.
3680,INVREC01734-01,INVREC01734,1,CIN-002,Floor Mats,15,Month,12238.93,5507.52,10,17807.64,183583.96,PO-2025-0988,15,Matched,Successfully matched against PO.
3681,INVREC01734-02,INVREC01734,2,CIN-001,Uniforms Rental,85,Month,1583.86,0,10,14013.58,134628.23,PO-2025-0988,85,Matched,Ready for payment.
3682,INVREC01735-01,INVREC01735,1,FAS-002,Safety Supplies,40,Unit,3775.18,0,0,0,151007.3,PO-2025-0958,40,Matched,Matched to purchase order.
3683,INVREC01735-02,INVREC01735,2,FAS-001,Industrial Fasteners,36,Box,2081.79,0,0,0,74944.37,PO-2025-0958,36,Matched,Validated automatically.
3684,INVREC01736-01,INVREC01736,1,SUM-001,Software License,46,User,558.67,0,10,2569.9,25699.02,PO-2024-0251,46,Matched,Three-way match completed.
3685,INVREC01736-02,INVREC01736,2,SUM-002,Implementation Service,20,Hour,1856.04,1856.04,10,3712.08,37120.8,PO-2024-0251,20,Matched,Ready for payment.
3686,INVREC01737-01,INVREC01737,1,ELT-001,Janitorial Services,18,Visit,2514.82,0,18,8148.02,45266.76,PO-2026-0880,18,Matched,Successfully matched against PO.
3687,INVREC01737-02,INVREC01737,2,ELT-002,Facility Maintenance,35,Hour,1623.55,5114.18,18,10228.36,56824.22,PO-2026-0880,35,Matched,Ready for payment.
3688,INVREC01738-01,INVREC01738,1,SNA-001,Hand Tools,5,Unit,30868.14,12347.26,5,7099.67,154340.72,PO-2024-1500,5,Matched,Validated automatically.
3689,INVREC01738-02,INVREC01738,2,SNA-002,Diagnostic Equipment,3,Unit,104343.03,0,5,16268.82,313029.08,PO-2024-1500,3,Matched,Successfully matched against PO.
3690,INVREC01739-01,INVREC01739,1,SEC-002,Access Control Systems,5,Unit,13824.8,0,20,13824.8,69123.98,PO-2024-0688,5,Matched,Successfully matched against PO.
3691,INVREC01739-02,INVREC01739,2,SEC-001,Security Guard Services,152,Hour,404.23,0,20,12288.71,61443.53,PO-2024-0688,152,Matched,Successfully matched against PO.
3692,INVREC01740-01,INVREC01740,1,BCG-001,Management Consulting,40,Hour,5856.53,0,10,23426.13,234261.32,PO-2025-0567,40,Matched,Successfully matched against PO.
3693,INVREC01740-02,INVREC01740,2,BCG-002,Operations Improvement,1,Project,209786.25,0,10,20978.63,209786.25,PO-2025-0567,1,Matched,Goods receipt confirmed.
3694,INVREC01741-01,INVREC01741,1,SIE-001,Industrial Automation,3,Unit,57045.03,0,5,8556.75,171135.09,PO-2023-0108,3,Matched,Ready for payment.
3695,INVREC01741-02,INVREC01741,2,SIE-002,Electrical Equipment,9,Unit,25460.78,0,5,11457.35,229146.99,PO-2023-0108,9,Matched,Validated automatically.
3696,INVREC01742-01,INVREC01742,1,PWC-002,Advisory Services,14,Hour,8800.35,0,5,6160.25,123204.96,PO-2023-1334,14,Matched,Successfully matched against PO.
3697,INVREC01742-02,INVREC01742,2,PWC-001,Assurance Services,1,Project,345457.06,0,5,17272.85,345457.06,PO-2023-1334,1,Matched,Validated automatically.
3698,INVREC01743-01,INVREC01743,1,TMO-001,Mobile Plans,13,Line,10254.82,0,0,0,133312.69,PO-2024-1235,13,Matched,Goods receipt confirmed.
3699,INVREC01743-02,INVREC01743,2,TMO-002,IoT Services,237,Device,643.58,0,0,0,152528.93,PO-2024-1235,237,Matched,Validated automatically.
3700,INVREC01744-01,INVREC01744,1,VGT-003,Storage Array,1,Unit,18504.85,0,10,1850.49,18504.85,PO-2025-1032,1,Matched,Matched to purchase order.
3701,INVREC01744-02,INVREC01744,2,VGT-001,Server Equipment,3,Unit,9252.42,0,10,2775.73,27757.27,PO-2025-1032,3,Matched,Validated automatically.
3702,INVREC01744-03,INVREC01744,3,VGT-002,Network Switch,5,Unit,2874.16,0,10,1437.08,14370.79,PO-2025-1032,5,Matched,Validated automatically.
3703,INVREC01745-01,INVREC01745,1,FTI-002,Expert Witness Services,1,Project,91087.35,0,20,18217.47,91087.35,PO-2023-0673,1,Matched,Validated automatically.
3704,INVREC01745-02,INVREC01745,2,FTI-001,Forensic Accounting,28,Hour,4326.97,0,20,24231,121155.02,PO-2023-0673,28,Matched,Three-way match completed.
3705,INVREC01746-01,INVREC01746,1,CAT-002,Spare Parts,8,Box,13363.03,0,10,10690.42,106904.23,PO-2025-0699,8,Matched,Three-way match completed.
3706,INVREC01746-02,INVREC01746,2,CAT-001,Construction Equipment,3,Unit,35055.31,0,10,10516.59,105165.94,PO-2025-0699,3,Matched,Three-way match completed.
3707,INVREC01747-01,INVREC01747,1,VER-002,Data Services,3,Month,7471.48,0,5,1120.72,22414.45,PO-2024-0583,3,Matched,Successfully matched against PO.
3708,INVREC01747-02,INVREC01747,2,VER-001,Mobile Services,23,Line,963.71,0,5,1108.27,22165.41,PO-2024-0583,23,Matched,Three-way match completed.
3709,INVREC01748-01,INVREC01748,1,CMX-001,Broadband Internet,10,Month,16334.07,9800.44,20,30708.05,163340.68,PO-2023-0363,10,Matched,Validated automatically.
3710,INVREC01748-02,INVREC01748,2,CMX-002,Voice Services,10,Line,13146.93,0,20,28253.95,131469.32,PO-2023-0363,10,Matched,Validated automatically.
3711,INVREC01749-01,INVREC01749,1,SPE-001,Cable Services,7,Month,19286.63,0,10,13500.64,135006.42,PO-2025-0934,7,Matched,Matched to purchase order.
3712,INVREC01749-02,INVREC01749,2,SPE-002,Phone Services,16,Line,9404.07,0,10,15046.52,150465.17,PO-2025-0934,16,Matched,Validated automatically.
3713,INVREC01750-01,INVREC01750,1,BBY-001,Television,1,Unit,176663.19,0,20,35332.64,176663.19,PO-2026-0956,1,Matched,Three-way match completed.
3714,INVREC01750-02,INVREC01750,2,BBY-002,Audio System,8,Unit,22355.53,0,20,35768.84,178844.21,PO-2026-0956,8,Matched,Ready for payment.
3715,INVREC01751-01,INVREC01751,1,REG-002,Power Transmission,5,Unit,34130.81,0,18,30717.73,170654.07,PO-2026-0636,5,Matched,Matched to purchase order.
3716,INVREC01751-02,INVREC01751,2,REG-001,Motion Control,5,Unit,18398.64,0,18,16558.78,91993.21,PO-2026-0636,5,Matched,Successfully matched against PO.
3717,INVREC01752-01,INVREC01752,1,REG-001,Motion Control,5,Unit,36436.64,0,5,9109.16,182183.22,PO-2025-0885,5,Matched,Three-way match completed.
3718,INVREC01752-02,INVREC01752,2,REG-002,Power Transmission,2,Unit,112316.84,0,5,11231.68,224633.67,PO-2025-0885,2,Matched,Three-way match completed.
3719,INVREC01753-01,INVREC01753,1,ATT-001,Phone Services,100,Line,705.85,0,5,3529.26,70585.18,PO-2025-0377,100,Matched,Goods receipt confirmed.
3720,INVREC01753-02,INVREC01753,2,ATT-002,Internet Services,7,Month,13579.24,0,5,4752.74,95054.71,PO-2025-0377,7,Matched,Matched to purchase order.
3721,INVREC01754-01,INVREC01754,1,DELL-KB,Keyboard,14,Unit,1127.12,0,20,3155.92,15779.61,PO-2026-1442,14,Matched,Goods receipt confirmed.
3722,INVREC01754-02,INVREC01754,2,DELL-LAT,Latitude Laptop,9,Unit,999.81,0,20,1799.66,8998.28,PO-2026-1442,9,Matched,Three-way match completed.
3723,INVREC01754-03,INVREC01754,3,DELL-DOCK,Docking Station,9,Unit,970.83,0,20,1747.49,8737.46,PO-2026-1442,9,Matched,Validated automatically.
3724,INVREC01754-04,INVREC01754,4,DELL-MS,Mouse,10,Unit,1473.63,294.73,20,2947.26,14736.32,PO-2026-1442,10,Matched,Successfully matched against PO.
3725,INVREC01755-01,INVREC01755,1,WWG-002,HVAC Parts,13,Unit,14098.16,0,20,36655.22,183276.08,PO-2026-0491,13,Matched,Successfully matched against PO.
3726,INVREC01755-02,INVREC01755,2,WWG-001,MRO Supplies,19,Box,6845.63,0,20,26013.38,130066.9,PO-2026-0491,19,Matched,Validated automatically.
3727,INVREC01756-01,INVREC01756,1,VGT-001,Server Equipment,5,Unit,10628.04,0,0,0,53140.22,PO-2026-0432,5,Matched,Goods receipt confirmed.
3728,INVREC01756-02,INVREC01756,2,VGT-002,Network Switch,10,Unit,6169.67,0,0,0,61696.7,PO-2026-0432,10,Matched,Goods receipt confirmed.
3729,INVREC01756-03,INVREC01756,3,VGT-003,Storage Array,4,Unit,13735.4,0,0,0,54941.59,PO-2026-0432,4,Matched,Goods receipt confirmed.
3730,INVREC01757-01,INVREC01757,1,PIN-001,Financial Advisory,3,Hour,94918.12,0,0,0,284754.35,PO-2025-0202,3,Matched,Matched to purchase order.
3731,INVREC01757-02,INVREC01757,2,PIN-002,Investment Services,1,Project,193632.96,0,0,0,193632.96,PO-2025-0202,1,Matched,Goods receipt confirmed.
3732,INVREC01758-01,INVREC01758,1,SCH-001,Energy Management,3,System,4653.21,0,20,2791.93,13959.64,PO-2024-0344,3,Matched,Matched to purchase order.
3733,INVREC01758-02,INVREC01758,2,SCH-002,Electrical Components,29,Unit,806.29,0,20,4676.48,23382.4,PO-2024-0344,29,Matched,Matched to purchase order.
3734,INVREC01759-01,INVREC01759,1,CIS-002,Switch,16,Unit,6253.46,0,10,10005.53,100055.3,PO-2025-1272,16,Matched,Validated automatically.
3735,INVREC01759-02,INVREC01759,2,CIS-001,Network Router,7,Unit,22683.35,0,10,15878.34,158783.42,PO-2025-1272,7,Matched,Ready for payment.
3736,INVREC01759-03,INVREC01759,3,CIS-003,Firewall,3,Unit,36251.92,0,10,10875.58,108755.76,PO-2025-1272,3,Matched,Validated automatically.
3737,INVREC01760-01,INVREC01760,1,MCM-001,Fasteners,56,Box,3300.11,0,0,0,184805.95,PO-2023-1426,56,Matched,Matched to purchase order.
3738,INVREC01760-02,INVREC01760,2,MCM-002,Hardware,21,Each,9271.73,0,0,0,194706.27,PO-2023-1426,21,Matched,Ready for payment.
3739,INVREC01761-01,INVREC01761,1,ATT-001,Phone Services,69,Line,1674.82,0,5,5778.14,115562.71,PO-2025-0377,69,Matched,Goods receipt confirmed.
3740,INVREC01761-02,INVREC01761,2,ATT-002,Internet Services,12,Month,4173.1,0,5,2503.86,50077.18,PO-2025-0377,12,Matched,Matched to purchase order.
3741,INVREC01762-01,INVREC01762,1,GE-002,Medical Equipment,1,Unit,98067.77,2942.03,0,0,98067.77,PO-2025-1483,1,Matched,Matched to purchase order.
3742,INVREC01762-02,INVREC01762,2,GE-001,Power Generation,1,Unit,114115.22,0,0,0,114115.22,PO-2025-1483,1,Matched,Goods receipt confirmed.
3743,INVREC01763-01,INVREC01763,1,BCG-002,Operations Improvement,1,Project,7926.57,0,5,396.33,7926.57,PO-2024-1352,1,Matched,Validated automatically.
3744,INVREC01763-02,INVREC01763,2,BCG-001,Management Consulting,34,Hour,280.82,0,5,477.4,9547.91,PO-2024-1352,34,Matched,Ready for payment.
3745,INVREC01764-01,INVREC01764,1,ECO-001,Cleaning Chemicals,20,Case,3714.44,0,18,13371.99,74288.83,PO-2025-0221,19,Quantity Mismatch,Quantity exceeds PO by 30%.
3746,INVREC01764-02,INVREC01764,2,ECO-002,Sanitation Services,8,Month,10446.87,0,18,15043.49,83574.93,PO-2025-0221,7,Vendor Mismatch,Vendor does not match purchase order.
3747,INVREC01765-01,INVREC01765,1,FED-002,International Freight,4,Shipment,41886.04,0,0,0,167544.16,PO-2025-1174,4,Matched,Three-way match completed.
3748,INVREC01765-02,INVREC01765,2,FED-001,Express Shipping,9,Shipment,10024.01,0,0,0,90216.09,PO-2025-1174,9,Matched,Matched to purchase order.
3749,INVREC01766-01,INVREC01766,1,IBM-002,Consulting Services,7,Hour,812.91,0,20,1138.07,5690.34,PO-2023-0218,7,Matched,Three-way match completed.
3750,INVREC01766-02,INVREC01766,2,IBM-001,Mainframe Hardware,2,Unit,7058.22,0,20,2823.29,14116.43,PO-2023-0218,2,Matched,Ready for payment.
3751,INVREC01767-01,INVREC01767,1,ACC-001,Technology Consulting,47,Hour,3812.2,0,5,8958.67,179173.41,PO-2024-1163,47,Matched,Validated automatically.
3752,INVREC01767-02,INVREC01767,2,ACC-002,Systems Integration,1,Project,117936.92,8255.58,5,5896.85,117936.92,PO-2024-1163,1,Matched,Validated automatically.
3753,INVREC01768-01,INVREC01768,1,VER-001,Mobile Services,43,Line,2127.92,0,10,9150.04,91500.38,PO-2025-0530,43,Matched,Goods receipt confirmed.
3754,INVREC01768-02,INVREC01768,2,VER-002,Data Services,11,Month,11764.33,0,10,12940.77,129407.68,PO-2025-0530,11,Matched,Ready for payment.
3755,INVREC01769-01,INVREC01769,1,ABCD-300,Packaging Film,13,Roll,12542.57,0,18,29349.62,163053.43,PO-2026-0293,13,Matched,Ready for payment.
3756,INVREC01769-02,INVREC01769,2,ABCD-200,Industrial Fasteners,74,Box,2802.6,10369.63,18,35464.12,207392.53,PO-2026-0293,74,Matched,Validated automatically.
3757,INVREC01769-03,INVREC01769,3,ABCD-100,Steel Coils,11,Ton,7671.57,0,18,17056.25,84387.3,PO-2026-0293,11,Matched,Three-way match completed.
3758,INVREC01770-01,INVREC01770,1,ALP-001,Heavy Machinery,1,Unit,140244.7,0,10,14024.47,140244.7,PO-2026-1176,1,Matched,Successfully matched against PO.
3759,INVREC01770-02,INVREC01770,2,ALP-002,Spare Parts,5,Box,33658.73,0,10,16829.37,168293.65,PO-2026-1176,5,Matched,Matched to purchase order.
3760,INVREC01771-01,INVREC01771,1,IBM-002,Consulting Services,10,Hour,16800.39,0,0,0,168003.93,PO-2026-0280,8,Awaiting Approval,Pending goods receipt confirmation.
3761,INVREC01771-02,INVREC01771,2,IBM-001,Mainframe Hardware,1,Unit,107627.51,0,0,0,107627.51,PO-2026-0280,1,Awaiting Approval,Pending goods receipt confirmation.
3762,INVREC01772-01,INVREC01772,1,MS-AZ,Azure Subscription,12,Month,8509.34,0,5,5105.6,102112.08,PO-2026-0487,12,Matched,Matched to purchase order.
3763,INVREC01772-02,INVREC01772,2,MS-365,Microsoft 365 Business Premium,62,Seat,951.58,0,5,2949.9,58998.09,PO-2026-0487,62,Matched,Successfully matched against PO.
3764,INVREC01772-03,INVREC01772,3,MS-DYN,Dynamics 365 License,45,Seat,2454.05,0,5,5521.62,110432.34,PO-2026-0487,45,Matched,Successfully matched against PO.
3765,INVREC01772-04,INVREC01772,4,MS-PBI,Power BI Pro,92,Seat,542.62,0,5,2496.07,49921.46,PO-2026-0487,92,Matched,Matched to purchase order.
3766,INVREC01773-01,INVREC01773,1,THO-002,Tax Software,2,User,13969.92,1955.79,18,4677.13,27939.84,PO-2024-0428,2,Matched,Validated automatically.
3767,INVREC01773-02,INVREC01773,2,THO-001,Legal Research Software,4,User,10018.83,0,18,7565.6,40075.32,PO-2024-0428,4,Matched,Successfully matched against PO.
3768,INVREC01774-01,INVREC01774,1,LNV-002,Desktop,10,Unit,9526.96,0,18,17148.52,95269.57,PO-2023-1429,10,Matched,Ready for payment.
3769,INVREC01774-02,INVREC01774,2,LNV-001,ThinkPad Laptop,17,Unit,3570.01,0,18,10924.25,60690.25,PO-2023-1429,17,Matched,Successfully matched against PO.
3770,INVREC01775-01,INVREC01775,1,SOD-001,Facility Management,6,Month,46844.93,28106.96,5,12648.13,281069.56,PO-2025-0911,6,Matched,Validated automatically.
3771,INVREC01775-02,INVREC01775,2,SOD-002,Catering,3,Event,54354.42,0,5,9558.51,163063.26,PO-2025-0911,3,Matched,Ready for payment.
3772,INVREC01776-01,INVREC01776,1,UNI-002,Protective Gear,30,Unit,7910.23,0,18,42715.22,237306.8,PO-2025-1293,30,Matched,Ready for payment.
3773,INVREC01776-02,INVREC01776,2,UNI-001,Work Uniforms,89,Month,2777.47,0,18,44495.02,247194.58,PO-2025-1293,89,Matched,Goods receipt confirmed.
3774,INVREC01777-01,INVREC01777,1,TIM-001,Bearings,18,Unit,7606.29,0,20,27382.65,136913.26,PO-2024-0099,18,Matched,Successfully matched against PO.
3775,INVREC01777-02,INVREC01777,2,TIM-002,Lubrication Systems,9,Unit,6501.1,0,20,11701.99,58509.94,PO-2024-0099,9,Matched,Matched to purchase order.
3776,INVREC01778-01,INVREC01778,1,SAP-002,Implementation Services,16,Hour,2091.53,2342.51,18,5601.94,33464.4,PO-2024-0687,16,Matched,Ready for payment.
3777,INVREC01778-02,INVREC01778,2,SAP-001,ERP License,21,User,1797.84,0,18,7217.5,37754.71,PO-2024-0687,21,Matched,Ready for payment.
3778,INVREC01779-01,INVREC01779,1,CHR-002,Warehousing,89,Pallet,283.35,0,18,4539.21,25217.81,PO-2023-0512,89,Matched,Three-way match completed.
3779,INVREC01779-02,INVREC01779,2,CHR-001,Freight Brokerage,1,Shipment,48776.55,0,18,8779.78,48776.55,PO-2023-0512,1,Matched,Successfully matched against PO.
3780,INVREC01780-01,INVREC01780,1,SUM-001,Software License,31,User,2655.95,0,18,14820.21,82334.52,PO-2023-0737,31,Matched,Validated automatically.
3781,INVREC01780-02,INVREC01780,2,SUM-002,Implementation Service,17,Hour,4876.15,0,18,14921.03,82894.62,PO-2023-0737,17,Matched,Goods receipt confirmed.
3782,INVREC01781-01,INVREC01781,1,GOO-001,Commercial Tires,38,Unit,5008.57,0,10,19032.57,190325.69,PO-2023-0187,38,Matched,Three-way match completed.
3783,INVREC01781-02,INVREC01781,2,GOO-002,Retread Services,10,Unit,16027.43,0,10,16027.43,160274.26,PO-2023-0187,10,Matched,Goods receipt confirmed.
3784,INVREC01782-01,INVREC01782,1,HIL-001,Power Tools,7,Unit,15089.12,0,0,0,105623.85,PO-2024-1405,7,Matched,Successfully matched against PO.
3785,INVREC01782-02,INVREC01782,2,HIL-002,Anchoring Systems,15,Box,10322.33,0,0,0,154834.96,PO-2024-1405,15,Matched,Goods receipt confirmed.
3786,INVREC01783-01,INVREC01783,1,TIM-001,Bearings,41,Unit,1906.57,0,20,15633.86,78169.28,PO-2024-0099,41,Matched,Successfully matched against PO.
3787,INVREC01783-02,INVREC01783,2,TIM-002,Lubrication Systems,7,Unit,16750.56,0,20,23450.78,117253.92,PO-2024-0099,7,Matched,Ready for payment.
3788,INVREC01784-01,INVREC01784,1,ALP-001,Heavy Machinery,2,Unit,115300.75,0,18,41508.27,230601.49,PO-2024-0693,2,Matched,Ready for payment.
3789,INVREC01784-02,INVREC01784,2,ALP-002,Spare Parts,8,Box,25366.17,0,18,36527.28,202929.32,PO-2024-0693,8,Matched,Validated automatically.
3790,INVREC01785-01,INVREC01785,1,AMZ-HDMI,HDMI Cable,48,Each,1282.48,0,5,3077.95,61558.94,PO-2026-1186,48,Matched,Validated automatically.
3791,INVREC01785-02,INVREC01785,2,AMZ-ADAPT,Ethernet Adapter,28,Each,1056.66,0,5,1479.32,29586.47,PO-2026-1186,28,Matched,Successfully matched against PO.
3792,INVREC01785-03,INVREC01785,3,AMZ-STAND,Laptop Stand,10,Each,6203.61,0,5,3101.81,62036.13,PO-2026-1186,10,Matched,Successfully matched against PO.
3793,INVREC01786-01,INVREC01786,1,BAL-001,Electric Motors,3,Unit,10892.77,0,20,6535.66,32678.3,PO-2026-0555,3,Matched,Ready for payment.
3794,INVREC01786-02,INVREC01786,2,BAL-002,Drives,2,Unit,31527.65,0,20,12611.06,63055.3,PO-2026-0555,2,Matched,Goods receipt confirmed.
3795,INVREC01787-01,INVREC01787,1,ADT-002,Alarm Systems,2,Unit,127422.9,0,5,12742.29,254845.79,PO-2025-0021,2,Matched,Three-way match completed.
3796,INVREC01787-02,INVREC01787,2,ADT-001,Security Monitoring,7,Month,33532.34,0,5,11736.32,234726.39,PO-2025-0021,7,Matched,Validated automatically.
3797,INVREC01788-01,INVREC01788,1,BBY-001,Television,3,Unit,17241.94,0,5,2586.29,51725.83,PO-2024-0354,3,Matched,Matched to purchase order.
3798,INVREC01788-02,INVREC01788,2,BBY-002,Audio System,5,Unit,14097.82,0,5,3524.46,70489.11,PO-2024-0354,5,Matched,Successfully matched against PO.
3799,INVREC01789-01,INVREC01789,1,PIN-001,Financial Advisory,13,Hour,10537.53,0,0,0,136987.83,PO-2026-0389,13,Matched,Ready for payment.
3800,INVREC01789-02,INVREC01789,2,PIN-002,Investment Services,1,Project,157665.24,0,0,0,157665.24,PO-2026-0389,1,Matched,Three-way match completed.
3801,INVREC01790-01,INVREC01790,1,BAI-002,Due Diligence,1,Project,192902.31,0,10,19290.23,192902.31,PO-2026-1121,1,Matched,Validated automatically.
3802,INVREC01790-02,INVREC01790,2,BAI-001,Strategy Services,17,Hour,10585.07,0,10,17994.62,179946.18,PO-2026-1121,17,Matched,Goods receipt confirmed.
3803,INVREC01791-01,INVREC01791,1,VMW-002,Support Services,1,Year,121484.56,0,18,21867.22,121484.56,PO-2023-0686,1,Matched,Validated automatically.
3804,INVREC01791-02,INVREC01791,2,VMW-001,vSphere License,2,CPU,47516.14,0,18,17105.81,95032.28,PO-2023-0686,2,Matched,Three-way match completed.
3805,INVREC01792-01,INVREC01792,1,IMP-001,Container Freight,2,Container,143845.77,0,18,51784.48,287691.54,PO-2023-0524,2,Matched,Goods receipt confirmed.
3806,INVREC01792-02,INVREC01792,2,IMP-002,Customs Brokerage,2,Shipment,85200.96,0,18,30672.35,170401.92,PO-2023-0524,2,Matched,Validated automatically.
3807,INVREC01793-01,INVREC01793,1,ECO-002,Sanitation Services,2,Month,85645,0,0,0,171290,PO-2025-0973,2,Matched,Goods receipt confirmed.
3808,INVREC01793-02,INVREC01793,2,ECO-001,Cleaning Chemicals,10,Case,14882.57,14882.57,0,0,148825.74,PO-2025-0973,10,Matched,Goods receipt confirmed.
3809,INVREC01794-01,INVREC01794,1,WMI-002,Recycling Services,3,Month,34989.59,0,18,18894.38,104968.76,PO-2023-0782,3,Matched,Goods receipt confirmed.
3810,INVREC01794-02,INVREC01794,2,WMI-001,Waste Collection,3,Month,36997.19,0,18,19978.48,110991.56,PO-2023-0782,3,Matched,Successfully matched against PO.
3811,INVREC01795-01,INVREC01795,1,MIC-002,Fleet Services,7,Month,31452.44,0,20,44033.42,220167.09,PO-2025-0655,7,Matched,Ready for payment.
3812,INVREC01795-02,INVREC01795,2,MIC-001,Truck Tires,31,Unit,5255.6,0,20,32584.73,162923.64,PO-2025-0655,31,Matched,Ready for payment.
3813,INVREC01796-01,INVREC01796,1,BRI-002,Tire Services,2,Month,38679.1,0,20,15471.64,77358.2,PO-2023-0619,2,Matched,Three-way match completed.
3814,INVREC01796-02,INVREC01796,2,BRI-001,Tires,9,Unit,4015.35,0,20,7227.63,36138.13,PO-2023-0619,9,Matched,Successfully matched against PO.
3815,INVREC01797-01,INVREC01797,1,GAT-002,Hydraulic Hose,154,Foot,951.15,0,0,0,146477.66,PO-2024-1250,115,Awaiting Approval,Pending goods receipt confirmation.
3816,INVREC01797-02,INVREC01797,2,GAT-001,Power Transmission Belts,40,Unit,2687.18,0,0,0,107487.2,PO-2024-1250,38,Awaiting Approval,Pending goods receipt confirmation.
3817,INVREC01798-01,INVREC01798,1,BCG-002,Operations Improvement,1,Project,102145.66,0,20,20429.13,102145.66,PO-2023-1173,1,Matched,Successfully matched against PO.
3818,INVREC01798-02,INVREC01798,2,BCG-001,Management Consulting,38,Hour,2942.03,0,20,22359.44,111797.21,PO-2023-1173,38,Matched,Validated automatically.
3819,INVREC01799-01,INVREC01799,1,MOD-002,Office Chair,3,Unit,37304.89,0,5,5595.73,111914.66,PO-2024-0748,3,Matched,Validated automatically.
3820,INVREC01799-02,INVREC01799,2,MOD-001,Office Desk,10,Unit,23400.34,0,5,11700.17,234003.37,PO-2024-0748,10,Matched,Three-way match completed.
3821,INVREC01800-01,INVREC01800,1,GOO-001,Commercial Tires,25,Unit,6171.32,0,0,0,154283.08,PO-2023-0489,25,Matched,Matched to purchase order.
3822,INVREC01800-02,INVREC01800,2,GOO-002,Retread Services,10,Unit,15100.05,0,0,0,151000.46,PO-2023-0489,10,Matched,Three-way match completed.
3823,INVREC01801-01,INVREC01801,1,CBRE-002,Property Valuation,3,Project,91562.6,10987.51,10,26370.03,274687.81,PO-2026-1389,3,Matched,Successfully matched against PO.
3824,INVREC01801-02,INVREC01801,2,CBRE-001,Commercial Real Estate,2,Project,109213.23,0,10,22941.4,218426.46,PO-2026-1389,2,Matched,Goods receipt confirmed.
3825,INVREC01802-01,INVREC01802,1,HON-001,Safety Systems,3,System,40775.04,0,10,12232.51,122325.11,PO-2025-0083,3,Matched,Goods receipt confirmed.
3826,INVREC01802-02,INVREC01802,2,HON-002,Thermostats & Controls,16,Unit,8618.36,0,10,13789.38,137893.76,PO-2025-0083,16,Matched,Ready for payment.
3827,INVREC01803-01,INVREC01803,1,TYC-001,Fire Protection Systems,1,Unit,32859.16,0,10,3285.92,32859.16,PO-2026-0430,1,Matched,Goods receipt confirmed.
3828,INVREC01803-02,INVREC01803,2,TYC-002,Building Safety,1,System,54617.24,0,10,5461.72,54617.24,PO-2026-0430,1,Matched,Goods receipt confirmed.
3829,INVREC01804-01,INVREC01804,1,IR-001,Compressed Air Systems,4,Unit,31793.81,0,20,25435.05,127175.24,PO-2025-1190,4,Matched,Successfully matched against PO.
3830,INVREC01804-02,INVREC01804,2,IR-002,Air Tools,12,Unit,11240.24,0,20,26976.56,134882.82,PO-2025-1190,12,Matched,Matched to purchase order.
3831,INVREC01805-01,INVREC01805,1,REG-002,Power Transmission,3,Unit,53346.6,0,5,8001.99,160039.81,PO-2024-0260,3,Matched,Successfully matched against PO.
3832,INVREC01805-02,INVREC01805,2,REG-001,Motion Control,5,Unit,57698.56,0,5,14424.64,288492.81,PO-2024-0260,5,Matched,Matched to purchase order.
3833,INVREC01806-01,INVREC01806,1,MCK-001,Strategy Consulting,38,Hour,1787.87,0,20,13587.83,67939.15,PO-2023-0675,38,Matched,Validated automatically.
3834,INVREC01806-02,INVREC01806,2,MCK-002,Market Research,1,Project,66395.08,0,20,13279.02,66395.08,PO-2023-0675,1,Matched,Goods receipt confirmed.
3835,INVREC01807-01,INVREC01807,1,EMR-002,Valves & Actuators,11,Unit,29606.48,0,0,0,325671.26,PO-2024-0384,11,Matched,Three-way match completed.
3836,INVREC01807-02,INVREC01807,2,EMR-001,Process Control,4,Unit,32681.8,0,0,0,130727.19,PO-2024-0384,4,Matched,Matched to purchase order.
3837,INVREC01808-01,INVREC01808,1,ECO-002,Sanitation Services,5,Month,12399.6,0,0,0,61998,PO-2023-0970,5,Matched,Ready for payment.
3838,INVREC01808-02,INVREC01808,2,ECO-001,Cleaning Chemicals,9,Case,10333,0,0,0,92997.01,PO-2023-0970,9,Matched,Goods receipt confirmed.
3839,INVREC01809-01,INVREC01809,1,MS-PBI,Power BI Pro,100,Seat,109.96,0,5,549.78,10995.69,PO-2023-1466,100,Matched,Three-way match completed.
3840,INVREC01809-02,INVREC01809,2,MS-AZ,Azure Subscription,6,Month,1020.85,0,5,306.26,6125.12,PO-2023-1466,6,Matched,Validated automatically.
3841,INVREC01809-03,INVREC01809,3,MS-365,Microsoft 365 Business Premium,81,Seat,103.86,0,5,420.64,8412.81,PO-2023-1466,81,Matched,Three-way match completed.
3842,INVREC01809-04,INVREC01809,4,MS-DYN,Dynamics 365 License,42,Seat,145.84,0,5,306.26,6125.12,PO-2023-1466,42,Matched,Ready for payment.
3843,INVREC01810-01,INVREC01810,1,DEL-001,Audit Services,1,Project,130144.83,0,10,13014.48,130144.83,PO-2025-0745,1,Matched,Validated automatically.
3844,INVREC01810-02,INVREC01810,2,DEL-002,Tax Consulting,24,Hour,10698.84,0,10,25677.22,256772.22,PO-2025-0745,24,Matched,Goods receipt confirmed.
3845,INVREC01811-01,INVREC01811,1,CHR-001,Freight Brokerage,9,Shipment,4893.65,3523.43,10,4051.94,44042.83,PO-2024-0111,9,Matched,Ready for payment.
3846,INVREC01811-02,INVREC01811,2,CHR-002,Warehousing,28,Pallet,1737.57,1946.08,10,5217.54,48651.96,PO-2024-0111,28,Matched,Matched to purchase order.
3847,INVREC01812-01,INVREC01812,1,PIN-001,Financial Advisory,4,Hour,20529.75,0,5,4105.95,82119.01,PO-2023-0314,4,Matched,Validated automatically.
3848,INVREC01812-02,INVREC01812,2,PIN-002,Investment Services,1,Project,68432.5,0,5,3421.63,68432.5,PO-2023-0314,1,Matched,Ready for payment.
3849,INVREC01813-01,INVREC01813,1,SAMI-02,Design Work,6,Hour,43761.69,0,5,13128.51,262570.16,PO-2026-0957,6,Matched,Three-way match completed.
3850,INVREC01813-02,INVREC01813,2,SAMI-01,Consulting Services,4,Hour,48986.97,15675.83,5,9797.39,195947.88,PO-2026-0957,4,Matched,Goods receipt confirmed.
3851,INVREC01814-01,INVREC01814,1,ARA-002,Vending Services,2,Month,52557.66,0,18,18920.76,105115.32,PO-2026-0681,2,Matched,Validated automatically.
3852,INVREC01814-02,INVREC01814,2,ARA-001,Food Services,2,Month,41247.78,0,18,14849.2,82495.56,PO-2026-0681,2,Matched,Matched to purchase order.
3853,INVREC01815-01,INVREC01815,1,PIN-002,Investment Services,1,Project,10852.91,0,0,0,10852.91,PO-2026-0495,1,Matched,Successfully matched against PO.
3854,INVREC01815-02,INVREC01815,2,PIN-001,Financial Advisory,8,Hour,1301.47,0,0,0,10411.74,PO-2026-0495,8,Matched,Successfully matched against PO.
3855,INVREC01816-01,INVREC01816,1,CHR-002,Warehousing,80,Pallet,1010.91,0,0,0,80872.53,PO-2024-0029,80,Matched,Successfully matched against PO.
3856,INVREC01816-02,INVREC01816,2,CHR-001,Freight Brokerage,9,Shipment,9139.44,2467.65,0,0,82254.96,PO-2024-0029,9,Matched,Validated automatically.
3857,INVREC01817-01,INVREC01817,1,ABCD-200,Industrial Fasteners,181,Box,812.12,0,18,26458.89,146993.82,PO-2024-1104,181,Matched,Validated automatically.
3858,INVREC01817-02,INVREC01817,2,ABCD-100,Steel Coils,8,Ton,14699.38,0,18,21167.11,117595.06,PO-2024-1104,8,Matched,Three-way match completed.
3859,INVREC01817-03,INVREC01817,3,ABCD-300,Packaging Film,79,Roll,2102.57,0,18,29898.54,166103.01,PO-2024-1104,79,Matched,Three-way match completed.
3860,INVREC01818-01,INVREC01818,1,FED-001,Express Shipping,1,Shipment,215412.05,0,0,0,215412.05,PO-2025-0204,1,Matched,Goods receipt confirmed.
3861,INVREC01818-02,INVREC01818,2,FED-002,International Freight,2,Shipment,41717.12,0,0,0,83434.24,PO-2025-0204,2,Matched,Three-way match completed.
3862,INVREC01819-01,INVREC01819,1,GRA-002,Safety Equipment,20,Unit,5504.5,0,10,11008.99,110089.91,PO-2023-1167,20,Matched,Ready for payment.
3863,INVREC01819-02,INVREC01819,2,GRA-001,Industrial Supplies,18,Box,5708.37,0,10,10275.06,102750.59,PO-2023-1167,18,Matched,Ready for payment.
3864,INVREC01820-01,INVREC01820,1,CIN-002,Floor Mats,19,Month,7673.29,0,18,26242.64,145792.44,PO-2026-0179,19,Matched,Matched to purchase order.
3865,INVREC01820-02,INVREC01820,2,CIN-001,Uniforms Rental,52,Month,2605.79,0,18,24390.22,135501.2,PO-2026-0179,52,Matched,Three-way match completed.
3866,INVREC01821-01,INVREC01821,1,HON-002,Thermostats & Controls,11,Unit,5784.65,0,10,6363.12,63631.18,PO-2023-0277,11,Matched,Matched to purchase order.
3867,INVREC01821-02,INVREC01821,2,HON-001,Safety Systems,3,System,35472.55,0,10,10641.77,106417.65,PO-2023-0277,3,Matched,Successfully matched against PO.
3868,INVREC01822-01,INVREC01822,1,BCG-002,Operations Improvement,1,Project,166575.71,0,10,16657.57,166575.71,PO-2026-1027,1,Matched,Three-way match completed.
3869,INVREC01822-02,INVREC01822,2,BCG-001,Management Consulting,27,Hour,3642.93,0,10,9835.9,98358.99,PO-2026-1027,27,Matched,Successfully matched against PO.
3870,INVREC01823-01,INVREC01823,1,ECO-002,Sanitation Services,3,Month,49329.62,0,18,26637.99,147988.86,PO-2026-1146,3,Matched,Three-way match completed.
3871,INVREC01823-02,INVREC01823,2,ECO-001,Cleaning Chemicals,20,Case,9411.57,0,18,33881.66,188231.45,PO-2026-1146,20,Matched,Validated automatically.
3872,INVREC01824-01,INVREC01824,1,SPG-002,Ratings Services,2,Project,38255.21,0,0,0,76510.43,PO-2026-0206,2,Matched,Matched to purchase order.
3873,INVREC01824-02,INVREC01824,2,SPG-001,Market Data Subscription,5,Month,16693.18,0,0,0,83465.92,PO-2026-0206,5,Matched,Ready for payment.
3874,INVREC01825-01,INVREC01825,1,NH-002,Market Analysis,1,Project,154536.47,0,5,7726.82,154536.47,PO-2023-1238,1,Matched,Three-way match completed.
3875,INVREC01825-02,INVREC01825,2,NH-001,Strategic Consulting,11,Hour,23845.94,0,5,13115.27,262305.32,PO-2023-1238,11,Matched,Successfully matched against PO.
3876,INVREC01826-01,INVREC01826,1,SIE-001,Industrial Automation,5,Unit,33348.22,0,5,8337.05,166741.08,PO-2026-0750,5,Matched,Validated automatically.
3877,INVREC01826-02,INVREC01826,2,SIE-002,Electrical Equipment,9,Unit,13063.76,0,5,5878.69,117573.83,PO-2026-0750,9,Matched,Validated automatically.
3878,INVREC01827-01,INVREC01827,1,THO-001,Legal Research Software,16,User,13712.42,0,18,39491.77,219398.71,PO-2023-0601,16,Matched,Three-way match completed.
3879,INVREC01827-02,INVREC01827,2,THO-002,Tax Software,7,User,18283.23,7678.95,18,23036.86,127982.58,PO-2023-0601,7,Matched,Successfully matched against PO.
3880,INVREC01828-01,INVREC01828,1,FAS-002,Safety Supplies,48,Unit,1924.56,0,10,9237.89,92378.92,PO-2023-0852,48,Matched,Ready for payment.
3881,INVREC01828-02,INVREC01828,2,FAS-001,Industrial Fasteners,44,Box,2223.94,0,10,9785.32,97853.23,PO-2023-0852,44,Matched,Ready for payment.
3882,INVREC01829-01,INVREC01829,1,IR-001,Compressed Air Systems,1,Unit,55482.56,0,0,0,55482.56,PO-2023-1067,1,Matched,Goods receipt confirmed.
3883,INVREC01829-02,INVREC01829,2,IR-002,Air Tools,7,Unit,12467.99,0,0,0,87275.94,PO-2023-1067,7,Matched,Matched to purchase order.
3884,INVREC01830-01,INVREC01830,1,KUN-002,Air Freight,5,Shipment,43413.96,0,10,21706.98,217069.8,PO-2026-0355,5,Matched,Ready for payment.
3885,INVREC01830-02,INVREC01830,2,KUN-001,Supply Chain Management,3,Month,92490.61,0,10,27747.18,277471.84,PO-2026-0355,3,Matched,Validated automatically.
3886,INVREC01831-01,INVREC01831,1,CUM-002,Generators,2,Unit,91729.01,0,0,0,183458.02,PO-2026-0090,2,Matched,Successfully matched against PO.
3887,INVREC01831-02,INVREC01831,2,CUM-001,Engine Parts,3,Unit,62951.28,0,0,0,188853.85,PO-2026-0090,3,Matched,Goods receipt confirmed.
3888,INVREC01832-01,INVREC01832,1,SCH-002,Electrical Components,13,Unit,6018.81,0,18,14084.02,78244.58,PO-2023-0967,13,Matched,Three-way match completed.
3889,INVREC01832-02,INVREC01832,2,SCH-001,Energy Management,3,System,23573.69,0,18,12729.79,70721.06,PO-2023-0967,3,Matched,Successfully matched against PO.
3890,INVREC01833-01,INVREC01833,1,ACC-001,Technology Consulting,48,Hour,1474.1,0,20,14151.4,70757,PO-2026-1185,48,Matched,Validated automatically.
3891,INVREC01833-02,INVREC01833,2,ACC-002,Systems Integration,1,Project,93648.98,0,20,18729.8,93648.98,PO-2026-1185,1,Matched,Matched to purchase order.
3892,INVREC01834-01,INVREC01834,1,KPM-001,Internal Audit,1,Project,30309.6,0,18,5455.73,30309.6,PO-2025-0406,1,Matched,Successfully matched against PO.
3893,INVREC01834-02,INVREC01834,2,KPM-002,Financial Advisory,6,Hour,4693.61,844.85,18,5069.1,28161.68,PO-2025-0406,6,Matched,Goods receipt confirmed.
3894,INVREC01835-01,INVREC01835,1,KUN-001,Supply Chain Management,2,Month,120009.23,0,10,24001.85,240018.45,PO-2024-0317,2,Matched,Goods receipt confirmed.
3895,INVREC01835-02,INVREC01835,2,KUN-002,Air Freight,4,Shipment,55221.64,0,10,22088.65,220886.54,PO-2024-0317,4,Matched,Goods receipt confirmed.
3896,INVREC01836-01,INVREC01836,1,HIL-001,Power Tools,6,Unit,39065.18,0,18,42190.39,234391.08,PO-2023-0274,6,Matched,Ready for payment.
3897,INVREC01836-02,INVREC01836,2,HIL-002,Anchoring Systems,4,Box,44924.96,5390.99,18,32345.97,179699.83,PO-2023-0274,4,Matched,Ready for payment.
3898,INVREC01837-01,INVREC01837,1,HON-002,Thermostats & Controls,41,Unit,1284.18,0,20,10530.28,52651.4,PO-2025-0716,41,Matched,Matched to purchase order.
3899,INVREC01837-02,INVREC01837,2,HON-001,Safety Systems,1,System,56959.24,0,20,11391.85,56959.24,PO-2025-0716,1,Matched,Validated automatically.
3900,INVREC01838-01,INVREC01838,1,BBY-002,Audio System,5,Unit,20233.26,0,0,0,101166.3,PO-2026-0609,5,Matched,Successfully matched against PO.
3901,INVREC01838-02,INVREC01838,2,BBY-001,Television,1,Unit,104395.02,0,0,0,104395.02,PO-2026-0609,1,Matched,Ready for payment.
3902,INVREC01839-01,INVREC01839,1,QL-001,Domestic Freight,9,Pallet,13036.57,0,20,23465.83,117329.14,PO-2023-0927,9,Matched,Goods receipt confirmed.
3903,INVREC01839-02,INVREC01839,2,QL-002,Courier Services,77,Package,3985.21,0,20,61372.17,306860.84,PO-2023-0927,77,Matched,Validated automatically.
3904,INVREC01840-01,INVREC01840,1,MIC-002,Fleet Services,10,Month,9067.48,0,5,4533.74,90674.81,PO-2024-1242,10,Matched,Validated automatically.
3905,INVREC01840-02,INVREC01840,2,MIC-001,Truck Tires,20,Unit,5125.1,0,5,5125.1,102501.96,PO-2024-1242,20,Matched,Matched to purchase order.
3906,INVREC01841-01,INVREC01841,1,GAT-001,Power Transmission Belts,23,Unit,7550.44,0,0,0,173660.05,PO-2024-0501,23,Matched,Successfully matched against PO.
3907,INVREC01841-02,INVREC01841,2,GAT-002,Hydraulic Hose,76,Foot,1454.09,0,0,0,110510.94,PO-2024-0501,76,Matched,Ready for payment.
3908,INVREC01842-01,INVREC01842,1,QL-002,Courier Services,66,Package,1956.32,0,0,0,129117.15,PO-2024-1300,66,Matched,Goods receipt confirmed.
3909,INVREC01842-02,INVREC01842,2,QL-001,Domestic Freight,43,Pallet,2099.25,0,0,0,90267.74,PO-2024-1300,43,Matched,Goods receipt confirmed.
3910,INVREC01843-01,INVREC01843,1,DEW-002,Power Tools,10,Unit,19041.72,0,0,0,190417.19,PO-2026-1251,10,Matched,Matched to purchase order.
3911,INVREC01843-02,INVREC01843,2,DEW-001,Construction Tools,5,Unit,41577.33,0,0,0,207886.65,PO-2026-1251,5,Matched,Ready for payment.
3912,INVREC01844-01,INVREC01844,1,SPG-002,Ratings Services,1,Project,197634.72,0,10,19763.47,197634.72,PO-2025-1092,1,Matched,Ready for payment.
3913,INVREC01844-02,INVREC01844,2,SPG-001,Market Data Subscription,1,Month,278152.56,0,10,27815.26,278152.56,PO-2025-1092,1,Matched,Validated automatically.
3914,INVREC01845-01,INVREC01845,1,SNA-001,Hand Tools,9,Unit,16243.17,8771.31,0,0,146188.51,PO-2023-0914,9,Matched,Matched to purchase order.
3915,INVREC01845-02,INVREC01845,2,SNA-002,Diagnostic Equipment,5,Unit,49969.89,0,0,0,249849.45,PO-2023-0914,5,Matched,Three-way match completed.
3916,INVREC01846-01,INVREC01846,1,VMW-002,Support Services,2,Year,35239.47,0,0,0,70478.94,PO-2026-1003,2,Matched,Matched to purchase order.
3917,INVREC01846-02,INVREC01846,2,VMW-001,vSphere License,10,CPU,5446.1,0,0,0,54461,PO-2026-1003,10,Matched,Successfully matched against PO.
3918,INVREC01847-01,INVREC01847,1,ATL-001,Air Cargo Charter,2,Flight,78375.32,0,0,0,156750.64,PO-2026-0907,2,Matched,Successfully matched against PO.
3919,INVREC01848-01,INVREC01848,1,CUM-001,Engine Parts,4,Unit,4157.34,0,10,1662.94,16629.36,PO-2023-0036,4,Matched,Matched to purchase order.
3920,INVREC01848-02,INVREC01848,2,CUM-002,Generators,2,Unit,7483.21,0,10,1496.64,14966.42,PO-2023-0036,2,Matched,Ready for payment.
3921,INVREC01849-01,INVREC01849,1,CIN-001,Uniforms Rental,26,Month,8044.39,0,10,20915.42,209154.24,PO-2024-0543,19,Awaiting Approval,Pending goods receipt confirmation.
3922,INVREC01849-02,INVREC01849,2,CIN-002,Floor Mats,14,Month,10332.05,11571.9,10,14464.88,144648.72,PO-2024-0543,13,Awaiting Approval,Pending goods receipt confirmation.
3923,INVREC01850-01,INVREC01850,1,SCH-001,Energy Management,2,System,15869.85,0,10,3173.97,31739.7,PO-2024-0374,2,Awaiting Approval,Pending goods receipt confirmation.
3924,INVREC01850-02,INVREC01850,2,SCH-002,Electrical Components,23,Unit,1558.57,0,10,3584.72,35847.2,PO-2024-0374,17,Awaiting Approval,Pending goods receipt confirmation.
3925,INVREC01851-01,INVREC01851,1,OFW-BOOK,Bookshelf,4,Unit,39777.39,0,0,0,159109.54,PO-2024-0040,4,Matched,Validated automatically.
3926,INVREC01851-02,INVREC01851,2,OFW-CABIN,Filing Cabinet,6,Unit,27473.87,0,0,0,164843.22,PO-2024-0040,6,Matched,Three-way match completed.
3927,INVREC01851-03,INVREC01851,3,OFW-CHAIR,Ergonomic Office Chair,8,Unit,17201.03,0,0,0,137608.25,PO-2024-0040,8,Matched,Matched to purchase order.
3928,INVREC01852-01,INVREC01852,1,MOO-002,Financial Data Service,3,Month,94658.37,0,10,28397.51,283975.1,PO-2023-0166,2,Awaiting Approval,Pending goods receipt confirmation.
3929,INVREC01852-02,INVREC01852,2,MOO-001,Credit Risk Software,8,User,24087.17,0,10,19269.74,192697.39,PO-2023-0166,6,Awaiting Approval,Pending goods receipt confirmation.
3930,INVREC01853-01,INVREC01853,1,SIE-002,Electrical Equipment,10,Unit,6145.04,0,20,12290.07,61450.36,PO-2026-0398,8,Awaiting Approval,Pending goods receipt confirmation.
3931,INVREC01853-02,INVREC01853,2,SIE-001,Industrial Automation,5,Unit,5695.4,0,20,5695.4,28477,PO-2026-0398,5,Awaiting Approval,Pending goods receipt confirmation.
3932,INVREC01854-01,INVREC01854,1,STP-FOLD,Manila Folders,56,Box,442.25,1733.63,10,2303.25,24766.13,PO-2024-1112,56,Matched,Successfully matched against PO.
3933,INVREC01854-02,INVREC01854,2,STP-PAPER,A4 Printer Paper,101,Ream,326.95,2641.72,10,3037.98,33021.5,PO-2024-1112,101,Matched,Goods receipt confirmed.
3934,INVREC01854-03,INVREC01854,3,STP-PENS,Ballpoint Pens (Box),16,Box,1676.87,0,10,2683,26829.97,PO-2024-1112,16,Matched,Successfully matched against PO.
3935,INVREC01854-04,INVREC01854,4,STP-INK,Ink Cartridge,10,Each,1788.67,0,10,2226.19,17886.65,PO-2024-1112,10,Matched,Three-way match completed.
3936,INVREC01855-01,INVREC01855,1,KUN-002,Air Freight,5,Shipment,37835.75,0,20,37835.75,189178.74,PO-2026-0946,5,Matched,Successfully matched against PO.
3937,INVREC01855-02,INVREC01855,2,KUN-001,Supply Chain Management,2,Month,102997.31,0,20,41198.92,205994.62,PO-2026-0946,2,Matched,Successfully matched against PO.
3938,INVREC01856-01,INVREC01856,1,GS-001,Bulk Materials,8,Ton,4484.1,0,10,3587.28,35872.8,PO-2025-0881,8,Matched,Validated automatically.
3939,INVREC01856-02,INVREC01856,2,GS-002,Logistics Services,3,Shipment,11820.16,0,10,3546.05,35460.47,PO-2025-0881,3,Matched,Validated automatically.
3940,INVREC01857-01,INVREC01857,1,BBY-002,Audio System,3,Unit,74276.29,0,18,40109.2,222828.88,PO-2024-1141,3,Matched,Successfully matched against PO.
3941,INVREC01857-02,INVREC01857,2,BBY-001,Television,4,Unit,43708.74,0,18,31470.29,174834.97,PO-2024-1141,4,Matched,Ready for payment.
3942,INVREC01858-01,INVREC01858,1,WMI-002,Recycling Services,6,Month,49178.73,0,20,59014.47,295072.37,PO-2026-0289,6,Matched,Validated automatically.
3943,INVREC01858-02,INVREC01858,2,WMI-001,Waste Collection,2,Month,73768.1,0,20,29507.24,147536.19,PO-2026-0289,2,Matched,Matched to purchase order.
3944,INVREC01859-01,INVREC01859,1,GE-002,Medical Equipment,2,Unit,95359.46,0,18,34329.41,190718.92,PO-2026-0668,2,Matched,Matched to purchase order.
3945,INVREC01859-02,INVREC01859,2,GE-001,Power Generation,2,Unit,70195.16,0,18,25270.26,140390.32,PO-2026-0668,2,Matched,Ready for payment.
3946,INVREC01860-01,INVREC01860,1,ELT-002,Facility Maintenance,15,Hour,18206.13,0,20,54618.39,273091.97,PO-2023-0920,15,Matched,Goods receipt confirmed.
3947,INVREC01860-02,INVREC01860,2,ELT-001,Janitorial Services,7,Visit,27274.67,0,20,38184.54,190922.7,PO-2023-0920,7,Matched,Validated automatically.
3948,INVREC01861-01,INVREC01861,1,DHL-INT,International Shipping,1,Shipment,37834.23,0,20,7566.85,37834.23,PO-2023-1081,1,Matched,Successfully matched against PO.
3949,INVREC01861-02,INVREC01861,2,DHL-FUEL,Fuel Surcharge,1,Percent,35842.95,0,20,7168.59,35842.95,PO-2023-1081,1,Matched,Validated automatically.
3950,INVREC01861-03,INVREC01861,3,DHL-EXP,Express Delivery,4,Shipment,6596.1,0,20,5276.88,26384.4,PO-2023-1081,4,Matched,Three-way match completed.
3951,INVREC01862-01,INVREC01862,1,VMW-002,Support Services,2,Year,95011.32,0,0,0,190022.64,PO-2024-1036,2,Matched,Validated automatically.
3952,INVREC01862-02,INVREC01862,2,VMW-001,vSphere License,12,CPU,11729.79,0,0,0,140757.51,PO-2024-1036,12,Matched,Three-way match completed.
3953,INVREC01863-01,INVREC01863,1,SAMI-01,Consulting Services,1,Hour,158371.33,0,0,0,158371.33,PO-2024-0894,1,Matched,Ready for payment.
3954,INVREC01863-02,INVREC01863,2,SAMI-02,Design Work,2,Hour,59389.25,0,0,0,118778.5,PO-2024-0894,2,Matched,Goods receipt confirmed.
3955,INVREC01864-01,INVREC01864,1,CMX-001,Broadband Internet,8,Month,31159.39,0,20,49855.02,249275.09,PO-2023-0256,8,Matched,Three-way match completed.
3956,INVREC01864-02,INVREC01864,2,CMX-002,Voice Services,33,Line,6665.11,0,20,43989.72,219948.6,PO-2023-0256,33,Matched,Successfully matched against PO.
3957,INVREC01865-01,INVREC01865,1,WWG-001,MRO Supplies,24,Box,1609.59,0,0,0,38630.08,PO-2025-0214,24,Matched,Validated automatically.
3958,INVREC01865-02,INVREC01865,2,WWG-002,HVAC Parts,6,Unit,17547.65,0,0,0,105285.92,PO-2025-0214,6,Matched,Validated automatically.
3959,INVREC01866-01,INVREC01866,1,EY-002,Risk Consulting,21,Hour,4528.8,8559.42,20,17309.06,95104.71,PO-2024-0262,21,Matched,Successfully matched against PO.
3960,INVREC01866-02,INVREC01866,2,EY-001,Financial Audit,1,Project,130143.28,0,20,27740.54,130143.28,PO-2024-0262,1,Matched,Matched to purchase order.
3961,INVREC01867-01,INVREC01867,1,ZF-002,Industrial Drives,3,Unit,30406,0,18,16419.24,91218.01,PO-2025-1450,3,Matched,Ready for payment.
3962,INVREC01867-02,INVREC01867,2,ZF-001,Automotive Components,3,Unit,31300.3,0,18,16902.16,93900.9,PO-2025-1450,3,Matched,Validated automatically.
3963,INVREC01868-01,INVREC01868,1,APP-003,iPhone,7,Unit,26969.08,15102.69,10,17368.09,188783.59,PO-2023-0456,7,Matched,Ready for payment.
3964,INVREC01868-02,INVREC01868,2,APP-002,iPad,14,Unit,12876.22,0,10,18026.71,180267.05,PO-2023-0456,14,Matched,Matched to purchase order.
3965,INVREC01868-03,INVREC01868,3,APP-001,MacBook Pro,4,Unit,20226.81,0,10,9600.99,80907.26,PO-2023-0456,4,Matched,Goods receipt confirmed.
3966,INVREC01869-01,INVREC01869,1,MAK-001,Power Tools,1,Unit,164974.75,0,0,0,164974.75,PO-2026-0210,1,Matched,Ready for payment.
3967,INVREC01869-02,INVREC01869,2,MAK-002,Accessories,15,Box,15093.43,0,0,0,226401.51,PO-2026-0210,15,Matched,Ready for payment.
3968,INVREC01870-01,INVREC01870,1,HIL-001,Power Tools,1,Unit,5472.37,0,20,1094.47,5472.37,PO-2024-0349,1,Matched,Ready for payment.
3969,INVREC01870-02,INVREC01870,2,HIL-002,Anchoring Systems,11,Box,1210.55,0,20,2663.22,13316.1,PO-2024-0349,11,Matched,Validated automatically.
3970,INVREC01871-01,INVREC01871,1,AMZ-HDMI,HDMI Cable,38,Each,1440.19,1641.81,18,9555.34,54727.04,PO-2024-1323,26,Price Mismatch,Price differs from PO by 9%.
3971,INVREC01871-02,INVREC01871,2,AMZ-ADAPT,Ethernet Adapter,8,Each,9754.59,0,18,14046.61,78036.7,PO-2024-1323,6,Vendor Mismatch,Vendor does not match purchase order.
3972,INVREC01871-03,INVREC01871,3,AMZ-USBH,USB Hub,6,Each,18749.08,0,18,20249,112494.46,PO-2024-1323,6,Quantity Mismatch,Quantity exceeds PO by 23%.
3973,INVREC01871-04,INVREC01871,4,AMZ-STAND,Laptop Stand,10,Each,7398.29,4438.97,18,13612.44,73982.85,PO-2024-1323,7,Missing PO,Invoice has no purchase order.
3974,INVREC01872-01,INVREC01872,1,ORC-002,Cloud Services,10,Month,10898.22,0,10,10898.22,108982.24,PO-2023-0606,10,Matched,Ready for payment.
3975,INVREC01872-02,INVREC01872,2,ORC-001,Database License,4,Processor,27833.6,0,10,11133.44,111334.38,PO-2023-0606,4,Matched,Validated automatically.
3976,INVREC01873-01,INVREC01873,1,ECO-002,Sanitation Services,8,Month,16916.09,0,20,27065.74,135328.68,PO-2024-0872,8,Matched,Goods receipt confirmed.
3977,INVREC01873-02,INVREC01873,2,ECO-001,Cleaning Chemicals,4,Case,37320.02,0,20,29856.02,149280.09,PO-2024-0872,4,Matched,Goods receipt confirmed.
3978,INVREC01874-01,INVREC01874,1,SNA-001,Hand Tools,7,Unit,2612.99,0,18,3292.36,18290.91,PO-2025-1400,6,Vendor Mismatch,Vendor does not match purchase order.
3979,INVREC01874-02,INVREC01874,2,SNA-002,Diagnostic Equipment,3,Unit,10938.68,0,18,5906.89,32816.04,PO-2025-1400,3,Quantity Mismatch,Quantity exceeds PO by 26%.
3980,INVREC01875-01,INVREC01875,1,BOS-002,Linear Motion,6,Unit,16849.62,0,10,10109.77,101097.72,PO-2024-0787,6,Matched,Validated automatically.
3981,INVREC01875-02,INVREC01875,2,BOS-001,Hydraulic Systems,1,Unit,120354.43,0,10,12035.44,120354.43,PO-2024-0787,1,Matched,Successfully matched against PO.
3982,INVREC01876-01,INVREC01876,1,VMW-001,vSphere License,20,CPU,3586.48,0,18,12911.31,71729.51,PO-2023-0686,20,Matched,Ready for payment.
3983,INVREC01876-02,INVREC01876,2,VMW-002,Support Services,1,Year,144787.33,0,18,26061.72,144787.33,PO-2023-0686,1,Matched,Goods receipt confirmed.
3984,INVREC01877-01,INVREC01877,1,BAI-002,Due Diligence,1,Project,10364.25,0,20,2072.85,10364.25,PO-2024-0052,1,Awaiting Approval,Pending goods receipt confirmation.
3985,INVREC01877-02,INVREC01877,2,BAI-001,Strategy Services,33,Hour,751.3,0,20,4958.58,24792.91,PO-2024-0052,28,Awaiting Approval,Pending goods receipt confirmation.
3986,INVREC01878-01,INVREC01878,1,MIC-002,Fleet Services,9,Month,29108.31,0,5,13098.74,261974.82,PO-2023-1438,9,Matched,Ready for payment.
3987,INVREC01878-02,INVREC01878,2,MIC-001,Truck Tires,6,Unit,36786.49,0,5,11035.95,220718.95,PO-2023-1438,6,Matched,Successfully matched against PO.
3988,INVREC01879-01,INVREC01879,1,ARA-001,Food Services,1,Month,268563.73,0,10,26856.37,268563.73,PO-2024-0481,1,Matched,Validated automatically.
3989,INVREC01879-02,INVREC01879,2,ARA-002,Vending Services,9,Month,21644.81,0,10,19480.33,194803.27,PO-2024-0481,9,Matched,Three-way match completed.
3990,INVREC01880-01,INVREC01880,1,CMX-002,Voice Services,42,Line,5123.46,0,20,43037.08,215185.39,PO-2023-0256,42,Matched,Successfully matched against PO.
3991,INVREC01880-02,INVREC01880,2,CMX-001,Broadband Internet,1,Month,254038.3,0,20,50807.66,254038.3,PO-2023-0256,1,Matched,Ready for payment.
3992,INVREC01881-01,INVREC01881,1,MSC-001,Metalworking Tools,11,Unit,4398.12,0,20,9675.86,48379.28,PO-2026-1477,11,Matched,Three-way match completed.
3993,INVREC01881-02,INVREC01881,2,MSC-002,Abrasives,23,Box,2351.89,0,20,10818.67,54093.36,PO-2026-1477,23,Matched,Goods receipt confirmed.
3994,INVREC01882-01,INVREC01882,1,GS-001,Bulk Materials,19,Ton,1404.12,0,20,5335.64,26678.21,PO-2024-0439,19,Matched,Three-way match completed.
3995,INVREC01882-02,INVREC01882,2,GS-002,Logistics Services,5,Shipment,4608.06,0,20,4608.06,23040.28,PO-2024-0439,5,Matched,Ready for payment.
3996,INVREC01883-01,INVREC01883,1,VGT-002,Network Switch,2,Unit,135292.56,0,10,27058.51,270585.11,PO-2023-0785,1,Awaiting Approval,Pending goods receipt confirmation.
3997,INVREC01883-02,INVREC01883,2,VGT-001,Server Equipment,2,Unit,111181.02,0,10,22236.2,222362.03,PO-2023-0785,1,Awaiting Approval,Pending goods receipt confirmation.
3998,INVREC01884-01,INVREC01884,1,BCG-001,Management Consulting,23,Hour,12313.92,0,0,0,283220.14,PO-2025-1448,23,Matched,Goods receipt confirmed.
3999,INVREC01884-02,INVREC01884,2,BCG-002,Operations Improvement,1,Project,125601.98,0,0,0,125601.98,PO-2025-1448,1,Matched,Three-way match completed.
4000,INVREC01885-01,INVREC01885,1,IR-001,Compressed Air Systems,1,Unit,51248.97,0,18,9224.81,51248.97,PO-2025-1072,1,Matched,Validated automatically.
4001,INVREC01885-02,INVREC01885,2,IR-002,Air Tools,13,Unit,4876.98,0,18,11412.14,63400.78,PO-2025-1072,13,Matched,Three-way match completed.
4002,INVREC01886-01,INVREC01886,1,MSC-001,Metalworking Tools,19,Unit,7981.82,0,0,0,151654.58,PO-2025-0969,19,Matched,Ready for payment.
4003,INVREC01886-02,INVREC01886,2,MSC-002,Abrasives,47,Box,1624.63,0,0,0,76357.55,PO-2025-0969,47,Matched,Validated automatically.
4004,INVREC01887-01,INVREC01887,1,HIL-002,Anchoring Systems,15,Box,3124.26,0,5,2343.19,46863.89,PO-2023-0789,15,Matched,Matched to purchase order.
4005,INVREC01887-02,INVREC01887,2,HIL-001,Power Tools,2,Unit,51399.11,6167.89,5,5139.91,102798.21,PO-2023-0789,2,Matched,Three-way match completed.
4006,INVREC01888-01,INVREC01888,1,CHR-002,Warehousing,23,Pallet,11699.19,0,18,48434.64,269081.35,PO-2026-0746,23,Matched,Validated automatically.
4007,INVREC01888-02,INVREC01888,2,CHR-001,Freight Brokerage,7,Shipment,27324.96,0,18,34429.44,191274.69,PO-2026-0746,7,Matched,Successfully matched against PO.
4008,INVREC01889-01,INVREC01889,1,HPE-001,Server,4,Unit,38249.18,0,10,15299.67,152996.71,PO-2026-1188,4,Matched,Three-way match completed.
4009,INVREC01889-02,INVREC01889,2,HPE-002,Storage Array,2,Unit,122640.22,0,10,24528.04,245280.44,PO-2026-1188,2,Matched,Matched to purchase order.
4010,INVREC01890-01,INVREC01890,1,FTI-002,Expert Witness Services,1,Project,145690.59,0,5,7284.53,145690.59,PO-2025-0369,1,Matched,Matched to purchase order.
4011,INVREC01890-02,INVREC01890,2,FTI-001,Forensic Accounting,15,Hour,7515.78,0,5,5636.84,112736.76,PO-2025-0369,15,Matched,Successfully matched against PO.
4012,INVREC01891-01,INVREC01891,1,BAI-002,Due Diligence,1,Project,324434.89,25954.79,20,59696.02,324434.89,PO-2025-0249,1,Matched,Ready for payment.
4013,INVREC01891-02,INVREC01891,2,BAI-001,Strategy Services,16,Hour,9484.49,0,20,35541.32,151751.81,PO-2025-0249,16,Matched,Three-way match completed.
4014,INVREC01892-01,INVREC01892,1,FES-002,Valves,35,Unit,3948.83,0,18,24877.64,138209.11,PO-2024-1277,35,Matched,Successfully matched against PO.
4015,INVREC01892-02,INVREC01892,2,FES-001,Pneumatic Systems,15,Unit,8769.9,0,18,23678.72,131548.43,PO-2024-1277,15,Matched,Three-way match completed.
4016,INVREC01893-01,INVREC01893,1,CIS-002,Switch,11,Unit,4052.28,0,18,8023.52,44575.09,PO-2024-0291,11,Matched,Successfully matched against PO.
4017,INVREC01893-02,INVREC01893,2,CIS-001,Network Router,4,Unit,14286.89,0,18,10286.56,57147.55,PO-2024-0291,4,Matched,Three-way match completed.
4018,INVREC01893-03,INVREC01893,3,CIS-003,Firewall,5,Unit,16344.2,0,18,14709.78,81721.01,PO-2024-0291,5,Matched,Ready for payment.
4019,INVREC01894-01,INVREC01894,1,SKF-002,Seals,11,Box,4287.8,0,0,0,47165.83,PO-2026-0604,11,Matched,Ready for payment.
4020,INVREC01894-02,INVREC01894,2,SKF-001,Industrial Bearings,32,Unit,953.72,0,0,0,30519.06,PO-2026-0604,32,Matched,Validated automatically.
4021,INVREC01895-01,INVREC01895,1,WMI-001,Waste Collection,9,Month,23113.35,0,20,41604.03,208020.13,PO-2024-0267,9,Matched,Three-way match completed.
4022,INVREC01895-02,INVREC01895,2,WMI-002,Recycling Services,8,Month,28296.86,0,20,45274.97,226374.85,PO-2024-0267,8,Matched,Validated automatically.
4023,INVREC01896-01,INVREC01896,1,BBY-001,Television,4,Unit,41047.54,0,20,32838.03,164190.16,PO-2026-0956,4,Matched,Successfully matched against PO.
4024,INVREC01896-02,INVREC01896,2,BBY-002,Audio System,5,Unit,38263.45,0,20,38263.45,191317.24,PO-2026-0956,5,Matched,Goods receipt confirmed.
4025,INVREC01897-01,INVREC01897,1,MSC-001,Metalworking Tools,7,Unit,33023.92,0,18,41610.14,231167.44,PO-2025-0003,7,Matched,Three-way match completed.
4026,INVREC01897-02,INVREC01897,2,MSC-002,Abrasives,21,Box,5130.84,0,18,19394.56,107747.54,PO-2025-0003,21,Matched,Three-way match completed.
4027,INVREC01898-01,INVREC01898,1,SUM-002,Implementation Service,45,Hour,1599.44,0,18,12955.47,71974.81,PO-2023-0737,45,Matched,Successfully matched against PO.
4028,INVREC01898-02,INVREC01898,2,SUM-001,Software License,8,User,11656.79,0,18,16785.78,93254.33,PO-2023-0737,8,Matched,Goods receipt confirmed.
4029,INVREC01899-01,INVREC01899,1,SFS-001,CRM License,87,User,1965.91,0,5,8551.7,171033.98,PO-2025-0165,87,Matched,Three-way match completed.
4030,INVREC01899-02,INVREC01899,2,SFS-002,Sales Cloud,33,User,9341.92,0,5,15414.17,308283.48,PO-2025-0165,33,Matched,Successfully matched against PO.
4031,INVREC01900-01,INVREC01900,1,NH-001,Strategic Consulting,5,Hour,54879.26,0,5,13719.81,274396.29,PO-2024-0701,5,Matched,Matched to purchase order.
4032,INVREC01900-02,INVREC01900,2,NH-002,Market Analysis,2,Project,106482.14,0,5,10648.21,212964.28,PO-2024-0701,2,Matched,Successfully matched against PO.
4033,INVREC01901-01,INVREC01901,1,VGT-002,Network Switch,1,Unit,167071.94,0,10,16707.19,167071.94,PO-2023-1290,1,Vendor Mismatch,Vendor does not match purchase order.
4034,INVREC01901-02,INVREC01901,2,VGT-001,Server Equipment,4,Unit,50718.27,0,10,20287.31,202873.08,PO-2023-1290,3,Vendor Mismatch,Vendor does not match purchase order.
4035,INVREC01901-03,INVREC01901,3,VGT-003,Storage Array,4,Unit,26850.85,0,10,10740.34,107403.39,PO-2023-1290,3,Vendor Mismatch,Vendor does not match purchase order.
4036,INVREC01902-01,INVREC01902,1,DEW-001,Construction Tools,8,Unit,6809.21,0,5,2723.68,54473.66,PO-2026-0886,8,Matched,Three-way match completed.
4037,INVREC01902-02,INVREC01902,2,DEW-002,Power Tools,1,Unit,56373.91,0,5,2818.7,56373.91,PO-2026-0886,1,Matched,Successfully matched against PO.
4038,INVREC01903-01,INVREC01903,1,REG-002,Power Transmission,5,Unit,22790.31,0,5,5697.58,113951.57,PO-2026-0272,5,Matched,Validated automatically.
4039,INVREC01903-02,INVREC01903,2,REG-001,Motion Control,3,Unit,56071.41,0,5,8410.71,168214.23,PO-2026-0272,3,Matched,Goods receipt confirmed.
4040,INVREC01904-01,INVREC01904,1,SIE-001,Industrial Automation,4,Unit,2332.64,653.14,0,0,9330.57,PO-2023-0638,4,Matched,Validated automatically.
4041,INVREC01904-02,INVREC01904,2,SIE-002,Electrical Equipment,2,Unit,8992.5,0,0,0,17985.01,PO-2023-0638,2,Matched,Goods receipt confirmed.
4042,INVREC01905-01,INVREC01905,1,STP-FOLD,Manila Folders,13,Box,3677.43,0,10,4780.66,47806.6,PO-2024-1112,13,Matched,Ready for payment.
4043,INVREC01905-02,INVREC01905,2,STP-INK,Ink Cartridge,12,Each,4558.14,0,10,5469.77,54697.65,PO-2024-1112,12,Matched,Goods receipt confirmed.
4044,INVREC01906-01,INVREC01906,1,IMP-001,Container Freight,3,Container,90230.53,0,18,48724.49,270691.59,PO-2023-0524,3,Matched,Matched to purchase order.
4045,INVREC01906-02,INVREC01906,2,IMP-002,Customs Brokerage,2,Shipment,93700.94,0,18,33732.34,187401.87,PO-2023-0524,2,Matched,Goods receipt confirmed.
4046,INVREC01907-01,INVREC01907,1,SPG-002,Ratings Services,1,Project,283685.37,0,10,28368.54,283685.37,PO-2025-1092,1,Matched,Ready for payment.
4047,INVREC01907-02,INVREC01907,2,SPG-001,Market Data Subscription,3,Month,64033.97,0,10,19210.19,192101.91,PO-2025-1092,3,Matched,Matched to purchase order.
4048,INVREC01908-01,INVREC01908,1,IBM-001,Mainframe Hardware,1,Unit,152090.28,0,20,30418.06,152090.28,PO-2024-1108,1,Awaiting Approval,Pending goods receipt confirmation.
4049,INVREC01908-02,INVREC01908,2,IBM-002,Consulting Services,7,Hour,39833.17,16729.93,20,55766.43,278832.17,PO-2024-1108,6,Awaiting Approval,Pending goods receipt confirmation.
4050,INVREC01909-01,INVREC01909,1,CHR-002,Warehousing,47,Pallet,2212.39,0,20,20796.45,103982.24,PO-2024-0307,47,Matched,Matched to purchase order.
4051,INVREC01909-02,INVREC01909,2,CHR-001,Freight Brokerage,10,Shipment,15932.76,0,20,31865.53,159327.63,PO-2024-0307,10,Matched,Validated automatically.
4052,INVREC01910-01,INVREC01910,1,SOD-001,Facility Management,1,Month,221490.59,0,0,0,221490.59,PO-2024-0060,1,Matched,Goods receipt confirmed.
4053,INVREC01910-02,INVREC01910,2,SOD-002,Catering,9,Event,18860.05,0,0,0,169740.45,PO-2024-0060,9,Matched,Matched to purchase order.
4054,INVREC01911-01,INVREC01911,1,CBRE-002,Property Valuation,3,Project,52171.69,6260.6,0,0,156515.08,PO-2025-1221,3,Matched,Three-way match completed.
4055,INVREC01911-02,INVREC01911,2,CBRE-001,Commercial Real Estate,2,Project,72279.53,0,0,0,144559.06,PO-2025-1221,2,Matched,Three-way match completed.
4056,INVREC01912-01,INVREC01912,1,ECO-002,Sanitation Services,12,Month,11400.39,0,10,13680.46,136804.63,PO-2024-1339,12,Matched,Successfully matched against PO.
4057,INVREC01912-02,INVREC01912,2,ECO-001,Cleaning Chemicals,10,Case,16945.12,0,10,16945.12,169451.18,PO-2024-1339,10,Matched,Validated automatically.
4058,INVREC01913-01,INVREC01913,1,SPG-002,Ratings Services,1,Project,112365.32,0,20,22473.06,112365.32,PO-2025-1030,1,Matched,Ready for payment.
4059,INVREC01913-02,INVREC01913,2,SPG-001,Market Data Subscription,4,Month,36998.34,0,20,29598.67,147993.35,PO-2025-1030,4,Matched,Matched to purchase order.
4060,INVREC01914-01,INVREC01914,1,ORC-002,Cloud Services,4,Month,18411.5,0,20,14729.2,73645.99,PO-2024-0929,4,Matched,Three-way match completed.
4061,INVREC01914-02,INVREC01914,2,ORC-001,Database License,10,Processor,2767.9,1383.95,20,5535.8,27679.03,PO-2024-0929,10,Matched,Validated automatically.
4062,INVREC01915-01,INVREC01915,1,VMW-001,vSphere License,6,CPU,26144.14,0,0,0,156864.81,PO-2024-1036,6,Matched,Successfully matched against PO.
4063,INVREC01915-02,INVREC01915,2,VMW-002,Support Services,1,Year,173915.34,0,0,0,173915.34,PO-2024-1036,1,Matched,Validated automatically.
4064,INVREC01916-01,INVREC01916,1,HON-002,Thermostats & Controls,10,Unit,10723.8,0,10,10723.8,107238,PO-2023-0277,10,Matched,Validated automatically.
4065,INVREC01916-02,INVREC01916,2,HON-001,Safety Systems,2,System,31405.42,0,10,6281.08,62810.83,PO-2023-0277,2,Matched,Three-way match completed.
4066,INVREC01917-01,INVREC01917,1,FAS-001,Industrial Fasteners,79,Box,1387.71,0,0,0,109628.91,PO-2023-1271,79,Matched,Validated automatically.
4067,INVREC01917-02,INVREC01917,2,FAS-002,Safety Supplies,7,Unit,18561.51,0,0,0,129930.57,PO-2023-1271,7,Matched,Validated automatically.
4068,INVREC01918-01,INVREC01918,1,MAK-002,Accessories,18,Box,4769.69,0,10,8585.44,85854.38,PO-2025-0589,18,Matched,Matched to purchase order.
4069,INVREC01918-02,INVREC01918,2,MAK-001,Power Tools,2,Unit,19254.11,0,10,3850.82,38508.21,PO-2025-0589,2,Matched,Matched to purchase order.
4070,INVREC01919-01,INVREC01919,1,SCH-002,Electrical Components,15,Unit,1451,0,20,4353.01,21765.07,PO-2024-0344,11,Missing PO,Invoice has no purchase order.
4071,INVREC01919-02,INVREC01919,2,SCH-001,Energy Management,2,System,7788.49,0,20,3115.39,15576.97,PO-2024-0344,2,Missing PO,Invoice has no purchase order.
4072,INVREC01920-01,INVREC01920,1,WMI-001,Waste Collection,6,Month,45139.95,0,0,0,270839.73,PO-2024-0153,6,Matched,Goods receipt confirmed.
4073,INVREC01920-02,INVREC01920,2,WMI-002,Recycling Services,5,Month,40189.12,0,0,0,200945.6,PO-2024-0153,5,Matched,Successfully matched against PO.
4074,INVREC01921-01,INVREC01921,1,TYC-001,Fire Protection Systems,5,Unit,1489.44,595.77,10,685.14,7447.18,PO-2026-0560,5,Matched,Validated automatically.
4075,INVREC01921-02,INVREC01921,2,TYC-002,Building Safety,1,System,3982.18,0,10,457.8,3982.18,PO-2026-0560,1,Matched,Matched to purchase order.
4076,INVREC01922-01,INVREC01922,1,AMZ-STAND,Laptop Stand,2,Each,73694.4,0,20,29477.76,147388.8,PO-2023-1179,2,Matched,Successfully matched against PO.
4077,INVREC01922-02,INVREC01922,2,AMZ-ADAPT,Ethernet Adapter,16,Each,8352.03,0,20,26726.5,133632.51,PO-2023-1179,16,Matched,Ready for payment.
4078,INVREC01923-01,INVREC01923,1,SAP-002,Implementation Services,36,Hour,2290.33,0,10,8245.19,82451.92,PO-2024-0632,36,Matched,Matched to purchase order.
4079,INVREC01923-02,INVREC01923,2,SAP-001,ERP License,50,User,2669.87,13349.36,10,13349.36,133493.59,PO-2024-0632,50,Matched,Validated automatically.
4080,INVREC01924-01,INVREC01924,1,TMO-002,IoT Services,293,Device,396.01,0,18,20885.48,116030.47,PO-2026-0883,293,Matched,Successfully matched against PO.
4081,INVREC01924-02,INVREC01924,2,TMO-001,Mobile Plans,36,Line,1838.66,0,18,11914.54,66191.88,PO-2026-0883,36,Matched,Matched to purchase order.
4082,INVREC01925-01,INVREC01925,1,EY-001,Financial Audit,1,Project,173169.46,0,10,17316.95,173169.46,PO-2026-0008,1,Matched,Ready for payment.
4083,INVREC01925-02,INVREC01925,2,EY-002,Risk Consulting,6,Hour,35668.55,0,10,21401.13,214011.32,PO-2026-0008,6,Matched,Matched to purchase order.
4084,INVREC01926-01,INVREC01926,1,TYC-001,Fire Protection Systems,3,Unit,52459.93,0,20,31475.96,157379.79,PO-2023-1123,3,Matched,Goods receipt confirmed.
4085,INVREC01926-02,INVREC01926,2,TYC-002,Building Safety,1,System,324913.11,0,20,64982.62,324913.11,PO-2023-1123,1,Matched,Ready for payment.
4086,INVREC01927-01,INVREC01927,1,IR-002,Air Tools,6,Unit,31228.22,0,10,18736.93,187369.33,PO-2025-0004,6,Matched,Successfully matched against PO.
4087,INVREC01927-02,INVREC01927,2,IR-001,Compressed Air Systems,5,Unit,33458.81,0,10,16729.4,167294.04,PO-2025-0004,5,Matched,Validated automatically.
4088,INVREC01928-01,INVREC01928,1,MCM-002,Hardware,22,Each,1075.8,0,18,4260.16,23667.57,PO-2023-0295,22,Matched,Matched to purchase order.
4089,INVREC01928-02,INVREC01928,2,MCM-001,Fasteners,61,Box,606.76,0,18,6662.17,37012.06,PO-2023-0295,61,Matched,Goods receipt confirmed.
4090,INVREC01929-01,INVREC01929,1,CUM-002,Generators,2,Unit,70739.13,0,10,14147.83,141478.25,PO-2026-0577,2,Matched,Validated automatically.
4091,INVREC01929-02,INVREC01929,2,CUM-001,Engine Parts,2,Unit,107451.83,0,10,21490.37,214903.66,PO-2026-0577,2,Matched,Goods receipt confirmed.
4092,INVREC01930-01,INVREC01930,1,GE-002,Medical Equipment,1,Unit,119351.42,0,10,11935.14,119351.42,PO-2025-1322,1,Matched,Successfully matched against PO.
4093,INVREC01930-02,INVREC01930,2,GE-001,Power Generation,1,Unit,94658.03,0,10,9465.8,94658.03,PO-2025-1322,1,Matched,Three-way match completed.
4094,INVREC01931-01,INVREC01931,1,DELL-KB,Keyboard,18,Unit,4889.38,0,18,15841.6,88008.89,PO-2023-0736,18,Matched,Three-way match completed.
4095,INVREC01931-02,INVREC01931,2,DELL-DOCK,Docking Station,17,Unit,6333.02,0,18,19379.04,107661.36,PO-2023-0736,17,Matched,Matched to purchase order.
4096,INVREC01931-03,INVREC01931,3,DELL-MON,"24"" Monitor",8,Unit,12389.6,0,18,17841.02,99116.8,PO-2023-0736,8,Matched,Validated automatically.
4097,INVREC01931-04,INVREC01931,4,DELL-MS,Mouse,23,Unit,4160.83,0,18,17225.82,95698.98,PO-2023-0736,23,Matched,Three-way match completed.
4098,INVREC01932-01,INVREC01932,1,WMI-002,Recycling Services,11,Month,23829.09,0,18,47181.61,262120.04,PO-2026-0178,11,Matched,Matched to purchase order.
4099,INVREC01932-02,INVREC01932,2,WMI-001,Waste Collection,5,Month,25842.82,0,18,23258.54,129214.11,PO-2026-0178,5,Matched,Ready for payment.
4100,INVREC01933-01,INVREC01933,1,ORC-002,Cloud Services,11,Month,16082.99,5307.39,10,17160.55,176912.89,PO-2025-0579,11,Matched,Validated automatically.
4101,INVREC01933-02,INVREC01933,2,ORC-001,Database License,10,Processor,22844.09,11422.05,10,23374.83,228440.91,PO-2025-0579,10,Matched,Matched to purchase order.
4102,INVREC01934-01,INVREC01934,1,GOO-001,Commercial Tires,11,Unit,12749.09,0,10,14024,140239.98,PO-2023-0187,11,Matched,Three-way match completed.
4103,INVREC01934-02,INVREC01934,2,GOO-002,Retread Services,11,Unit,19123.63,0,10,21036,210359.97,PO-2023-0187,11,Matched,Goods receipt confirmed.
4104,INVREC01935-01,INVREC01935,1,WMI-001,Waste Collection,5,Month,39193.53,0,20,39193.53,195967.66,PO-2024-0267,5,Matched,Successfully matched against PO.
4105,INVREC01935-02,INVREC01935,2,WMI-002,Recycling Services,3,Month,79475.77,0,20,47685.46,238427.32,PO-2024-0267,3,Matched,Validated automatically.
4106,INVREC01936-01,INVREC01936,1,CMX-002,Voice Services,7,Line,17276.63,0,20,24187.28,120936.42,PO-2025-1306,7,Matched,Matched to purchase order.
4107,INVREC01936-02,INVREC01936,2,CMX-001,Broadband Internet,8,Month,30234.11,9674.91,20,48374.57,241872.85,PO-2025-1306,8,Matched,Successfully matched against PO.
4108,INVREC01937-01,INVREC01937,1,DEW-001,Construction Tools,15,Unit,11617.24,0,0,0,174258.53,PO-2025-1047,15,Matched,Three-way match completed.
4109,INVREC01937-02,INVREC01937,2,DEW-002,Power Tools,8,Unit,36757.66,0,0,0,294061.27,PO-2025-1047,8,Matched,Ready for payment.
4110,INVREC01938-01,INVREC01938,1,BAI-001,Strategy Services,33,Hour,8691.66,0,18,51628.46,286824.78,PO-2025-0875,33,Matched,Successfully matched against PO.
4111,INVREC01938-02,INVREC01938,2,BAI-002,Due Diligence,1,Project,167314.46,0,18,30116.6,167314.46,PO-2025-0875,1,Matched,Three-way match completed.
4112,INVREC01939-01,INVREC01939,1,MS-PBI,Power BI Pro,22,Seat,6902.14,0,0,0,151847.16,PO-2026-1297,22,Matched,Validated automatically.
4113,INVREC01939-02,INVREC01939,2,MS-365,Microsoft 365 Business Premium,57,Seat,2067.57,0,0,0,117851.53,PO-2026-1297,57,Matched,Validated automatically.
4114,INVREC01940-01,INVREC01940,1,SCH-002,Electrical Components,45,Unit,1079.18,0,18,8741.33,48562.94,PO-2026-1327,45,Matched,Ready for payment.
4115,INVREC01940-02,INVREC01940,2,SCH-001,Energy Management,1,System,48562.95,0,18,8741.33,48562.95,PO-2026-1327,1,Matched,Validated automatically.
4116,INVREC01941-01,INVREC01941,1,WWG-001,MRO Supplies,43,Box,294.51,0,10,1266.38,12663.82,PO-2026-0312,43,Matched,Ready for payment.
4117,INVREC01941-02,INVREC01941,2,WWG-002,HVAC Parts,2,Unit,6058.6,0,10,1211.72,12117.19,PO-2026-0312,2,Matched,Successfully matched against PO.
4118,INVREC01942-01,INVREC01942,1,CHR-002,Warehousing,51,Pallet,2352.39,0,10,11997.2,119972.02,PO-2023-0400,51,Matched,Successfully matched against PO.
4119,INVREC01942-02,INVREC01942,2,CHR-001,Freight Brokerage,4,Shipment,17618.27,4228.38,10,7047.31,70473.08,PO-2023-0400,4,Matched,Validated automatically.
4120,INVREC01943-01,INVREC01943,1,CIN-001,Uniforms Rental,13,Month,10926.75,0,0,0,142047.75,PO-2026-1432,13,Matched,Validated automatically.
4121,INVREC01943-02,INVREC01943,2,CIN-002,Floor Mats,31,Month,6472.34,0,0,0,200642.44,PO-2026-1432,31,Matched,Ready for payment.
4122,INVREC01944-01,INVREC01944,1,TMO-001,Mobile Plans,47,Line,1088.11,0,20,10228.2,51141,PO-2026-0874,47,Matched,Three-way match completed.
4123,INVREC01944-02,INVREC01944,2,TMO-002,IoT Services,465,Device,98.4,0,20,9151.55,45757.74,PO-2026-0874,465,Matched,Ready for payment.
4124,INVREC01945-01,INVREC01945,1,CIS-002,Switch,11,Unit,4904.91,0,18,9711.72,53954.01,PO-2024-0291,11,Matched,Goods receipt confirmed.
4125,INVREC01945-02,INVREC01945,2,CIS-001,Network Router,10,Unit,8872.44,0,18,15970.39,88724.38,PO-2024-0291,10,Matched,Goods receipt confirmed.
4126,INVREC01945-03,INVREC01945,3,CIS-003,Firewall,4,Unit,10191.32,0,18,7337.75,40765.26,PO-2024-0291,4,Matched,Validated automatically.
4127,INVREC01946-01,INVREC01946,1,GEN-001,General Services,1,Hour,94807,0,10,9480.7,94807,PO-2026-0516,1,Matched,Validated automatically.
4128,INVREC01946-02,INVREC01946,2,GEN-002,Miscellaneous Supplies,47,Each,1732.87,0,10,8144.49,81444.94,PO-2026-0516,47,Matched,Validated automatically.
4129,INVREC01947-01,INVREC01947,1,GE-001,Power Generation,2,Unit,5218.76,0,20,2087.5,10437.52,PO-2026-1022,2,Matched,Goods receipt confirmed.
4130,INVREC01947-02,INVREC01947,2,GE-002,Medical Equipment,3,Unit,1752.47,0,20,1051.48,5257.42,PO-2026-1022,3,Matched,Ready for payment.
4131,INVREC01948-01,INVREC01948,1,SNA-002,Diagnostic Equipment,5,Unit,33722.56,0,5,8430.64,168612.82,PO-2026-0562,5,Matched,Validated automatically.
4132,INVREC01948-02,INVREC01948,2,SNA-001,Hand Tools,6,Unit,26897.76,0,5,8069.33,161386.55,PO-2026-0562,6,Matched,Successfully matched against PO.
4133,INVREC01949-01,INVREC01949,1,SFS-002,Sales Cloud,5,User,49940.86,0,5,12485.22,249704.31,PO-2025-0165,5,Matched,Goods receipt confirmed.
4134,INVREC01949-02,INVREC01949,2,SFS-001,CRM License,80,User,2870.16,9184.53,5,11480.65,229613.15,PO-2025-0165,80,Matched,Matched to purchase order.
4135,INVREC01950-01,INVREC01950,1,JCI-001,HVAC System,4,Unit,43485.51,3478.84,20,34092.64,173942.03,PO-2026-1315,4,Matched,Validated automatically.
4136,INVREC01950-02,INVREC01950,2,JCI-002,Building Automation,1,System,293986.52,0,20,59493.07,293986.52,PO-2026-1315,1,Matched,Validated automatically.
4137,INVREC01951-01,INVREC01951,1,SNA-001,Hand Tools,18,Unit,11495.13,0,5,10345.61,206912.29,PO-2024-0868,18,Matched,Goods receipt confirmed.
4138,INVREC01951-02,INVREC01951,2,SNA-002,Diagnostic Equipment,5,Unit,49658.95,4965.89,5,12414.74,248294.74,PO-2024-0868,5,Matched,Three-way match completed.
4139,INVREC01952-01,INVREC01952,1,GE-002,Medical Equipment,1,Unit,108516.16,0,5,5425.81,108516.16,PO-2026-0909,1,Awaiting Approval,Pending goods receipt confirmation.
4140,INVREC01952-02,INVREC01952,2,GE-001,Power Generation,1,Unit,114673.1,0,5,5733.66,114673.1,PO-2026-0909,1,Awaiting Approval,Pending goods receipt confirmation.
4141,INVREC01953-01,INVREC01953,1,BAL-001,Electric Motors,9,Unit,25407.72,0,0,0,228669.52,PO-2023-0016,9,Matched,Matched to purchase order.
4142,INVREC01953-02,INVREC01953,2,BAL-002,Drives,5,Unit,46131.59,0,0,0,230657.95,PO-2023-0016,5,Matched,Validated automatically.
4143,INVREC01954-01,INVREC01954,1,MOD-001,Office Desk,1,Unit,134201.63,0,0,0,134201.63,PO-2026-1427,1,Matched,Successfully matched against PO.
4144,INVREC01954-02,INVREC01954,2,MOD-002,Office Chair,10,Unit,15567.39,0,0,0,155673.9,PO-2026-1427,10,Matched,Validated automatically.
4145,INVREC01955-01,INVREC01955,1,ZF-002,Industrial Drives,1,Unit,237523.13,0,18,42754.16,237523.13,PO-2023-0538,1,Matched,Matched to purchase order.
4146,INVREC01955-02,INVREC01955,2,ZF-001,Automotive Components,10,Unit,12692.08,0,18,22845.74,126920.76,PO-2023-0538,10,Matched,Validated automatically.
4147,INVREC01956-01,INVREC01956,1,SIE-002,Electrical Equipment,9,Unit,19028.89,0,5,8563,171260.01,PO-2024-0766,9,Matched,Ready for payment.
4148,INVREC01956-02,INVREC01956,2,SIE-001,Industrial Automation,4,Unit,49368.32,0,5,9873.66,197473.27,PO-2024-0766,4,Matched,Ready for payment.
4149,INVREC01957-01,INVREC01957,1,VGT-003,Storage Array,4,Unit,8495.42,0,18,6116.7,33981.66,PO-2025-1161,4,Matched,Successfully matched against PO.
4150,INVREC01957-02,INVREC01957,2,VGT-001,Server Equipment,4,Unit,21390.24,0,18,15400.97,85560.97,PO-2025-1161,4,Matched,Goods receipt confirmed.
4151,INVREC01957-03,INVREC01957,3,VGT-002,Network Switch,2,Unit,29127.14,0,18,10485.77,58254.28,PO-2025-1161,2,Matched,Successfully matched against PO.
4152,INVREC01958-01,INVREC01958,1,FAS-001,Industrial Fasteners,62,Box,1205.83,0,20,14952.31,74761.57,PO-2025-0751,62,Matched,Three-way match completed.
4153,INVREC01958-02,INVREC01958,2,FAS-002,Safety Supplies,10,Unit,10926.69,0,20,21853.38,109266.91,PO-2025-0751,10,Matched,Goods receipt confirmed.
4154,INVREC01959-01,INVREC01959,1,VGT-003,Storage Array,2,Unit,103961.07,0,20,41584.43,207922.14,PO-2026-0854,2,Matched,Three-way match completed.
4155,INVREC01959-02,INVREC01959,2,VGT-001,Server Equipment,4,Unit,63599.72,0,20,50879.77,254398.86,PO-2026-0854,4,Matched,Ready for payment.
4156,INVREC01960-01,INVREC01960,1,MSC-001,Metalworking Tools,13,Unit,9448.15,0,20,24565.18,122825.92,PO-2024-0346,13,Matched,Ready for payment.
4157,INVREC01960-02,INVREC01960,2,MSC-002,Abrasives,31,Box,1607.82,2492.12,20,9968.48,49842.4,PO-2024-0346,31,Matched,Successfully matched against PO.
4158,INVREC01961-01,INVREC01961,1,BAL-001,Electric Motors,4,Unit,11284.13,0,0,0,45136.51,PO-2023-0292,4,Matched,Validated automatically.
4159,INVREC01961-02,INVREC01961,2,BAL-002,Drives,1,Unit,37217.83,0,0,0,37217.83,PO-2023-0292,1,Matched,Matched to purchase order.
4160,INVREC01962-01,INVREC01962,1,UNI-002,Protective Gear,20,Unit,1522.46,0,10,3044.91,30449.12,PO-2024-0404,20,Matched,Ready for payment.
4161,INVREC01962-02,INVREC01962,2,UNI-001,Work Uniforms,39,Month,605.95,0,10,2363.22,23632.15,PO-2024-0404,39,Matched,Goods receipt confirmed.
4162,INVREC01963-01,INVREC01963,1,BAI-001,Strategy Services,35,Hour,5278,0,20,36946.03,184730.14,PO-2025-0106,35,Matched,Ready for payment.
4163,INVREC01963-02,INVREC01963,2,BAI-002,Due Diligence,1,Project,99350.66,0,20,19870.13,99350.66,PO-2025-0106,1,Matched,Successfully matched against PO.
4164,INVREC01964-01,INVREC01964,1,MIC-002,Fleet Services,4,Month,6178.2,0,10,2471.28,24712.81,PO-2026-0186,2,Price Mismatch,Price differs from PO by 7%.
4165,INVREC01964-02,INVREC01964,2,MIC-001,Truck Tires,18,Unit,1678.03,906.14,10,3020.45,30204.54,PO-2026-0186,16,Missing PO,Invoice has no purchase order.
4166,INVREC01965-01,INVREC01965,1,ADT-002,Alarm Systems,1,Unit,284537.68,0,5,14226.88,284537.68,PO-2025-0021,1,Matched,Validated automatically.
4167,INVREC01965-02,INVREC01965,2,ADT-001,Security Monitoring,12,Month,17086.21,0,5,10251.73,205034.5,PO-2025-0021,12,Matched,Successfully matched against PO.
4168,INVREC01966-01,INVREC01966,1,THO-001,Legal Research Software,20,User,8424.1,0,10,16848.19,168481.94,PO-2024-1467,20,Matched,Three-way match completed.
4169,INVREC01966-02,INVREC01966,2,THO-002,Tax Software,5,User,46455.22,0,10,23227.61,232276.08,PO-2024-1467,5,Matched,Validated automatically.
4170,INVREC01967-01,INVREC01967,1,DEW-001,Construction Tools,5,Unit,22384.72,5596.18,5,5316.37,111923.58,PO-2024-0694,4,Awaiting Approval,Pending goods receipt confirmation.
4171,INVREC01967-02,INVREC01967,2,DEW-002,Power Tools,1,Unit,104779.53,2095.59,5,5518.79,104779.53,PO-2024-0694,1,Awaiting Approval,Pending goods receipt confirmation.
4172,INVREC01968-01,INVREC01968,1,VER-002,Data Services,2,Month,22847.04,2284.7,20,8681.87,45694.07,PO-2023-1078,2,Matched,Goods receipt confirmed.
4173,INVREC01968-02,INVREC01968,2,VER-001,Mobile Services,40,Line,2586.46,0,20,21148.6,103458.27,PO-2023-1078,40,Matched,Validated automatically.
4174,INVREC01969-01,INVREC01969,1,CHR-002,Warehousing,82,Pallet,1791.17,7343.82,10,13953.25,146876.33,PO-2026-1478,82,Matched,Goods receipt confirmed.
4175,INVREC01969-02,INVREC01969,2,CHR-001,Freight Brokerage,8,Shipment,40529.55,0,10,33158.03,324236.42,PO-2026-1478,8,Matched,Ready for payment.
4176,INVREC01970-01,INVREC01970,1,PAR-002,Seals & Gaskets,29,Box,4386.21,0,18,22896,127200.02,PO-2023-1476,29,Matched,Matched to purchase order.
4177,INVREC01970-02,INVREC01970,2,PAR-001,Hydraulic Components,4,Unit,55650.01,0,18,40068.01,222600.03,PO-2023-1476,4,Matched,Ready for payment.
4178,INVREC01971-01,INVREC01971,1,REG-002,Power Transmission,6,Unit,22074.2,0,5,6622.26,132445.17,PO-2026-0272,6,Matched,Three-way match completed.
4179,INVREC01971-02,INVREC01971,2,REG-001,Motion Control,1,Unit,149720.63,0,5,7486.03,149720.63,PO-2026-0272,1,Matched,Goods receipt confirmed.
4180,INVREC01972-01,INVREC01972,1,MOD-002,Office Chair,14,Unit,19256.43,0,0,0,269589.98,PO-2026-1393,14,Matched,Validated automatically.
4181,INVREC01972-02,INVREC01972,2,MOD-001,Office Desk,8,Unit,12168.99,0,0,0,97351.94,PO-2026-1393,8,Matched,Matched to purchase order.
4182,INVREC01973-01,INVREC01973,1,GOO-002,Retread Services,17,Unit,4039.36,0,10,6866.92,68669.17,PO-2026-1420,17,Matched,Three-way match completed.
4183,INVREC01973-02,INVREC01973,2,GOO-001,Commercial Tires,27,Unit,3706.73,0,10,10008.17,100081.67,PO-2026-1420,27,Matched,Three-way match completed.
4184,INVREC01974-01,INVREC01974,1,GAT-002,Hydraulic Hose,217,Foot,1037.57,15760.76,20,41878.59,225153.7,PO-2026-0360,217,Matched,Matched to purchase order.
4185,INVREC01974-02,INVREC01974,2,GAT-001,Power Transmission Belts,47,Unit,3515.33,0,20,36196.29,165220.7,PO-2026-0360,47,Matched,Goods receipt confirmed.
4186,INVREC01975-01,INVREC01975,1,ALP-001,Heavy Machinery,1,Unit,129374.26,0,10,12937.43,129374.26,PO-2023-1101,1,Matched,Validated automatically.
4187,INVREC01975-02,INVREC01975,2,ALP-002,Spare Parts,10,Box,14026.89,0,10,14026.89,140268.93,PO-2023-1101,10,Matched,Validated automatically.
4188,INVREC01976-01,INVREC01976,1,GE-002,Medical Equipment,1,Unit,7501.26,0,20,1500.25,7501.26,PO-2026-1022,1,Matched,Three-way match completed.
4189,INVREC01976-02,INVREC01976,2,GE-001,Power Generation,2,Unit,4096.84,0,20,1638.74,8193.68,PO-2026-1022,2,Matched,Successfully matched against PO.
4190,INVREC01977-01,INVREC01977,1,DEW-002,Power Tools,6,Unit,17686.84,0,0,0,106121.06,PO-2023-1127,6,Matched,Goods receipt confirmed.
4191,INVREC01977-02,INVREC01977,2,DEW-001,Construction Tools,11,Unit,14320.31,0,0,0,157523.45,PO-2023-1127,11,Matched,Matched to purchase order.
4192,INVREC01978-01,INVREC01978,1,MOD-001,Office Desk,9,Unit,8100.95,0,20,14581.71,72908.56,PO-2024-1472,9,Matched,Goods receipt confirmed.
4193,INVREC01978-02,INVREC01978,2,MOD-002,Office Chair,10,Unit,12667.86,0,20,25335.72,126678.61,PO-2024-1472,10,Matched,Matched to purchase order.
4194,INVREC01979-01,INVREC01979,1,CUM-001,Engine Parts,5,Unit,26665.25,0,20,26665.25,133326.26,PO-2024-0508,5,Matched,Matched to purchase order.
4195,INVREC01979-02,INVREC01979,2,CUM-002,Generators,1,Unit,270461.84,0,20,54092.37,270461.84,PO-2024-0508,1,Matched,Successfully matched against PO.
4196,INVREC01980-01,INVREC01980,1,THO-001,Legal Research Software,5,User,14917.78,0,5,3729.44,74588.89,PO-2023-1362,5,Matched,Matched to purchase order.
4197,INVREC01980-02,INVREC01980,2,THO-002,Tax Software,5,User,23981.75,0,5,5995.44,119908.73,PO-2023-1362,5,Matched,Successfully matched against PO.
4198,INVREC01981-01,INVREC01981,1,CIS-002,Switch,4,Unit,16829.52,0,20,13463.61,67318.06,PO-2023-1028,4,Matched,Successfully matched against PO.
4199,INVREC01981-02,INVREC01981,2,CIS-001,Network Router,5,Unit,8020.87,0,20,8020.87,40104.37,PO-2023-1028,5,Matched,Ready for payment.
4200,INVREC01982-01,INVREC01982,1,UNI-002,Protective Gear,18,Unit,6665.43,0,10,11997.78,119977.79,PO-2023-0832,18,Matched,Matched to purchase order.
4201,INVREC01982-02,INVREC01982,2,UNI-001,Work Uniforms,20,Month,7475.54,7475.54,10,14951.08,149510.79,PO-2023-0832,20,Matched,Validated automatically.
4202,INVREC01983-01,INVREC01983,1,KUN-002,Air Freight,3,Shipment,4770.04,1144.81,5,658.27,14310.13,PO-2026-0422,3,Awaiting Approval,Pending goods receipt confirmation.
4203,INVREC01983-02,INVREC01983,2,KUN-001,Supply Chain Management,3,Month,8177.22,0,5,1283.82,24531.65,PO-2026-0422,2,Awaiting Approval,Pending goods receipt confirmation.
4204,INVREC01984-01,INVREC01984,1,IMP-002,Customs Brokerage,1,Shipment,219820.82,0,0,0,219820.82,PO-2025-0919,1,Matched,Goods receipt confirmed.
4205,INVREC01984-02,INVREC01984,2,IMP-001,Container Freight,2,Container,80364.6,0,0,0,160729.2,PO-2025-0919,2,Matched,Validated automatically.
4206,INVREC01985-01,INVREC01985,1,BOS-001,Hydraulic Systems,4,Unit,24368.29,0,10,9747.32,97473.15,PO-2024-0787,4,Matched,Three-way match completed.
4207,INVREC01985-02,INVREC01985,2,BOS-002,Linear Motion,3,Unit,41326.33,8678.53,10,12397.9,123979,PO-2024-0787,3,Matched,Matched to purchase order.
4208,INVREC01986-01,INVREC01986,1,BRI-002,Tire Services,5,Month,46335.16,13900.55,5,10888.76,231675.79,PO-2025-1132,5,Matched,Goods receipt confirmed.
4209,INVREC01986-02,INVREC01986,2,BRI-001,Tires,20,Unit,10702.41,0,5,11397.44,214048.29,PO-2025-1132,20,Matched,Successfully matched against PO.
4210,INVREC01987-01,INVREC01987,1,FES-002,Valves,29,Unit,392.28,0,10,1137.6,11376.02,PO-2024-1051,29,Matched,Matched to purchase order.
4211,INVREC01987-02,INVREC01987,2,FES-001,Pneumatic Systems,18,Unit,612.25,0,10,1102.05,11020.52,PO-2024-1051,18,Matched,Matched to purchase order.
4212,INVREC01988-01,INVREC01988,1,CHR-002,Warehousing,97,Pallet,895.72,0,10,8688.51,86885.09,PO-2023-0400,97,Matched,Successfully matched against PO.
4213,INVREC01988-02,INVREC01988,2,CHR-001,Freight Brokerage,10,Shipment,10356,0,10,10356,103560.01,PO-2023-0400,10,Matched,Ready for payment.
4214,INVREC01989-01,INVREC01989,1,PWC-001,Assurance Services,1,Project,121054.35,0,10,12105.44,121054.35,PO-2023-0843,1,Matched,Validated automatically.
4215,INVREC01989-02,INVREC01989,2,PWC-002,Advisory Services,29,Hour,3330.05,0,10,9657.15,96571.45,PO-2023-0843,29,Matched,Validated automatically.
4216,INVREC01990-01,INVREC01990,1,ATT-001,Phone Services,13,Line,494.12,0,0,0,6423.51,PO-2023-0047,13,Matched,Goods receipt confirmed.
4217,INVREC01990-02,INVREC01990,2,ATT-002,Internet Services,7,Month,547.63,0,0,0,3833.38,PO-2023-0047,7,Matched,Successfully matched against PO.
4218,INVREC01991-01,INVREC01991,1,JLL-002,Leasing Services,1,Project,199574.47,0,0,0,199574.47,PO-2026-0465,1,Matched,Ready for payment.
4219,INVREC01991-02,INVREC01991,2,JLL-001,Property Management,7,Month,29852.32,0,0,0,208966.21,PO-2026-0465,7,Matched,Successfully matched against PO.
4220,INVREC01992-01,INVREC01992,1,QL-001,Domestic Freight,32,Pallet,3888.83,0,10,12444.25,124442.54,PO-2023-0158,32,Matched,Three-way match completed.
4221,INVREC01992-02,INVREC01992,2,QL-002,Courier Services,28,Package,5193.43,0,10,14541.6,145416.01,PO-2023-0158,28,Matched,Goods receipt confirmed.
4222,INVREC01993-01,INVREC01993,1,JLL-001,Property Management,4,Month,7262.28,0,18,5228.84,29049.11,PO-2026-0975,4,Matched,Three-way match completed.
4223,INVREC01993-02,INVREC01993,2,JLL-002,Leasing Services,1,Project,56870.78,0,18,10236.74,56870.78,PO-2026-0975,1,Matched,Validated automatically.
4224,INVREC01994-01,INVREC01994,1,JCI-002,Building Automation,1,System,159242.7,9554.56,20,29937.63,159242.7,PO-2026-1315,1,Matched,Three-way match completed.
4225,INVREC01994-02,INVREC01994,2,JCI-001,HVAC System,1,Unit,308685.85,0,20,63648.08,308685.85,PO-2026-1315,1,Matched,Three-way match completed.
4226,INVREC01995-01,INVREC01995,1,PAR-001,Hydraulic Components,6,Unit,18392.27,0,18,19863.65,110353.59,PO-2023-1476,6,Matched,Successfully matched against PO.
4227,INVREC01995-02,INVREC01995,2,PAR-002,Seals & Gaskets,26,Box,9209.48,0,18,43100.36,239446.46,PO-2023-1476,26,Matched,Goods receipt confirmed.
4228,INVREC01996-01,INVREC01996,1,GEN-002,Miscellaneous Supplies,6,Each,9290.8,0,10,5574.48,55744.8,PO-2026-0516,6,Matched,Ready for payment.
4229,INVREC01996-02,INVREC01996,2,GEN-001,General Services,31,Hour,3887.33,0,10,12050.71,120507.14,PO-2026-0516,31,Matched,Three-way match completed.
4230,INVREC01997-01,INVREC01997,1,BRI-002,Tire Services,8,Month,19818.02,0,5,7927.21,158544.19,PO-2026-0527,8,Matched,Three-way match completed.
4231,INVREC01997-02,INVREC01997,2,BRI-001,Tires,13,Unit,9307.25,0,5,6049.71,120994.25,PO-2026-0527,13,Matched,Matched to purchase order.
4232,INVREC01998-01,INVREC01998,1,MSC-001,Metalworking Tools,12,Unit,13025.44,0,5,7815.26,156305.26,PO-2025-0084,12,Matched,Successfully matched against PO.
4233,INVREC01998-02,INVREC01998,2,MSC-002,Abrasives,26,Box,2605.09,0,5,3386.61,67732.28,PO-2025-0084,26,Matched,Ready for payment.
4234,INVREC01999-01,INVREC01999,1,ECO-002,Sanitation Services,2,Month,39688.7,0,18,14287.93,79377.39,PO-2023-0742,2,Matched,Successfully matched against PO.
4235,INVREC01999-02,INVREC01999,2,ECO-001,Cleaning Chemicals,19,Case,5691.44,0,18,19464.72,108137.31,PO-2023-0742,19,Matched,Goods receipt confirmed.
4236,INVREC02000-01,INVREC02000,1,CMX-001,Broadband Internet,6,Month,31793.38,0,0,0,190760.3,PO-2023-1207,6,Matched,Three-way match completed.
4237,INVREC02000-02,INVREC02000,2,CMX-002,Voice Services,42,Line,2940.81,0,0,0,123513.87,PO-2023-1207,42,Matched,Goods receipt confirmed.
4238,INVREC02001-01,INVREC02001,1,SFS-001,CRM License,63,User,3845.46,0,5,12113.19,242263.72,PO-2025-0165,50,Awaiting Approval,Pending goods receipt confirmation.
4239,INVREC02001-02,INVREC02001,2,SFS-002,Sales Cloud,21,User,11288.27,0,5,11852.69,237053.74,PO-2025-0165,20,Awaiting Approval,Pending goods receipt confirmation.
4240,INVREC02002-01,INVREC02002,1,ECO-002,Sanitation Services,4,Month,4691.06,0,20,3752.85,18764.26,PO-2026-0248,4,Matched,Matched to purchase order.
4241,INVREC02002-02,INVREC02002,2,ECO-001,Cleaning Chemicals,13,Case,1670.23,0,20,4342.59,21712.93,PO-2026-0248,13,Matched,Matched to purchase order.
4242,INVREC02003-01,INVREC02003,1,CAT-001,Construction Equipment,1,Unit,7932.77,793.28,10,713.95,7932.77,PO-2024-0055,1,Matched,Matched to purchase order.
4243,INVREC02003-02,INVREC02003,2,CAT-002,Spare Parts,15,Box,1283.11,0,10,2004,19246.71,PO-2024-0055,15,Matched,Validated automatically.
4244,INVREC02004-01,INVREC02004,1,SEC-002,Access Control Systems,8,Unit,10598.11,0,5,4239.25,84784.91,PO-2024-0706,8,Matched,Successfully matched against PO.
4245,INVREC02004-02,INVREC02004,2,SEC-001,Security Guard Services,135,Hour,805.78,0,5,5439.03,108780.65,PO-2024-0706,135,Matched,Three-way match completed.
4246,INVREC02005-01,INVREC02005,1,VGT-001,Server Equipment,2,Unit,23875.13,0,0,0,47750.26,PO-2026-1343,2,Matched,Ready for payment.
4247,INVREC02005-02,INVREC02005,2,VGT-003,Storage Array,1,Unit,55563.93,0,0,0,55563.93,PO-2026-1343,1,Matched,Successfully matched against PO.
4248,INVREC02005-03,INVREC02005,3,VGT-002,Network Switch,7,Unit,4837.04,0,0,0,33859.27,PO-2026-1343,7,Matched,Ready for payment.
4249,INVREC02006-01,INVREC02006,1,WWG-001,MRO Supplies,15,Box,12793.93,0,18,34543.61,191908.92,PO-2023-0754,15,Matched,Three-way match completed.
4250,INVREC02006-02,INVREC02006,2,WWG-002,HVAC Parts,2,Unit,48394.42,0,18,17421.99,96788.84,PO-2023-0754,2,Matched,Matched to purchase order.
4251,INVREC02007-01,INVREC02007,1,JLL-002,Leasing Services,2,Project,11168.92,0,5,1116.89,22337.83,PO-2026-1014,2,Matched,Goods receipt confirmed.
4252,INVREC02007-02,INVREC02007,2,JLL-001,Property Management,12,Month,2176.74,0,5,1306.04,26120.84,PO-2026-1014,12,Matched,Validated automatically.
4253,INVREC02008-01,INVREC02008,1,MOD-001,Office Desk,1,Unit,155587.59,0,5,7779.38,155587.59,PO-2024-0748,1,Matched,Three-way match completed.
4254,INVREC02008-02,INVREC02008,2,MOD-002,Office Chair,9,Unit,21147.83,0,5,9516.52,190330.44,PO-2024-0748,9,Matched,Successfully matched against PO.
4255,INVREC02009-01,INVREC02009,1,SCH-001,Energy Management,3,System,50261.17,0,18,27141.03,150783.52,PO-2024-0776,3,Matched,Validated automatically.
4256,INVREC02009-02,INVREC02009,2,SCH-002,Electrical Components,17,Unit,7304.39,0,18,22351.44,124174.67,PO-2024-0776,17,Matched,Three-way match completed.
4257,INVREC02010-01,INVREC02010,1,SEC-002,Access Control Systems,3,Unit,1570.66,0,20,942.4,4711.99,PO-2023-0788,3,Matched,Successfully matched against PO.
4258,INVREC02010-02,INVREC02010,2,SEC-001,Security Guard Services,154,Hour,45.17,0,20,1391.16,6955.8,PO-2023-0788,154,Matched,Matched to purchase order.
4259,INVREC02011-01,INVREC02011,1,MS-AZ,Azure Subscription,3,Month,9570.66,0,18,5168.16,28711.98,PO-2026-0863,3,Awaiting Approval,Pending goods receipt confirmation.
4260,INVREC02011-02,INVREC02011,2,MS-PBI,Power BI Pro,100,Seat,478.53,0,18,8613.59,47853.29,PO-2026-0863,76,Awaiting Approval,Pending goods receipt confirmation.
4261,INVREC02012-01,INVREC02012,1,SUM-002,Implementation Service,12,Hour,4077.31,0,5,2446.38,48927.69,PO-2023-0080,12,Matched,Matched to purchase order.
4262,INVREC02012-02,INVREC02012,2,SUM-001,Software License,44,User,919.8,0,5,2023.55,40471.06,PO-2023-0080,44,Matched,Successfully matched against PO.
4263,INVREC02013-01,INVREC02013,1,PWC-001,Assurance Services,1,Project,164611,0,0,0,164611,PO-2026-0343,1,Matched,Successfully matched against PO.
4264,INVREC02013-02,INVREC02013,2,PWC-002,Advisory Services,30,Hour,5638.4,0,0,0,169152,PO-2026-0343,30,Matched,Ready for payment.
4265,INVREC02014-01,INVREC02014,1,SAMI-02,Design Work,6,Hour,35179.7,0,5,10553.91,211078.18,PO-2026-0999,6,Matched,Validated automatically.
4266,INVREC02014-02,INVREC02014,2,SAMI-01,Consulting Services,3,Hour,29081.88,0,5,4362.28,87245.65,PO-2026-0999,3,Matched,Three-way match completed.
4267,INVREC02015-01,INVREC02015,1,HPE-002,Storage Array,5,Unit,19012.11,0,0,0,95060.56,PO-2025-1456,5,Matched,Matched to purchase order.
4268,INVREC02015-02,INVREC02015,2,HPE-001,Server,2,Unit,41908.42,0,0,0,83816.84,PO-2025-1456,2,Matched,Matched to purchase order.
4269,INVREC02016-01,INVREC02016,1,MAE-002,Freight Forwarding,3,Shipment,41304.65,0,18,22304.51,123913.94,PO-2023-1220,3,Matched,Successfully matched against PO.
4270,INVREC02016-02,INVREC02016,2,MAE-001,Container Shipping,5,Container,27933.14,0,18,25139.83,139665.72,PO-2023-1220,5,Matched,Goods receipt confirmed.
4271,INVREC02017-01,INVREC02017,1,NH-002,Market Analysis,2,Project,149974.83,0,5,14997.48,299949.65,PO-2023-1238,2,Awaiting Approval,Pending goods receipt confirmation.
4272,INVREC02017-02,INVREC02017,2,NH-001,Strategic Consulting,13,Hour,8991.7,0,5,5844.61,116892.14,PO-2023-1238,12,Awaiting Approval,Pending goods receipt confirmation.
4273,INVREC02018-01,INVREC02018,1,APP-003,iPhone,16,Unit,1696.38,0,5,1357.1,27142.05,PO-2026-1109,16,Matched,Validated automatically.
4274,INVREC02018-02,INVREC02018,2,APP-001,MacBook Pro,1,Unit,20295.4,0,5,1014.77,20295.4,PO-2026-1109,1,Matched,Matched to purchase order.
4275,INVREC02019-01,INVREC02019,1,WMI-001,Waste Collection,4,Month,5864.73,0,20,4691.79,23458.93,PO-2023-0806,4,Matched,Three-way match completed.
4276,INVREC02019-02,INVREC02019,2,WMI-002,Recycling Services,1,Month,43354.48,0,20,8670.9,43354.48,PO-2023-0806,1,Matched,Validated automatically.
4277,INVREC02020-01,INVREC02020,1,BRI-002,Tire Services,6,Month,9659.26,0,20,11591.11,57955.57,PO-2023-0619,4,Quantity Mismatch,Quantity exceeds PO by 31%.
4278,INVREC02020-02,INVREC02020,2,BRI-001,Tires,40,Unit,1388.52,0,20,11108.15,55540.76,PO-2023-0619,38,Quantity Mismatch,Quantity exceeds PO by 28%.
4279,INVREC02021-01,INVREC02021,1,FAS-002,Safety Supplies,26,Unit,3201.02,0,10,8322.66,83226.57,PO-2023-0852,26,Matched,Ready for payment.
4280,INVREC02021-02,INVREC02021,2,FAS-001,Industrial Fasteners,78,Box,1371.87,0,10,10700.56,107005.58,PO-2023-0852,78,Matched,Goods receipt confirmed.
4281,INVREC02022-01,INVREC02022,1,DEL-001,Audit Services,1,Project,114611.67,5730.58,18,19598.6,114611.67,PO-2025-0801,1,Matched,Goods receipt confirmed.
4282,INVREC02022-02,INVREC02022,2,DEL-002,Tax Consulting,12,Hour,6208.13,0,18,14441.07,74497.59,PO-2025-0801,12,Matched,Ready for payment.
4283,INVREC02023-01,INVREC02023,1,IBM-002,Consulting Services,5,Hour,12471.3,0,18,11224.17,62356.48,PO-2023-0195,5,Matched,Matched to purchase order.
4284,INVREC02023-02,INVREC02023,2,IBM-001,Mainframe Hardware,1,Unit,30869.54,0,18,5556.52,30869.54,PO-2023-0195,1,Matched,Ready for payment.
4285,INVREC02024-01,INVREC02024,1,ATL-001,Air Cargo Charter,1,Flight,344509.77,0,10,34450.98,344509.77,PO-2025-0981,1,Matched,Ready for payment.
4286,INVREC02025-01,INVREC02025,1,APP-001,MacBook Pro,2,Unit,56390,0,10,11278,112780,PO-2026-1475,2,Matched,Ready for payment.
4287,INVREC02025-02,INVREC02025,2,APP-002,iPad,11,Unit,16928.92,0,10,18621.81,186218.15,PO-2026-1475,11,Matched,Successfully matched against PO.
4288,INVREC02025-03,INVREC02025,3,APP-003,iPhone,27,Unit,4905.59,0,10,13245.09,132450.93,PO-2026-1475,27,Matched,Matched to purchase order.
4289,INVREC02026-01,INVREC02026,1,TIM-002,Lubrication Systems,6,Unit,25041.93,0,20,30050.32,150251.59,PO-2024-1226,6,Matched,Matched to purchase order.
4290,INVREC02026-02,INVREC02026,2,TIM-001,Bearings,5,Unit,43465.64,0,20,43465.64,217328.19,PO-2024-1226,5,Matched,Validated automatically.
4291,INVREC02027-01,INVREC02027,1,GE-002,Medical Equipment,2,Unit,95838.91,0,5,9583.89,191677.82,PO-2024-0834,2,Matched,Three-way match completed.
4292,INVREC02027-02,INVREC02027,2,GE-001,Power Generation,1,Unit,191677.83,0,5,9583.89,191677.83,PO-2024-0834,1,Matched,Validated automatically.
4293,INVREC02028-01,INVREC02028,1,MAK-001,Power Tools,10,Unit,12086.62,0,0,0,120866.2,PO-2026-0210,10,Matched,Ready for payment.
4294,INVREC02028-02,INVREC02028,2,MAK-002,Accessories,21,Box,12881.43,0,0,0,270510.06,PO-2026-0210,21,Matched,Goods receipt confirmed.
4295,INVREC02029-01,INVREC02029,1,SKF-002,Seals,19,Box,604.78,0,0,0,11490.82,PO-2023-0223,19,Matched,Three-way match completed.
4296,INVREC02029-02,INVREC02029,2,SKF-001,Industrial Bearings,32,Unit,470.53,0,0,0,15056.94,PO-2023-0223,32,Matched,Goods receipt confirmed.
4297,INVREC02030-01,INVREC02030,1,GAT-002,Hydraulic Hose,346,Foot,484.44,0,20,33523.04,167615.18,PO-2024-1169,346,Matched,Validated automatically.
4298,INVREC02030-02,INVREC02030,2,GAT-001,Power Transmission Belts,8,Unit,15713.92,0,20,25142.28,125711.38,PO-2024-1169,8,Matched,Goods receipt confirmed.
4299,INVREC02031-01,INVREC02031,1,SKF-002,Seals,3,Box,22611.39,0,10,6783.42,67834.16,PO-2024-0960,3,Matched,Validated automatically.
4300,INVREC02031-02,INVREC02031,2,SKF-001,Industrial Bearings,32,Unit,3123.94,0,10,9996.61,99966.13,PO-2024-0960,32,Matched,Ready for payment.
4301,INVREC02032-01,INVREC02032,1,ELT-001,Janitorial Services,15,Visit,10310.74,0,10,15466.11,154661.11,PO-2026-0139,15,Matched,Three-way match completed.
4302,INVREC02032-02,INVREC02032,2,ELT-002,Facility Maintenance,17,Hour,7960.5,0,10,13532.85,135328.48,PO-2026-0139,17,Matched,Three-way match completed.
4303,INVREC02033-01,INVREC02033,1,ABB-001,Power Automation,3,Unit,76096.63,0,0,0,228289.89,PO-2023-0936,3,Matched,Validated automatically.
4304,INVREC02033-02,INVREC02033,2,ABB-002,Drives & Motors,10,Unit,15381.23,6152.49,0,0,153812.34,PO-2023-0936,10,Matched,Successfully matched against PO.
4305,INVREC02034-01,INVREC02034,1,ZF-002,Industrial Drives,5,Unit,22927.8,0,20,22927.8,114639,PO-2024-1278,5,Matched,Goods receipt confirmed.
4306,INVREC02034-02,INVREC02034,2,ZF-001,Automotive Components,8,Unit,24801.71,0,20,39682.73,198413.66,PO-2024-1278,8,Matched,Goods receipt confirmed.
4307,INVREC02035-01,INVREC02035,1,MAE-001,Container Shipping,5,Container,51890.17,0,10,25945.08,259450.84,PO-2025-0062,5,Matched,Validated automatically.
4308,INVREC02035-02,INVREC02035,2,MAE-002,Freight Forwarding,2,Shipment,108584.98,0,10,21717,217169.96,PO-2025-0062,2,Matched,Validated automatically.
4309,INVREC02036-01,INVREC02036,1,ATL-001,Air Cargo Charter,1,Flight,382105.71,0,18,68779.03,382105.71,PO-2024-1231,1,Matched,Matched to purchase order.
4310,INVREC02037-01,INVREC02037,1,SEC-001,Security Guard Services,43,Hour,4116.01,0,18,31857.89,176988.3,PO-2025-0696,43,Matched,Validated automatically.
4311,INVREC02037-02,INVREC02037,2,SEC-002,Access Control Systems,8,Unit,30024.8,0,18,43235.71,240198.41,PO-2025-0696,8,Matched,Matched to purchase order.
4312,INVREC02038-01,INVREC02038,1,PAR-002,Seals & Gaskets,32,Box,8843.1,0,0,0,282979.29,PO-2024-0838,32,Matched,Ready for payment.
4313,INVREC02038-02,INVREC02038,2,PAR-001,Hydraulic Components,13,Unit,14697.81,0,0,0,191071.48,PO-2024-0838,13,Matched,Ready for payment.
4314,INVREC02039-01,INVREC02039,1,FES-001,Pneumatic Systems,20,Unit,10154.17,0,0,0,203083.45,PO-2026-0215,20,Matched,Matched to purchase order.
4315,INVREC02039-02,INVREC02039,2,FES-002,Valves,26,Unit,3478.81,0,0,0,90448.93,PO-2026-0215,26,Matched,Successfully matched against PO.
4316,INVREC02040-01,INVREC02040,1,PIN-001,Financial Advisory,5,Hour,1971.81,0,0,0,9859.07,PO-2026-0495,5,Matched,Goods receipt confirmed.
4317,INVREC02040-02,INVREC02040,2,PIN-002,Investment Services,1,Project,11405.58,0,0,0,11405.58,PO-2026-0495,1,Matched,Ready for payment.
4318,INVREC02041-01,INVREC02041,1,MCM-001,Fasteners,37,Box,3622.84,0,10,13404.51,134045.14,PO-2023-1017,37,Matched,Successfully matched against PO.
4319,INVREC02041-02,INVREC02041,2,MCM-002,Hardware,8,Each,32813.13,0,10,26250.51,262505.06,PO-2023-1017,8,Matched,Ready for payment.
4320,INVREC02042-01,INVREC02042,1,APP-003,iPhone,14,Unit,10435.65,10226.94,10,13587.22,146099.16,PO-2026-1475,14,Matched,Successfully matched against PO.
4321,INVREC02042-02,INVREC02042,2,APP-001,MacBook Pro,4,Unit,34812.69,0,10,13925.08,139250.76,PO-2026-1475,4,Matched,Matched to purchase order.
4322,INVREC02042-03,INVREC02042,3,APP-002,iPad,5,Unit,29219.83,0,10,15632.61,146099.16,PO-2026-1475,5,Matched,Three-way match completed.
4323,INVREC02043-01,INVREC02043,1,JLL-002,Leasing Services,1,Project,251082.29,0,0,0,251082.29,PO-2026-0465,1,Matched,Goods receipt confirmed.
4324,INVREC02043-02,INVREC02043,2,JLL-001,Property Management,6,Month,26243.07,0,0,0,157458.39,PO-2026-0465,6,Matched,Matched to purchase order.
4325,INVREC02044-01,INVREC02044,1,MIC-001,Truck Tires,37,Unit,322.01,0,5,595.72,11914.47,PO-2026-0103,37,Matched,Ready for payment.
4326,INVREC02044-02,INVREC02044,2,MIC-002,Fleet Services,8,Month,697.12,0,5,278.85,5576.98,PO-2026-0103,8,Matched,Goods receipt confirmed.
4327,INVREC02045-01,INVREC02045,1,MOO-001,Credit Risk Software,3,User,76963.12,0,20,46177.87,230889.36,PO-2026-0399,3,Matched,Matched to purchase order.
4328,INVREC02045-02,INVREC02045,2,MOO-002,Financial Data Service,4,Month,49760.64,0,20,39808.51,199042.55,PO-2026-0399,4,Matched,Goods receipt confirmed.
4329,INVREC02046-01,INVREC02046,1,GE-001,Power Generation,1,Unit,179411.61,0,18,32294.09,179411.61,PO-2026-0668,1,Matched,Goods receipt confirmed.
4330,INVREC02046-02,INVREC02046,2,GE-002,Medical Equipment,2,Unit,75848.82,9101.86,18,27305.57,151697.63,PO-2026-0668,2,Matched,Ready for payment.
4331,INVREC02047-01,INVREC02047,1,TYC-002,Building Safety,1,System,8779.16,0,0,0,8779.16,PO-2023-0078,1,Matched,Matched to purchase order.
4332,INVREC02047-02,INVREC02047,2,TYC-001,Fire Protection Systems,1,Unit,7859.43,0,0,0,7859.43,PO-2023-0078,1,Matched,Ready for payment.
4333,INVREC02048-01,INVREC02048,1,IR-001,Compressed Air Systems,5,Unit,52642.13,0,18,47377.91,263210.63,PO-2023-0923,5,Matched,Three-way match completed.
4334,INVREC02048-02,INVREC02048,2,IR-002,Air Tools,16,Unit,13708.89,0,18,39481.59,219342.19,PO-2023-0923,16,Matched,Matched to purchase order.
4335,INVREC02049-01,INVREC02049,1,KMB-001,Paper Towels,34,Case,8459.91,0,5,14381.84,287636.78,PO-2024-0665,34,Matched,Successfully matched against PO.
4336,INVREC02049-02,INVREC02049,2,KMB-002,Sanitary Products,4,Case,30051.61,0,5,6010.32,120206.42,PO-2024-0665,4,Matched,Goods receipt confirmed.
4337,INVREC02050-01,INVREC02050,1,MOO-001,Credit Risk Software,9,User,10854.79,0,5,4884.66,97693.11,PO-2026-0181,9,Matched,Successfully matched against PO.
4338,INVREC02050-02,INVREC02050,2,MOO-002,Financial Data Service,8,Month,20900.69,0,5,8360.28,167205.51,PO-2026-0181,8,Matched,Matched to purchase order.
4339,INVREC02051-01,INVREC02051,1,NH-001,Strategic Consulting,29,Hour,4341.99,0,0,0,125917.79,PO-2023-1151,29,Matched,Successfully matched against PO.
4340,INVREC02051-02,INVREC02051,2,NH-002,Market Analysis,1,Project,139034.22,9732.4,0,0,139034.22,PO-2023-1151,1,Matched,Three-way match completed.
4341,INVREC02052-01,INVREC02052,1,CAT-002,Spare Parts,6,Box,28050.5,0,10,16830.3,168302.97,PO-2025-0348,6,Matched,Goods receipt confirmed.
4342,INVREC02052-02,INVREC02052,2,CAT-001,Construction Equipment,3,Unit,72544.38,15234.32,10,21763.31,217633.14,PO-2025-0348,3,Matched,Validated automatically.
4343,INVREC02053-01,INVREC02053,1,MCM-001,Fasteners,81,Box,2693.82,0,20,43639.83,218199.14,PO-2023-0841,81,Matched,Ready for payment.
4344,INVREC02053-02,INVREC02053,2,MCM-002,Hardware,21,Each,10250.97,0,20,43054.06,215270.29,PO-2023-0841,21,Matched,Ready for payment.
4345,INVREC02054-01,INVREC02054,1,THO-001,Legal Research Software,10,User,1953.48,0,10,1953.48,19534.75,PO-2024-0563,10,Matched,Three-way match completed.
4346,INVREC02054-02,INVREC02054,2,THO-002,Tax Software,1,User,38459.03,0,10,3845.9,38459.03,PO-2024-0563,1,Matched,Goods receipt confirmed.
4347,INVREC02055-01,INVREC02055,1,HPE-001,Server,1,Unit,38357.89,0,10,3835.79,38357.89,PO-2024-0461,1,Matched,Matched to purchase order.
4348,INVREC02055-02,INVREC02055,2,HPE-002,Storage Array,5,Unit,18073.72,0,10,9036.86,90368.59,PO-2024-0461,5,Matched,Validated automatically.
4349,INVREC02056-01,INVREC02056,1,PAR-001,Hydraulic Components,13,Unit,18864.43,0,5,12261.88,245237.59,PO-2024-1440,13,Matched,Ready for payment.
4350,INVREC02056-02,INVREC02056,2,PAR-002,Seals & Gaskets,26,Box,9177.29,0,5,11930.48,238609.54,PO-2024-1440,26,Matched,Goods receipt confirmed.
4351,INVREC02057-01,INVREC02057,1,NH-001,Strategic Consulting,29,Hour,1067.03,0,10,3094.39,30943.86,PO-2025-1270,25,Awaiting Approval,Pending goods receipt confirmation.
4352,INVREC02057-02,INVREC02057,2,NH-002,Market Analysis,1,Project,36101.17,0,10,3610.12,36101.17,PO-2025-1270,1,Awaiting Approval,Pending goods receipt confirmation.
4353,INVREC02058-01,INVREC02058,1,VMW-001,vSphere License,1,CPU,112347.94,0,18,20222.63,112347.94,PO-2025-1392,1,Matched,Three-way match completed.
4354,INVREC02058-02,INVREC02058,2,VMW-002,Support Services,3,Year,36446.21,5466.93,18,19680.95,109338.62,PO-2025-1392,3,Matched,Goods receipt confirmed.
4355,INVREC02059-01,INVREC02059,1,MAK-002,Accessories,28,Box,598.35,0,10,1675.37,16753.74,PO-2025-1009,28,Matched,Matched to purchase order.
4356,INVREC02059-02,INVREC02059,2,MAK-001,Power Tools,4,Unit,6216.52,0,10,2486.61,24866.08,PO-2025-1009,4,Matched,Validated automatically.
4357,INVREC02060-01,INVREC02060,1,IR-001,Compressed Air Systems,4,Unit,21379.49,0,20,17103.59,85517.95,PO-2025-0930,4,Matched,Validated automatically.
4358,INVREC02060-02,INVREC02060,2,IR-002,Air Tools,15,Unit,9361.22,0,20,28083.67,140418.35,PO-2025-0930,15,Matched,Goods receipt confirmed.
4359,INVREC02061-01,INVREC02061,1,FTI-002,Expert Witness Services,1,Project,107782.5,0,20,21556.5,107782.5,PO-2024-0941,1,Matched,Three-way match completed.
4360,INVREC02061-02,INVREC02061,2,FTI-001,Forensic Accounting,9,Hour,7719.96,0,20,13895.92,69479.62,PO-2024-0941,9,Matched,Matched to purchase order.
4361,INVREC02062-01,INVREC02062,1,DELL-LAT,Latitude Laptop,8,Unit,7532.25,0,18,10846.44,60257.99,PO-2024-0010,8,Matched,Successfully matched against PO.
4362,INVREC02062-02,INVREC02062,2,DELL-KB,Keyboard,16,Unit,7030.1,0,18,20246.68,112481.57,PO-2024-0010,16,Matched,Matched to purchase order.
4363,INVREC02062-03,INVREC02062,3,DELL-MON,"24"" Monitor",14,Unit,4705.86,0,18,11858.77,65882.06,PO-2024-0010,14,Matched,Ready for payment.
4364,INVREC02062-04,INVREC02062,4,DELL-DOCK,Docking Station,15,Unit,6427.52,0,18,17354.3,96412.78,PO-2024-0010,15,Matched,Three-way match completed.
4365,INVREC02063-01,INVREC02063,1,MAK-002,Accessories,21,Box,5329.22,0,10,11191.36,111913.58,PO-2026-0839,21,Matched,Matched to purchase order.
4366,INVREC02063-02,INVREC02063,2,MAK-001,Power Tools,2,Unit,114382.27,0,10,22876.45,228764.53,PO-2026-0839,2,Matched,Ready for payment.
4367,INVREC02064-01,INVREC02064,1,MOO-002,Financial Data Service,11,Month,3594.59,0,20,7908.1,39540.51,PO-2023-0227,11,Matched,Validated automatically.
4368,INVREC02064-02,INVREC02064,2,MOO-001,Credit Risk Software,3,User,10189.71,0,20,6113.83,30569.13,PO-2023-0227,3,Matched,Successfully matched against PO.
4369,INVREC02065-01,INVREC02065,1,HIL-002,Anchoring Systems,8,Box,23557.94,0,18,33923.43,188463.51,PO-2023-1317,8,Matched,Matched to purchase order.
4370,INVREC02065-02,INVREC02065,2,HIL-001,Power Tools,7,Unit,21993.73,0,18,27712.1,153956.1,PO-2023-1317,7,Matched,Validated automatically.
4371,INVREC02066-01,INVREC02066,1,REG-002,Power Transmission,7,Unit,13038.13,0,20,18253.38,91266.91,PO-2024-0250,7,Matched,Validated automatically.
4372,INVREC02066-02,INVREC02066,2,REG-001,Motion Control,5,Unit,29806.15,0,20,29806.15,149030.77,PO-2024-0250,5,Matched,Validated automatically.
4373,INVREC02067-01,INVREC02067,1,HIL-002,Anchoring Systems,6,Box,14367.16,0,10,8620.3,86202.95,PO-2026-1012,6,Matched,Matched to purchase order.
4374,INVREC02067-02,INVREC02067,2,HIL-001,Power Tools,3,Unit,16491,0,10,4947.3,49472.99,PO-2026-1012,3,Matched,Validated automatically.
4375,INVREC02068-01,INVREC02068,1,CIN-002,Floor Mats,48,Month,3577.69,0,10,17172.89,171728.92,PO-2024-0543,48,Matched,Goods receipt confirmed.
4376,INVREC02068-02,INVREC02068,2,CIN-001,Uniforms Rental,14,Month,13005.29,0,10,18207.4,182074.04,PO-2024-0543,14,Matched,Matched to purchase order.
4377,INVREC02069-01,INVREC02069,1,SAMI-01,Consulting Services,1,Hour,151734.5,0,10,15173.45,151734.5,PO-2023-1335,1,Matched,Ready for payment.
4378,INVREC02069-02,INVREC02069,2,SAMI-02,Design Work,7,Hour,31572.08,0,10,22100.46,221004.59,PO-2023-1335,7,Matched,Ready for payment.
4379,INVREC02070-01,INVREC02070,1,APP-003,iPhone,8,Unit,16853,13482.4,10,12134.16,134824.01,PO-2026-0463,8,Matched,Validated automatically.
4380,INVREC02070-02,INVREC02070,2,APP-002,iPad,9,Unit,14862.49,0,10,13376.24,133762.41,PO-2026-0463,9,Matched,Ready for payment.
4381,INVREC02070-03,INVREC02070,3,APP-001,MacBook Pro,5,Unit,30149.62,0,10,16423.05,150748.11,PO-2026-0463,5,Matched,Matched to purchase order.
4382,INVREC02071-01,INVREC02071,1,SOD-001,Facility Management,7,Month,20534.65,0,5,7187.13,143742.56,PO-2023-0676,6,Awaiting Approval,Pending goods receipt confirmation.
4383,INVREC02071-02,INVREC02071,2,SOD-002,Catering,10,Event,7284.25,0,5,3642.13,72842.52,PO-2023-0676,8,Awaiting Approval,Pending goods receipt confirmation.
4384,INVREC02072-01,INVREC02072,1,VER-002,Data Services,9,Month,20131.5,0,0,0,181183.49,PO-2023-0738,9,Matched,Validated automatically.
4385,INVREC02072-02,INVREC02072,2,VER-001,Mobile Services,26,Line,7676.34,0,0,0,199584.94,PO-2023-0738,26,Matched,Validated automatically.
4386,INVREC02073-01,INVREC02073,1,OFW-BOOK,Bookshelf,5,Unit,5035.01,0,0,0,25175.06,PO-2024-0171,5,Matched,Goods receipt confirmed.
4387,INVREC02073-02,INVREC02073,2,OFW-CABIN,Filing Cabinet,4,Unit,10577.02,0,0,0,42308.09,PO-2024-0171,4,Matched,Successfully matched against PO.
4388,INVREC02074-01,INVREC02074,1,REG-001,Motion Control,4,Unit,7604.93,0,18,5475.55,30419.73,PO-2024-0666,4,Matched,Matched to purchase order.
4389,INVREC02074-02,INVREC02074,2,REG-002,Power Transmission,6,Unit,13037.03,0,18,14079.99,78222.16,PO-2024-0666,6,Matched,Ready for payment.
4390,INVREC02075-01,INVREC02075,1,MAE-001,Container Shipping,1,Container,5171.13,0,10,517.11,5171.13,PO-2026-1463,1,Matched,Ready for payment.
4391,INVREC02075-02,INVREC02075,2,MAE-002,Freight Forwarding,2,Shipment,3416.64,0,10,683.33,6833.27,PO-2026-1463,2,Matched,Matched to purchase order.
4392,INVREC02076-01,INVREC02076,1,SPE-001,Cable Services,10,Month,989.56,0,5,494.78,9895.63,PO-2026-1291,10,Matched,Three-way match completed.
4393,INVREC02076-02,INVREC02076,2,SPE-002,Phone Services,21,Line,674.02,0,5,707.73,14154.52,PO-2026-1291,21,Matched,Matched to purchase order.
4394,INVREC02077-01,INVREC02077,1,CHR-002,Warehousing,53,Pallet,2540.73,0,5,6732.92,134658.44,PO-2023-1366,53,Matched,Validated automatically.
4395,INVREC02077-02,INVREC02077,2,CHR-001,Freight Brokerage,4,Shipment,24438.02,0,5,4887.6,97752.06,PO-2023-1366,4,Matched,Matched to purchase order.
4396,INVREC02078-01,INVREC02078,1,CHR-001,Freight Brokerage,8,Shipment,4934.52,0,20,7895.24,39476.19,PO-2024-1431,8,Matched,Matched to purchase order.
4397,INVREC02078-02,INVREC02078,2,CHR-002,Warehousing,54,Pallet,1054.39,0,20,11387.36,56936.81,PO-2024-1431,54,Matched,Three-way match completed.
4398,INVREC02079-01,INVREC02079,1,FAS-001,Industrial Fasteners,13,Box,8862.46,9216.96,18,19079.11,115211.99,PO-2025-1094,12,Awaiting Approval,Pending goods receipt confirmation.
4399,INVREC02079-02,INVREC02079,2,FAS-002,Safety Supplies,23,Unit,9627.09,0,18,41515.19,221423.03,PO-2025-1094,23,Awaiting Approval,Pending goods receipt confirmation.
4400,INVREC02080-01,INVREC02080,1,CIN-002,Floor Mats,23,Month,3354.35,0,5,3857.5,77150.07,PO-2024-1304,21,Awaiting Approval,Pending goods receipt confirmation.
4401,INVREC02080-02,INVREC02080,2,CIN-001,Uniforms Rental,49,Month,3802.54,0,5,9316.23,186324.69,PO-2024-1304,41,Awaiting Approval,Pending goods receipt confirmation.
4402,INVREC02081-01,INVREC02081,1,IMP-001,Container Freight,3,Container,45569.51,0,18,24607.53,136708.52,PO-2023-0524,2,Awaiting Approval,Pending goods receipt confirmation.
4403,INVREC02081-02,INVREC02081,2,IMP-002,Customs Brokerage,1,Shipment,321384.94,0,18,57849.29,321384.94,PO-2023-0524,1,Awaiting Approval,Pending goods receipt confirmation.
4404,INVREC02082-01,INVREC02082,1,STP-FOLD,Manila Folders,78,Box,1667.49,0,5,6503.2,130064.03,PO-2023-0331,78,Matched,Three-way match completed.
4405,INVREC02082-02,INVREC02082,2,STP-PAPER,A4 Printer Paper,190,Ream,797.59,0,5,7577.13,151542.5,PO-2023-0331,190,Matched,Ready for payment.
4406,INVREC02082-03,INVREC02082,3,STP-PENS,Ballpoint Pens (Box),98,Box,1631.58,14390.57,5,7994.76,159895.23,PO-2023-0331,98,Matched,Goods receipt confirmed.
4407,INVREC02083-01,INVREC02083,1,EMR-002,Valves & Actuators,12,Unit,8467.77,0,5,5080.66,101613.22,PO-2024-1244,12,Matched,Matched to purchase order.
4408,INVREC02083-02,INVREC02083,2,EMR-001,Process Control,5,Unit,8326.64,0,5,2081.66,41633.19,PO-2024-1244,5,Matched,Successfully matched against PO.
4409,INVREC02084-01,INVREC02084,1,GRA-002,Safety Equipment,46,Unit,1528.62,0,0,0,70316.57,PO-2023-1417,46,Matched,Ready for payment.
4410,INVREC02084-02,INVREC02084,2,GRA-001,Industrial Supplies,13,Box,3884.29,0,0,0,50495.8,PO-2023-1417,13,Matched,Successfully matched against PO.
4411,INVREC02085-01,INVREC02085,1,SAP-001,ERP License,9,User,14153.39,0,0,0,127380.51,PO-2026-0703,9,Matched,Goods receipt confirmed.
4412,INVREC02085-02,INVREC02085,2,SAP-002,Implementation Services,12,Hour,6311.65,0,0,0,75739.77,PO-2026-0703,12,Matched,Goods receipt confirmed.
4413,INVREC02086-01,INVREC02086,1,IMP-002,Customs Brokerage,2,Shipment,32910.01,0,0,0,65820.02,PO-2025-1069,2,Matched,Goods receipt confirmed.
4414,INVREC02086-02,INVREC02086,2,IMP-001,Container Freight,2,Container,34119.94,0,0,0,68239.88,PO-2025-1069,2,Matched,Goods receipt confirmed.
4415,INVREC02087-01,INVREC02087,1,VER-001,Mobile Services,29,Line,4413.44,0,10,12798.98,127989.8,PO-2023-0117,29,Matched,Validated automatically.
4416,INVREC02087-02,INVREC02087,2,VER-002,Data Services,3,Month,41396.04,0,10,12418.81,124188.12,PO-2023-0117,3,Matched,Goods receipt confirmed.
4417,INVREC02088-01,INVREC02088,1,FES-002,Valves,17,Unit,1981.54,0,18,6063.51,33686.14,PO-2024-1358,17,Matched,Successfully matched against PO.
4418,INVREC02088-02,INVREC02088,2,FES-001,Pneumatic Systems,18,Unit,3069.18,0,18,9944.15,55245.27,PO-2024-1358,18,Matched,Validated automatically.
4419,INVREC02089-01,INVREC02089,1,JLL-002,Leasing Services,2,Project,39110.12,5475.42,18,13094.07,78220.23,PO-2023-0273,2,Matched,Successfully matched against PO.
4420,INVREC02089-02,INVREC02089,2,JLL-001,Property Management,12,Month,11049.4,0,18,24852.28,132592.82,PO-2023-0273,12,Matched,Matched to purchase order.
4421,INVREC02090-01,INVREC02090,1,FTI-001,Forensic Accounting,24,Hour,4946.85,0,20,23744.88,118724.4,PO-2024-0941,24,Matched,Three-way match completed.
4422,INVREC02090-02,INVREC02090,2,FTI-002,Expert Witness Services,1,Project,58537.72,0,20,11707.54,58537.72,PO-2024-0941,1,Matched,Goods receipt confirmed.
4423,INVREC02091-01,INVREC02091,1,MAE-001,Container Shipping,4,Container,30222.48,0,18,21760.19,120889.92,PO-2023-1220,4,Matched,Successfully matched against PO.
4424,INVREC02091-02,INVREC02091,2,MAE-002,Freight Forwarding,2,Shipment,71344.87,0,18,25684.15,142689.74,PO-2023-1220,2,Matched,Three-way match completed.
4425,INVREC02092-01,INVREC02092,1,THO-002,Tax Software,7,User,17725.24,0,20,24815.33,124076.65,PO-2026-0499,7,Awaiting Approval,Pending goods receipt confirmation.
4426,INVREC02092-02,INVREC02092,2,THO-001,Legal Research Software,2,User,107597.72,0,20,43039.09,215195.43,PO-2026-0499,2,Awaiting Approval,Pending goods receipt confirmation.
4427,INVREC02093-01,INVREC02093,1,FED-002,International Freight,3,Shipment,47563.19,0,0,0,142689.56,PO-2026-1287,3,Matched,Matched to purchase order.
4428,INVREC02093-02,INVREC02093,2,FED-001,Express Shipping,4,Shipment,24337.24,9734.9,0,0,97348.96,PO-2026-1287,4,Matched,Validated automatically.
4429,INVREC02094-01,INVREC02094,1,SIE-001,Industrial Automation,1,Unit,159437.27,0,18,28698.71,159437.27,PO-2023-1172,1,Matched,Matched to purchase order.
4430,INVREC02094-02,INVREC02094,2,SIE-002,Electrical Equipment,7,Unit,9869.93,0,18,12436.11,69089.48,PO-2023-1172,7,Matched,Validated automatically.
4431,INVREC02095-01,INVREC02095,1,SPE-001,Cable Services,3,Month,25565.14,0,10,7669.54,76695.43,PO-2024-0590,3,Matched,Validated automatically.
4432,INVREC02095-02,INVREC02095,2,SPE-002,Phone Services,9,Line,7433.84,0,10,6690.45,66904.53,PO-2024-0590,9,Matched,Three-way match completed.
4433,INVREC02096-01,INVREC02096,1,SUM-002,Implementation Service,35,Hour,6719,0,5,11758.25,235164.93,PO-2023-1482,35,Matched,Three-way match completed.
4434,INVREC02096-02,INVREC02096,2,SUM-001,Software License,27,User,7824.07,0,5,10562.49,211249.85,PO-2023-1482,27,Matched,Matched to purchase order.
4435,INVREC02097-01,INVREC02097,1,DEL-001,Audit Services,1,Project,188224.58,0,10,18822.46,188224.58,PO-2024-0364,1,Awaiting Approval,Pending goods receipt confirmation.
4436,INVREC02097-02,INVREC02097,2,DEL-002,Tax Consulting,21,Hour,5767.54,0,10,12111.84,121118.43,PO-2024-0364,19,Awaiting Approval,Pending goods receipt confirmation.
4437,INVREC02098-01,INVREC02098,1,CBRE-001,Commercial Real Estate,1,Project,327184.82,0,10,32718.48,327184.82,PO-2026-1389,1,Matched,Successfully matched against PO.
4438,INVREC02098-02,INVREC02098,2,CBRE-002,Property Valuation,2,Project,82964.73,0,10,16592.95,165929.45,PO-2026-1389,2,Matched,Three-way match completed.
4439,INVREC02099-01,INVREC02099,1,JLL-002,Leasing Services,1,Project,34691.76,0,10,3469.18,34691.76,PO-2023-0418,1,Matched,Ready for payment.
4440,INVREC02099-02,INVREC02099,2,JLL-001,Property Management,5,Month,6466.35,0,10,3233.18,32331.77,PO-2023-0418,5,Matched,Validated automatically.
4441,INVREC02100-01,INVREC02100,1,MOD-001,Office Desk,7,Unit,44537.77,0,10,31176.44,311764.36,PO-2025-1367,7,Matched,Validated automatically.
4442,INVREC02100-02,INVREC02100,2,MOD-002,Office Chair,6,Unit,26783.88,0,10,16070.33,160703.28,PO-2025-1367,6,Matched,Ready for payment.
4443,INVREC02101-01,INVREC02101,1,REG-002,Power Transmission,9,Unit,11409.91,0,18,18484.05,102689.16,PO-2026-0636,9,Matched,Successfully matched against PO.
4444,INVREC02101-02,INVREC02101,2,REG-001,Motion Control,5,Unit,31991.62,0,18,28792.46,159958.12,PO-2026-0636,5,Matched,Matched to purchase order.
4445,INVREC02102-01,INVREC02102,1,ALP-002,Spare Parts,9,Box,17265.29,0,10,15538.76,155387.6,PO-2023-1101,9,Matched,Goods receipt confirmed.
4446,INVREC02102-02,INVREC02102,2,ALP-001,Heavy Machinery,2,Unit,57127.8,0,10,11425.56,114255.59,PO-2023-1101,2,Matched,Matched to purchase order.
4447,INVREC02103-01,INVREC02103,1,HIL-002,Anchoring Systems,11,Box,3464.62,0,0,0,38110.81,PO-2024-0077,11,Matched,Ready for payment.
4448,INVREC02103-02,INVREC02103,2,HIL-001,Power Tools,9,Unit,5716.62,0,0,0,51449.6,PO-2024-0077,9,Matched,Successfully matched against PO.
4449,INVREC02104-01,INVREC02104,1,ROK-002,HMI Systems,2,Unit,78832.79,0,0,0,157665.58,PO-2023-0882,2,Matched,Three-way match completed.
4450,INVREC02104-02,INVREC02104,2,ROK-001,Industrial Controls,9,Unit,29274.16,21077.4,0,0,263467.47,PO-2023-0882,9,Matched,Successfully matched against PO.
4451,INVREC02105-01,INVREC02105,1,IMP-001,Container Freight,2,Container,131046.64,0,18,47176.79,262093.27,PO-2023-0524,2,Matched,Validated automatically.
4452,INVREC02105-02,INVREC02105,2,IMP-002,Customs Brokerage,1,Shipment,196000.19,5880.01,18,35280.03,196000.19,PO-2023-0524,1,Matched,Ready for payment.
4453,INVREC02106-01,INVREC02106,1,ROK-002,HMI Systems,4,Unit,39700.29,0,10,15880.12,158801.15,PO-2024-1263,4,Matched,Matched to purchase order.
4454,INVREC02106-02,INVREC02106,2,ROK-001,Industrial Controls,4,Unit,36248.09,0,10,14499.24,144992.36,PO-2024-1263,4,Matched,Validated automatically.
4455,INVREC02107-01,INVREC02107,1,EY-002,Risk Consulting,13,Hour,13630.35,17719.46,5,7973.76,177194.61,PO-2024-1007,13,Matched,Matched to purchase order.
4456,INVREC02107-02,INVREC02107,2,EY-001,Financial Audit,1,Project,140478.61,0,5,7909.9,140478.61,PO-2024-1007,1,Matched,Validated automatically.
4457,INVREC02108-01,INVREC02108,1,MIC-001,Truck Tires,15,Unit,5685.83,0,18,15351.75,85287.48,PO-2026-1359,15,Matched,Validated automatically.
4458,INVREC02108-02,INVREC02108,2,MIC-002,Fleet Services,2,Month,77479.47,0,18,27892.61,154958.94,PO-2026-1359,2,Matched,Three-way match completed.
4459,INVREC02109-01,INVREC02109,1,HPE-001,Server,2,Unit,107600.57,0,0,0,215201.13,PO-2025-0464,2,Matched,Ready for payment.
4460,INVREC02109-02,INVREC02109,2,HPE-002,Storage Array,1,Unit,110812.52,0,0,0,110812.52,PO-2025-0464,1,Matched,Successfully matched against PO.
4461,INVREC02110-01,INVREC02110,1,KMB-001,Paper Towels,19,Case,10474.78,0,18,35823.74,199020.77,PO-2024-0903,19,Matched,Successfully matched against PO.
4462,INVREC02110-02,INVREC02110,2,KMB-002,Sanitary Products,7,Case,38654.11,0,18,48704.18,270578.79,PO-2024-0903,7,Matched,Ready for payment.
4463,INVREC02111-01,INVREC02111,1,ARA-001,Food Services,3,Month,98982.15,0,10,29694.65,296946.46,PO-2024-0481,3,Matched,Validated automatically.
4464,INVREC02111-02,INVREC02111,2,ARA-002,Vending Services,8,Month,20802.57,0,10,16642.05,166420.54,PO-2024-0481,8,Matched,Goods receipt confirmed.
4465,INVREC02112-01,INVREC02112,1,BAI-002,Due Diligence,1,Project,244136.33,0,20,48827.27,244136.33,PO-2025-0249,1,Matched,Successfully matched against PO.
4466,INVREC02112-02,INVREC02112,2,BAI-001,Strategy Services,36,Hour,6445.84,0,20,46410.07,232050.37,PO-2025-0249,36,Matched,Matched to purchase order.
4467,INVREC02113-01,INVREC02113,1,THO-002,Tax Software,1,User,100984.47,0,0,0,100984.47,PO-2025-1430,1,Matched,Goods receipt confirmed.
4468,INVREC02113-02,INVREC02113,2,THO-001,Legal Research Software,10,User,7483.67,0,0,0,74836.71,PO-2025-1430,10,Matched,Matched to purchase order.
4469,INVREC02114-01,INVREC02114,1,KMB-002,Sanitary Products,20,Case,11021.21,0,18,39676.37,220424.28,PO-2024-0903,20,Matched,Matched to purchase order.
4470,INVREC02114-02,INVREC02114,2,KMB-001,Paper Towels,30,Case,8305.84,0,18,44851.55,249175.28,PO-2024-0903,30,Matched,Matched to purchase order.
4471,INVREC02115-01,INVREC02115,1,ARA-002,Vending Services,5,Month,23480.13,0,18,21132.12,117400.67,PO-2026-0681,5,Matched,Three-way match completed.
4472,INVREC02115-02,INVREC02115,2,ARA-001,Food Services,9,Month,7801.13,0,18,12637.84,70210.21,PO-2026-0681,9,Matched,Matched to purchase order.
4473,INVREC02116-01,INVREC02116,1,GEN-002,Miscellaneous Supplies,35,Each,4317.5,0,18,27200.25,151112.49,PO-2026-0603,35,Matched,Successfully matched against PO.
4474,INVREC02116-02,INVREC02116,2,GEN-001,General Services,36,Hour,4197.57,0,18,27200.25,151112.48,PO-2026-0603,36,Matched,Three-way match completed.
4475,INVREC02117-01,INVREC02117,1,EY-001,Financial Audit,1,Project,66953.54,0,0,0,66953.54,PO-2026-1212,1,Matched,Matched to purchase order.
4476,INVREC02117-02,INVREC02117,2,EY-002,Risk Consulting,28,Hour,2082.13,0,0,0,58299.68,PO-2026-1212,28,Matched,Goods receipt confirmed.
4477,INVREC02118-01,INVREC02118,1,GE-002,Medical Equipment,3,Unit,37237.11,0,0,0,111711.33,PO-2025-1433,2,Price Mismatch,Price differs from PO by 16%.
4478,INVREC02118-02,INVREC02118,2,GE-001,Power Generation,2,Unit,74135.7,0,0,0,148271.4,PO-2025-1433,2,Quantity Mismatch,Quantity exceeds PO by 33%.
4479,INVREC02119-01,INVREC02119,1,AMZ-USBH,USB Hub,11,Each,8809.45,0,20,19380.78,96903.9,PO-2023-1179,11,Matched,Ready for payment.
4480,INVREC02119-02,INVREC02119,2,AMZ-ADAPT,Ethernet Adapter,17,Each,10830.44,12888.22,20,36823.48,184117.41,PO-2023-1179,17,Matched,Matched to purchase order.
4481,INVREC02120-01,INVREC02120,1,MCM-002,Hardware,39,Each,467.06,0,5,910.77,18215.44,PO-2023-0451,39,Matched,Matched to purchase order.
4482,INVREC02120-02,INVREC02120,2,MCM-001,Fasteners,22,Box,770.21,0,5,847.23,16944.6,PO-2023-0451,22,Matched,Three-way match completed.
4483,INVREC02121-01,INVREC02121,1,MCK-001,Strategy Consulting,13,Hour,3025.91,0,0,0,39336.77,PO-2024-0525,13,Matched,Goods receipt confirmed.
4484,INVREC02121-02,INVREC02121,2,MCK-002,Market Research,1,Project,95123.46,0,0,0,95123.46,PO-2024-0525,1,Matched,Matched to purchase order.
4485,INVREC02122-01,INVREC02122,1,BAI-002,Due Diligence,1,Project,242595.74,0,10,24259.57,242595.74,PO-2026-1121,1,Matched,Three-way match completed.
4486,INVREC02122-02,INVREC02122,2,BAI-001,Strategy Services,37,Hour,3520.34,0,10,13025.28,130252.75,PO-2026-1121,37,Matched,Ready for payment.
4487,INVREC02123-01,INVREC02123,1,SIE-001,Industrial Automation,4,Unit,7737.26,0,20,6189.81,30949.03,PO-2026-0398,4,Matched,Successfully matched against PO.
4488,INVREC02123-02,INVREC02123,2,SIE-002,Electrical Equipment,9,Unit,6553.15,0,20,11795.67,58978.33,PO-2026-0398,9,Matched,Validated automatically.
4489,INVREC02124-01,INVREC02124,1,TMO-002,IoT Services,53,Device,117.77,0,10,624.19,6241.87,PO-2025-0704,53,Matched,Validated automatically.
4490,INVREC02124-02,INVREC02124,2,TMO-001,Mobile Plans,74,Line,130.79,0,10,967.84,9678.41,PO-2025-0704,74,Matched,Validated automatically.
4491,INVREC02125-01,INVREC02125,1,PEN-002,Distribution Services,11,Pallet,7396.21,7322.25,5,3701.81,81358.35,PO-2025-0866,10,Awaiting Approval,Pending goods receipt confirmation.
4492,INVREC02125-02,INVREC02125,2,PEN-001,Fleet Management,7,Month,16876.68,0,5,6272.95,118136.78,PO-2025-0866,6,Awaiting Approval,Pending goods receipt confirmation.
4493,INVREC02126-01,INVREC02126,1,LNV-002,Desktop,12,Unit,17468.34,0,10,20962.01,209620.06,PO-2024-1473,12,Matched,Matched to purchase order.
4494,INVREC02126-02,INVREC02126,2,LNV-001,ThinkPad Laptop,12,Unit,9247.94,0,10,11097.53,110975.33,PO-2024-1473,12,Matched,Ready for payment.
4495,INVREC02127-01,INVREC02127,1,SEC-001,Security Guard Services,118,Hour,1753.77,0,10,20694.5,206944.98,PO-2024-0943,118,Matched,Three-way match completed.
4496,INVREC02127-02,INVREC02127,2,SEC-002,Access Control Systems,6,Unit,21902.94,0,10,13141.76,131417.62,PO-2024-0943,6,Matched,Goods receipt confirmed.
4497,INVREC02128-01,INVREC02128,1,ZF-002,Industrial Drives,3,Unit,49576.67,0,20,29746,148730,PO-2024-1278,3,Awaiting Approval,Pending goods receipt confirmation.
4498,INVREC02128-02,INVREC02128,2,ZF-001,Automotive Components,7,Unit,23474.67,0,20,32864.53,164322.66,PO-2024-1278,6,Awaiting Approval,Pending goods receipt confirmation.
4499,INVREC02129-01,INVREC02129,1,ELT-001,Janitorial Services,14,Visit,11942.78,0,10,16719.89,167198.92,PO-2023-1385,14,Matched,Three-way match completed.
4500,INVREC02129-02,INVREC02129,2,ELT-002,Facility Maintenance,7,Hour,46497.22,0,10,32548.06,325480.57,PO-2023-1385,7,Matched,Validated automatically.
4501,INVREC02130-01,INVREC02130,1,MOO-002,Financial Data Service,4,Month,39619.12,0,5,7923.82,158476.47,PO-2026-0181,4,Matched,Goods receipt confirmed.
4502,INVREC02130-02,INVREC02130,2,MOO-001,Credit Risk Software,3,User,35474.05,0,5,5321.11,106422.15,PO-2026-0181,3,Matched,Goods receipt confirmed.
4503,INVREC02131-01,INVREC02131,1,REP-001,Trash Removal,5,Month,17560.9,0,20,17560.9,87804.5,PO-2024-0330,5,Matched,Successfully matched against PO.
4504,INVREC02131-02,INVREC02131,2,REP-002,Dumpster Rental,1,Month,112244.93,0,20,22448.99,112244.93,PO-2024-0330,1,Matched,Ready for payment.
4505,INVREC02132-01,INVREC02132,1,JCI-001,HVAC System,4,Unit,2877.94,0,10,1151.18,11511.75,PO-2025-0680,4,Matched,Three-way match completed.
4506,INVREC02132-02,INVREC02132,2,JCI-002,Building Automation,2,System,12997.14,0,10,2599.43,25994.27,PO-2025-0680,2,Matched,Ready for payment.
4507,INVREC02133-01,INVREC02133,1,ROK-001,Industrial Controls,8,Unit,8036.99,0,0,0,64295.93,PO-2026-1097,8,Matched,Goods receipt confirmed.
4508,INVREC02133-02,INVREC02133,2,ROK-002,HMI Systems,4,Unit,20915.54,0,0,0,83662.17,PO-2026-1097,4,Matched,Goods receipt confirmed.
4509,INVREC02134-01,INVREC02134,1,IMP-001,Container Freight,1,Container,53962.92,3237.78,10,5072.51,53962.92,PO-2025-0588,1,Matched,Validated automatically.
4510,INVREC02134-02,INVREC02134,2,IMP-002,Customs Brokerage,1,Shipment,110378.71,0,10,11361.65,110378.71,PO-2025-0588,1,Matched,Matched to purchase order.
4511,INVREC02135-01,INVREC02135,1,VER-002,Data Services,8,Month,14260.45,0,20,22816.71,114083.57,PO-2026-1492,8,Matched,Ready for payment.
4512,INVREC02135-02,INVREC02135,2,VER-001,Mobile Services,73,Line,1562.79,10267.52,20,22816.72,114083.57,PO-2026-1492,73,Matched,Matched to purchase order.
4513,INVREC02136-01,INVREC02136,1,LNV-001,ThinkPad Laptop,1,Unit,69025.31,0,10,6902.53,69025.31,PO-2024-0161,1,Matched,Validated automatically.
4514,INVREC02136-02,INVREC02136,2,LNV-002,Desktop,9,Unit,3916.33,0,10,3524.7,35246.96,PO-2024-0161,9,Matched,Matched to purchase order.
4515,INVREC02137-01,INVREC02137,1,PEN-001,Fleet Management,5,Month,26515.97,7954.79,0,0,132579.84,PO-2024-0009,5,Matched,Ready for payment.
4516,INVREC02137-02,INVREC02137,2,PEN-002,Distribution Services,62,Pallet,1963.11,0,0,0,121712.64,PO-2024-0009,62,Matched,Validated automatically.
4517,INVREC02138-01,INVREC02138,1,PIN-001,Financial Advisory,20,Hour,7654.99,0,0,0,153099.71,PO-2026-1331,20,Matched,Validated automatically.
4518,INVREC02138-02,INVREC02138,2,PIN-002,Investment Services,1,Project,129466.86,7768.01,0,0,129466.86,PO-2026-1331,1,Matched,Matched to purchase order.
4519,INVREC02139-01,INVREC02139,1,MIC-002,Fleet Services,6,Month,38252.92,0,10,22951.75,229517.49,PO-2025-0296,6,Matched,Goods receipt confirmed.
4520,INVREC02139-02,INVREC02139,2,MIC-001,Truck Tires,12,Unit,15610.56,0,10,18732.68,187326.77,PO-2025-0296,12,Matched,Successfully matched against PO.
4521,INVREC02140-01,INVREC02140,1,REG-002,Power Transmission,7,Unit,17628.02,0,20,24679.22,123396.11,PO-2024-0250,7,Matched,Successfully matched against PO.
4522,INVREC02140-02,INVREC02140,2,REG-001,Motion Control,4,Unit,29225.39,0,20,23380.31,116901.57,PO-2024-0250,4,Matched,Validated automatically.
4523,INVREC02141-01,INVREC02141,1,EMR-002,Valves & Actuators,15,Unit,17629.59,0,5,13222.19,264443.82,PO-2023-0850,15,Matched,Three-way match completed.
4524,INVREC02141-02,INVREC02141,2,EMR-001,Process Control,2,Unit,94158.03,0,5,9415.8,188316.05,PO-2023-0850,2,Matched,Matched to purchase order.
4525,INVREC02142-01,INVREC02142,1,WWG-002,HVAC Parts,9,Unit,3883.56,0,5,1747.6,34952.01,PO-2026-0304,6,Awaiting Approval,Pending goods receipt confirmation.
4526,INVREC02142-02,INVREC02142,2,WWG-001,MRO Supplies,7,Box,10511.88,0,5,3679.16,73583.18,PO-2026-0304,5,Awaiting Approval,Pending goods receipt confirmation.
4527,INVREC02143-01,INVREC02143,1,MIC-001,Truck Tires,18,Unit,6700.89,0,18,21710.89,120616.06,PO-2024-0484,18,Matched,Three-way match completed.
4528,INVREC02143-02,INVREC02143,2,MIC-002,Fleet Services,4,Month,55357.37,6642.88,18,39857.31,221429.49,PO-2024-0484,4,Matched,Matched to purchase order.
4529,INVREC02144-01,INVREC02144,1,DHL-FUEL,Fuel Surcharge,1,Percent,43559,0,20,8711.8,43559,PO-2023-0994,1,Missing PO,Invoice has no purchase order.
4530,INVREC02144-02,INVREC02144,2,DHL-INT,International Shipping,2,Shipment,19434.02,0,20,7773.61,38868.03,PO-2023-0994,2,Quantity Mismatch,Quantity exceeds PO by 31%.
4531,INVREC02145-01,INVREC02145,1,GS-002,Logistics Services,2,Shipment,87225.55,0,5,8722.56,174451.1,PO-2024-0011,2,Matched,Ready for payment.
4532,INVREC02145-02,INVREC02145,2,GS-001,Bulk Materials,18,Ton,6634.61,10748.06,5,5971.14,119422.9,PO-2024-0011,18,Matched,Matched to purchase order.
4533,INVREC02146-01,INVREC02146,1,ELT-002,Facility Maintenance,24,Hour,5203.21,0,20,24975.39,124876.95,PO-2026-0570,24,Matched,Successfully matched against PO.
4534,INVREC02146-02,INVREC02146,2,ELT-001,Janitorial Services,13,Visit,6608.33,0,20,17181.65,85908.25,PO-2026-0570,13,Matched,Validated automatically.
4535,INVREC02147-01,INVREC02147,1,IMP-002,Customs Brokerage,2,Shipment,58942.18,0,10,11788.44,117884.36,PO-2023-0393,2,Matched,Three-way match completed.
4536,INVREC02147-02,INVREC02147,2,IMP-001,Container Freight,2,Container,31828.78,3819.45,10,6365.75,63657.55,PO-2023-0393,2,Matched,Three-way match completed.
4537,INVREC02148-01,INVREC02148,1,TMO-001,Mobile Plans,34,Line,4072.19,0,0,0,138454.53,PO-2024-1235,34,Matched,Goods receipt confirmed.
4538,INVREC02148-02,INVREC02148,2,TMO-002,IoT Services,309,Device,476.98,0,0,0,147387.09,PO-2024-1235,309,Matched,Goods receipt confirmed.
4539,INVREC02149-01,INVREC02149,1,SIE-002,Electrical Equipment,8,Unit,14346.82,0,5,5738.73,114774.55,PO-2024-0569,8,Matched,Three-way match completed.
4540,INVREC02149-02,INVREC02149,2,SIE-001,Industrial Automation,3,Unit,73100.45,0,5,10965.07,219301.36,PO-2024-0569,3,Matched,Validated automatically.
4541,INVREC02150-01,INVREC02150,1,MOD-002,Office Chair,11,Unit,20121.47,0,10,22133.62,221336.19,PO-2025-1367,11,Matched,Goods receipt confirmed.
4542,INVREC02150-02,INVREC02150,2,MOD-001,Office Desk,5,Unit,50226.29,0,10,25113.15,251131.45,PO-2025-1367,5,Matched,Matched to purchase order.
4543,INVREC02151-01,INVREC02151,1,MAE-002,Freight Forwarding,1,Shipment,110949.98,0,20,22190,110949.98,PO-2023-0710,1,Matched,Validated automatically.
4544,INVREC02151-02,INVREC02151,2,MAE-001,Container Shipping,1,Container,77385.28,0,20,15477.06,77385.28,PO-2023-0710,1,Matched,Goods receipt confirmed.
4545,INVREC02152-01,INVREC02152,1,IBM-001,Mainframe Hardware,1,Unit,129940.54,10395.24,0,0,129940.54,PO-2026-0280,1,Matched,Ready for payment.
4546,INVREC02152-02,INVREC02152,2,IBM-002,Consulting Services,23,Hour,6334.39,0,0,0,145690.9,PO-2026-0280,23,Matched,Successfully matched against PO.
4547,INVREC02153-01,INVREC02153,1,FED-001,Express Shipping,3,Shipment,37167.68,0,0,0,111503.03,PO-2025-1174,3,Matched,Successfully matched against PO.
4548,INVREC02153-02,INVREC02153,2,FED-002,International Freight,1,Shipment,146257.22,0,0,0,146257.22,PO-2025-1174,1,Matched,Matched to purchase order.
4549,INVREC02154-01,INVREC02154,1,GEN-002,Miscellaneous Supplies,17,Each,10490.59,0,18,32101.19,178339.96,PO-2026-0603,17,Matched,Successfully matched against PO.
4550,INVREC02154-02,INVREC02154,2,GEN-001,General Services,6,Hour,20647.5,0,18,22299.3,123885.01,PO-2026-0603,6,Matched,Matched to purchase order.
4551,INVREC02155-01,INVREC02155,1,WWG-001,MRO Supplies,25,Box,4628.7,0,10,11571.76,115717.61,PO-2023-1341,25,Matched,Matched to purchase order.
4552,INVREC02155-02,INVREC02155,2,WWG-002,HVAC Parts,16,Unit,13037.26,0,10,20859.62,208596.21,PO-2023-1341,16,Matched,Goods receipt confirmed.
4553,INVREC02156-01,INVREC02156,1,HIL-001,Power Tools,9,Unit,14246.53,0,18,23079.38,128218.8,PO-2023-1317,9,Matched,Goods receipt confirmed.
4554,INVREC02156-02,INVREC02156,2,HIL-002,Anchoring Systems,12,Box,17850.07,0,18,38556.15,214200.81,PO-2023-1317,12,Matched,Ready for payment.
4555,INVREC02157-01,INVREC02157,1,DELL-LAT,Latitude Laptop,3,Unit,54606.01,0,10,16381.8,163818.02,PO-2024-0167,3,Matched,Successfully matched against PO.
4556,INVREC02157-02,INVREC02157,2,DELL-DOCK,Docking Station,4,Unit,42396.57,0,10,16958.63,169586.27,PO-2024-0167,4,Matched,Matched to purchase order.
4557,INVREC02157-03,INVREC02157,3,DELL-KB,Keyboard,18,Unit,8395.99,0,10,15112.79,151127.89,PO-2024-0167,18,Matched,Successfully matched against PO.
4558,INVREC02158-01,INVREC02158,1,SEC-001,Security Guard Services,111,Hour,518.31,0,20,11506.46,57532.31,PO-2026-1361,95,Missing PO,Invoice has no purchase order.
4559,INVREC02158-02,INVREC02158,2,SEC-002,Access Control Systems,9,Unit,3767,1356.12,20,6780.6,33902.97,PO-2026-1361,8,Quantity Mismatch,Quantity exceeds PO by 31%.
4560,INVREC02159-01,INVREC02159,1,MAK-001,Power Tools,9,Unit,12565.66,0,10,11309.1,113090.97,PO-2023-0390,9,Matched,Successfully matched against PO.
4561,INVREC02159-02,INVREC02159,2,MAK-002,Accessories,13,Box,9618.74,0,10,12504.37,125043.67,PO-2023-0390,13,Matched,Matched to purchase order.
4562,INVREC02160-01,INVREC02160,1,CMX-001,Broadband Internet,3,Month,46530.24,0,5,6979.54,139590.72,PO-2026-0271,3,Matched,Successfully matched against PO.
4563,INVREC02160-02,INVREC02160,2,CMX-002,Voice Services,36,Line,3405.93,0,5,6130.67,122613.47,PO-2026-0271,36,Matched,Three-way match completed.
4564,INVREC02161-01,INVREC02161,1,BBY-002,Audio System,2,Unit,9854.74,0,10,1970.95,19709.48,PO-2025-1292,2,Matched,Three-way match completed.
4565,INVREC02161-02,INVREC02161,2,BBY-001,Television,4,Unit,6527.17,0,10,2610.87,26108.67,PO-2025-1292,4,Matched,Validated automatically.
4566,INVREC02162-01,INVREC02162,1,WWG-002,HVAC Parts,2,Unit,79147.18,0,20,31658.87,158294.35,PO-2026-0924,2,Matched,Validated automatically.
4567,INVREC02162-02,INVREC02162,2,WWG-001,MRO Supplies,37,Box,5022.26,0,20,37164.76,185823.8,PO-2026-0924,37,Matched,Successfully matched against PO.
4568,INVREC02163-01,INVREC02163,1,DELL-LAT,Latitude Laptop,4,Unit,5180.86,0,5,1036.17,20723.44,PO-2025-1423,4,Matched,Three-way match completed.
4569,INVREC02163-02,INVREC02163,2,DELL-DOCK,Docking Station,13,Unit,2171.69,564.64,5,1383.37,28231.94,PO-2025-1423,13,Matched,Matched to purchase order.
4570,INVREC02163-03,INVREC02163,3,DELL-MON,"24"" Monitor",2,Unit,21173.95,0,5,2145.62,42347.9,PO-2025-1423,2,Matched,Matched to purchase order.
4571,INVREC02164-01,INVREC02164,1,ABB-002,Drives & Motors,10,Unit,5200.28,0,0,0,52002.77,PO-2024-0259,10,Matched,Matched to purchase order.
4572,INVREC02164-02,INVREC02164,2,ABB-001,Power Automation,3,Unit,18594.93,0,0,0,55784.79,PO-2024-0259,3,Matched,Matched to purchase order.
4573,INVREC02165-01,INVREC02165,1,GE-002,Medical Equipment,3,Unit,14294.97,0,18,7719.28,42884.9,PO-2023-0470,3,Matched,Three-way match completed.
4574,INVREC02165-02,INVREC02165,2,GE-001,Power Generation,1,Unit,18422.38,0,18,3316.03,18422.38,PO-2023-0470,1,Matched,Matched to purchase order.
4575,INVREC02166-01,INVREC02166,1,CIS-001,Network Router,9,Unit,6126.08,0,5,2756.74,55134.72,PO-2024-1486,9,Matched,Successfully matched against PO.
4576,INVREC02166-02,INVREC02166,2,CIS-003,Firewall,2,Unit,41351.04,0,5,4135.1,82702.08,PO-2024-1486,2,Matched,Three-way match completed.
4577,INVREC02166-03,INVREC02166,3,CIS-002,Switch,13,Unit,3981.47,0,5,2587.96,51759.12,PO-2024-1486,13,Matched,Ready for payment.
4578,INVREC02167-01,INVREC02167,1,ORC-001,Database License,8,Processor,6070.51,0,10,4856.41,48564.05,PO-2025-0328,8,Matched,Successfully matched against PO.
4579,INVREC02167-02,INVREC02167,2,ORC-002,Cloud Services,7,Month,10139.75,0,10,7097.82,70978.23,PO-2025-0328,7,Matched,Matched to purchase order.
4580,INVREC02168-01,INVREC02168,1,ELT-001,Janitorial Services,9,Visit,18031.06,11359.57,18,27165.59,162279.5,PO-2024-1236,9,Matched,Ready for payment.
4581,INVREC02168-02,INVREC02168,2,ELT-002,Facility Maintenance,20,Hour,7573.04,0,18,29307.67,151460.86,PO-2024-1236,20,Matched,Validated automatically.
4582,INVREC02169-01,INVREC02169,1,ADT-002,Alarm Systems,1,Unit,193162.12,0,0,0,193162.12,PO-2026-0582,1,Matched,Goods receipt confirmed.
4583,INVREC02169-02,INVREC02169,2,ADT-001,Security Monitoring,12,Month,19781.66,0,0,0,237379.95,PO-2026-0582,12,Matched,Matched to purchase order.
4584,INVREC02170-01,INVREC02170,1,DELL-MON,"24"" Monitor",8,Unit,7799.66,0,18,11231.51,62397.25,PO-2023-0736,8,Matched,Goods receipt confirmed.
4585,INVREC02170-02,INVREC02170,2,DELL-MS,Mouse,42,Unit,3258.84,0,18,24636.85,136871.39,PO-2023-0736,42,Matched,Successfully matched against PO.
4586,INVREC02170-03,INVREC02170,3,DELL-KB,Keyboard,27,Unit,3727.43,0,18,18115.33,100640.73,PO-2023-0736,27,Matched,Three-way match completed.
4587,INVREC02170-04,INVREC02170,4,DELL-LAT,Latitude Laptop,3,Unit,30192.22,0,18,16303.8,90576.66,PO-2023-0736,3,Matched,Ready for payment.
4588,INVREC02171-01,INVREC02171,1,CIN-002,Floor Mats,19,Month,2941.39,0,18,10059.54,55886.34,PO-2023-0423,19,Awaiting Approval,Pending goods receipt confirmation.
4589,INVREC02171-02,INVREC02171,2,CIN-001,Uniforms Rental,51,Month,1332.74,0,18,12234.58,67969.88,PO-2023-0423,43,Awaiting Approval,Pending goods receipt confirmation.
4590,INVREC02172-01,INVREC02172,1,MCK-002,Market Research,1,Project,45890.58,0,20,9178.12,45890.58,PO-2023-0675,1,Matched,Matched to purchase order.
4591,INVREC02172-02,INVREC02172,2,MCK-001,Strategy Consulting,50,Hour,1768.87,0,20,17688.73,88443.65,PO-2023-0675,50,Matched,Validated automatically.
4592,INVREC02173-01,INVREC02173,1,PIN-002,Investment Services,1,Project,153708.2,0,10,15370.82,153708.2,PO-2026-0800,1,Matched,Successfully matched against PO.
4593,INVREC02173-02,INVREC02173,2,PIN-001,Financial Advisory,13,Hour,6204.52,0,10,8065.88,80658.76,PO-2026-0800,13,Matched,Ready for payment.
4594,INVREC02174-01,INVREC02174,1,CUM-001,Engine Parts,4,Unit,26225.19,0,20,20980.15,104900.77,PO-2023-0753,4,Matched,Three-way match completed.
4595,INVREC02174-02,INVREC02174,2,CUM-002,Generators,3,Unit,37152.35,0,20,22291.41,111457.06,PO-2023-0753,3,Matched,Successfully matched against PO.
4596,INVREC02175-01,INVREC02175,1,ORC-001,Database License,10,Processor,4369.06,1747.62,10,4194.3,43690.58,PO-2025-0328,10,Matched,Successfully matched against PO.
4597,INVREC02175-02,INVREC02175,2,ORC-002,Cloud Services,2,Month,37925.85,3034.07,10,7759.93,75851.7,PO-2025-0328,2,Matched,Three-way match completed.
4598,INVREC02176-01,INVREC02176,1,IMP-001,Container Freight,3,Container,29709.25,0,0,0,89127.74,PO-2025-1069,3,Matched,Validated automatically.
4599,INVREC02176-02,INVREC02176,2,IMP-002,Customs Brokerage,2,Shipment,22466.08,0,0,0,44932.16,PO-2025-1069,2,Matched,Goods receipt confirmed.
4600,INVREC02177-01,INVREC02177,1,THO-001,Legal Research Software,14,User,1151.72,0,0,0,16124.06,PO-2023-1177,14,Matched,Matched to purchase order.
4601,INVREC02177-02,INVREC02177,2,THO-002,Tax Software,6,User,1565.16,0,0,0,9390.94,PO-2023-1177,6,Matched,Matched to purchase order.
4602,INVREC02178-01,INVREC02178,1,SEC-001,Security Guard Services,88,Hour,895.66,0,18,14187.32,78818.43,PO-2025-0290,88,Matched,Validated automatically.
4603,INVREC02178-02,INVREC02178,2,SEC-002,Access Control Systems,5,Unit,13878.9,0,18,12491.01,69394.48,PO-2025-0290,5,Matched,Matched to purchase order.
4604,INVREC02179-01,INVREC02179,1,HIL-001,Power Tools,10,Unit,20793.47,0,10,20793.47,207934.67,PO-2025-1356,10,Matched,Goods receipt confirmed.
4605,INVREC02179-02,INVREC02179,2,HIL-002,Anchoring Systems,9,Box,25000.44,0,10,22500.39,225003.93,PO-2025-1356,9,Matched,Three-way match completed.
4606,INVREC02180-01,INVREC02180,1,OFW-CHAIR,Ergonomic Office Chair,9,Unit,15200,0,18,24624.01,136800.04,PO-2023-0145,9,Matched,Goods receipt confirmed.
4607,INVREC02180-02,INVREC02180,2,OFW-CABIN,Filing Cabinet,4,Unit,33047.2,0,18,23793.98,132188.8,PO-2023-0145,4,Matched,Matched to purchase order.
4608,INVREC02180-03,INVREC02180,3,OFW-DESK,Standing Desk,2,Unit,109132.62,0,18,39287.74,218265.24,PO-2023-0145,2,Matched,Ready for payment.
4609,INVREC02181-01,INVREC02181,1,DHL-FUEL,Fuel Surcharge,1,Percent,28833.79,0,20,5766.76,28833.79,PO-2023-0994,1,Matched,Matched to purchase order.
4610,INVREC02181-02,INVREC02181,2,DHL-EXP,Express Delivery,3,Shipment,6686.1,0,20,4011.66,20058.29,PO-2023-0994,3,Matched,Ready for payment.
4611,INVREC02181-03,INVREC02181,3,DHL-INT,International Shipping,1,Shipment,33534.95,0,20,6706.99,33534.95,PO-2023-0994,1,Matched,Successfully matched against PO.
4612,INVREC02182-01,INVREC02182,1,PAR-001,Hydraulic Components,20,Unit,16210.36,0,0,0,324207.14,PO-2024-0838,20,Matched,Validated automatically.
4613,INVREC02182-02,INVREC02182,2,PAR-002,Seals & Gaskets,9,Box,16649.29,0,0,0,149843.63,PO-2024-0838,9,Matched,Validated automatically.
4614,INVREC02183-01,INVREC02183,1,ZF-001,Automotive Components,4,Unit,35221.38,14088.55,10,12679.7,140885.53,PO-2024-0435,4,Matched,Three-way match completed.
4615,INVREC02183-02,INVREC02183,2,ZF-002,Industrial Drives,3,Unit,54433.05,0,10,17738.77,163299.14,PO-2024-0435,3,Matched,Goods receipt confirmed.
4616,INVREC02184-01,INVREC02184,1,SEC-001,Security Guard Services,77,Hour,1999.82,0,0,0,153986.51,PO-2025-0735,77,Matched,Successfully matched against PO.
4617,INVREC02184-02,INVREC02184,2,SEC-002,Access Control Systems,2,Unit,69229.23,0,0,0,138458.46,PO-2025-0735,2,Matched,Matched to purchase order.
4618,INVREC02185-01,INVREC02185,1,ECO-002,Sanitation Services,10,Month,12884.53,0,18,23192.15,128845.25,PO-2026-0216,10,Matched,Matched to purchase order.
4619,INVREC02185-02,INVREC02185,2,ECO-001,Cleaning Chemicals,4,Case,40801,14688.36,18,29376.71,163203.98,PO-2026-0216,4,Matched,Validated automatically.
4620,INVREC02186-01,INVREC02186,1,SAP-002,Implementation Services,40,Hour,1080.31,0,5,2160.63,43212.58,PO-2026-1111,32,Missing PO,Invoice has no purchase order.
4621,INVREC02186-02,INVREC02186,2,SAP-001,ERP License,8,User,6470.63,0,5,2588.25,51765.06,PO-2026-1111,5,Quantity Mismatch,Quantity exceeds PO by 13%.
4622,INVREC02187-01,INVREC02187,1,MOD-001,Office Desk,9,Unit,13738.18,0,0,0,123643.59,PO-2026-1427,9,Matched,Successfully matched against PO.
4623,INVREC02187-02,INVREC02187,2,MOD-002,Office Chair,10,Unit,16623.19,0,0,0,166231.94,PO-2026-1427,10,Matched,Three-way match completed.
4624,INVREC02188-01,INVREC02188,1,SEC-001,Security Guard Services,125,Hour,1752.65,0,18,39434.63,219081.29,PO-2025-0696,125,Matched,Ready for payment.
4625,INVREC02188-02,INVREC02188,2,SEC-002,Access Control Systems,2,Unit,99052.71,0,18,35658.98,198105.42,PO-2025-0696,2,Matched,Three-way match completed.
4626,INVREC02189-01,INVREC02189,1,EY-002,Risk Consulting,21,Hour,460.83,0,18,1741.93,9677.39,PO-2026-0617,21,Matched,Ready for payment.
4627,INVREC02189-02,INVREC02189,2,EY-001,Financial Audit,1,Project,11373.43,0,18,2047.22,11373.43,PO-2026-0617,1,Matched,Ready for payment.
4628,INVREC02190-01,INVREC02190,1,EY-001,Financial Audit,1,Project,186939.6,0,20,37387.92,186939.6,PO-2025-0182,1,Matched,Validated automatically.
4629,INVREC02190-02,INVREC02190,2,EY-002,Risk Consulting,17,Hour,10053.89,0,20,34183.24,170916.21,PO-2025-0182,17,Matched,Matched to purchase order.
4630,INVREC02191-01,INVREC02191,1,MCK-002,Market Research,1,Project,106893.36,0,5,5344.67,106893.36,PO-2026-0615,1,Matched,Validated automatically.
4631,INVREC02191-02,INVREC02191,2,MCK-001,Strategy Consulting,34,Hour,1556.99,0,5,2646.88,52937.67,PO-2026-0615,34,Matched,Validated automatically.
4632,INVREC02192-01,INVREC02192,1,SPG-001,Market Data Subscription,12,Month,6665.68,1599.76,0,0,79988.17,PO-2026-0206,12,Matched,Ready for payment.
4633,INVREC02192-02,INVREC02192,2,SPG-002,Ratings Services,1,Project,79988.18,0,0,0,79988.18,PO-2026-0206,1,Matched,Matched to purchase order.
4634,INVREC02193-01,INVREC02193,1,SFS-001,CRM License,32,User,2967.23,0,5,4747.58,94951.5,PO-2024-0827,32,Matched,Successfully matched against PO.
4635,INVREC02193-02,INVREC02193,2,SFS-002,Sales Cloud,28,User,2353.03,0,5,3294.24,65884.72,PO-2024-0827,28,Matched,Goods receipt confirmed.
4636,INVREC02194-01,INVREC02194,1,ELT-002,Facility Maintenance,18,Hour,1641.01,0,5,1476.91,29538.17,PO-2025-1240,18,Matched,Successfully matched against PO.
4637,INVREC02194-02,INVREC02194,2,ELT-001,Janitorial Services,16,Visit,4492.26,1437.52,5,3593.81,71876.2,PO-2025-1240,16,Matched,Ready for payment.
4638,INVREC02195-01,INVREC02195,1,EY-001,Financial Audit,1,Project,206389.75,0,10,20638.97,206389.75,PO-2026-0008,1,Matched,Matched to purchase order.
4639,INVREC02195-02,INVREC02195,2,EY-002,Risk Consulting,24,Hour,7532.96,9039.55,10,18079.11,180791.03,PO-2026-0008,24,Matched,Three-way match completed.
4640,INVREC02196-01,INVREC02196,1,DEW-002,Power Tools,6,Unit,7671.24,0,10,4602.74,46027.44,PO-2026-1313,6,Matched,Validated automatically.
4641,INVREC02196-02,INVREC02196,2,DEW-001,Construction Tools,10,Unit,7330.3,0,10,7330.3,73302.96,PO-2026-1313,10,Matched,Matched to purchase order.
4642,INVREC02197-01,INVREC02197,1,BCG-002,Operations Improvement,1,Project,102582.83,0,0,0,102582.83,PO-2026-0370,1,Matched,Matched to purchase order.
4643,INVREC02197-02,INVREC02197,2,BCG-001,Management Consulting,13,Hour,11836.48,0,0,0,153874.24,PO-2026-0370,13,Matched,Successfully matched against PO.
4644,INVREC02198-01,INVREC02198,1,GS-002,Logistics Services,5,Shipment,29670.34,0,0,0,148351.68,PO-2025-0792,5,Matched,Successfully matched against PO.
4645,INVREC02198-02,INVREC02198,2,GS-001,Bulk Materials,15,Ton,6955.68,0,0,0,104335.24,PO-2025-0792,15,Matched,Validated automatically.
4646,INVREC02199-01,INVREC02199,1,SAMI-02,Design Work,3,Hour,47984.51,0,0,0,143953.53,PO-2026-0902,3,Matched,Ready for payment.
4647,INVREC02199-02,INVREC02199,2,SAMI-01,Consulting Services,10,Hour,13466.62,0,0,0,134666.2,PO-2026-0902,10,Matched,Ready for payment.
4648,INVREC02200-01,INVREC02200,1,MS-AZ,Azure Subscription,12,Month,10105.26,0,18,21827.36,121263.12,PO-2026-1355,12,Matched,Goods receipt confirmed.
4649,INVREC02200-02,INVREC02200,2,MS-PBI,Power BI Pro,35,Seat,5389.47,0,18,33953.67,188631.52,PO-2026-1355,35,Matched,Matched to purchase order.
4650,INVREC02200-03,INVREC02200,3,MS-365,Microsoft 365 Business Premium,176,Seat,697.5,0,18,22096.84,122760.2,PO-2026-1355,176,Matched,Ready for payment.
4651,INVREC02201-01,INVREC02201,1,QL-002,Courier Services,27,Package,4585.79,0,10,12381.62,123816.24,PO-2025-0996,27,Matched,Matched to purchase order.
4652,INVREC02201-02,INVREC02201,2,QL-001,Domestic Freight,22,Pallet,6113.18,0,10,13449.01,134490.05,PO-2025-0996,22,Matched,Ready for payment.
4653,INVREC02202-01,INVREC02202,1,GOO-001,Commercial Tires,19,Unit,7747.56,0,5,7360.19,147203.73,PO-2024-1044,19,Matched,Goods receipt confirmed.
4654,INVREC02202-02,INVREC02202,2,GOO-002,Retread Services,20,Unit,7478.9,0,5,7478.9,149577.98,PO-2024-1044,20,Matched,Validated automatically.
4655,INVREC02203-01,INVREC02203,1,BCG-001,Management Consulting,33,Hour,6254.41,0,0,0,206395.63,PO-2025-1448,33,Matched,Validated automatically.
4656,INVREC02203-02,INVREC02203,2,BCG-002,Operations Improvement,1,Project,202426.49,0,0,0,202426.49,PO-2025-1448,1,Matched,Goods receipt confirmed.
4657,INVREC02204-01,INVREC02204,1,PEN-001,Fleet Management,10,Month,20577.43,0,18,37039.37,205774.27,PO-2024-1248,10,Matched,Successfully matched against PO.
4658,INVREC02204-02,INVREC02204,2,PEN-002,Distribution Services,64,Pallet,1888.31,0,18,21753.28,120851.56,PO-2024-1248,64,Matched,Three-way match completed.
4659,INVREC02205-01,INVREC02205,1,AMZ-ADAPT,Ethernet Adapter,23,Each,1265.8,0,5,1455.67,29113.45,PO-2026-1186,23,Matched,Validated automatically.
4660,INVREC02205-02,INVREC02205,2,AMZ-HDMI,HDMI Cable,12,Each,3097.97,0,5,1858.78,37175.64,PO-2026-1186,12,Matched,Goods receipt confirmed.
4661,INVREC02205-03,INVREC02205,3,AMZ-USBH,USB Hub,10,Each,3896.72,3507.05,5,1773.01,38967.23,PO-2026-1186,10,Matched,Matched to purchase order.
4662,INVREC02205-04,INVREC02205,4,AMZ-STAND,Laptop Stand,8,Each,5990.65,0,5,2571.62,47925.22,PO-2026-1186,8,Matched,Three-way match completed.
4663,INVREC02206-01,INVREC02206,1,ORC-002,Cloud Services,11,Month,6116.83,0,0,0,67285.17,PO-2026-0075,11,Matched,Matched to purchase order.
4664,INVREC02206-02,INVREC02206,2,ORC-001,Database License,7,Processor,8322.73,0,0,0,58259.11,PO-2026-0075,7,Matched,Ready for payment.
4665,INVREC02207-01,INVREC02207,1,SAMI-02,Design Work,7,Hour,14696.92,0,20,20575.69,102878.44,PO-2024-1347,7,Matched,Matched to purchase order.
4666,INVREC02207-02,INVREC02207,2,SAMI-01,Consulting Services,2,Hour,52974.72,0,20,21189.89,105949.44,PO-2024-1347,2,Matched,Ready for payment.
4667,INVREC02208-01,INVREC02208,1,SFS-001,CRM License,58,User,1246.44,0,20,14458.72,72293.62,PO-2026-0032,58,Matched,Goods receipt confirmed.
4668,INVREC02208-02,INVREC02208,2,SFS-002,Sales Cloud,45,User,1906.05,0,20,17154.42,85772.09,PO-2026-0032,45,Matched,Ready for payment.
4669,INVREC02209-01,INVREC02209,1,TMO-002,IoT Services,403,Device,37.92,0,5,764.15,15282.97,PO-2023-0097,403,Matched,Three-way match completed.
4670,INVREC02209-02,INVREC02209,2,TMO-001,Mobile Plans,55,Line,214.63,0,5,590.24,11804.77,PO-2023-0097,55,Matched,Goods receipt confirmed.
4671,INVREC02210-01,INVREC02210,1,ZF-002,Industrial Drives,3,Unit,1604,0,0,0,4811.99,PO-2023-0689,3,Matched,Ready for payment.
4672,INVREC02210-02,INVREC02210,2,ZF-001,Automotive Components,4,Unit,1317.57,0,0,0,5270.28,PO-2023-0689,4,Matched,Successfully matched against PO.
4673,INVREC02211-01,INVREC02211,1,MOD-002,Office Chair,8,Unit,2756.73,0,0,0,22053.84,PO-2026-0014,8,Matched,Matched to purchase order.
4674,INVREC02211-02,INVREC02211,2,MOD-001,Office Desk,2,Unit,11528.14,0,0,0,23056.28,PO-2026-0014,2,Matched,Matched to purchase order.
4675,INVREC02212-01,INVREC02212,1,REG-001,Motion Control,1,Unit,9740.55,0,10,974.06,9740.55,PO-2025-1001,1,Awaiting Approval,Pending goods receipt confirmation.
4676,INVREC02212-02,INVREC02212,2,REG-002,Power Transmission,5,Unit,1614.53,0,10,807.27,8072.65,PO-2025-1001,4,Awaiting Approval,Pending goods receipt confirmation.
4677,INVREC02213-01,INVREC02213,1,HIL-002,Anchoring Systems,2,Box,66197.46,0,20,26478.98,132394.92,PO-2025-1160,2,Matched,Validated automatically.
4678,INVREC02213-02,INVREC02213,2,HIL-001,Power Tools,8,Unit,34550.43,0,20,55280.69,276403.43,PO-2025-1160,8,Matched,Ready for payment.
4679,INVREC02214-01,INVREC02214,1,ELT-002,Facility Maintenance,30,Hour,1069.95,0,18,5777.72,32098.47,PO-2024-0561,30,Matched,Matched to purchase order.
4680,INVREC02214-02,INVREC02214,2,ELT-001,Janitorial Services,6,Visit,7941.03,1905.85,18,8576.31,47646.16,PO-2024-0561,6,Matched,Matched to purchase order.
4681,INVREC02215-01,INVREC02215,1,SOD-002,Catering,3,Event,28358.6,0,20,17015.16,85075.79,PO-2026-1279,3,Matched,Successfully matched against PO.
4682,INVREC02215-02,INVREC02215,2,SOD-001,Facility Management,6,Month,24616.84,0,20,29540.2,147701.02,PO-2026-1279,6,Matched,Validated automatically.
4683,INVREC02216-01,INVREC02216,1,ABCD-200,Industrial Fasteners,63,Box,2267.34,0,5,7142.11,142842.19,PO-2025-1011,63,Matched,Three-way match completed.
4684,INVREC02216-02,INVREC02216,2,ABCD-300,Packaging Film,99,Roll,1457,0,5,7212.13,144242.61,PO-2025-1011,99,Matched,Ready for payment.
4685,INVREC02216-03,INVREC02216,3,ABCD-100,Steel Coils,2,Ton,67920.07,0,5,6792.01,135840.13,PO-2025-1011,2,Matched,Matched to purchase order.
4686,INVREC02217-01,INVREC02217,1,GE-001,Power Generation,1,Unit,67569.36,0,10,6756.94,67569.36,PO-2023-0046,1,Matched,Ready for payment.
4687,INVREC02217-02,INVREC02217,2,GE-002,Medical Equipment,3,Unit,15822.03,3797.29,10,4746.6,47466.08,PO-2023-0046,3,Matched,Validated automatically.
4688,INVREC02218-01,INVREC02218,1,KMB-001,Paper Towels,18,Case,4747.43,5127.22,0,0,85453.72,PO-2026-1013,18,Matched,Matched to purchase order.
4689,INVREC02218-02,INVREC02218,2,KMB-002,Sanitary Products,19,Case,2463.88,0,0,0,46813.77,PO-2026-1013,19,Matched,Matched to purchase order.
4690,INVREC02219-01,INVREC02219,1,SEC-002,Access Control Systems,10,Unit,15197.93,0,0,0,151979.28,PO-2025-0735,10,Matched,Ready for payment.
4691,INVREC02219-02,INVREC02219,2,SEC-001,Security Guard Services,45,Hour,3121.46,0,0,0,140465.69,PO-2025-0735,45,Matched,Validated automatically.
4692,INVREC02220-01,INVREC02220,1,JLL-001,Property Management,2,Month,51724,0,5,5172.4,103447.99,PO-2024-1262,2,Matched,Validated automatically.
4693,INVREC02220-02,INVREC02220,2,JLL-002,Leasing Services,1,Project,119675.13,0,5,5983.76,119675.13,PO-2024-1262,1,Matched,Validated automatically.
4694,INVREC02221-01,INVREC02221,1,SIE-002,Electrical Equipment,7,Unit,1402.76,0,0,0,9819.33,PO-2023-0638,7,Matched,Matched to purchase order.
4695,INVREC02221-02,INVREC02221,2,SIE-001,Industrial Automation,5,Unit,3499.25,0,0,0,17496.25,PO-2023-0638,5,Matched,Goods receipt confirmed.
4696,INVREC02222-01,INVREC02222,1,GOO-002,Retread Services,2,Unit,129653.06,0,0,0,259306.11,PO-2025-0685,2,Matched,Matched to purchase order.
4697,INVREC02222-02,INVREC02222,2,GOO-001,Commercial Tires,17,Unit,12023.19,14307.6,0,0,204394.22,PO-2025-0685,17,Matched,Matched to purchase order.
4698,INVREC02223-01,INVREC02223,1,SEC-001,Security Guard Services,65,Hour,3054.04,0,18,35732.28,198512.64,PO-2025-0696,46,Awaiting Approval,Pending goods receipt confirmation.
4699,INVREC02223-02,INVREC02223,2,SEC-002,Access Control Systems,2,Unit,109337.04,0,18,39361.33,218674.07,PO-2025-0696,2,Awaiting Approval,Pending goods receipt confirmation.
4700,INVREC02224-01,INVREC02224,1,WMI-001,Waste Collection,3,Month,1843.02,0,0,0,5529.07,PO-2025-0616,3,Matched,Validated automatically.
4701,INVREC02224-02,INVREC02224,2,WMI-002,Recycling Services,3,Month,2049.89,0,0,0,6149.68,PO-2025-0616,3,Matched,Ready for payment.
4702,INVREC02225-01,INVREC02225,1,ATL-001,Air Cargo Charter,1,Flight,29671.51,0,20,5934.3,29671.51,PO-2024-0611,1,Matched,Matched to purchase order.
4703,INVREC02226-01,INVREC02226,1,ABCD-200,Industrial Fasteners,86,Box,136.98,0,5,588.99,11779.86,PO-2026-0192,86,Matched,Matched to purchase order.
4704,INVREC02226-02,INVREC02226,2,ABCD-300,Packaging Film,38,Roll,379.85,0,5,721.72,14434.47,PO-2026-0192,38,Matched,Matched to purchase order.
4705,INVREC02226-03,INVREC02226,3,ABCD-100,Steel Coils,4,Ton,4147.84,0,5,829.57,16591.35,PO-2026-0192,4,Matched,Validated automatically.
4706,INVREC02227-01,INVREC02227,1,LNV-002,Desktop,14,Unit,5168.15,0,5,3617.71,72354.11,PO-2026-0477,14,Matched,Three-way match completed.
4707,INVREC02227-02,INVREC02227,2,LNV-001,ThinkPad Laptop,17,Unit,3564.07,0,5,3029.46,60589.22,PO-2026-0477,17,Matched,Three-way match completed.
4708,INVREC02228-01,INVREC02228,1,SUM-001,Software License,38,User,797.46,0,10,3030.36,30303.57,PO-2024-1065,38,Matched,Matched to purchase order.
4709,INVREC02228-02,INVREC02228,2,SUM-002,Implementation Service,35,Hour,417.34,0,10,1460.68,14606.75,PO-2024-1065,35,Matched,Successfully matched against PO.
4710,INVREC02229-01,INVREC02229,1,HPE-001,Server,7,Unit,28052.74,0,10,19636.92,196369.18,PO-2025-0306,6,Quantity Mismatch,Quantity exceeds PO by 32%.
4711,INVREC02229-02,INVREC02229,2,HPE-002,Storage Array,3,Unit,26777.62,0,10,8033.29,80332.85,PO-2025-0306,2,Vendor Mismatch,Vendor does not match purchase order.
4712,INVREC02230-01,INVREC02230,1,VER-001,Mobile Services,21,Line,5295.75,4448.43,20,21352.46,111210.74,PO-2026-0114,21,Matched,Matched to purchase order.
4713,INVREC02230-02,INVREC02230,2,VER-002,Data Services,6,Month,17838.31,0,20,22295.67,107029.89,PO-2026-0114,6,Matched,Matched to purchase order.
4714,INVREC02231-01,INVREC02231,1,PWC-001,Assurance Services,1,Project,19692.2,0,0,0,19692.2,PO-2024-0211,1,Matched,Successfully matched against PO.
4715,INVREC02231-02,INVREC02231,2,PWC-002,Advisory Services,28,Hour,642.34,0,0,0,17985.55,PO-2024-0211,28,Matched,Validated automatically.
4716,INVREC02232-01,INVREC02232,1,SAMI-01,Consulting Services,5,Hour,19854.44,0,10,9927.22,99272.22,PO-2023-1335,5,Matched,Goods receipt confirmed.
4717,INVREC02232-02,INVREC02232,2,SAMI-02,Design Work,3,Hour,91155.62,0,10,27346.69,273466.87,PO-2023-1335,3,Matched,Three-way match completed.
4718,INVREC02233-01,INVREC02233,1,FAS-001,Industrial Fasteners,89,Box,944.99,0,0,0,84104.23,PO-2025-0958,89,Matched,Goods receipt confirmed.
4719,INVREC02233-02,INVREC02233,2,FAS-002,Safety Supplies,39,Unit,3637.11,0,0,0,141847.44,PO-2025-0958,39,Matched,Successfully matched against PO.
4720,INVREC02234-01,INVREC02234,1,PWC-001,Assurance Services,1,Project,143651.15,10055.58,10,13359.56,143651.15,PO-2026-0602,1,Matched,Three-way match completed.
4721,INVREC02234-02,INVREC02234,2,PWC-002,Advisory Services,5,Hour,33827.53,0,10,17919.32,169137.65,PO-2026-0602,5,Matched,Matched to purchase order.
4722,INVREC02235-01,INVREC02235,1,ATL-001,Air Cargo Charter,1,Flight,51044.22,0,20,10208.84,51044.22,PO-2025-0038,1,Matched,Successfully matched against PO.
4723,INVREC02236-01,INVREC02236,1,SIE-002,Electrical Equipment,4,Unit,13079.54,0,5,2615.91,52318.17,PO-2026-0515,4,Matched,Successfully matched against PO.
4724,INVREC02236-02,INVREC02236,2,SIE-001,Industrial Automation,2,Unit,16983.88,0,5,1698.39,33967.77,PO-2026-0515,2,Matched,Goods receipt confirmed.
4725,INVREC02237-01,INVREC02237,1,WWG-002,HVAC Parts,13,Unit,7604.79,0,20,19772.44,98862.22,PO-2026-0491,13,Matched,Ready for payment.
4726,INVREC02237-02,INVREC02237,2,WWG-001,MRO Supplies,26,Box,8249.26,0,20,42896.15,214480.76,PO-2026-0491,26,Matched,Matched to purchase order.
4727,INVREC02238-01,INVREC02238,1,APP-001,MacBook Pro,2,Unit,22159.09,0,20,8863.64,44318.18,PO-2025-0770,2,Matched,Ready for payment.
4728,INVREC02238-02,INVREC02238,2,APP-003,iPhone,25,Unit,3913.38,3913.38,20,18784.22,97834.49,PO-2025-0770,25,Matched,Ready for payment.
4729,INVREC02238-03,INVREC02238,3,APP-002,iPad,19,Unit,5105.17,1939.97,20,20182.33,96998.29,PO-2025-0770,19,Matched,Matched to purchase order.
4730,INVREC02239-01,INVREC02239,1,CAT-001,Construction Equipment,1,Unit,200644.76,0,18,36116.06,200644.76,PO-2026-0761,1,Matched,Successfully matched against PO.
4731,INVREC02239-02,INVREC02239,2,CAT-002,Spare Parts,8,Box,35013.5,0,18,50419.45,280108.04,PO-2026-0761,8,Matched,Validated automatically.
4732,INVREC02240-01,INVREC02240,1,ALP-002,Spare Parts,4,Box,42173.28,0,20,33738.62,168693.11,PO-2025-0107,4,Matched,Validated automatically.
4733,INVREC02240-02,INVREC02240,2,ALP-001,Heavy Machinery,2,Unit,153073.38,0,20,61229.35,306146.76,PO-2025-0107,2,Matched,Goods receipt confirmed.
4734,INVREC02241-01,INVREC02241,1,CIS-003,Firewall,5,Unit,15077.82,0,5,3769.46,75389.1,PO-2026-1457,5,Matched,Validated automatically.
4735,INVREC02241-02,INVREC02241,2,CIS-002,Switch,18,Unit,4906.27,0,5,4415.65,88312.94,PO-2026-1457,18,Matched,Matched to purchase order.
4736,INVREC02242-01,INVREC02242,1,GS-001,Bulk Materials,20,Ton,5651.42,0,5,5651.42,113028.46,PO-2024-0011,20,Matched,Validated automatically.
4737,INVREC02242-02,INVREC02242,2,GS-002,Logistics Services,1,Shipment,180845.54,0,5,9042.28,180845.54,PO-2024-0011,1,Matched,Successfully matched against PO.
4738,INVREC02243-01,INVREC02243,1,PIN-001,Financial Advisory,10,Hour,9136.03,0,5,4568.02,91360.32,PO-2023-0314,10,Matched,Matched to purchase order.
4739,INVREC02243-02,INVREC02243,2,PIN-002,Investment Services,1,Project,59191.19,0,5,2959.56,59191.19,PO-2023-0314,1,Matched,Ready for payment.
4740,INVREC02244-01,INVREC02244,1,THO-002,Tax Software,7,User,4960.67,0,10,3472.47,34724.67,PO-2024-0563,7,Matched,Matched to purchase order.
4741,INVREC02244-02,INVREC02244,2,THO-001,Legal Research Software,20,User,1163.46,1396.15,10,2326.91,23269.11,PO-2024-0563,20,Matched,Validated automatically.
4742,INVREC02245-01,INVREC02245,1,SEC-001,Security Guard Services,143,Hour,1520.29,0,5,10870.04,217400.81,PO-2025-0070,143,Matched,Ready for payment.
4743,INVREC02245-02,INVREC02245,2,SEC-002,Access Control Systems,4,Unit,28543.63,4566.98,5,5708.73,114174.52,PO-2025-0070,4,Matched,Matched to purchase order.
4744,INVREC02246-01,INVREC02246,1,NH-002,Market Analysis,2,Project,70056.04,0,20,28022.42,140112.08,PO-2023-1446,2,Awaiting Approval,Pending goods receipt confirmation.
4745,INVREC02246-02,INVREC02246,2,NH-001,Strategic Consulting,18,Hour,5978.12,0,20,21521.22,107606.08,PO-2023-1446,14,Awaiting Approval,Pending goods receipt confirmation.
4746,INVREC02247-01,INVREC02247,1,MOO-002,Financial Data Service,1,Month,291050.92,0,18,52389.17,291050.92,PO-2025-0081,1,Matched,Ready for payment.
4747,INVREC02247-02,INVREC02247,2,MOO-001,Credit Risk Software,1,User,139971.05,0,18,25194.79,139971.05,PO-2025-0081,1,Matched,Validated automatically.
4748,INVREC02248-01,INVREC02248,1,MS-AZ,Azure Subscription,5,Month,29810.43,0,18,26829.38,149052.13,PO-2023-1337,5,Matched,Goods receipt confirmed.
4749,INVREC02248-02,INVREC02248,2,MS-PBI,Power BI Pro,100,Seat,791.12,0,18,14240.21,79112.28,PO-2023-1337,100,Matched,Validated automatically.
4750,INVREC02249-01,INVREC02249,1,ATL-001,Air Cargo Charter,1,Flight,197057.24,0,5,9852.86,197057.24,PO-2025-0087,1,Awaiting Approval,Pending goods receipt confirmation.
4751,INVREC02250-01,INVREC02250,1,TYC-002,Building Safety,2,System,7156.35,0,0,0,14312.7,PO-2026-0544,2,Matched,Matched to purchase order.
4752,INVREC02250-02,INVREC02250,2,TYC-001,Fire Protection Systems,2,Unit,8910.36,0,0,0,17820.71,PO-2026-0544,2,Matched,Successfully matched against PO.
4753,INVREC02251-01,INVREC02251,1,MAE-002,Freight Forwarding,1,Shipment,110932.77,0,18,19967.9,110932.77,PO-2023-0478,1,Awaiting Approval,Pending goods receipt confirmation.
4754,INVREC02251-02,INVREC02251,2,MAE-001,Container Shipping,3,Container,58016.56,0,18,31328.94,174049.68,PO-2023-0478,2,Awaiting Approval,Pending goods receipt confirmation.
4755,INVREC02252-01,INVREC02252,1,GRA-002,Safety Equipment,27,Unit,2529.08,2731.41,0,0,68285.25,PO-2023-1417,27,Matched,Matched to purchase order.
4756,INVREC02252-02,INVREC02252,2,GRA-001,Industrial Supplies,3,Box,17509.04,0,0,0,52527.12,PO-2023-1417,3,Matched,Three-way match completed.
4757,INVREC02253-01,INVREC02253,1,CIS-001,Network Router,2,Unit,57543.42,0,10,11508.68,115086.84,PO-2026-1406,2,Matched,Validated automatically.
4758,INVREC02253-02,INVREC02253,2,CIS-003,Firewall,4,Unit,27333.13,0,10,10933.25,109332.5,PO-2026-1406,4,Matched,Matched to purchase order.
4759,INVREC02253-03,INVREC02253,3,CIS-002,Switch,19,Unit,7773.41,8861.69,10,14769.48,147694.79,PO-2026-1406,19,Matched,Three-way match completed.
4760,INVREC02254-01,INVREC02254,1,SPG-002,Ratings Services,1,Project,14356.68,0,5,717.83,14356.68,PO-2023-0093,1,Matched,Three-way match completed.
4761,INVREC02254-02,INVREC02254,2,SPG-001,Market Data Subscription,3,Month,8445.1,0,5,1266.77,25335.31,PO-2023-0093,3,Matched,Goods receipt confirmed.
4762,INVREC02255-01,INVREC02255,1,BAI-002,Due Diligence,1,Project,141504.4,7075.22,20,26885.84,141504.4,PO-2025-0106,1,Matched,Matched to purchase order.
4763,INVREC02255-02,INVREC02255,2,BAI-001,Strategy Services,32,Hour,4455.51,0,20,29930.32,142576.4,PO-2025-0106,32,Matched,Matched to purchase order.
4764,INVREC02256-01,INVREC02256,1,SOD-002,Catering,5,Event,4998,0,5,1249.5,24990,PO-2023-0985,5,Matched,Successfully matched against PO.
4765,INVREC02256-02,INVREC02256,2,SOD-001,Facility Management,10,Month,2434.09,0,5,1217.05,24340.91,PO-2023-0985,10,Matched,Three-way match completed.
4766,INVREC02257-01,INVREC02257,1,VMW-002,Support Services,2,Year,23821.67,0,10,4764.33,47643.33,PO-2026-0327,2,Matched,Matched to purchase order.
4767,INVREC02257-02,INVREC02257,2,VMW-001,vSphere License,10,CPU,3940.87,0,10,3940.87,39408.68,PO-2026-0327,10,Matched,Goods receipt confirmed.
4768,INVREC02258-01,INVREC02258,1,GEN-001,General Services,36,Hour,1643.4,0,0,0,59162.52,PO-2026-0818,36,Matched,Ready for payment.
4769,INVREC02258-02,INVREC02258,2,GEN-002,Miscellaneous Supplies,11,Each,5212.92,0,0,0,57342.14,PO-2026-0818,11,Matched,Ready for payment.
4770,INVREC02259-01,INVREC02259,1,TYC-001,Fire Protection Systems,4,Unit,11577.31,0,18,8335.66,46309.24,PO-2026-1275,4,Matched,Three-way match completed.
4771,INVREC02259-02,INVREC02259,2,TYC-002,Building Safety,2,System,24080.81,0,18,8669.09,48161.61,PO-2026-1275,2,Matched,Ready for payment.
4772,INVREC02260-01,INVREC02260,1,PIN-002,Investment Services,1,Project,109750.87,0,20,21950.17,109750.87,PO-2025-0779,1,Awaiting Approval,Pending goods receipt confirmation.
4773,INVREC02260-02,INVREC02260,2,PIN-001,Financial Advisory,4,Hour,12645.21,0,20,10116.17,50580.83,PO-2025-0779,4,Awaiting Approval,Pending goods receipt confirmation.
4774,INVREC02261-01,INVREC02261,1,SIE-002,Electrical Equipment,6,Unit,2438.15,0,5,731.44,14628.89,PO-2023-0269,6,Matched,Successfully matched against PO.
4775,INVREC02261-02,INVREC02261,2,SIE-001,Industrial Automation,2,Unit,9965.94,0,5,996.59,19931.87,PO-2023-0269,2,Matched,Successfully matched against PO.
4776,INVREC02262-01,INVREC02262,1,EY-001,Financial Audit,1,Project,199485.58,0,20,39897.12,199485.58,PO-2025-0182,1,Matched,Goods receipt confirmed.
4777,INVREC02262-02,INVREC02262,2,EY-002,Risk Consulting,8,Hour,19796.28,0,20,31674.05,158370.23,PO-2025-0182,8,Matched,Validated automatically.
4778,INVREC02263-01,INVREC02263,1,ADT-001,Security Monitoring,9,Month,11544.1,0,5,5194.85,103896.93,PO-2025-1318,9,Matched,Successfully matched against PO.
4779,INVREC02263-02,INVREC02263,2,ADT-002,Alarm Systems,5,Unit,21333.5,0,5,5333.38,106667.51,PO-2025-1318,5,Matched,Ready for payment.
4780,INVREC02264-01,INVREC02264,1,FES-002,Valves,19,Unit,6818.83,0,20,25911.54,129557.71,PO-2023-0720,19,Matched,Successfully matched against PO.
4781,INVREC02264-02,INVREC02264,2,FES-001,Pneumatic Systems,18,Unit,9685.73,0,20,34868.62,174343.08,PO-2023-0720,18,Matched,Ready for payment.
4782,INVREC02265-01,INVREC02265,1,TMO-002,IoT Services,356,Device,256.96,0,0,0,91478.68,PO-2024-0978,356,Matched,Ready for payment.
4783,INVREC02265-02,INVREC02265,2,TMO-001,Mobile Plans,66,Line,1827.05,0,0,0,120585.54,PO-2024-0978,66,Matched,Three-way match completed.
4784,INVREC02266-01,INVREC02266,1,ABB-002,Drives & Motors,8,Unit,27467.62,0,0,0,219740.94,PO-2024-0705,7,Awaiting Approval,Pending goods receipt confirmation.
4785,INVREC02266-02,INVREC02266,2,ABB-001,Power Automation,4,Unit,39526.57,0,0,0,158106.29,PO-2024-0705,4,Awaiting Approval,Pending goods receipt confirmation.
4786,INVREC02267-01,INVREC02267,1,AMZ-STAND,Laptop Stand,15,Each,7556.86,0,20,22670.58,113352.9,PO-2026-1162,15,Matched,Three-way match completed.
4787,INVREC02267-02,INVREC02267,2,AMZ-USBH,USB Hub,14,Each,8744.37,0,20,24484.23,122421.14,PO-2026-1162,14,Matched,Validated automatically.
4788,INVREC02267-03,INVREC02267,3,AMZ-HDMI,HDMI Cable,38,Each,2465.92,0,20,18741.01,93705.07,PO-2026-1162,38,Matched,Three-way match completed.
4789,INVREC02268-01,INVREC02268,1,MAE-001,Container Shipping,2,Container,47430.02,0,20,18972.01,94860.04,PO-2023-0710,2,Matched,Matched to purchase order.
4790,INVREC02268-02,INVREC02268,2,MAE-002,Freight Forwarding,3,Shipment,31158.41,0,20,18695.04,93475.22,PO-2023-0710,3,Matched,Matched to purchase order.
4791,INVREC02269-01,INVREC02269,1,BCG-002,Operations Improvement,1,Project,278729.89,0,5,13936.49,278729.89,PO-2025-0623,1,Matched,Validated automatically.
4792,INVREC02269-02,INVREC02269,2,BCG-001,Management Consulting,25,Hour,6689.52,0,5,8361.9,167237.94,PO-2025-0623,25,Matched,Matched to purchase order.
4793,INVREC02270-01,INVREC02270,1,ABB-001,Power Automation,2,Unit,67118.21,0,10,13423.64,134236.42,PO-2026-0144,2,Matched,Ready for payment.
4794,INVREC02270-02,INVREC02270,2,ABB-002,Drives & Motors,10,Unit,20771.32,0,10,20771.32,207713.2,PO-2026-0144,10,Matched,Three-way match completed.
4795,INVREC02271-01,INVREC02271,1,SFS-001,CRM License,66,User,3314.2,13124.25,5,10280.66,218737.52,PO-2026-0222,66,Matched,Ready for payment.
4796,INVREC02271-02,INVREC02271,2,SFS-002,Sales Cloud,24,User,7313.75,0,5,9432.72,175530.11,PO-2026-0222,24,Matched,Successfully matched against PO.
4797,INVREC02272-01,INVREC02272,1,BBY-001,Television,2,Unit,14578.5,0,10,2915.7,29157,PO-2025-1292,2,Matched,Matched to purchase order.
4798,INVREC02272-02,INVREC02272,2,BBY-002,Audio System,7,Unit,2380.16,0,10,1666.12,16661.15,PO-2025-1292,7,Matched,Ready for payment.
4799,INVREC02273-01,INVREC02273,1,CUM-001,Engine Parts,3,Unit,81037.31,0,18,43760.15,243111.94,PO-2023-1319,3,Matched,Matched to purchase order.
4800,INVREC02273-02,INVREC02273,2,CUM-002,Generators,1,Unit,228597.8,0,18,41147.6,228597.8,PO-2023-1319,1,Matched,Successfully matched against PO.
4801,INVREC02274-01,INVREC02274,1,SUM-001,Software License,49,User,4129.38,0,10,20233.97,202339.65,PO-2023-0196,49,Matched,Validated automatically.
4802,INVREC02274-02,INVREC02274,2,SUM-002,Implementation Service,47,Hour,5222.58,0,10,24546.12,245461.22,PO-2023-0196,47,Matched,Successfully matched against PO.
4803,INVREC02275-01,INVREC02275,1,PWC-001,Assurance Services,1,Project,120225.33,0,20,24045.07,120225.33,PO-2026-0285,1,Matched,Three-way match completed.
4804,INVREC02275-02,INVREC02275,2,PWC-002,Advisory Services,28,Hour,4293.76,0,20,24045.07,120225.33,PO-2026-0285,28,Matched,Successfully matched against PO.
4805,INVREC02276-01,INVREC02276,1,VGT-001,Server Equipment,2,Unit,46659.94,0,20,18663.98,93319.88,PO-2026-0219,2,Matched,Validated automatically.
4806,INVREC02276-02,INVREC02276,2,VGT-003,Storage Array,3,Unit,60139.48,0,20,36083.69,180418.44,PO-2026-0219,3,Matched,Goods receipt confirmed.
4807,INVREC02276-03,INVREC02276,3,VGT-002,Network Switch,6,Unit,16797.58,7054.98,20,20157.09,100785.47,PO-2026-0219,6,Matched,Successfully matched against PO.
4808,INVREC02277-01,INVREC02277,1,BAL-001,Electric Motors,1,Unit,87657.95,8765.8,18,14200.59,87657.95,PO-2023-0731,1,Matched,Goods receipt confirmed.
4809,INVREC02277-02,INVREC02277,2,BAL-002,Drives,3,Unit,24062.97,6497,18,14571.84,72188.9,PO-2023-0731,3,Matched,Matched to purchase order.
4810,INVREC02278-01,INVREC02278,1,SPG-002,Ratings Services,1,Project,109205.41,0,0,0,109205.41,PO-2026-0206,1,Matched,Successfully matched against PO.
4811,INVREC02278-02,INVREC02278,2,SPG-001,Market Data Subscription,6,Month,8461.82,0,0,0,50770.94,PO-2026-0206,6,Matched,Validated automatically.
4812,INVREC02279-01,INVREC02279,1,SEC-001,Security Guard Services,43,Hour,423.78,0,20,3644.55,18222.73,PO-2023-0233,43,Matched,Ready for payment.
4813,INVREC02279-02,INVREC02279,2,SEC-002,Access Control Systems,10,Unit,2974.59,0,20,5949.18,29745.92,PO-2023-0233,10,Matched,Ready for payment.
4814,INVREC02280-01,INVREC02280,1,ADT-002,Alarm Systems,2,Unit,23875.14,0,0,0,47750.28,PO-2026-1218,2,Matched,Matched to purchase order.
4815,INVREC02280-02,INVREC02280,2,ADT-001,Security Monitoring,12,Month,6445.17,0,0,0,77342.01,PO-2026-1218,12,Matched,Validated automatically.
4816,INVREC02281-01,INVREC02281,1,MAE-001,Container Shipping,4,Container,33306.98,0,5,6661.4,133227.92,PO-2023-1063,4,Matched,Goods receipt confirmed.
4817,INVREC02281-02,INVREC02281,2,MAE-002,Freight Forwarding,1,Shipment,281828.3,0,5,14091.42,281828.3,PO-2023-1063,1,Matched,Matched to purchase order.
4818,INVREC02282-01,INVREC02282,1,CUM-001,Engine Parts,1,Unit,8548.83,0,5,427.44,8548.83,PO-2024-1416,1,Matched,Matched to purchase order.
4819,INVREC02282-02,INVREC02282,2,CUM-002,Generators,1,Unit,8114.15,0,5,405.71,8114.15,PO-2024-1416,1,Matched,Three-way match completed.
4820,INVREC02283-01,INVREC02283,1,THO-001,Legal Research Software,4,User,47747.74,0,18,34378.37,190990.97,PO-2024-0546,4,Matched,Validated automatically.
4821,INVREC02283-02,INVREC02283,2,THO-002,Tax Software,3,User,37837.83,0,18,20432.43,113513.5,PO-2024-0546,3,Matched,Successfully matched against PO.
4822,INVREC02284-01,INVREC02284,1,APP-001,MacBook Pro,4,Unit,35155.3,2812.42,18,24805.58,140621.21,PO-2026-0425,4,Matched,Goods receipt confirmed.
4823,INVREC02284-02,INVREC02284,2,APP-002,iPad,3,Unit,22145.07,0,18,11958.34,66435.21,PO-2026-0425,3,Matched,Ready for payment.
4824,INVREC02284-03,INVREC02284,3,APP-003,iPhone,6,Unit,16793.35,0,18,18643.05,100760.07,PO-2026-0425,6,Matched,Goods receipt confirmed.
4825,INVREC02285-01,INVREC02285,1,ACC-001,Technology Consulting,12,Hour,8927.02,6427.46,20,20139.36,107124.26,PO-2026-1185,12,Matched,Validated automatically.
4826,INVREC02285-02,INVREC02285,2,ACC-002,Systems Integration,1,Project,57281.72,5155.35,20,12741.84,57281.72,PO-2026-1185,1,Matched,Matched to purchase order.
4827,INVREC02286-01,INVREC02286,1,JLL-001,Property Management,10,Month,15075.89,0,5,7537.94,150758.86,PO-2024-1262,10,Matched,Three-way match completed.
4828,INVREC02286-02,INVREC02286,2,JLL-002,Leasing Services,2,Project,36182.13,0,5,3618.21,72364.26,PO-2024-1262,2,Matched,Ready for payment.
4829,INVREC02287-01,INVREC02287,1,ACC-002,Systems Integration,1,Project,269528.54,0,5,13476.43,269528.54,PO-2023-0566,1,Awaiting Approval,Pending goods receipt confirmation.
4830,INVREC02287-02,INVREC02287,2,ACC-001,Technology Consulting,41,Hour,5611.84,0,5,11504.27,230085.33,PO-2023-0566,33,Awaiting Approval,Pending goods receipt confirmation.
4831,INVREC02288-01,INVREC02288,1,ADT-002,Alarm Systems,2,Unit,79644.91,0,10,15928.98,159289.83,PO-2025-1298,2,Matched,Matched to purchase order.
4832,INVREC02288-02,INVREC02288,2,ADT-001,Security Monitoring,12,Month,15054.83,0,10,18065.8,180657.98,PO-2025-1298,12,Matched,Validated automatically.
4833,INVREC02289-01,INVREC02289,1,ZF-002,Industrial Drives,1,Unit,38676.52,0,5,1933.83,38676.52,PO-2025-0239,1,Matched,Three-way match completed.
4834,INVREC02289-02,INVREC02289,2,ZF-001,Automotive Components,6,Unit,3363.18,0,5,1008.95,20179.05,PO-2025-0239,6,Matched,Validated automatically.
4835,INVREC02290-01,INVREC02290,1,HIL-001,Power Tools,8,Unit,20154.55,0,0,0,161236.41,PO-2024-1405,8,Matched,Goods receipt confirmed.
4836,INVREC02290-02,INVREC02290,2,HIL-002,Anchoring Systems,5,Box,19844.48,0,0,0,99222.4,PO-2024-1405,5,Matched,Successfully matched against PO.
4837,INVREC02291-01,INVREC02291,1,OFW-DESK,Standing Desk,4,Unit,17421.45,0,18,12543.44,69685.78,PO-2024-0743,3,Awaiting Approval,Pending goods receipt confirmation.
4838,INVREC02291-02,INVREC02291,2,OFW-CABIN,Filing Cabinet,3,Unit,34842.89,0,18,18815.16,104528.67,PO-2024-0743,2,Awaiting Approval,Pending goods receipt confirmation.
4839,INVREC02291-03,INVREC02291,3,OFW-BOOK,Bookshelf,4,Unit,19871.34,0,18,14307.36,79485.34,PO-2024-0743,4,Awaiting Approval,Pending goods receipt confirmation.
4840,INVREC02291-04,INVREC02291,4,OFW-CHAIR,Ergonomic Office Chair,10,Unit,16223.72,0,18,29202.7,162237.21,PO-2024-0743,8,Awaiting Approval,Pending goods receipt confirmation.
4841,INVREC02292-01,INVREC02292,1,VMW-001,vSphere License,8,CPU,31399.01,0,5,12559.6,251192.06,PO-2025-0061,8,Matched,Validated automatically.
4842,INVREC02292-02,INVREC02292,2,VMW-002,Support Services,3,Year,78589.33,0,5,11788.4,235767.98,PO-2025-0061,3,Matched,Three-way match completed.
4843,INVREC02293-01,INVREC02293,1,CAT-001,Construction Equipment,3,Unit,16431.68,0,0,0,49295.03,PO-2023-0859,3,Matched,Goods receipt confirmed.
4844,INVREC02293-02,INVREC02293,2,CAT-002,Spare Parts,19,Box,6038.05,0,0,0,114722.97,PO-2023-0859,19,Matched,Validated automatically.
4845,INVREC02294-01,INVREC02294,1,ABB-002,Drives & Motors,7,Unit,30625.99,0,18,38588.75,214381.94,PO-2024-0172,7,Matched,Successfully matched against PO.
4846,INVREC02294-02,INVREC02294,2,ABB-001,Power Automation,3,Unit,47640.43,0,18,25725.83,142921.29,PO-2024-0172,3,Matched,Validated automatically.
4847,INVREC02295-01,INVREC02295,1,SIE-002,Electrical Equipment,5,Unit,28071.65,0,18,25264.49,140358.27,PO-2024-0380,5,Matched,Validated automatically.
4848,INVREC02295-02,INVREC02295,2,SIE-001,Industrial Automation,1,Unit,188080.08,0,18,33854.41,188080.08,PO-2024-0380,1,Matched,Ready for payment.
4849,INVREC02296-01,INVREC02296,1,CBRE-001,Commercial Real Estate,1,Project,218622.09,0,10,21862.21,218622.09,PO-2026-1389,1,Matched,Validated automatically.
4850,INVREC02296-02,INVREC02296,2,CBRE-002,Property Valuation,1,Project,274492.18,0,10,27449.22,274492.18,PO-2026-1389,1,Matched,Successfully matched against PO.
4851,INVREC02297-01,INVREC02297,1,ARA-002,Vending Services,12,Month,5485.1,0,0,0,65821.23,PO-2023-0026,12,Matched,Validated automatically.
4852,INVREC02297-02,INVREC02297,2,ARA-001,Food Services,1,Month,72403.35,0,0,0,72403.35,PO-2023-0026,1,Matched,Matched to purchase order.
4853,INVREC02298-01,INVREC02298,1,VMW-002,Support Services,2,Year,41837.91,0,18,15061.65,83675.81,PO-2025-1392,2,Matched,Validated automatically.
4854,INVREC02298-02,INVREC02298,2,VMW-001,vSphere License,12,CPU,11500.9,0,18,24841.94,138010.75,PO-2025-1392,12,Matched,Ready for payment.
4855,INVREC02299-01,INVREC02299,1,MS-365,Microsoft 365 Business Premium,68,Seat,705.76,0,5,2399.57,47991.39,PO-2026-1261,68,Matched,Matched to purchase order.
4856,INVREC02299-02,INVREC02299,2,MS-DYN,Dynamics 365 License,40,Seat,758.26,0,5,1516.53,30330.56,PO-2026-1261,40,Matched,Matched to purchase order.
4857,INVREC02300-01,INVREC02300,1,ECO-001,Cleaning Chemicals,13,Case,5843.09,0,10,7596.02,75960.16,PO-2025-0949,13,Matched,Matched to purchase order.
4858,INVREC02300-02,INVREC02300,2,ECO-002,Sanitation Services,4,Month,41848.43,0,10,16739.37,167393.7,PO-2025-0949,4,Matched,Validated automatically.
4859,INVREC02301-01,INVREC02301,1,BAI-001,Strategy Services,28,Hour,4080.55,0,20,22851.09,114255.46,PO-2024-1194,23,Awaiting Approval,Pending goods receipt confirmation.
4860,INVREC02301-02,INVREC02301,2,BAI-002,Due Diligence,1,Project,135413.88,0,20,27082.78,135413.88,PO-2024-1194,1,Awaiting Approval,Pending goods receipt confirmation.
4861,INVREC02302-01,INVREC02302,1,MS-DYN,Dynamics 365 License,16,Seat,5922.97,4738.37,0,0,94767.46,PO-2026-0244,16,Matched,Matched to purchase order.
4862,INVREC02302-02,INVREC02302,2,MS-365,Microsoft 365 Business Premium,105,Seat,805.63,0,0,0,84591.09,PO-2026-0244,105,Matched,Ready for payment.
4863,INVREC02302-03,INVREC02302,3,MS-AZ,Azure Subscription,12,Month,4346.16,0,0,0,52153.9,PO-2026-0244,12,Matched,Matched to purchase order.
4864,INVREC02303-01,INVREC02303,1,HIL-001,Power Tools,8,Unit,13948.65,0,20,22317.84,111589.22,PO-2023-1237,8,Matched,Successfully matched against PO.
4865,INVREC02303-02,INVREC02303,2,HIL-002,Anchoring Systems,16,Box,6437.84,0,20,20601.09,103005.44,PO-2023-1237,16,Matched,Goods receipt confirmed.
4866,INVREC02304-01,INVREC02304,1,CBRE-002,Property Valuation,2,Project,55567.73,0,0,0,111135.45,PO-2024-0889,2,Matched,Goods receipt confirmed.
4867,INVREC02304-02,INVREC02304,2,CBRE-001,Commercial Real Estate,2,Project,61316.11,0,0,0,122632.22,PO-2024-0889,2,Matched,Three-way match completed.
4868,INVREC02305-01,INVREC02305,1,PIN-002,Investment Services,1,Project,153784.77,0,18,27681.26,153784.77,PO-2026-1114,1,Matched,Goods receipt confirmed.
4869,INVREC02305-02,INVREC02305,2,PIN-001,Financial Advisory,19,Hour,6568.03,0,18,22462.66,124792.56,PO-2026-1114,19,Matched,Validated automatically.
4870,INVREC02306-01,INVREC02306,1,EY-002,Risk Consulting,28,Hour,6863.7,0,0,0,192183.49,PO-2025-1180,28,Matched,Three-way match completed.
4871,INVREC02306-02,INVREC02306,2,EY-001,Financial Audit,1,Project,176601.04,0,0,0,176601.04,PO-2025-1180,1,Matched,Validated automatically.
4872,INVREC02307-01,INVREC02307,1,ATL-001,Air Cargo Charter,2,Flight,57431.55,9189.05,20,22972.62,114863.09,PO-2023-0301,2,Matched,Three-way match completed.
4873,INVREC02308-01,INVREC02308,1,GEN-002,Miscellaneous Supplies,99,Each,677.39,0,10,6706.17,67061.71,PO-2026-0516,99,Matched,Matched to purchase order.
4874,INVREC02308-02,INVREC02308,2,GEN-001,General Services,50,Hour,2183.8,0,10,10919.02,109190.23,PO-2026-0516,50,Matched,Validated automatically.
4875,INVREC02309-01,INVREC02309,1,MOO-001,Credit Risk Software,4,User,12536.43,0,0,0,50145.73,PO-2025-1157,4,Matched,Matched to purchase order.
4876,INVREC02309-02,INVREC02309,2,MOO-002,Financial Data Service,2,Month,12417.04,0,0,0,24834.08,PO-2025-1157,2,Matched,Ready for payment.
4877,INVREC02310-01,INVREC02310,1,LNV-001,ThinkPad Laptop,10,Unit,5933.81,0,5,2966.9,59338.09,PO-2024-0976,10,Matched,Goods receipt confirmed.
4878,INVREC02310-02,INVREC02310,2,LNV-002,Desktop,2,Unit,27225.72,0,5,2722.57,54451.43,PO-2024-0976,2,Matched,Successfully matched against PO.
4879,INVREC02311-01,INVREC02311,1,MS-AZ,Azure Subscription,10,Month,18724.45,0,5,9362.22,187244.48,PO-2026-0487,10,Matched,Ready for payment.
4880,INVREC02311-02,INVREC02311,2,MS-DYN,Dynamics 365 License,22,Seat,6100.89,12079.75,5,6710.98,134219.49,PO-2026-0487,22,Matched,Three-way match completed.
4881,INVREC02312-01,INVREC02312,1,EY-001,Financial Audit,1,Project,45362.66,0,20,9072.53,45362.66,PO-2024-0119,1,Awaiting Approval,Pending goods receipt confirmation.
4882,INVREC02312-02,INVREC02312,2,EY-002,Risk Consulting,18,Hour,1757.75,0,20,6327.9,31639.51,PO-2024-0119,16,Awaiting Approval,Pending goods receipt confirmation.
4883,INVREC02313-01,INVREC02313,1,SIE-001,Industrial Automation,3,Unit,63791.18,0,18,34447.24,191373.53,PO-2024-0380,3,Matched,Validated automatically.
4884,INVREC02313-02,INVREC02313,2,SIE-002,Electrical Equipment,3,Unit,45688.27,0,18,24671.67,137064.82,PO-2024-0380,3,Matched,Goods receipt confirmed.
4885,INVREC02314-01,INVREC02314,1,HIL-002,Anchoring Systems,10,Box,1076.15,0,20,2152.29,10761.47,PO-2024-0349,8,Vendor Mismatch,Vendor does not match purchase order.
4886,INVREC02314-02,INVREC02314,2,HIL-001,Power Tools,8,Unit,1003.38,481.62,20,1605.4,8027,PO-2024-0349,5,Price Mismatch,Price differs from PO by 17%.
4887,INVREC02315-01,INVREC02315,1,ATL-001,Air Cargo Charter,1,Flight,75481.87,0,10,7548.19,75481.87,PO-2026-0954,1,Matched,Three-way match completed.
4888,INVREC02316-01,INVREC02316,1,SPE-001,Cable Services,4,Month,43625.14,0,18,31410.1,174500.57,PO-2023-0160,4,Matched,Matched to purchase order.
4889,INVREC02316-02,INVREC02316,2,SPE-002,Phone Services,16,Line,10386.94,0,18,29914.38,166191.02,PO-2023-0160,16,Matched,Ready for payment.
4890,INVREC02317-01,INVREC02317,1,SPG-002,Ratings Services,2,Project,51334.57,0,5,5133.46,102669.13,PO-2024-0066,2,Matched,Successfully matched against PO.
4891,INVREC02317-02,INVREC02317,2,SPG-001,Market Data Subscription,1,Month,89080.56,0,5,4454.03,89080.56,PO-2024-0066,1,Matched,Goods receipt confirmed.
4892,INVREC02318-01,INVREC02318,1,PEN-002,Distribution Services,24,Pallet,7051.97,0,20,33849.46,169247.3,PO-2024-0076,24,Matched,Successfully matched against PO.
4893,INVREC02318-02,INVREC02318,2,PEN-001,Fleet Management,10,Month,17394.86,10436.92,20,34789.72,173948.61,PO-2024-0076,10,Matched,Matched to purchase order.
4894,INVREC02319-01,INVREC02319,1,FTI-002,Expert Witness Services,1,Project,182286.48,0,10,18228.65,182286.48,PO-2024-1370,1,Matched,Three-way match completed.
4895,INVREC02319-02,INVREC02319,2,FTI-001,Forensic Accounting,24,Hour,4340.15,0,10,10416.37,104163.71,PO-2024-1370,24,Matched,Matched to purchase order.
4896,INVREC02320-01,INVREC02320,1,CIS-002,Switch,7,Unit,11528.54,2420.99,5,3913.94,80699.8,PO-2024-1486,7,Matched,Successfully matched against PO.
4897,INVREC02320-02,INVREC02320,2,CIS-001,Network Router,5,Unit,21779.22,0,5,5565.86,108896.12,PO-2024-1486,5,Matched,Goods receipt confirmed.
4898,INVREC02321-01,INVREC02321,1,CUM-001,Engine Parts,4,Unit,56215,0,10,22486,224860.01,PO-2026-0577,4,Matched,Ready for payment.
4899,INVREC02321-02,INVREC02321,2,CUM-002,Generators,3,Unit,43840.63,0,10,13152.19,131521.9,PO-2026-0577,3,Matched,Three-way match completed.
4900,INVREC02322-01,INVREC02322,1,ECO-001,Cleaning Chemicals,11,Case,10178.71,0,10,11196.59,111965.86,PO-2025-1050,11,Matched,Successfully matched against PO.
4901,INVREC02322-02,INVREC02322,2,ECO-002,Sanitation Services,10,Month,21518.44,0,10,21518.44,215184.4,PO-2025-1050,10,Matched,Ready for payment.
4902,INVREC02323-01,INVREC02323,1,GAT-002,Hydraulic Hose,252,Foot,195.77,0,5,2466.65,49332.92,PO-2023-1468,252,Matched,Three-way match completed.
4903,INVREC02323-02,INVREC02323,2,GAT-001,Power Transmission Belts,32,Unit,1787.42,0,5,2859.88,57197.58,PO-2023-1468,32,Matched,Ready for payment.
4904,INVREC02324-01,INVREC02324,1,SEC-001,Security Guard Services,59,Hour,769.94,1362.79,20,8812.73,45426.44,PO-2026-1361,59,Matched,Three-way match completed.
4905,INVREC02324-02,INVREC02324,2,SEC-002,Access Control Systems,7,Unit,6572.69,3220.62,20,9474.33,46008.84,PO-2026-1361,7,Matched,Ready for payment.
4906,INVREC02325-01,INVREC02325,1,GOO-002,Retread Services,3,Unit,22550.47,0,20,13530.28,67651.42,PO-2024-0446,3,Matched,Three-way match completed.
4907,INVREC02325-02,INVREC02325,2,GOO-001,Commercial Tires,31,Unit,4492.98,0,20,27856.47,139282.35,PO-2024-0446,31,Matched,Ready for payment.
4908,INVREC02326-01,INVREC02326,1,DEW-001,Construction Tools,1,Unit,269969.99,0,18,48594.6,269969.99,PO-2026-0763,1,Matched,Ready for payment.
4909,INVREC02326-02,INVREC02326,2,DEW-002,Power Tools,7,Unit,28018.86,0,18,35303.77,196132.04,PO-2026-0763,7,Matched,Matched to purchase order.
4910,INVREC02327-01,INVREC02327,1,SAP-002,Implementation Services,24,Hour,1868.09,0,5,2241.71,44834.17,PO-2026-1111,24,Matched,Matched to purchase order.
4911,INVREC02327-02,INVREC02327,2,SAP-001,ERP License,37,User,1355.23,0,5,2507.17,50143.47,PO-2026-1111,37,Matched,Goods receipt confirmed.
4912,INVREC02328-01,INVREC02328,1,GRA-001,Industrial Supplies,2,Box,34260.23,0,0,0,68520.45,PO-2023-1417,2,Matched,Ready for payment.
4913,INVREC02328-02,INVREC02328,2,GRA-002,Safety Equipment,31,Unit,1686.84,0,0,0,52291.92,PO-2023-1417,31,Matched,Successfully matched against PO.
4914,INVREC02329-01,INVREC02329,1,STP-PAPER,A4 Printer Paper,172,Ream,995.2,0,5,8558.72,171174.32,PO-2023-0867,172,Matched,Three-way match completed.
4915,INVREC02329-02,INVREC02329,2,STP-FOLD,Manila Folders,59,Box,1234.58,0,5,3642.01,72840.13,PO-2023-0867,59,Matched,Validated automatically.
4916,INVREC02330-01,INVREC02330,1,EY-002,Risk Consulting,9,Hour,15314.05,0,5,6891.32,137826.48,PO-2024-1007,9,Matched,Three-way match completed.
4917,INVREC02330-02,INVREC02330,2,EY-001,Financial Audit,1,Project,179846.74,0,5,8992.34,179846.74,PO-2024-1007,1,Matched,Three-way match completed.
4918,INVREC02331-01,INVREC02331,1,CMX-001,Broadband Internet,12,Month,12740.85,0,10,15289.02,152890.16,PO-2024-1296,12,Matched,Successfully matched against PO.
4919,INVREC02331-02,INVREC02331,2,CMX-002,Voice Services,24,Line,4111.82,0,10,9868.37,98683.65,PO-2024-1296,24,Matched,Ready for payment.
4920,INVREC02332-01,INVREC02332,1,ABCD-300,Packaging Film,13,Roll,11781.58,0,18,27568.89,153160.48,PO-2024-1104,13,Matched,Ready for payment.
4921,INVREC02332-02,INVREC02332,2,ABCD-100,Steel Coils,1,Ton,161221.57,11285.51,18,26988.49,161221.57,PO-2024-1104,1,Matched,Ready for payment.
4922,INVREC02332-03,INVREC02332,3,ABCD-200,Industrial Fasteners,102,Box,1140.29,0,18,22967.16,116309.84,PO-2024-1104,102,Matched,Validated automatically.
4923,INVREC02333-01,INVREC02333,1,AMZ-USBH,USB Hub,1,Each,142068.97,0,20,28413.79,142068.97,PO-2026-1162,1,Awaiting Approval,Pending goods receipt confirmation.
4924,INVREC02333-02,INVREC02333,2,AMZ-HDMI,HDMI Cable,30,Each,2216.68,0,20,13300.07,66500.37,PO-2026-1162,28,Awaiting Approval,Pending goods receipt confirmation.
4925,INVREC02333-03,INVREC02333,3,AMZ-ADAPT,Ethernet Adapter,8,Each,15113.72,0,20,24181.95,120909.77,PO-2026-1162,7,Awaiting Approval,Pending goods receipt confirmation.
4926,INVREC02334-01,INVREC02334,1,ROK-001,Industrial Controls,2,Unit,59218.9,0,5,5921.89,118437.8,PO-2026-0982,2,Matched,Goods receipt confirmed.
4927,INVREC02334-02,INVREC02334,2,ROK-002,HMI Systems,2,Unit,91106.01,0,5,9110.6,182212.01,PO-2026-0982,2,Matched,Goods receipt confirmed.
4928,INVREC02335-01,INVREC02335,1,PIN-002,Investment Services,1,Project,37925.09,0,5,1896.25,37925.09,PO-2023-1464,1,Matched,Matched to purchase order.
4929,INVREC02335-02,INVREC02335,2,PIN-001,Financial Advisory,15,Hour,1992.03,0,5,1494.02,29880.38,PO-2023-1464,15,Matched,Goods receipt confirmed.
4930,INVREC02336-01,INVREC02336,1,WMI-002,Recycling Services,3,Month,21026.8,0,18,11354.47,63080.39,PO-2023-0302,3,Matched,Successfully matched against PO.
4931,INVREC02336-02,INVREC02336,2,WMI-001,Waste Collection,9,Month,7365.32,0,18,11931.81,66287.86,PO-2023-0302,9,Matched,Three-way match completed.
4932,INVREC02337-01,INVREC02337,1,KUN-002,Air Freight,4,Shipment,45471.49,0,18,32739.47,181885.96,PO-2025-0387,4,Matched,Three-way match completed.
4933,INVREC02337-02,INVREC02337,2,KUN-001,Supply Chain Management,3,Month,85092.84,0,18,45950.14,255278.53,PO-2025-0387,3,Matched,Matched to purchase order.
4934,INVREC02338-01,INVREC02338,1,ADT-002,Alarm Systems,4,Unit,24772.76,0,10,9909.1,99091.02,PO-2025-0900,4,Matched,Matched to purchase order.
4935,INVREC02338-02,INVREC02338,2,ADT-001,Security Monitoring,5,Month,56734.47,0,10,28367.24,283672.35,PO-2025-0900,5,Matched,Successfully matched against PO.
4936,INVREC02339-01,INVREC02339,1,GEN-001,General Services,6,Hour,45029.89,0,5,13508.97,270179.31,PO-2023-0414,6,Matched,Matched to purchase order.
4937,INVREC02339-02,INVREC02339,2,GEN-002,Miscellaneous Supplies,41,Each,4448.07,0,5,9118.55,182371.04,PO-2023-0414,41,Matched,Validated automatically.
4938,INVREC02340-01,INVREC02340,1,VER-001,Mobile Services,57,Line,2868.38,0,20,32699.53,163497.65,PO-2023-1225,57,Matched,Matched to purchase order.
4939,INVREC02340-02,INVREC02340,2,VER-002,Data Services,9,Month,22708.01,0,20,40874.41,204372.06,PO-2023-1225,9,Matched,Successfully matched against PO.
4940,INVREC02341-01,INVREC02341,1,ARA-001,Food Services,2,Month,67507.74,0,5,6750.77,135015.47,PO-2025-0781,2,Matched,Goods receipt confirmed.
4941,INVREC02341-02,INVREC02341,2,ARA-002,Vending Services,5,Month,11732.38,0,5,2933.1,58661.9,PO-2025-0781,5,Matched,Matched to purchase order.
4942,INVREC02342-01,INVREC02342,1,WMI-002,Recycling Services,9,Month,18710.11,0,10,16839.1,168391.03,PO-2025-0807,9,Matched,Validated automatically.
4943,INVREC02342-02,INVREC02342,2,WMI-001,Waste Collection,12,Month,18398.28,0,10,22077.94,220779.36,PO-2025-0807,12,Matched,Three-way match completed.
4944,INVREC02343-01,INVREC02343,1,ARA-002,Vending Services,2,Month,78482.43,0,18,28253.67,156964.86,PO-2025-1276,2,Awaiting Approval,Pending goods receipt confirmation.
4945,INVREC02343-02,INVREC02343,2,ARA-001,Food Services,4,Month,43126.49,0,18,31051.07,172505.94,PO-2025-1276,4,Awaiting Approval,Pending goods receipt confirmation.
4946,INVREC02344-01,INVREC02344,1,JCI-001,HVAC System,2,Unit,137664.42,11013.15,10,26431.57,275328.84,PO-2023-0133,2,Matched,Goods receipt confirmed.
4947,INVREC02344-02,INVREC02344,2,JCI-002,Building Automation,2,System,89266.77,10712.01,10,18954.67,178533.54,PO-2023-0133,2,Matched,Three-way match completed.
4948,INVREC02345-01,INVREC02345,1,PIN-002,Investment Services,1,Project,220573.7,0,10,22057.37,220573.7,PO-2024-0977,1,Matched,Three-way match completed.
4949,INVREC02345-02,INVREC02345,2,PIN-001,Financial Advisory,10,Hour,17855.97,0,10,17855.97,178559.67,PO-2024-0977,10,Matched,Successfully matched against PO.
4950,INVREC02346-01,INVREC02346,1,BCG-002,Operations Improvement,1,Project,235642.39,0,5,11782.12,235642.39,PO-2025-0623,1,Matched,Ready for payment.
4951,INVREC02346-02,INVREC02346,2,BCG-001,Management Consulting,29,Hour,7252.6,0,5,10516.27,210325.44,PO-2025-0623,29,Matched,Successfully matched against PO.
4952,INVREC02347-01,INVREC02347,1,MOD-002,Office Chair,11,Unit,6536.45,0,0,0,71900.95,PO-2026-0072,8,Awaiting Approval,Pending goods receipt confirmation.
4953,INVREC02347-02,INVREC02347,2,MOD-001,Office Desk,10,Unit,5025.34,0,0,0,50253.36,PO-2026-0072,9,Awaiting Approval,Pending goods receipt confirmation.
4954,INVREC02348-01,INVREC02348,1,CUM-002,Generators,2,Unit,42469.33,0,18,15288.96,84938.65,PO-2025-0042,2,Matched,Successfully matched against PO.
4955,INVREC02348-02,INVREC02348,2,CUM-001,Engine Parts,5,Unit,22497.27,8998.91,18,20247.54,112486.33,PO-2025-0042,5,Matched,Three-way match completed.
4956,INVREC02349-01,INVREC02349,1,PAR-002,Seals & Gaskets,27,Box,9628.8,0,5,12998.88,259977.56,PO-2024-1440,27,Matched,Ready for payment.
4957,INVREC02349-02,INVREC02349,2,PAR-001,Hydraulic Components,10,Unit,22386.96,0,5,11193.48,223869.57,PO-2024-1440,10,Matched,Matched to purchase order.
4958,INVREC02350-01,INVREC02350,1,PEN-001,Fleet Management,9,Month,7241.37,0,18,11731.01,65172.29,PO-2024-1000,9,Awaiting Approval,Pending goods receipt confirmation.
4959,INVREC02350-02,INVREC02350,2,PEN-002,Distribution Services,46,Pallet,678.12,935.81,18,5614.85,31193.58,PO-2024-1000,45,Awaiting Approval,Pending goods receipt confirmation.
4960,INVREC02351-01,INVREC02351,1,REG-001,Motion Control,1,Unit,151994.3,0,0,0,151994.3,PO-2026-0682,1,Matched,Three-way match completed.
4961,INVREC02351-02,INVREC02351,2,REG-002,Power Transmission,5,Unit,42722.72,0,0,0,213613.61,PO-2026-0682,5,Matched,Matched to purchase order.
4962,INVREC02352-01,INVREC02352,1,DHL-FUEL,Fuel Surcharge,1,Percent,84033.02,0,0,0,84033.02,PO-2024-0711,1,Matched,Ready for payment.
4963,INVREC02352-02,INVREC02352,2,DHL-EXP,Express Delivery,3,Shipment,47545,0,0,0,142635,PO-2024-0711,3,Matched,Goods receipt confirmed.
4964,INVREC02352-03,INVREC02352,3,DHL-INT,International Shipping,3,Shipment,20271.12,0,0,0,60813.37,PO-2024-0711,3,Matched,Ready for payment.
4965,INVREC02353-01,INVREC02353,1,ACC-002,Systems Integration,1,Project,216543.93,0,10,21654.39,216543.93,PO-2024-1324,1,Matched,Ready for payment.
4966,INVREC02353-02,INVREC02353,2,ACC-001,Technology Consulting,36,Hour,6774.3,0,10,24387.47,243874.71,PO-2024-1324,36,Matched,Goods receipt confirmed.
4967,INVREC02354-01,INVREC02354,1,MAE-002,Freight Forwarding,1,Shipment,200736.28,0,5,10036.81,200736.28,PO-2023-1063,1,Matched,Successfully matched against PO.
4968,INVREC02354-02,INVREC02354,2,MAE-001,Container Shipping,2,Container,107159.97,0,5,10716,214319.94,PO-2023-1063,2,Matched,Three-way match completed.
4969,INVREC02355-01,INVREC02355,1,SCH-001,Energy Management,2,System,19206.81,0,20,7682.72,38413.62,PO-2025-0252,2,Matched,Ready for payment.
4970,INVREC02355-02,INVREC02355,2,SCH-002,Electrical Components,44,Unit,676.6,1488.53,20,5954.11,29770.55,PO-2025-0252,44,Matched,Matched to purchase order.
4971,INVREC02356-01,INVREC02356,1,HON-002,Thermostats & Controls,18,Unit,8801.56,0,18,28517.06,158428.12,PO-2026-1499,18,Matched,Matched to purchase order.
4972,INVREC02356-02,INVREC02356,2,HON-001,Safety Systems,1,System,141234.37,0,18,25422.19,141234.37,PO-2026-1499,1,Matched,Validated automatically.
4973,INVREC02357-01,INVREC02357,1,WWG-001,MRO Supplies,17,Box,5148.72,0,20,17505.64,87528.2,PO-2024-0678,17,Matched,Three-way match completed.
4974,INVREC02357-02,INVREC02357,2,WWG-002,HVAC Parts,18,Unit,6311.13,0,20,22720.09,113600.43,PO-2024-0678,18,Matched,Goods receipt confirmed.
4975,INVREC02358-01,INVREC02358,1,BAL-001,Electric Motors,5,Unit,63717.43,0,0,0,318587.15,PO-2023-1155,5,Matched,Three-way match completed.
4976,INVREC02358-02,INVREC02358,2,BAL-002,Drives,3,Unit,44838.19,0,0,0,134514.57,PO-2023-1155,3,Matched,Matched to purchase order.
4977,INVREC02359-01,INVREC02359,1,EY-002,Risk Consulting,14,Hour,14995.69,0,20,41987.94,209939.71,PO-2023-0176,14,Matched,Ready for payment.
4978,INVREC02359-02,INVREC02359,2,EY-001,Financial Audit,1,Project,139470.43,9762.93,20,27894.09,139470.43,PO-2023-0176,1,Matched,Successfully matched against PO.
4979,INVREC02360-01,INVREC02360,1,VMW-001,vSphere License,9,CPU,8584.92,0,10,7726.42,77264.24,PO-2026-1274,8,Awaiting Approval,Pending goods receipt confirmation.
4980,INVREC02360-02,INVREC02360,2,VMW-002,Support Services,2,Year,87279.98,0,10,17456,174559.95,PO-2026-1274,1,Awaiting Approval,Pending goods receipt confirmation.
4981,INVREC02361-01,INVREC02361,1,JLL-002,Leasing Services,2,Project,17484.4,0,10,3496.88,34968.8,PO-2023-0418,2,Matched,Ready for payment.
4982,INVREC02361-02,INVREC02361,2,JLL-001,Property Management,8,Month,4006.84,0,10,3205.47,32054.73,PO-2023-0418,8,Matched,Three-way match completed.
4983,INVREC02362-01,INVREC02362,1,BAI-002,Due Diligence,1,Project,166278.56,0,10,16627.86,166278.56,PO-2024-0895,1,Matched,Goods receipt confirmed.
4984,INVREC02362-02,INVREC02362,2,BAI-001,Strategy Services,39,Hour,3940.11,0,10,15366.43,153664.33,PO-2024-0895,39,Matched,Ready for payment.
4985,INVREC02363-01,INVREC02363,1,ACC-001,Technology Consulting,45,Hour,256.83,0,18,2080.31,11557.26,PO-2024-1443,39,Awaiting Approval,Pending goods receipt confirmation.
4986,INVREC02363-02,INVREC02363,2,ACC-002,Systems Integration,1,Project,10376.23,0,18,1867.72,10376.23,PO-2024-1443,1,Awaiting Approval,Pending goods receipt confirmation.
4987,INVREC02364-01,INVREC02364,1,SKF-002,Seals,19,Box,1082.67,0,5,1028.53,20570.64,PO-2025-0625,18,Awaiting Approval,Pending goods receipt confirmation.
4988,INVREC02364-02,INVREC02364,2,SKF-001,Industrial Bearings,17,Unit,2121.49,0,5,1803.27,36065.4,PO-2025-0625,13,Awaiting Approval,Pending goods receipt confirmation.
4989,INVREC02365-01,INVREC02365,1,ABB-002,Drives & Motors,2,Unit,44462.81,0,18,16006.61,88925.61,PO-2025-1215,2,Awaiting Approval,Pending goods receipt confirmation.
4990,INVREC02365-02,INVREC02365,2,ABB-001,Power Automation,3,Unit,24926.12,0,18,13460.1,74778.35,PO-2025-1215,2,Awaiting Approval,Pending goods receipt confirmation.
4991,INVREC02366-01,INVREC02366,1,TMO-002,IoT Services,293,Device,262.91,0,20,15406.58,77032.9,PO-2023-0722,293,Matched,Goods receipt confirmed.
4992,INVREC02366-02,INVREC02366,2,TMO-001,Mobile Plans,24,Line,1236.17,2670.13,20,5933.61,29668.07,PO-2023-0722,24,Matched,Successfully matched against PO.
4993,INVREC02367-01,INVREC02367,1,PIN-002,Investment Services,1,Project,91318.13,0,5,4565.91,91318.13,PO-2023-0314,1,Matched,Successfully matched against PO.
4994,INVREC02367-02,INVREC02367,2,PIN-001,Financial Advisory,20,Hour,2961.67,0,5,2961.67,59233.38,PO-2023-0314,20,Matched,Successfully matched against PO.
4995,INVREC02368-01,INVREC02368,1,MCK-002,Market Research,1,Project,213657.9,0,0,0,213657.9,PO-2024-0162,1,Matched,Successfully matched against PO.
4996,INVREC02368-02,INVREC02368,2,MCK-001,Strategy Consulting,16,Hour,10622.2,0,0,0,169955.15,PO-2024-0162,16,Matched,Matched to purchase order.
4997,INVREC02369-01,INVREC02369,1,MAE-001,Container Shipping,3,Container,84746.81,17796.83,5,11822.18,254240.43,PO-2026-0231,3,Matched,Validated automatically.
4998,INVREC02369-02,INVREC02369,2,MAE-002,Freight Forwarding,2,Shipment,98871.28,5932.28,5,10776.97,197742.55,PO-2026-0231,2,Matched,Goods receipt confirmed.
4999,INVREC02370-01,INVREC02370,1,IR-001,Compressed Air Systems,3,Unit,18721.33,0,20,11232.8,56163.98,PO-2023-0454,3,Matched,Validated automatically.
5000,INVREC02370-02,INVREC02370,2,IR-002,Air Tools,18,Unit,3120.22,0,20,11232.8,56163.98,PO-2023-0454,18,Matched,Ready for payment.
5001,INVREC02371-01,INVREC02371,1,SEC-002,Access Control Systems,6,Unit,6242.57,0,20,7491.08,37455.42,PO-2026-1361,6,Matched,Successfully matched against PO.
5002,INVREC02371-02,INVREC02371,2,SEC-001,Security Guard Services,110,Hour,490.73,0,20,10795.97,53979.86,PO-2026-1361,110,Matched,Goods receipt confirmed.
5003,INVREC02372-01,INVREC02372,1,DELL-KB,Keyboard,25,Unit,1685.18,0,20,8425.91,42129.57,PO-2024-0281,25,Matched,Goods receipt confirmed.
5004,INVREC02372-02,INVREC02372,2,DELL-MON,"24"" Monitor",3,Unit,23325.98,0,20,13995.59,69977.93,PO-2024-0281,3,Matched,Ready for payment.
5005,INVREC02372-03,INVREC02372,3,DELL-LAT,Latitude Laptop,7,Unit,9384.8,0,20,13138.71,65693.57,PO-2024-0281,7,Matched,Ready for payment.
5006,INVREC02373-01,INVREC02373,1,EXP-001,Customs Clearance,3,Shipment,43551.87,0,18,23518.01,130655.61,PO-2025-0147,3,Matched,Ready for payment.
5007,INVREC02373-02,INVREC02373,2,EXP-002,International Logistics,1,Shipment,95022.26,0,18,17104.01,95022.26,PO-2025-0147,1,Matched,Validated automatically.
5008,INVREC02374-01,INVREC02374,1,GAT-002,Hydraulic Hose,441,Foot,391.51,0,20,34530.85,172654.24,PO-2024-1169,441,Matched,Successfully matched against PO.
5009,INVREC02374-02,INVREC02374,2,GAT-001,Power Transmission Belts,7,Unit,17238.9,0,20,24134.46,120672.32,PO-2024-1169,7,Matched,Ready for payment.
5010,INVREC02375-01,INVREC02375,1,FAS-001,Industrial Fasteners,26,Box,7572.72,0,18,35440.35,196890.83,PO-2023-0991,22,Missing PO,Invoice has no purchase order.
5011,INVREC02375-02,INVREC02375,2,FAS-002,Safety Supplies,30,Unit,8474.59,10169.51,18,45762.78,254237.67,PO-2023-0991,20,Price Mismatch,Price differs from PO by 13%.
5012,INVREC02376-01,INVREC02376,1,MSC-002,Abrasives,37,Box,4317.5,0,20,31949.53,159747.64,PO-2023-0278,37,Matched,Matched to purchase order.
5013,INVREC02376-02,INVREC02376,2,MSC-001,Metalworking Tools,6,Unit,24804.12,0,20,29764.94,148824.72,PO-2023-0278,6,Matched,Three-way match completed.
5014,INVREC02377-01,INVREC02377,1,MS-DYN,Dynamics 365 License,29,Seat,1892.17,0,18,9877.11,54872.81,PO-2025-1258,29,Matched,Goods receipt confirmed.
5015,INVREC02377-02,INVREC02377,2,MS-PBI,Power BI Pro,33,Seat,2390.29,0,18,14198.34,78879.66,PO-2025-1258,33,Matched,Ready for payment.
5016,INVREC02377-03,INVREC02377,3,MS-AZ,Azure Subscription,7,Month,13228.27,0,18,16667.61,92597.86,PO-2025-1258,7,Matched,Goods receipt confirmed.
5017,INVREC02378-01,INVREC02378,1,REG-001,Motion Control,3,Unit,41509.07,11207.45,10,11331.98,124527.22,PO-2023-0986,3,Matched,Successfully matched against PO.
5018,INVREC02378-02,INVREC02378,2,REG-002,Power Transmission,9,Unit,11622.54,0,10,11581.03,104602.86,PO-2023-0986,9,Matched,Validated automatically.
5019,INVREC02379-01,INVREC02379,1,STP-INK,Ink Cartridge,21,Each,7356.87,0,5,7724.72,154494.36,PO-2023-0867,21,Matched,Ready for payment.
5020,INVREC02379-02,INVREC02379,2,STP-FOLD,Manila Folders,40,Box,2238,0,5,4476,89520.09,PO-2023-0867,40,Matched,Matched to purchase order.
5021,INVREC02380-01,INVREC02380,1,ARA-001,Food Services,8,Month,3173.11,0,10,2538.49,25384.87,PO-2025-1070,7,Awaiting Approval,Pending goods receipt confirmation.
5022,INVREC02380-02,INVREC02380,2,ARA-002,Vending Services,11,Month,1849.45,0,10,2034.39,20343.91,PO-2025-1070,10,Awaiting Approval,Pending goods receipt confirmation.
5023,INVREC02381-01,INVREC02381,1,ECO-001,Cleaning Chemicals,10,Case,11101.03,0,5,5550.51,111010.27,PO-2025-0587,10,Matched,Matched to purchase order.
5024,INVREC02381-02,INVREC02381,2,ECO-002,Sanitation Services,8,Month,15263.91,0,5,6105.56,122111.29,PO-2025-0587,8,Matched,Validated automatically.
5025,INVREC02382-01,INVREC02382,1,GAT-001,Power Transmission Belts,29,Unit,5929.34,0,0,0,171950.98,PO-2023-1054,29,Matched,Matched to purchase order.
5026,INVREC02382-02,INVREC02382,2,GAT-002,Hydraulic Hose,414,Foot,321.65,0,0,0,133165.05,PO-2023-1054,414,Matched,Validated automatically.
5027,INVREC02383-01,INVREC02383,1,OFW-CABIN,Filing Cabinet,4,Unit,24297.47,0,5,4859.49,97189.86,PO-2025-0535,4,Matched,Validated automatically.
5028,INVREC02383-02,INVREC02383,2,OFW-DESK,Standing Desk,8,Unit,23207.19,16709.18,5,8447.42,185657.55,PO-2025-0535,8,Matched,Goods receipt confirmed.
5029,INVREC02383-03,INVREC02383,3,OFW-BOOK,Bookshelf,4,Unit,23051.44,0,5,5445.75,92205.76,PO-2025-0535,4,Matched,Ready for payment.
5030,INVREC02384-01,INVREC02384,1,ACC-002,Systems Integration,1,Project,107714.26,0,20,21542.85,107714.26,PO-2026-1185,1,Matched,Matched to purchase order.
5031,INVREC02384-02,INVREC02384,2,ACC-001,Technology Consulting,49,Hour,1156.97,0,20,11338.34,56691.72,PO-2026-1185,49,Matched,Ready for payment.
5032,INVREC02385-01,INVREC02385,1,MOD-002,Office Chair,7,Unit,17249.79,0,10,12074.86,120748.55,PO-2026-1227,7,Matched,Three-way match completed.
5033,INVREC02385-02,INVREC02385,2,MOD-001,Office Desk,3,Unit,27177.03,0,10,8153.11,81531.08,PO-2026-1227,3,Matched,Three-way match completed.
5034,INVREC02386-01,INVREC02386,1,ZF-001,Automotive Components,10,Unit,11368.52,0,10,11368.52,113685.18,PO-2024-0435,10,Matched,Matched to purchase order.
5035,INVREC02386-02,INVREC02386,2,ZF-002,Industrial Drives,3,Unit,63499.83,0,10,19049.95,190499.49,PO-2024-0435,3,Matched,Ready for payment.
5036,INVREC02387-01,INVREC02387,1,SFS-002,Sales Cloud,33,User,5139.46,0,5,8480.11,169602.15,PO-2023-0657,33,Matched,Successfully matched against PO.
5037,INVREC02387-02,INVREC02387,2,SFS-001,CRM License,46,User,3847.31,0,5,8848.81,176976.15,PO-2023-0657,46,Matched,Goods receipt confirmed.
5038,INVREC02388-01,INVREC02388,1,BCG-001,Management Consulting,11,Hour,9683.65,0,10,10652.01,106520.14,PO-2026-1027,11,Matched,Ready for payment.
5039,INVREC02388-02,INVREC02388,2,BCG-002,Operations Improvement,1,Project,158414.56,0,10,15841.46,158414.56,PO-2026-1027,1,Matched,Three-way match completed.
5040,INVREC02389-01,INVREC02389,1,ABCD-100,Steel Coils,10,Ton,8857.59,0,5,4428.8,88575.95,PO-2023-0805,10,Matched,Successfully matched against PO.
5041,INVREC02389-02,INVREC02389,2,ABCD-200,Industrial Fasteners,197,Box,485.24,0,5,4779.59,95591.86,PO-2023-0805,197,Matched,Validated automatically.
5042,INVREC02390-01,INVREC02390,1,EY-001,Financial Audit,1,Project,57043.8,5704.38,0,0,57043.8,PO-2024-0383,1,Matched,Three-way match completed.
5043,INVREC02390-02,INVREC02390,2,EY-002,Risk Consulting,29,Hour,2789.07,0,0,0,80882.99,PO-2024-0383,29,Matched,Three-way match completed.
5044,INVREC02391-01,INVREC02391,1,CHR-002,Warehousing,62,Pallet,2647.29,0,5,8206.59,164131.71,PO-2023-1366,62,Matched,Goods receipt confirmed.
5045,INVREC02391-02,INVREC02391,2,CHR-001,Freight Brokerage,6,Shipment,11379.8,0,5,3413.94,68278.79,PO-2023-1366,6,Matched,Validated automatically.
5046,INVREC02392-01,INVREC02392,1,APP-001,MacBook Pro,6,Unit,12095.43,0,18,13063.06,72572.55,PO-2025-1049,5,Awaiting Approval,Pending goods receipt confirmation.
5047,INVREC02392-02,INVREC02392,2,APP-002,iPad,12,Unit,5205,0,18,11242.8,62459.98,PO-2025-1049,9,Awaiting Approval,Pending goods receipt confirmation.
5048,INVREC02392-03,INVREC02392,3,APP-003,iPhone,5,Unit,13562.74,0,18,12206.47,67813.7,PO-2025-1049,4,Awaiting Approval,Pending goods receipt confirmation.
5049,INVREC02393-01,INVREC02393,1,NH-002,Market Analysis,2,Project,79513.5,0,20,31805.4,159027,PO-2024-0002,2,Matched,Three-way match completed.
5050,INVREC02393-02,INVREC02393,2,NH-001,Strategic Consulting,23,Hour,13941.78,0,20,64132.2,320660.99,PO-2024-0002,23,Matched,Three-way match completed.
5051,INVREC02394-01,INVREC02394,1,NH-002,Market Analysis,2,Project,52802.42,0,0,0,105604.84,PO-2026-0565,2,Matched,Validated automatically.
5052,INVREC02394-02,INVREC02394,2,NH-001,Strategic Consulting,12,Hour,7260.33,0,0,0,87123.99,PO-2026-0565,12,Matched,Successfully matched against PO.
5053,INVREC02395-01,INVREC02395,1,ZF-002,Industrial Drives,5,Unit,22865.23,0,5,5716.31,114326.14,PO-2023-0772,5,Matched,Matched to purchase order.
5054,INVREC02395-02,INVREC02395,2,ZF-001,Automotive Components,10,Unit,10773.04,0,5,5386.52,107730.41,PO-2023-0772,10,Matched,Validated automatically.
5055,INVREC02396-01,INVREC02396,1,PIN-001,Financial Advisory,10,Hour,19920.94,7968.38,0,0,199209.43,PO-2026-1331,10,Matched,Matched to purchase order.
5056,INVREC02396-02,INVREC02396,2,PIN-002,Investment Services,1,Project,83357.14,0,0,0,83357.14,PO-2026-1331,1,Matched,Successfully matched against PO.
5057,INVREC02397-01,INVREC02397,1,PEN-002,Distribution Services,79,Pallet,2365.98,0,5,9345.61,186912.22,PO-2024-0224,79,Matched,Ready for payment.
5058,INVREC02397-02,INVREC02397,2,PEN-001,Fleet Management,10,Month,14927.02,11941.61,5,7463.51,149270.17,PO-2024-0224,10,Matched,Matched to purchase order.
5059,INVREC02398-01,INVREC02398,1,REG-002,Power Transmission,5,Unit,29778.16,0,20,29778.16,148890.82,PO-2026-1062,5,Matched,Ready for payment.
5060,INVREC02398-02,INVREC02398,2,REG-001,Motion Control,2,Unit,78167.69,0,20,31267.07,156335.37,PO-2026-1062,2,Matched,Ready for payment.
5061,INVREC02399-01,INVREC02399,1,MCM-002,Hardware,6,Each,39655.02,0,10,23793.01,237930.12,PO-2023-1017,6,Matched,Ready for payment.
5062,INVREC02399-02,INVREC02399,2,MCM-001,Fasteners,18,Box,8812.23,0,10,15862.01,158620.08,PO-2023-1017,18,Matched,Goods receipt confirmed.
5063,INVREC02400-01,INVREC02400,1,STP-FOLD,Manila Folders,56,Box,577.99,0,18,5826.16,32367.57,PO-2024-1134,56,Matched,Validated automatically.
5064,INVREC02400-02,INVREC02400,2,STP-PAPER,A4 Printer Paper,61,Ream,847.51,0,18,9305.68,51698.2,PO-2024-1134,61,Matched,Validated automatically.
5065,INVREC02400-03,INVREC02400,3,STP-PENS,Ballpoint Pens (Box),51,Box,1110.65,0,18,10195.78,56643.24,PO-2024-1134,51,Matched,Ready for payment.
5066,INVREC02400-04,INVREC02400,4,STP-INK,Ink Cartridge,28,Each,1236.26,0,18,6230.76,34615.32,PO-2024-1134,28,Matched,Goods receipt confirmed.
5067,INVREC02401-01,INVREC02401,1,CHR-002,Warehousing,73,Pallet,874.18,0,10,6381.5,63815.01,PO-2024-0111,73,Matched,Ready for payment.
5068,INVREC02401-02,INVREC02401,2,CHR-001,Freight Brokerage,10,Shipment,2887.98,0,10,2887.98,28879.78,PO-2024-0111,10,Matched,Goods receipt confirmed.
5069,INVREC02402-01,INVREC02402,1,MCK-001,Strategy Consulting,11,Hour,10333.27,0,0,0,113665.98,PO-2025-0336,11,Matched,Validated automatically.
5070,INVREC02402-02,INVREC02402,2,MCK-002,Market Research,1,Project,248523.92,0,0,0,248523.92,PO-2025-0336,1,Matched,Three-way match completed.
5071,INVREC02403-01,INVREC02403,1,LNV-001,ThinkPad Laptop,15,Unit,3370.16,0,10,5055.25,50552.46,PO-2025-0325,15,Matched,Matched to purchase order.
5072,INVREC02403-02,INVREC02403,2,LNV-002,Desktop,5,Unit,8004.14,0,10,4002.07,40020.7,PO-2025-0325,5,Matched,Ready for payment.
5073,INVREC02404-01,INVREC02404,1,BOS-001,Hydraulic Systems,3,Unit,33354.52,7004.45,10,9305.91,100063.56,PO-2024-0787,3,Matched,Successfully matched against PO.
5074,INVREC02404-02,INVREC02404,2,BOS-002,Linear Motion,3,Unit,40462.86,0,10,12839.31,121388.59,PO-2024-0787,3,Matched,Matched to purchase order.
5075,INVREC02405-01,INVREC02405,1,ABB-002,Drives & Motors,8,Unit,5201.09,0,20,8321.74,41608.71,PO-2024-0642,8,Matched,Ready for payment.
5076,INVREC02405-02,INVREC02405,2,ABB-001,Power Automation,3,Unit,14073.54,0,20,8444.12,42220.61,PO-2024-0642,3,Matched,Three-way match completed.
5077,INVREC02406-01,INVREC02406,1,MAK-002,Accessories,26,Box,5000.78,0,18,23403.65,130020.29,PO-2023-0810,26,Matched,Ready for payment.
5078,INVREC02406-02,INVREC02406,2,MAK-001,Power Tools,4,Unit,50514.64,0,18,36370.54,202058.55,PO-2023-0810,4,Matched,Successfully matched against PO.
5079,INVREC02407-01,INVREC02407,1,DELL-DOCK,Docking Station,7,Unit,27085.19,0,18,34127.34,189596.33,PO-2025-0229,7,Matched,Ready for payment.
5080,INVREC02407-02,INVREC02407,2,DELL-KB,Keyboard,22,Unit,9549.69,0,18,37816.78,210093.24,PO-2025-0229,22,Matched,Matched to purchase order.
5081,INVREC02408-01,INVREC02408,1,SCH-001,Energy Management,2,System,29273.67,0,10,5854.73,58547.33,PO-2025-0089,2,Matched,Three-way match completed.
5082,INVREC02408-02,INVREC02408,2,SCH-002,Electrical Components,23,Unit,5015.09,0,10,11534.7,115346.99,PO-2025-0089,23,Matched,Successfully matched against PO.
5083,INVREC02409-01,INVREC02409,1,CHR-001,Freight Brokerage,3,Shipment,37524.61,0,5,5628.69,112573.84,PO-2023-1366,3,Matched,Goods receipt confirmed.
5084,INVREC02409-02,INVREC02409,2,CHR-002,Warehousing,66,Pallet,1815.71,0,5,5991.83,119836.66,PO-2023-1366,66,Matched,Goods receipt confirmed.
5085,INVREC02410-01,INVREC02410,1,SAP-001,ERP License,29,User,1177.32,0,5,1707.11,34142.29,PO-2026-1111,29,Matched,Matched to purchase order.
5086,INVREC02410-02,INVREC02410,2,SAP-002,Implementation Services,26,Hour,2339.82,0,5,3041.77,60835.35,PO-2026-1111,26,Matched,Matched to purchase order.
5087,INVREC02411-01,INVREC02411,1,WWG-001,MRO Supplies,42,Box,3192.55,0,18,24135.68,134087.11,PO-2023-0754,42,Matched,Goods receipt confirmed.
5088,INVREC02411-02,INVREC02411,2,WWG-002,HVAC Parts,19,Unit,8137.4,0,18,27829.92,154610.65,PO-2023-0754,19,Matched,Ready for payment.
5089,INVREC02412-01,INVREC02412,1,JLL-002,Leasing Services,1,Project,124515.31,0,18,22412.76,124515.31,PO-2023-0273,1,Matched,Ready for payment.
5090,INVREC02412-02,INVREC02412,2,JLL-001,Property Management,7,Month,12328.25,0,18,15533.59,86297.74,PO-2023-0273,7,Matched,Goods receipt confirmed.
5091,INVREC02413-01,INVREC02413,1,FTI-002,Expert Witness Services,1,Project,130309.96,0,18,23455.79,130309.96,PO-2025-1391,1,Matched,Matched to purchase order.
5092,INVREC02413-02,INVREC02413,2,FTI-001,Forensic Accounting,10,Hour,13504.85,0,18,24308.73,135048.5,PO-2025-1391,10,Matched,Matched to purchase order.
5093,INVREC02414-01,INVREC02414,1,MAK-001,Power Tools,9,Unit,586.55,0,5,263.95,5278.97,PO-2024-1073,9,Matched,Matched to purchase order.
5094,INVREC02414-02,INVREC02414,2,MAK-002,Accessories,27,Box,182.03,0,5,245.75,4914.9,PO-2024-1073,27,Matched,Matched to purchase order.
5095,INVREC02415-01,INVREC02415,1,ECO-002,Sanitation Services,9,Month,17990.15,0,10,16191.14,161911.36,PO-2024-1203,9,Matched,Successfully matched against PO.
5096,INVREC02415-02,INVREC02415,2,ECO-001,Cleaning Chemicals,3,Case,110253.92,33076.18,10,33076.17,330761.77,PO-2024-1203,3,Matched,Matched to purchase order.
5097,INVREC02416-01,INVREC02416,1,DHL-FUEL,Fuel Surcharge,1,Percent,59002.11,0,18,10620.38,59002.11,PO-2024-0849,1,Matched,Goods receipt confirmed.
5098,INVREC02416-02,INVREC02416,2,DHL-INT,International Shipping,2,Shipment,38010.97,0,18,13683.95,76021.94,PO-2024-0849,2,Matched,Successfully matched against PO.
5099,INVREC02416-03,INVREC02416,3,DHL-EXP,Express Delivery,3,Shipment,39712.96,0,18,21445,119138.87,PO-2024-0849,3,Matched,Ready for payment.
5100,INVREC02417-01,INVREC02417,1,UNI-002,Protective Gear,25,Unit,1113.93,0,0,0,27848.19,PO-2024-1496,25,Matched,Successfully matched against PO.
5101,INVREC02417-02,INVREC02417,2,UNI-001,Work Uniforms,27,Month,779.29,0,0,0,21040.86,PO-2024-1496,27,Matched,Three-way match completed.
5102,INVREC02418-01,INVREC02418,1,TMO-001,Mobile Plans,23,Line,6312.64,11615.26,5,6678.77,145190.73,PO-2024-1259,23,Matched,Validated automatically.
5103,INVREC02418-02,INVREC02418,2,TMO-002,IoT Services,305,Device,512.65,0,5,8398.73,156359.24,PO-2024-1259,305,Matched,Three-way match completed.
5104,INVREC02419-01,INVREC02419,1,SKF-002,Seals,4,Box,7414.81,0,0,0,29659.24,PO-2023-0069,4,Matched,Three-way match completed.
5105,INVREC02419-02,INVREC02419,2,SKF-001,Industrial Bearings,44,Unit,1386.67,0,0,0,61013.3,PO-2023-0069,44,Matched,Successfully matched against PO.
5106,INVREC02420-01,INVREC02420,1,EY-002,Risk Consulting,17,Hour,8308.89,0,18,25425.21,141251.15,PO-2023-1485,16,Awaiting Approval,Pending goods receipt confirmation.
5107,INVREC02420-02,INVREC02420,2,EY-001,Financial Audit,1,Project,113942.59,0,18,20509.67,113942.59,PO-2023-1485,1,Awaiting Approval,Pending goods receipt confirmation.
5108,INVREC02421-01,INVREC02421,1,PIN-001,Financial Advisory,13,Hour,11984,0,18,28042.57,155792.06,PO-2026-1114,13,Matched,Validated automatically.
5109,INVREC02421-02,INVREC02421,2,PIN-002,Investment Services,1,Project,122785.27,0,18,22101.35,122785.27,PO-2026-1114,1,Matched,Matched to purchase order.
5110,INVREC02422-01,INVREC02422,1,GAT-001,Power Transmission Belts,47,Unit,4269.19,0,10,20065.2,200651.99,PO-2026-1382,47,Matched,Goods receipt confirmed.
5111,INVREC02422-02,INVREC02422,2,GAT-002,Hydraulic Hose,112,Foot,1938.12,0,10,21706.9,217068.98,PO-2026-1382,112,Matched,Successfully matched against PO.
5112,INVREC02423-01,INVREC02423,1,ROK-001,Industrial Controls,2,Unit,78075,0,10,15615,156149.99,PO-2023-0138,2,Matched,Matched to purchase order.
5113,INVREC02423-02,INVREC02423,2,ROK-002,HMI Systems,1,Unit,58839.13,0,10,5883.91,58839.13,PO-2023-0138,1,Matched,Goods receipt confirmed.
5114,INVREC02424-01,INVREC02424,1,BRI-002,Tire Services,7,Month,15625.18,0,20,21875.26,109376.29,PO-2024-0500,7,Matched,Three-way match completed.
5115,INVREC02424-02,INVREC02424,2,BRI-001,Tires,15,Unit,8268.33,0,20,24804.98,124024.89,PO-2024-0500,15,Matched,Three-way match completed.
5116,INVREC02425-01,INVREC02425,1,SPE-002,Phone Services,29,Line,3883.35,0,10,11261.72,112617.23,PO-2025-0934,29,Matched,Goods receipt confirmed.
5117,INVREC02425-02,INVREC02425,2,SPE-001,Cable Services,10,Month,17285.44,0,10,17285.44,172854.36,PO-2025-0934,10,Matched,Ready for payment.
5118,INVREC02426-01,INVREC02426,1,ZF-001,Automotive Components,7,Unit,958.73,0,20,1342.22,6711.12,PO-2025-0068,7,Matched,Three-way match completed.
5119,INVREC02426-02,INVREC02426,2,ZF-002,Industrial Drives,5,Unit,2038.19,0,20,2038.19,10190.96,PO-2025-0068,5,Matched,Ready for payment.
5120,INVREC02427-01,INVREC02427,1,GEN-002,Miscellaneous Supplies,86,Each,3179.72,0,5,13672.8,273455.96,PO-2023-0414,86,Matched,Matched to purchase order.
5121,INVREC02427-02,INVREC02427,2,GEN-001,General Services,16,Hour,11193.4,0,5,8954.72,179094.39,PO-2023-0414,16,Matched,Three-way match completed.
5122,INVREC02428-01,INVREC02428,1,VMW-001,vSphere License,15,CPU,15420.35,0,5,11565.26,231305.22,PO-2023-1006,15,Matched,Matched to purchase order.
5123,INVREC02428-02,INVREC02428,2,VMW-002,Support Services,2,Year,133618.07,0,5,13361.81,267236.13,PO-2023-1006,2,Matched,Ready for payment.
5124,INVREC02429-01,INVREC02429,1,ZF-001,Automotive Components,9,Unit,13751.61,0,10,12376.45,123764.47,PO-2024-0847,9,Matched,Validated automatically.
5125,INVREC02429-02,INVREC02429,2,ZF-002,Industrial Drives,3,Unit,58272.44,0,10,17481.73,174817.32,PO-2024-0847,3,Matched,Successfully matched against PO.
5126,INVREC02430-01,INVREC02430,1,SAP-001,ERP License,49,User,2158,0,18,19033.53,105741.83,PO-2023-0647,49,Matched,Goods receipt confirmed.
5127,INVREC02430-02,INVREC02430,2,SAP-002,Implementation Services,21,Hour,2483.17,0,18,9386.4,52146.65,PO-2023-0647,21,Matched,Validated automatically.
5128,INVREC02431-01,INVREC02431,1,ROK-002,HMI Systems,4,Unit,37759.64,0,10,15103.86,151038.58,PO-2024-1263,3,Awaiting Approval,Pending goods receipt confirmation.
5129,INVREC02431-02,INVREC02431,2,ROK-001,Industrial Controls,7,Unit,21822.13,0,10,15275.49,152754.93,PO-2024-1263,6,Awaiting Approval,Pending goods receipt confirmation.
5130,INVREC02432-01,INVREC02432,1,DEL-002,Tax Consulting,13,Hour,8111.39,0,18,18980.64,105448.02,PO-2025-0801,13,Matched,Matched to purchase order.
5131,INVREC02432-02,INVREC02432,2,DEL-001,Audit Services,1,Project,83661.24,0,18,15059.02,83661.24,PO-2025-0801,1,Matched,Three-way match completed.
5132,INVREC02433-01,INVREC02433,1,EMR-002,Valves & Actuators,16,Unit,6467,0,18,18624.97,103472.06,PO-2023-0457,16,Matched,Matched to purchase order.
5133,INVREC02433-02,INVREC02433,2,EMR-001,Process Control,3,Unit,30528.92,0,18,16485.62,91586.75,PO-2023-0457,3,Matched,Matched to purchase order.
5134,INVREC02434-01,INVREC02434,1,GEN-001,General Services,44,Hour,2481.09,3275.04,5,5294.64,109167.88,PO-2025-1283,44,Matched,Goods receipt confirmed.
5135,INVREC02434-02,INVREC02434,2,GEN-002,Miscellaneous Supplies,88,Each,1998.65,7035.26,5,8957.83,175881.58,PO-2025-1283,88,Matched,Successfully matched against PO.
5136,INVREC02435-01,INVREC02435,1,CAT-001,Construction Equipment,2,Unit,21128.81,0,20,8451.52,42257.62,PO-2024-1311,2,Matched,Goods receipt confirmed.
5137,INVREC02435-02,INVREC02435,2,CAT-002,Spare Parts,14,Box,3387.06,0,20,9483.77,47418.85,PO-2024-1311,14,Matched,Validated automatically.
5138,INVREC02436-01,INVREC02436,1,FED-002,International Freight,2,Shipment,109027.12,0,0,0,218054.24,PO-2024-1046,1,Quantity Mismatch,Quantity exceeds PO by 18%.
5139,INVREC02436-02,INVREC02436,2,FED-001,Express Shipping,7,Shipment,29525.36,0,0,0,206677.5,PO-2024-1046,5,Vendor Mismatch,Vendor does not match purchase order.
5140,INVREC02437-01,INVREC02437,1,BAL-002,Drives,2,Unit,79959.13,0,0,0,159918.25,PO-2023-1155,2,Matched,Three-way match completed.
5141,INVREC02437-02,INVREC02437,2,BAL-001,Electric Motors,2,Unit,146591.73,0,0,0,293183.47,PO-2023-1155,2,Matched,Three-way match completed.
5142,INVREC02438-01,INVREC02438,1,KMB-002,Sanitary Products,9,Case,32042.75,0,18,51909.26,288384.79,PO-2024-0903,9,Matched,Goods receipt confirmed.
5143,INVREC02438-02,INVREC02438,2,KMB-001,Paper Towels,13,Case,13939.6,0,18,32618.66,181214.77,PO-2024-0903,13,Matched,Ready for payment.
5144,INVREC02439-01,INVREC02439,1,ABCD-300,Packaging Film,42,Roll,2792.66,9383.34,10,10790.84,117291.72,PO-2025-0578,42,Matched,Successfully matched against PO.
5145,INVREC02439-02,INVREC02439,2,ABCD-200,Industrial Fasteners,76,Box,1588.26,0,10,12070.8,120707.98,PO-2025-0578,76,Matched,Three-way match completed.
5146,INVREC02439-03,INVREC02439,3,ABCD-100,Steel Coils,3,Ton,50105.2,0,10,15969.89,150315.6,PO-2025-0578,3,Matched,Validated automatically.
5147,INVREC02440-01,INVREC02440,1,CAT-002,Spare Parts,15,Box,14735.08,0,18,39784.72,221026.24,PO-2025-0411,15,Matched,Goods receipt confirmed.
5148,INVREC02440-02,INVREC02440,2,CAT-001,Construction Equipment,3,Unit,45444.65,0,18,24540.11,136333.95,PO-2025-0411,3,Matched,Ready for payment.
5149,INVREC02441-01,INVREC02441,1,CMX-002,Voice Services,28,Line,5658.17,0,5,7921.44,158428.76,PO-2024-0071,28,Matched,Successfully matched against PO.
5150,INVREC02441-02,INVREC02441,2,CMX-001,Broadband Internet,10,Month,30078.5,0,5,15039.25,300785.03,PO-2024-0071,10,Matched,Three-way match completed.
5151,INVREC02442-01,INVREC02442,1,ARA-001,Food Services,5,Month,16874.17,0,10,8437.08,84370.84,PO-2023-0427,5,Matched,Three-way match completed.
5152,INVREC02442-02,INVREC02442,2,ARA-002,Vending Services,11,Month,4254.5,0,10,4679.95,46799.45,PO-2023-0427,11,Matched,Validated automatically.
5153,INVREC02443-01,INVREC02443,1,SIE-002,Electrical Equipment,10,Unit,11576.82,0,0,0,115768.17,PO-2024-1181,10,Matched,Three-way match completed.
5154,INVREC02443-02,INVREC02443,2,SIE-001,Industrial Automation,1,Unit,214998.04,0,0,0,214998.04,PO-2024-1181,1,Matched,Ready for payment.
5155,INVREC02444-01,INVREC02444,1,QL-002,Courier Services,58,Package,3900.6,0,20,45246.93,226234.66,PO-2023-0927,58,Matched,Matched to purchase order.
5156,INVREC02444-02,INVREC02444,2,QL-001,Domestic Freight,38,Pallet,5209.35,0,20,39591.06,197955.32,PO-2023-0927,38,Matched,Goods receipt confirmed.
5157,INVREC02445-01,INVREC02445,1,STP-PENS,Ballpoint Pens (Box),89,Box,561.39,0,5,2498.19,49963.79,PO-2025-1260,89,Matched,Matched to purchase order.
5158,INVREC02445-02,INVREC02445,2,STP-FOLD,Manila Folders,48,Box,1016.52,4879.28,5,2195.67,48792.76,PO-2025-1260,48,Matched,Successfully matched against PO.
5159,INVREC02445-03,INVREC02445,3,STP-PAPER,A4 Printer Paper,52,Ream,570.5,0,5,1483.3,29666,PO-2025-1260,52,Matched,Ready for payment.
5160,INVREC02445-04,INVREC02445,4,STP-INK,Ink Cartridge,20,Each,2888.53,0,5,3132.5,57770.64,PO-2025-1260,20,Matched,Validated automatically.
5161,INVREC02446-01,INVREC02446,1,REP-001,Trash Removal,7,Month,29400.22,0,10,20580.16,205801.57,PO-2023-0600,7,Matched,Matched to purchase order.
5162,INVREC02446-02,INVREC02446,2,REP-002,Dumpster Rental,4,Month,24566.4,0,10,9826.56,98265.61,PO-2023-0600,4,Matched,Three-way match completed.
5163,INVREC02447-01,INVREC02447,1,VGT-003,Storage Array,1,Unit,14190.68,0,10,1419.07,14190.68,PO-2025-1032,1,Awaiting Approval,Pending goods receipt confirmation.
5164,INVREC02447-02,INVREC02447,2,VGT-002,Network Switch,8,Unit,3192.9,0,10,2554.32,25543.23,PO-2025-1032,8,Awaiting Approval,Pending goods receipt confirmation.
5165,INVREC02447-03,INVREC02447,3,VGT-001,Server Equipment,5,Unit,4179.8,0,10,2089.9,20899,PO-2025-1032,5,Awaiting Approval,Pending goods receipt confirmation.
5166,INVREC02448-01,INVREC02448,1,STP-INK,Ink Cartridge,18,Each,15309.35,0,5,13778.41,275568.21,PO-2023-0331,18,Matched,Goods receipt confirmed.
5167,INVREC02448-02,INVREC02448,2,STP-PENS,Ballpoint Pens (Box),52,Box,3191.03,0,5,8296.68,165933.55,PO-2023-0331,52,Matched,Validated automatically.
5168,INVREC02449-01,INVREC02449,1,ABB-002,Drives & Motors,6,Unit,33126.05,0,5,9937.81,198756.28,PO-2026-0926,6,Matched,Ready for payment.
5169,INVREC02449-02,INVREC02449,2,ABB-001,Power Automation,3,Unit,71595,0,5,10739.25,214785.01,PO-2026-0926,3,Matched,Goods receipt confirmed.
5170,INVREC02450-01,INVREC02450,1,ABCD-300,Packaging Film,51,Roll,2160.26,0,10,11017.32,110173.18,PO-2025-0578,51,Matched,Matched to purchase order.
5171,INVREC02450-02,INVREC02450,2,ABCD-100,Steel Coils,10,Ton,14629.55,0,10,14629.55,146295.53,PO-2025-0578,10,Matched,Successfully matched against PO.
5172,INVREC02450-03,INVREC02450,3,ABCD-200,Industrial Fasteners,198,Box,665.89,0,10,13184.66,131846.59,PO-2025-0578,198,Matched,Goods receipt confirmed.
5173,INVREC02451-01,INVREC02451,1,BAL-001,Electric Motors,4,Unit,38350.32,0,0,0,153401.29,PO-2026-0536,4,Matched,Successfully matched against PO.
5174,INVREC02451-02,INVREC02451,2,BAL-002,Drives,2,Unit,45751.27,0,0,0,91502.53,PO-2026-0536,2,Matched,Validated automatically.
5175,INVREC02452-01,INVREC02452,1,QL-001,Domestic Freight,35,Pallet,897.77,0,10,3142.19,31421.86,PO-2024-1138,35,Matched,Goods receipt confirmed.
5176,INVREC02452-02,INVREC02452,2,QL-002,Courier Services,47,Package,605.87,0,10,2847.61,28476.07,PO-2024-1138,47,Matched,Successfully matched against PO.
5177,INVREC02453-01,INVREC02453,1,BCG-002,Operations Improvement,1,Project,199649.3,0,10,19964.93,199649.3,PO-2025-0567,1,Matched,Successfully matched against PO.
5178,INVREC02453-02,INVREC02453,2,BCG-001,Management Consulting,16,Hour,15274.89,0,10,24439.83,244398.27,PO-2025-0567,16,Matched,Ready for payment.
5179,INVREC02454-01,INVREC02454,1,REP-001,Trash Removal,6,Month,46611.66,0,18,50340.6,279669.98,PO-2025-0572,6,Matched,Successfully matched against PO.
5180,INVREC02454-02,INVREC02454,2,REP-002,Dumpster Rental,6,Month,23305.83,0,18,25170.3,139834.99,PO-2025-0572,6,Matched,Matched to purchase order.
5181,INVREC02455-01,INVREC02455,1,ARA-002,Vending Services,9,Month,11587,0,20,20856.59,104282.96,PO-2025-0922,9,Matched,Validated automatically.
5182,INVREC02455-02,INVREC02455,2,ARA-001,Food Services,10,Month,9527.09,0,20,19054.17,95270.86,PO-2025-0922,10,Matched,Successfully matched against PO.
5183,INVREC02456-01,INVREC02456,1,GRA-001,Industrial Supplies,2,Box,66598.48,0,10,13319.7,133196.96,PO-2023-1167,2,Quantity Mismatch,Quantity exceeds PO by 31%.
5184,INVREC02456-02,INVREC02456,2,GRA-002,Safety Equipment,38,Unit,2095.88,0,10,7964.35,79643.54,PO-2023-1167,29,Quantity Mismatch,Quantity exceeds PO by 45%.
5185,INVREC02457-01,INVREC02457,1,EY-001,Financial Audit,1,Project,61744.55,0,0,0,61744.55,PO-2026-1212,1,Matched,Ready for payment.
5186,INVREC02457-02,INVREC02457,2,EY-002,Risk Consulting,24,Hour,2646.19,0,0,0,63508.67,PO-2026-1212,24,Matched,Validated automatically.
5187,INVREC02458-01,INVREC02458,1,TMO-001,Mobile Plans,24,Line,493.64,0,0,0,11847.33,PO-2023-0646,24,Matched,Ready for payment.
5188,INVREC02458-02,INVREC02458,2,TMO-002,IoT Services,59,Device,129.5,0,0,0,7640.67,PO-2023-0646,59,Matched,Successfully matched against PO.
5189,INVREC02459-01,INVREC02459,1,MAK-002,Accessories,19,Box,345.07,0,5,327.82,6556.41,PO-2024-1073,19,Matched,Matched to purchase order.
5190,INVREC02459-02,INVREC02459,2,MAK-001,Power Tools,5,Unit,727.49,0,5,181.87,3637.46,PO-2024-1073,5,Matched,Matched to purchase order.
5191,INVREC02460-01,INVREC02460,1,JCI-002,Building Automation,1,System,25979.78,0,10,2597.98,25979.78,PO-2025-0680,1,Matched,Successfully matched against PO.
5192,INVREC02460-02,INVREC02460,2,JCI-001,HVAC System,1,Unit,11526.24,461.05,10,1152.62,11526.24,PO-2025-0680,1,Matched,Matched to purchase order.
5193,INVREC02461-01,INVREC02461,1,EY-001,Financial Audit,1,Project,90346.58,0,0,0,90346.58,PO-2026-1212,1,Matched,Matched to purchase order.
5194,INVREC02461-02,INVREC02461,2,EY-002,Risk Consulting,9,Hour,3878.52,0,0,0,34906.64,PO-2026-1212,9,Matched,Goods receipt confirmed.
5195,INVREC02462-01,INVREC02462,1,ECO-002,Sanitation Services,3,Month,35780.28,0,10,10734.08,107340.83,PO-2026-0469,3,Awaiting Approval,Pending goods receipt confirmation.
5196,INVREC02462-02,INVREC02462,2,ECO-001,Cleaning Chemicals,10,Case,19872.56,0,10,19872.56,198725.6,PO-2026-0469,7,Awaiting Approval,Pending goods receipt confirmation.
5197,INVREC02463-01,INVREC02463,1,SPE-001,Cable Services,10,Month,15867.03,11106.92,10,14756.34,158670.32,PO-2023-1198,10,Matched,Matched to purchase order.
5198,INVREC02463-02,INVREC02463,2,SPE-002,Phone Services,17,Line,16222.6,0,10,28689.1,275784.13,PO-2023-1198,17,Matched,Validated automatically.
5199,INVREC02464-01,INVREC02464,1,PIN-002,Investment Services,1,Project,36314.23,0,5,1815.71,36314.23,PO-2023-1464,1,Matched,Validated automatically.
5200,INVREC02464-02,INVREC02464,2,PIN-001,Financial Advisory,5,Hour,6298.25,0,5,1574.56,31491.24,PO-2023-1464,5,Matched,Matched to purchase order.
5201,INVREC02465-01,INVREC02465,1,DELL-DOCK,Docking Station,5,Unit,13634.15,4771.95,18,11411.79,68170.77,PO-2024-0010,5,Matched,Matched to purchase order.
5202,INVREC02465-02,INVREC02465,2,DELL-MS,Mouse,46,Unit,1915.72,0,18,15862.17,88123.19,PO-2024-0010,46,Matched,Matched to purchase order.
5203,INVREC02465-03,INVREC02465,3,DELL-MON,"24"" Monitor",1,Unit,97268.05,0,18,17508.25,97268.05,PO-2024-0010,1,Matched,Goods receipt confirmed.
5204,INVREC02465-04,INVREC02465,4,DELL-LAT,Latitude Laptop,1,Unit,81472.39,0,18,15523.98,81472.39,PO-2024-0010,1,Matched,Three-way match completed.
5205,INVREC02466-01,INVREC02466,1,FTI-002,Expert Witness Services,1,Project,19296.89,0,18,3473.44,19296.89,PO-2024-0492,1,Matched,Validated automatically.
5206,INVREC02466-02,INVREC02466,2,FTI-001,Forensic Accounting,22,Hour,821.82,0,18,3254.39,18079.97,PO-2024-0492,22,Matched,Matched to purchase order.
5207,INVREC02467-01,INVREC02467,1,WMI-002,Recycling Services,3,Month,46212.56,0,18,24954.78,138637.69,PO-2025-1025,3,Matched,Goods receipt confirmed.
5208,INVREC02467-02,INVREC02467,2,WMI-001,Waste Collection,4,Month,32558.85,0,18,23442.37,130235.4,PO-2025-1025,4,Matched,Ready for payment.
5209,INVREC02468-01,INVREC02468,1,CMX-002,Voice Services,44,Line,4747.47,0,0,0,208888.82,PO-2023-1207,44,Matched,Matched to purchase order.
5210,INVREC02468-02,INVREC02468,2,CMX-001,Broadband Internet,9,Month,11709.48,0,0,0,105385.35,PO-2023-1207,9,Matched,Ready for payment.
5211,INVREC02469-01,INVREC02469,1,JCI-002,Building Automation,2,System,47057.44,0,10,9411.49,94114.87,PO-2025-1021,2,Matched,Successfully matched against PO.
5212,INVREC02469-02,INVREC02469,2,JCI-001,HVAC System,5,Unit,15835.2,0,10,7917.6,79176.01,PO-2025-1021,5,Matched,Matched to purchase order.
5213,INVREC02470-01,INVREC02470,1,IMP-001,Container Freight,3,Container,66605.46,0,10,19981.64,199816.39,PO-2024-1045,3,Matched,Matched to purchase order.
5214,INVREC02470-02,INVREC02470,2,IMP-002,Customs Brokerage,2,Shipment,81175.41,0,10,16235.08,162350.82,PO-2024-1045,2,Matched,Successfully matched against PO.
5215,INVREC02471-01,INVREC02471,1,ARA-001,Food Services,12,Month,5923.91,0,0,0,71086.93,PO-2023-0026,12,Matched,Validated automatically.
5216,INVREC02471-02,INVREC02471,2,ARA-002,Vending Services,2,Month,33568.82,0,0,0,67137.65,PO-2023-0026,2,Matched,Validated automatically.
5217,INVREC02472-01,INVREC02472,1,CMX-001,Broadband Internet,1,Month,49324.3,0,20,9864.86,49324.3,PO-2024-0639,1,Matched,Successfully matched against PO.
5218,INVREC02472-02,INVREC02472,2,CMX-002,Voice Services,38,Line,1139.07,3895.61,20,8656.92,43284.59,PO-2024-0639,38,Matched,Goods receipt confirmed.
5219,INVREC02473-01,INVREC02473,1,IBM-001,Mainframe Hardware,2,Unit,45797.53,0,0,0,91595.06,PO-2023-1164,2,Matched,Validated automatically.
5220,INVREC02473-02,INVREC02473,2,IBM-002,Consulting Services,19,Hour,5417.18,0,0,0,102926.41,PO-2023-1164,19,Matched,Successfully matched against PO.
5221,INVREC02474-01,INVREC02474,1,FAS-001,Industrial Fasteners,40,Box,7677.31,0,0,0,307092.32,PO-2023-1098,40,Matched,Validated automatically.
5222,INVREC02474-02,INVREC02474,2,FAS-002,Safety Supplies,13,Unit,9250.76,0,0,0,120259.93,PO-2023-1098,13,Matched,Goods receipt confirmed.
5223,INVREC02475-01,INVREC02475,1,MAE-002,Freight Forwarding,3,Shipment,83462.39,0,5,12519.36,250387.18,PO-2023-1063,3,Matched,Goods receipt confirmed.
5224,INVREC02475-02,INVREC02475,2,MAE-001,Container Shipping,1,Container,164669.04,0,5,8233.45,164669.04,PO-2023-1063,1,Matched,Goods receipt confirmed.
5225,INVREC02476-01,INVREC02476,1,PWC-002,Advisory Services,28,Hour,4943.59,0,20,27684.13,138420.65,PO-2025-0654,28,Matched,Goods receipt confirmed.
5226,INVREC02476-02,INVREC02476,2,PWC-001,Assurance Services,1,Project,136498.14,0,20,27299.63,136498.14,PO-2025-0654,1,Matched,Successfully matched against PO.
5227,INVREC02477-01,INVREC02477,1,DELL-KB,Keyboard,29,Unit,4152.78,0,20,24086.15,120430.73,PO-2023-1288,29,Matched,Three-way match completed.
5228,INVREC02477-02,INVREC02477,2,DELL-DOCK,Docking Station,1,Unit,105376.88,0,20,21075.38,105376.88,PO-2023-1288,1,Matched,Ready for payment.
5229,INVREC02478-01,INVREC02478,1,SAP-001,ERP License,23,User,5209.26,0,0,0,119812.88,PO-2026-0703,23,Matched,Validated automatically.
5230,INVREC02478-02,INVREC02478,2,SAP-002,Implementation Services,45,Hour,1851.28,0,0,0,83307.4,PO-2026-0703,45,Matched,Ready for payment.
5231,INVREC02479-01,INVREC02479,1,ZF-002,Industrial Drives,2,Unit,87538.04,0,0,0,175076.08,PO-2026-1411,2,Matched,Validated automatically.
5232,INVREC02479-02,INVREC02479,2,ZF-001,Automotive Components,8,Unit,37951.62,6072.26,0,0,303612.96,PO-2026-1411,8,Matched,Validated automatically.
5233,INVREC02480-01,INVREC02480,1,HPE-002,Storage Array,1,Unit,171814.45,0,10,17181.45,171814.45,PO-2023-1129,1,Matched,Successfully matched against PO.
5234,INVREC02480-02,INVREC02480,2,HPE-001,Server,6,Unit,29312.18,0,10,17587.31,175873.05,PO-2023-1129,6,Matched,Ready for payment.
5235,INVREC02481-01,INVREC02481,1,EY-002,Risk Consulting,17,Hour,12076.97,0,5,10265.42,205308.46,PO-2024-1007,17,Matched,Matched to purchase order.
5236,INVREC02481-02,INVREC02481,2,EY-001,Financial Audit,1,Project,112364.76,0,5,5618.24,112364.76,PO-2024-1007,1,Matched,Matched to purchase order.
5237,INVREC02482-01,INVREC02482,1,SUM-001,Software License,29,User,4008.19,0,0,0,116237.37,PO-2023-1294,29,Matched,Ready for payment.
5238,INVREC02482-02,INVREC02482,2,SUM-002,Implementation Service,42,Hour,2558.25,0,0,0,107446.31,PO-2023-1294,42,Matched,Three-way match completed.
5239,INVREC02483-01,INVREC02483,1,BBY-001,Television,1,Unit,149083.75,0,20,29816.75,149083.75,PO-2026-0956,1,Matched,Goods receipt confirmed.
5240,INVREC02483-02,INVREC02483,2,BBY-002,Audio System,7,Unit,29489.09,0,20,41284.73,206423.65,PO-2026-0956,7,Matched,Successfully matched against PO.
5241,INVREC02484-01,INVREC02484,1,REP-001,Trash Removal,12,Month,3263.06,0,20,7831.34,39156.71,PO-2024-1090,12,Matched,Ready for payment.
5242,INVREC02484-02,INVREC02484,2,REP-002,Dumpster Rental,3,Month,8579.79,0,20,5147.88,25739.38,PO-2024-1090,3,Matched,Ready for payment.
5243,INVREC02485-01,INVREC02485,1,GS-001,Bulk Materials,9,Ton,1003.45,541.87,10,848.92,9031.09,PO-2024-0835,9,Price Mismatch,Price differs from PO by 17%.
5244,INVREC02485-02,INVREC02485,2,GS-002,Logistics Services,3,Shipment,2172.43,0,10,705.92,6517.29,PO-2024-0835,2,Quantity Mismatch,Quantity exceeds PO by 25%.
5245,INVREC02486-01,INVREC02486,1,ECO-002,Sanitation Services,2,Month,41783.17,6685.31,18,13838.58,83566.33,PO-2023-0742,2,Matched,Matched to purchase order.
5246,INVREC02486-02,INVREC02486,2,ECO-001,Cleaning Chemicals,14,Case,7424.88,0,18,19914.07,103948.37,PO-2023-0742,14,Matched,Validated automatically.
5247,INVREC02487-01,INVREC02487,1,FAS-002,Safety Supplies,21,Unit,9554.44,0,18,36115.79,200643.25,PO-2025-0585,21,Matched,Goods receipt confirmed.
5248,INVREC02487-02,INVREC02487,2,FAS-001,Industrial Fasteners,74,Box,1719.91,0,18,22909.27,127273.7,PO-2025-0585,74,Matched,Ready for payment.
5249,INVREC02488-01,INVREC02488,1,BAI-002,Due Diligence,1,Project,160368.19,0,20,32073.64,160368.19,PO-2025-0106,1,Matched,Ready for payment.
5250,INVREC02488-02,INVREC02488,2,BAI-001,Strategy Services,35,Hour,3534.65,0,20,24742.52,123712.61,PO-2025-0106,35,Matched,Validated automatically.
5251,INVREC02489-01,INVREC02489,1,ECO-002,Sanitation Services,8,Month,8438.27,0,5,3375.31,67506.18,PO-2024-0784,8,Matched,Ready for payment.
5252,INVREC02489-02,INVREC02489,2,ECO-001,Cleaning Chemicals,2,Case,59940.84,0,5,5994.08,119881.67,PO-2024-0784,2,Matched,Goods receipt confirmed.
5253,INVREC02490-01,INVREC02490,1,SIE-001,Industrial Automation,1,Unit,13121.02,0,0,0,13121.02,PO-2023-0638,1,Matched,Goods receipt confirmed.
5254,INVREC02490-02,INVREC02490,2,SIE-002,Electrical Equipment,7,Unit,2027.79,0,0,0,14194.56,PO-2023-0638,7,Matched,Matched to purchase order.
5255,INVREC02491-01,INVREC02491,1,ABB-001,Power Automation,4,Unit,53234.83,0,0,0,212939.33,PO-2024-0705,4,Matched,Ready for payment.
5256,INVREC02491-02,INVREC02491,2,ABB-002,Drives & Motors,8,Unit,20613.49,0,0,0,164907.9,PO-2024-0705,8,Matched,Matched to purchase order.
5257,INVREC02492-01,INVREC02492,1,CIN-002,Floor Mats,11,Month,4169.33,0,20,9172.53,45862.66,PO-2024-1363,11,Matched,Three-way match completed.
5258,INVREC02492-02,INVREC02492,2,CIN-001,Uniforms Rental,85,Month,397.26,0,20,6753.4,33767.02,PO-2024-1363,85,Matched,Matched to purchase order.
5259,INVREC02493-01,INVREC02493,1,EXP-001,Customs Clearance,4,Shipment,41908.73,5029.05,5,8130.29,167634.92,PO-2025-0628,4,Matched,Matched to purchase order.
5260,INVREC02493-02,INVREC02493,2,EXP-002,International Logistics,1,Shipment,291915.99,0,5,14847.26,291915.99,PO-2025-0628,1,Matched,Matched to purchase order.
5261,INVREC02494-01,INVREC02494,1,SUM-002,Implementation Service,49,Hour,669.74,0,5,1640.86,32817.26,PO-2023-0080,49,Matched,Successfully matched against PO.
5262,INVREC02494-02,INVREC02494,2,SUM-001,Software License,43,User,1315.85,0,5,2829.07,56581.49,PO-2023-0080,43,Matched,Ready for payment.
5263,INVREC02495-01,INVREC02495,1,DELL-KB,Keyboard,12,Unit,15830.55,0,0,0,189966.56,PO-2023-1071,12,Matched,Ready for payment.
5264,INVREC02495-02,INVREC02495,2,DELL-DOCK,Docking Station,14,Unit,19696.99,0,0,0,275757.92,PO-2023-1071,14,Matched,Ready for payment.
5265,INVREC02496-01,INVREC02496,1,SPG-001,Market Data Subscription,12,Month,5488.3,0,20,13171.92,65859.6,PO-2023-0740,12,Matched,Matched to purchase order.
5266,INVREC02496-02,INVREC02496,2,SPG-002,Ratings Services,2,Project,23262.34,0,20,9304.93,46524.67,PO-2023-0740,2,Matched,Goods receipt confirmed.
5267,INVREC02497-01,INVREC02497,1,GEN-001,General Services,6,Hour,20961.47,6288.44,10,11948.04,125768.8,PO-2025-0862,6,Matched,Goods receipt confirmed.
5268,INVREC02497-02,INVREC02497,2,GEN-002,Miscellaneous Supplies,4,Each,20262.75,0,10,8733.94,81051,PO-2025-0862,4,Matched,Validated automatically.
5269,INVREC02498-01,INVREC02498,1,CIN-002,Floor Mats,42,Month,2195.35,0,0,0,92204.61,PO-2023-0275,42,Matched,Goods receipt confirmed.
5270,INVREC02498-02,INVREC02498,2,CIN-001,Uniforms Rental,73,Month,1156.84,0,0,0,84449.08,PO-2023-0275,73,Matched,Validated automatically.
5271,INVREC02499-01,INVREC02499,1,VER-002,Data Services,2,Month,43220.28,0,20,17288.11,86440.56,PO-2023-1078,2,Matched,Matched to purchase order.
5272,INVREC02499-02,INVREC02499,2,VER-001,Mobile Services,99,Line,633.45,0,20,12542.36,62711.78,PO-2023-1078,99,Matched,Successfully matched against PO.
5273,INVREC02500-01,INVREC02500,1,DEW-002,Power Tools,8,Unit,11336.55,0,5,4534.62,90692.39,PO-2025-1005,8,Matched,Goods receipt confirmed.
5274,INVREC02500-02,INVREC02500,2,DEW-001,Construction Tools,6,Unit,36335.09,0,5,10900.53,218010.56,PO-2025-1005,6,Matched,Successfully matched against PO.
