id,invoice_id,invoice_number,po_number,po_id,vendor_id,vendor_name,invoice_date,due_date,currency,subtotal,discount,shipping,tax_rate,tax_amount,total,status,payment_status,payment_date,created_by,created_at,approved_by,approved_at,validation_status,validation_errors,ocr_confidence,attachment_name,notes
1,INVREC00001,INV-00001,PO-2023-1103,PO1103,VEND091,Ingersoll Rand,2023-01-13,2023-02-12,GBP,305319.56,13736.25,3338.07,5,15265.98,323923.61,Rejected,Unpaid,None,OCR Workflow,2023-01-13T00:00:00Z,EMP024,2023-01-18,Passed,,93.2,INV-00001.pdf,Payment pending approval.
2,INVREC00002,INV-00002,PO-2026-0474,PO0474,VEND010,Tech Solutions Ltd,2026-03-28,2026-05-27,USD,97458.34,0,46.48,5,4872.92,102377.74,Pending,Unpaid,None,Manual Entry,2026-03-28T00:00:00Z,None,None,Pending Approval,,94.3,INV-00002.pdf,Three-way match completed.
3,INVREC00003,INV-00003,PO-2026-0019,PO0019,VEND008,DHL Express,2026-12-17,2026-12-17,INR,426060.13,0,263.51,5,21303.01,447626.65,Paid,Paid,2026-12-17,System Integration,2026-12-17T00:00:00Z,EMP001,2026-12-22,Passed,,97.8,INV-00003.pdf,Three-way match completed.
4,INVREC00004,INV-00004,PO-2025-0735,PO0735,VEND068,Securitas AB,2025-05-22,2025-06-21,EUR,292444.97,0,0,0,0,292444.97,Rejected,Unpaid,None,System Integration,2025-05-22T00:00:00Z,EMP011,2025-05-27,Passed,,90.5,INV-00004.pdf,Three-way match completed.
5,INVREC00005,INV-00005,PO-2026-0821,PO0821,VEND039,Oracle Corporation,2026-08-21,2026-09-20,CHF,341896.18,0,0,0,0,341896.18,Paid,Paid,2026-09-10,System Integration,2026-08-21T00:00:00Z,EMP018,2026-08-28,Passed,,86.1,INV-00005.pdf,Three-way match completed.
6,INVREC00006,INV-00006,PO-2026-0871,PO0871,VEND098,Michelin North America,2026-04-06,2026-04-21,USD,39284.85,0,0,20,7856.97,47141.82,Paid,Paid,2026-04-14,System Integration,2026-04-06T00:00:00Z,EMP031,2026-04-11,Passed,,97.4,INV-00006.pdf,Three-way match completed.
7,INVREC00007,INV-00007,PO-2024-0043,PO0043,VEND024,Schneider Electric,2024-08-31,2024-09-30,USD,304624.32,0,0,10,30462.43,335086.75,Paid,Paid,2024-09-02,OCR Workflow,2024-08-31T00:00:00Z,EMP028,2024-09-03,Passed,,91.1,INV-00007.pdf,Three-way match completed.
8,INVREC00008,INV-00008,PO-2024-0086,PO0086,VEND086,W.W. Grainger International,2024-02-25,2024-03-26,EUR,496876.89,0,0,20,99375.38,596252.27,Rejected,Unpaid,None,System Integration,2024-02-25T00:00:00Z,EMP015,2024-02-26,Passed,,91.4,INV-00008.pdf,Invoice under review.
9,INVREC00009,INV-00009,PO-2025-1092,PO1092,VEND053,S&P Global Inc.,2025-04-19,2025-06-03,SEK,475787.28,14748.39,1101.85,10,47578.73,524467.86,Pending,Unpaid,None,OCR Workflow,2025-04-19T00:00:00Z,None,None,Pending Approval,,86.6,INV-00009.pdf,Three-way match completed.
10,INVREC00010,INV-00010,PO-2024-0450,PO0450,VEND075,T-Mobile for Business,2024-12-11,2025-01-10,GBP,177740.64,0,0,10,17774.06,195514.7,Paid,Paid,2024-12-29,System Integration,2024-12-11T00:00:00Z,EMP034,2024-12-17,Passed,,97.5,INV-00010.pdf,Matched successfully against PO.
11,INVREC00011,INV-00011,PO-2023-0454,PO0454,VEND091,Ingersoll Rand,2023-09-01,2023-10-01,GBP,112327.96,0,0,20,22465.59,134793.55,Paid,Paid,2023-09-15,System Integration,2023-09-01T00:00:00Z,EMP009,2023-09-08,Passed,,93.4,INV-00011.pdf,Payment pending approval.
12,INVREC00012,INV-00012,PO-2023-1445,PO1445,VEND093,Regal Beloit Corporation,2023-12-17,2024-01-16,CHF,461329.15,0,4547.8,20,92265.83,558142.78,Paid,Paid,2023-12-25,OCR Workflow,2023-12-17T00:00:00Z,EMP030,2023-12-20,Passed,,89.6,INV-00012.pdf,Invoice under review.
13,INVREC00013,INV-00013,PO-2025-0352,PO0352,VEND099,Bridgestone Americas,2025-04-14,2025-04-14,USD,36442.39,0,0,20,7288.48,43730.87,Paid,Paid,2025-04-14,Manual Entry,2025-04-14T00:00:00Z,EMP005,2025-04-21,Passed,,98.6,INV-00013.pdf,Invoice under review.
14,INVREC00014,INV-00014,PO-2026-1357,PO1357,VEND051,Thomson Reuters,2026-11-27,2027-01-11,USD,428484.03,9509.21,3860.81,20,85696.81,518041.65,Paid,Paid,2026-12-04,OCR Workflow,2026-11-27T00:00:00Z,EMP020,2026-11-29,Passed,,90,INV-00014.pdf,Three-way match completed.
15,INVREC00015,INV-00015,PO-2023-0125,PO0125,VEND069,ADT Inc.,2023-10-14,2023-10-29,EUR,268046.09,0,0,5,13402.3,281448.39,Paid,Paid,2023-10-29,System Integration,2023-10-14T00:00:00Z,EMP038,2023-10-19,Passed,,99.6,INV-00015.pdf,Payment pending approval.
16,INVREC00016,INV-00016,PO-2026-1188,PO1188,VEND045,Hewlett Packard Enterprise,2026-08-29,2026-09-28,CHF,398277.15,0,0,10,39827.71,438104.86,Rejected,Unpaid,None,Manual Entry,2026-08-29T00:00:00Z,EMP011,2026-08-30,Passed,,85.7,INV-00016.pdf,Payment pending approval.
17,INVREC00017,INV-00017,PO-2026-0474,PO0474,VEND010,Tech Solutions Ltd,2026-04-17,2026-06-16,USD,97458.34,2120.85,46.48,5,4872.92,102377.74,Paid,Paid,2026-05-02,System Integration,2026-04-17T00:00:00Z,EMP003,2026-04-22,Passed,,99.4,INV-00017.pdf,Invoice under review.
18,INVREC00018,INV-00018,PO-2023-0232,PO0232,VEND098,Michelin North America,2023-06-05,2023-08-04,USD,429733.59,0,1106.75,10,42973.36,473813.7,Paid,Paid,2023-06-17,Manual Entry,2023-06-05T00:00:00Z,EMP016,2023-06-09,Passed,,97,INV-00018.pdf,Invoice under review.
19,INVREC00019,INV-00019,PO-2024-0774,PO0774,VEND026,General Electric,2024-10-08,2024-10-23,SEK,213708.22,0,1849.42,0,0,215557.64,Paid,Paid,2024-10-13,Manual Entry,2024-10-08T00:00:00Z,EMP020,2024-10-09,Passed,,91.6,INV-00019.pdf,Matched successfully against PO.
20,INVREC00020,INV-00020,PO-2026-0487,PO0487,VEND005,Microsoft Corporation,2026-11-27,2026-11-27,SEK,321463.97,16008.3,0,5,16073.2,337537.17,Paid,Paid,2026-11-27,OCR Workflow,2026-11-27T00:00:00Z,EMP040,2026-12-01,Passed,,92.1,INV-00020.pdf,Payment pending approval.
21,INVREC00021,INV-00021,PO-2025-0440,PO0440,VEND069,ADT Inc.,2025-03-23,2025-04-07,EUR,223775.13,0,634.09,10,22377.51,246786.73,Paid,Paid,2025-03-30,Manual Entry,2025-03-23T00:00:00Z,EMP030,2025-03-24,Passed,,88.3,INV-00021.pdf,Three-way match completed.
22,INVREC00022,INV-00022,PO-2026-1375,PO1375,VEND045,Hewlett Packard Enterprise,2026-10-05,2026-10-05,CHF,230191.73,9256.3,0,10,23019.17,253210.9,Paid,Paid,2026-10-05,Manual Entry,2026-10-05T00:00:00Z,EMP039,2026-10-06,Passed,,95.5,INV-00022.pdf,Invoice under review.
23,INVREC00023,INV-00023,PO-2026-1182,PO1182,VEND013,Quick Logistics,2026-11-26,2027-01-25,GBP,171869.11,0,0,18,30936.44,202805.55,Paid,Paid,2026-12-14,Manual Entry,2026-11-26T00:00:00Z,EMP033,2026-11-30,Passed,,94.7,INV-00023.pdf,Matched successfully against PO.
24,INVREC00024,INV-00024,PO-2025-1085,PO1085,VEND092,Baldor Electric Company,2025-08-03,2025-09-17,CHF,487022.42,0,0,20,97404.48,584426.9,Paid,Paid,2025-08-11,System Integration,2025-08-03T00:00:00Z,EMP038,2025-08-08,Passed,,95.1,INV-00024.pdf,Invoice under review.
25,INVREC00025,INV-00025,PO-2024-0645,PO0645,VEND021,Johnson Controls,2024-08-23,2024-09-22,USD,164580.52,0,3204.66,20,32916.1,200701.28,Rejected,Unpaid,None,System Integration,2024-08-23T00:00:00Z,None,None,Rejected,Missing PO reference,86.4,INV-00025.pdf,Ready for payment.
26,INVREC00026,INV-00026,PO-2025-1157,PO1157,VEND052,Moody's Analytics,2025-12-19,2026-02-17,GBP,74979.81,0,0,0,0,74979.81,Rejected,Unpaid,None,System Integration,2025-12-19T00:00:00Z,EMP029,2025-12-24,Passed,,88.9,INV-00026.pdf,Matched successfully against PO.
27,INVREC00027,INV-00027,PO-2024-1370,PO1370,VEND054,"FTI Consulting, Inc.",2024-05-08,2024-07-07,USD,286450.19,0,0,10,28645.02,315095.21,Rejected,Unpaid,None,System Integration,2024-05-08T00:00:00Z,EMP015,2024-05-09,Passed,,85.2,INV-00027.pdf,Matched successfully against PO.
28,INVREC00028,INV-00028,PO-2024-0543,PO0543,VEND078,Cintas Corporation,2024-02-14,2024-04-14,USD,353802.96,0,0,10,35380.3,389183.26,Paid,Paid,2024-02-28,OCR Workflow,2024-02-14T00:00:00Z,EMP006,2024-02-18,Passed,,87.6,INV-00028.pdf,Ready for payment.
29,INVREC00029,INV-00029,PO-2023-0073,PO0073,VEND028,Emerson Electric Co.,2023-08-10,2023-09-09,INR,316963.9,0,4151.04,5,15848.19,336963.13,Paid,Paid,2023-08-12,Manual Entry,2023-08-10T00:00:00Z,EMP005,2023-08-11,Passed,,97.6,INV-00029.pdf,Matched successfully against PO.
30,INVREC00030,INV-00030,PO-2025-1142,PO1142,VEND021,Johnson Controls,2025-06-22,2025-08-21,USD,141883.78,0,0,5,7094.19,148977.97,Paid,Paid,2025-07-06,OCR Workflow,2025-06-22T00:00:00Z,EMP027,2025-06-24,Passed,,93.1,INV-00030.pdf,Payment pending approval.
31,INVREC00031,INV-00031,PO-2025-0377,PO0377,VEND073,AT&T Business,2026-01-05,2026-02-04,SEK,165639.89,0,0,5,8281.99,173921.88,Paid,Paid,2026-01-17,OCR Workflow,2026-01-05T00:00:00Z,EMP007,2026-01-08,Passed,,85.3,INV-00031.pdf,Matched successfully against PO.
32,INVREC00032,INV-00032,PO-2024-0372,PO0372,VEND067,"CBRE Group, Inc.",2024-03-23,2024-04-07,EUR,116801.57,0,0,5,5840.08,122641.65,Rejected,Unpaid,None,System Integration,2024-03-23T00:00:00Z,EMP008,2024-03-24,Passed,,88.7,INV-00032.pdf,Payment pending approval.
33,INVREC00033,INV-00033,PO-2025-0517,PO0517,VEND080,Ecolab Inc.,2025-07-06,2025-08-05,INR,125890.77,3805.44,0,18,22660.34,148551.11,Paid,Paid,2025-07-10,OCR Workflow,2025-07-06T00:00:00Z,EMP004,2025-07-07,Passed,,92.4,INV-00033.pdf,Invoice under review.
34,INVREC00034,INV-00034,PO-2023-0319,PO0319,VEND044,IBM Corporation,2023-01-17,2023-03-18,SEK,448984.69,0,0,18,80817.24,529801.93,Paid,Paid,2023-01-22,OCR Workflow,2023-01-17T00:00:00Z,EMP040,2023-01-23,Passed,,85.1,INV-00034.pdf,Ready for payment.
35,INVREC00035,INV-00035,PO-2024-0903,PO0903,VEND081,Kimberly-Clark Professional,2025-01-12,2025-01-12,SEK,469599.56,0,0,18,84527.92,554127.48,Pending,Unpaid,None,System Integration,2025-01-12T00:00:00Z,None,None,Pending Approval,,99.1,INV-00035.pdf,Ready for payment.
36,INVREC00036,INV-00036,PO-2026-0990,PO0990,VEND036,Kuehne + Nagel,2026-01-18,2026-02-17,INR,469242.34,0,0,10,46924.23,516166.57,Pending,Unpaid,None,OCR Workflow,2026-01-18T00:00:00Z,None,None,Pending Approval,,91.9,INV-00036.pdf,Ready for payment.
37,INVREC00037,INV-00037,PO-2026-1185,PO1185,VEND062,Accenture PLC,2026-09-03,2026-10-03,USD,164405.98,0,0,20,32881.2,197287.18,Paid,Paid,2026-09-10,OCR Workflow,2026-09-03T00:00:00Z,EMP006,2026-09-09,Passed,,91.5,INV-00037.pdf,Matched successfully against PO.
38,INVREC00038,INV-00038,PO-2025-0395,PO0395,VEND055,Deloitte & Touche LLP,2025-09-21,2025-09-21,EUR,201008.56,0,0,0,0,201008.56,Paid,Paid,2025-09-21,Manual Entry,2025-09-21T00:00:00Z,EMP028,2025-09-28,Passed,,97.5,INV-00038.pdf,Invoice under review.
39,INVREC00039,INV-00039,PO-2024-0688,PO0688,VEND068,Securitas AB,2024-06-10,2024-06-10,EUR,130567.51,1932.18,0,20,26113.5,156681.01,Paid,Paid,2024-06-10,Manual Entry,2024-06-10T00:00:00Z,EMP026,2024-06-12,Passed,,89.8,INV-00039.pdf,Ready for payment.
40,INVREC00040,INV-00040,PO-2025-0240,PO0240,VEND041,Salesforce.com Inc.,2025-10-27,2025-11-26,GBP,441637.83,0,0,5,22081.89,463719.72,Pending,Unpaid,None,OCR Workflow,2025-10-27T00:00:00Z,None,None,Pending Approval,,91.4,INV-00040.pdf,Invoice under review.
41,INVREC00041,INV-00041,PO-2026-1453,PO1453,VEND035,Expeditors International,2026-05-28,2026-07-12,GBP,496228.64,0,0,5,24811.43,521040.07,Rejected,Unpaid,None,System Integration,2026-05-28T00:00:00Z,EMP026,2026-05-29,Passed,,94.5,INV-00041.pdf,Ready for payment.
42,INVREC00042,INV-00042,PO-2026-0893,PO0893,VEND025,ABB Ltd,2026-03-01,2026-03-16,GBP,343702.53,6033.92,2551.1,0,0,346253.63,Paid,Paid,2026-03-07,OCR Workflow,2026-03-01T00:00:00Z,EMP014,2026-03-02,Passed,,86.4,INV-00042.pdf,Payment pending approval.
43,INVREC00043,INV-00043,PO-2023-0782,PO0782,VEND071,Waste Management Inc.,2023-09-17,2023-09-17,EUR,215960.32,10023.4,1690.05,18,38872.86,256523.23,Paid,Paid,2023-09-17,System Integration,2023-09-17T00:00:00Z,EMP014,2023-09-21,Passed,,89.8,INV-00043.pdf,Invoice under review.
44,INVREC00044,INV-00044,PO-2023-0363,PO0363,VEND076,Comcast Business,2023-03-12,2023-03-27,GBP,294810,0,3184.66,20,58962,356956.66,Paid,Paid,2023-03-21,System Integration,2023-03-12T00:00:00Z,EMP028,2023-03-16,Passed,,91.8,INV-00044.pdf,Three-way match completed.
45,INVREC00045,INV-00045,PO-2026-0215,PO0215,VEND050,Festo AG & Co. KG,2026-07-07,2026-07-07,INR,293532.38,0,0,0,0,293532.38,Paid,Paid,2026-07-07,System Integration,2026-07-07T00:00:00Z,EMP020,2026-07-14,Passed,,91.8,INV-00045.pdf,Payment pending approval.
46,INVREC00046,INV-00046,PO-2025-0510,PO0510,VEND090,Snap-on Incorporated,2025-09-24,2025-11-23,GBP,378803.39,0,0,20,75760.68,454564.07,Paid,Paid,2025-10-09,System Integration,2025-09-24T00:00:00Z,EMP022,2025-09-25,Passed,,88.7,INV-00046.pdf,Ready for payment.
47,INVREC00047,INV-00047,PO-2026-0750,PO0750,VEND022,Siemens AG,2026-01-31,2026-04-01,USD,284314.91,0,0,5,14215.75,298530.66,Paid,Paid,2026-02-16,Manual Entry,2026-01-31T00:00:00Z,EMP035,2026-02-03,Passed,,99.6,INV-00047.pdf,Ready for payment.
48,INVREC00048,INV-00048,PO-2026-0064,PO0064,VEND042,"VMware, Inc.",2026-12-28,2027-01-12,SEK,487663.53,9324.96,4056.67,5,24383.18,516103.38,Rejected,Unpaid,None,Manual Entry,2026-12-28T00:00:00Z,EMP037,2027-01-02,Passed,,85.4,INV-00048.pdf,Payment pending approval.
49,INVREC00049,INV-00049,PO-2026-0486,PO0486,VEND005,Microsoft Corporation,2026-03-01,2026-04-15,SEK,87955.86,2460.92,2040.19,10,8795.59,98791.64,Paid,Paid,2026-03-15,Manual Entry,2026-03-01T00:00:00Z,EMP029,2026-03-03,Passed,,87.9,INV-00049.pdf,Payment pending approval.
50,INVREC00050,INV-00050,PO-2025-0614,PO0614,VEND042,"VMware, Inc.",2025-07-03,2025-08-17,SEK,112922.01,4096.43,1486.55,5,5646.1,120054.66,Rejected,Unpaid,None,System Integration,2025-07-03T00:00:00Z,EMP012,2025-07-10,Passed,,95.8,INV-00050.pdf,Payment pending approval.
51,INVREC00051,INV-00051,PO-2025-0141,PO0141,VEND051,Thomson Reuters,2025-11-04,2025-12-04,USD,351600.55,12259.76,1373.12,18,63288.1,416261.77,Paid,Paid,2025-11-08,System Integration,2025-11-04T00:00:00Z,EMP038,2025-11-05,Passed,,92.6,INV-00051.pdf,Invoice under review.
52,INVREC00052,INV-00052,PO-2024-0774,PO0774,VEND026,General Electric,2024-10-12,2024-10-27,SEK,213708.22,0,1849.42,0,0,215557.64,Paid,Paid,2024-10-18,Manual Entry,2024-10-12T00:00:00Z,EMP028,2024-10-16,Passed,,86.6,INV-00052.pdf,Three-way match completed.
53,INVREC00053,INV-00053,PO-2026-0656,PO0656,VEND012,Elite Services,2026-10-27,2026-12-11,SEK,256554.32,9546.43,0,18,46179.78,302734.1,Rejected,Unpaid,None,OCR Workflow,2026-10-27T00:00:00Z,EMP012,2026-10-28,Passed,,98.4,INV-00053.pdf,Matched successfully against PO.
54,INVREC00054,INV-00054,PO-2023-1495,PO1495,VEND070,Tyco International,2023-09-29,2023-10-14,GBP,273621.88,0,0,20,54724.38,328346.26,Paid,Paid,2023-10-03,OCR Workflow,2023-09-29T00:00:00Z,EMP017,2023-10-02,Passed,,95.8,INV-00054.pdf,Ready for payment.
55,INVREC00055,INV-00055,PO-2025-0875,PO0875,VEND061,Bain & Company,2025-02-07,2025-02-22,INR,454139.24,0,0,18,81745.06,535884.3,Paid,Paid,2025-02-08,OCR Workflow,2025-02-07T00:00:00Z,EMP036,2025-02-08,Passed,,89,INV-00055.pdf,Three-way match completed.
56,INVREC00056,INV-00056,PO-2025-0517,PO0517,VEND080,Ecolab Inc.,2025-07-07,2025-08-06,INR,125890.77,0,0,18,22660.34,148551.11,Paid,Paid,2025-07-18,OCR Workflow,2025-07-07T00:00:00Z,EMP002,2025-07-10,Passed,,90,INV-00056.pdf,Matched successfully against PO.
57,INVREC00057,INV-00057,PO-2025-0034,PO0034,VEND073,AT&T Business,2025-02-11,2025-02-26,SEK,43742.4,0,0,5,2187.12,45929.52,Paid,Paid,2025-02-25,OCR Workflow,2025-02-11T00:00:00Z,EMP028,2025-02-18,Passed,,93.1,INV-00057.pdf,Matched successfully against PO.
58,INVREC00058,INV-00058,PO-2026-0610,PO0610,VEND035,Expeditors International,2026-08-29,2026-10-28,GBP,58650.29,1624.07,431.7,18,10557.05,69639.04,Paid,Paid,2026-09-11,OCR Workflow,2026-08-29T00:00:00Z,EMP013,2026-09-04,Passed,,90.2,INV-00058.pdf,Three-way match completed.
59,INVREC00059,INV-00059,PO-2024-0354,PO0354,VEND015,Best Buy Corp,2024-12-20,2025-01-19,INR,122214.94,0,2753.74,5,6110.75,131079.43,Paid,Paid,2025-01-01,System Integration,2024-12-20T00:00:00Z,EMP030,2024-12-21,Passed,,92.9,INV-00059.pdf,Matched successfully against PO.
60,INVREC00060,INV-00060,PO-2025-0595,PO0595,VEND099,Bridgestone Americas,2025-05-25,2025-06-24,USD,224469.76,0,2885.09,20,44893.95,272248.8,Paid,Paid,2025-06-02,Manual Entry,2025-05-25T00:00:00Z,EMP013,2025-05-28,Passed,,86.2,INV-00060.pdf,Matched successfully against PO.
61,INVREC00061,INV-00061,PO-2025-1219,PO1219,VEND038,Penske Logistics,2025-03-31,2025-04-30,SEK,336625.01,0,2594.78,0,0,339219.79,Rejected,Unpaid,None,Manual Entry,2025-03-31T00:00:00Z,EMP018,2025-04-02,Passed,,98.6,INV-00061.pdf,Matched successfully against PO.
62,INVREC00062,INV-00062,PO-2026-0856,PO0856,VEND024,Schneider Electric,2026-04-26,2026-06-25,USD,150139.75,0,0,5,7506.99,157646.74,Pending,Unpaid,None,OCR Workflow,2026-04-26T00:00:00Z,None,None,Pending Approval,,85.6,INV-00062.pdf,Invoice under review.
63,INVREC00063,INV-00063,PO-2023-0810,PO0810,VEND088,Makita Corporation,2023-09-30,2023-10-30,CHF,332078.84,0,0,18,59774.19,391853.03,Paid,Paid,2023-10-18,System Integration,2023-09-30T00:00:00Z,EMP005,2023-10-03,Passed,,98.8,INV-00063.pdf,Ready for payment.
64,INVREC00064,INV-00064,PO-2024-0787,PO0787,VEND030,Bosch Rexroth AG,2024-02-23,2024-04-08,CHF,221452.15,0,4028.23,10,22145.22,247625.6,Paid,Paid,2024-03-09,Manual Entry,2024-02-23T00:00:00Z,EMP016,2024-02-24,Passed,,87.6,INV-00064.pdf,Matched successfully against PO.
65,INVREC00065,INV-00065,PO-2026-0116,PO0116,VEND091,Ingersoll Rand,2026-07-14,2026-07-14,GBP,430863.38,0,0,18,77555.41,508418.79,Rejected,Unpaid,None,OCR Workflow,2026-07-14T00:00:00Z,EMP010,2026-07-15,Passed,,86.4,INV-00065.pdf,Ready for payment.
66,INVREC00066,INV-00066,PO-2024-0514,PO0514,VEND073,AT&T Business,2024-06-06,2024-07-06,SEK,161853.88,0,0,20,32370.78,194224.66,Rejected,Unpaid,None,Manual Entry,2024-06-06T00:00:00Z,EMP022,2024-06-09,Passed,,86.7,INV-00066.pdf,Matched successfully against PO.
67,INVREC00067,INV-00067,PO-2026-1383,PO1383,VEND020,Alpha Industries,2026-08-17,2026-09-01,SEK,299724.87,0,1296.59,18,53950.48,354971.94,Paid,Paid,2026-08-21,OCR Workflow,2026-08-17T00:00:00Z,EMP012,2026-08-24,Passed,,86.7,INV-00067.pdf,Payment pending approval.
68,INVREC00068,INV-00068,PO-2026-0094,PO0094,VEND071,Waste Management Inc.,2026-10-13,2026-10-28,EUR,344920.78,0,3658.62,18,62085.74,410665.14,Paid,Paid,2026-10-24,Manual Entry,2026-10-13T00:00:00Z,EMP012,2026-10-19,Passed,,86.2,INV-00068.pdf,Matched successfully against PO.
69,INVREC00069,INV-00069,PO-2026-0094,PO0094,VEND071,Waste Management Inc.,2026-10-12,2026-10-27,EUR,344920.78,0,3658.62,18,62085.74,410665.14,Rejected,Unpaid,None,System Integration,2026-10-12T00:00:00Z,EMP015,2026-10-15,Passed,,97.1,INV-00069.pdf,Matched successfully against PO.
70,INVREC00070,INV-00070,PO-2024-1257,PO1257,VEND028,Emerson Electric Co.,2024-09-24,2024-09-24,INR,467484.1,18710.39,0,5,23374.21,490858.31,Paid,Paid,2024-09-24,OCR Workflow,2024-09-24T00:00:00Z,EMP026,2024-09-28,Passed,,88.6,INV-00070.pdf,Invoice under review.
71,INVREC00071,INV-00071,PO-2025-0912,PO0912,VEND044,IBM Corporation,2025-07-08,2025-08-22,SEK,451413.4,0,0,10,45141.34,496554.74,Paid,Paid,2025-07-28,Manual Entry,2025-07-08T00:00:00Z,EMP014,2025-07-15,Passed,,92.5,INV-00071.pdf,Payment pending approval.
72,INVREC00072,INV-00072,PO-2026-0381,PO0381,VEND075,T-Mobile for Business,2026-06-12,2026-07-12,GBP,314473.98,0,0,0,0,314473.98,Paid,Paid,2026-07-02,Manual Entry,2026-06-12T00:00:00Z,EMP027,2026-06-14,Passed,,92.7,INV-00072.pdf,Ready for payment.
73,INVREC00073,INV-00073,PO-2023-0223,PO0223,VEND095,SKF Group,2023-03-31,2023-04-30,GBP,26547.76,0,2872.52,0,0,29420.28,Pending,Unpaid,None,Manual Entry,2023-03-31T00:00:00Z,None,None,Pending Approval,,92.1,INV-00073.pdf,Three-way match completed.
74,INVREC00074,INV-00074,PO-2026-1124,PO1124,VEND066,Jones Lang LaSalle,2026-10-23,2026-12-22,CHF,32893.87,0,1887.94,20,6578.77,41360.58,Paid,Paid,2026-11-08,System Integration,2026-10-23T00:00:00Z,EMP030,2026-10-25,Passed,,85.8,INV-00074.pdf,Invoice under review.
75,INVREC00075,INV-00075,PO-2024-0339,PO0339,VEND024,Schneider Electric,2024-03-13,2024-03-28,USD,224354,0,2295.09,18,40383.72,267032.81,Paid,Paid,2024-03-17,Manual Entry,2024-03-13T00:00:00Z,EMP007,2024-03-20,Passed,,93.5,INV-00075.pdf,Matched successfully against PO.
76,INVREC00076,INV-00076,PO-2025-1388,PO1388,VEND014,Modern Office Co,2025-02-06,2025-02-21,USD,185074.66,5312.95,3333.58,20,37014.93,225423.17,Paid,Paid,2025-02-19,System Integration,2025-02-06T00:00:00Z,EMP008,2025-02-09,Passed,,89.1,INV-00076.pdf,Matched successfully against PO.
77,INVREC00077,INV-00077,PO-2025-0147,PO0147,VEND035,Expeditors International,2025-10-08,2025-10-08,GBP,225677.87,0,3931.14,18,40622.02,270231.03,Paid,Paid,2025-10-08,Manual Entry,2025-10-08T00:00:00Z,EMP034,2025-10-10,Passed,,85.8,INV-00077.pdf,Invoice under review.
78,INVREC00078,INV-00078,PO-2024-0977,PO0977,VEND017,Pinnacle Partners,2024-09-05,2024-10-05,CHF,399133.37,0,0,10,39913.34,439046.71,Rejected,Unpaid,None,OCR Workflow,2024-09-05T00:00:00Z,EMP004,2024-09-12,Passed,,94.1,INV-00078.pdf,Matched successfully against PO.
79,INVREC00079,INV-00079,PO-2023-0158,PO0158,VEND013,Quick Logistics,2024-01-06,2024-01-06,GBP,269858.55,0,1407.18,10,26985.85,298251.58,Paid,Paid,2024-01-06,OCR Workflow,2024-01-06T00:00:00Z,EMP029,2024-01-13,Passed,,94.6,INV-00079.pdf,Three-way match completed.
80,INVREC00080,INV-00080,PO-2023-0598,PO0598,VEND050,Festo AG & Co. KG,2023-09-03,2023-10-18,INR,446809.38,0,0,5,22340.47,469149.85,Paid,Paid,2023-09-07,Manual Entry,2023-09-03T00:00:00Z,EMP010,2023-09-05,Passed,,90.4,INV-00080.pdf,Invoice under review.
81,INVREC00081,INV-00081,PO-2026-0902,PO0902,VEND002,Samira Hadid,2026-03-03,2026-03-18,INR,278619.73,0,1205.29,0,0,279825.02,Paid,Paid,2026-03-09,System Integration,2026-03-03T00:00:00Z,EMP013,2026-03-06,Passed,,85,INV-00081.pdf,Matched successfully against PO.
82,INVREC00082,INV-00082,PO-2023-1164,PO1164,VEND044,IBM Corporation,2023-08-18,2023-08-18,SEK,194521.47,0,26.51,0,0,194547.98,Paid,Paid,2023-08-18,Manual Entry,2023-08-18T00:00:00Z,EMP006,2023-08-21,Passed,,87.8,INV-00082.pdf,Three-way match completed.
83,INVREC00083,INV-00083,PO-2023-0952,PO0952,VEND063,McDonald's Corporate,2023-10-15,2023-11-29,EUR,60898.22,0,1292.67,0,0,62190.89,Paid,Paid,2023-10-27,OCR Workflow,2023-10-15T00:00:00Z,EMP008,2023-10-20,Passed,,85.6,INV-00083.pdf,Matched successfully against PO.
84,INVREC00084,INV-00084,PO-2025-0861,PO0861,VEND098,Michelin North America,2025-01-22,2025-03-23,USD,429924.02,0,0,20,85984.8,515908.82,Rejected,Unpaid,None,System Integration,2025-01-22T00:00:00Z,EMP004,2025-01-28,Passed,,98.6,INV-00084.pdf,Ready for payment.
85,INVREC00085,INV-00085,PO-2026-1351,PO1351,VEND035,Expeditors International,2026-05-04,2026-06-03,GBP,243996.97,0,4569.44,10,24399.7,272966.11,Paid,Paid,2026-05-15,OCR Workflow,2026-05-04T00:00:00Z,EMP014,2026-05-06,Passed,,90.7,INV-00085.pdf,Invoice under review.
86,INVREC00086,INV-00086,PO-2025-1011,PO1011,VEND001,ABCD & CO,2025-04-05,2025-06-04,SEK,422924.93,0,0,5,21146.25,444071.18,Paid,Paid,2025-04-16,Manual Entry,2025-04-05T00:00:00Z,EMP008,2025-04-11,Passed,,97.9,INV-00086.pdf,Three-way match completed.
87,INVREC00087,INV-00087,PO-2025-1209,PO1209,VEND067,"CBRE Group, Inc.",2025-06-10,2025-07-10,EUR,16101.5,0,245.23,10,1610.15,17956.88,Rejected,Unpaid,None,OCR Workflow,2025-06-10T00:00:00Z,EMP011,2025-06-13,Passed,,98.8,INV-00087.pdf,Ready for payment.
88,INVREC00088,INV-00088,PO-2024-0584,PO0584,VEND022,Siemens AG,2024-03-29,2024-03-29,USD,268129.86,0,0,20,53625.97,321755.83,Rejected,Unpaid,None,OCR Workflow,2024-03-29T00:00:00Z,EMP030,2024-04-02,Passed,,89.6,INV-00088.pdf,Ready for payment.
89,INVREC00089,INV-00089,PO-2024-1440,PO1440,VEND049,Parker Hannifin Corporation,2025-01-15,2025-02-14,USD,483847.13,8512.84,0,5,24192.36,508039.49,Paid,Paid,2025-01-30,System Integration,2025-01-15T00:00:00Z,EMP037,2025-01-20,Passed,,91.2,INV-00089.pdf,Matched successfully against PO.
90,INVREC00090,INV-00090,PO-2026-1274,PO1274,VEND042,"VMware, Inc.",2026-12-01,2026-12-31,SEK,251824.19,0,0,10,25182.42,277006.61,Paid,Paid,2026-12-17,Manual Entry,2026-12-01T00:00:00Z,EMP032,2026-12-03,Passed,,95,INV-00090.pdf,Invoice under review.
91,INVREC00091,INV-00091,PO-2025-0745,PO0745,VEND055,Deloitte & Touche LLP,2025-02-27,2025-04-13,EUR,386917.05,18740.87,0,10,38691.71,425608.76,Rejected,Unpaid,None,OCR Workflow,2025-02-27T00:00:00Z,EMP031,2025-03-04,Passed,,88.2,INV-00091.pdf,Matched successfully against PO.
92,INVREC00092,INV-00092,PO-2025-1029,PO1029,VEND004,Dell Technologies,2025-12-25,2026-01-24,CHF,14850.57,0,0,0,0,14850.57,Paid,Paid,2026-01-11,Manual Entry,2025-12-25T00:00:00Z,EMP029,2025-12-29,Passed,,93.1,INV-00092.pdf,Three-way match completed.
93,INVREC00093,INV-00093,PO-2026-0474,PO0474,VEND010,Tech Solutions Ltd,2026-04-14,2026-06-13,USD,97458.34,0,46.48,5,4872.92,102377.74,Paid,Paid,2026-04-29,Manual Entry,2026-04-14T00:00:00Z,EMP013,2026-04-15,Passed,,99.4,INV-00093.pdf,Payment pending approval.
94,INVREC00094,INV-00094,PO-2023-0920,PO0920,VEND012,Elite Services,2023-04-19,2023-04-19,SEK,464014.67,0,0,20,92802.93,556817.6,Rejected,Unpaid,None,Manual Entry,2023-04-19T00:00:00Z,EMP020,2023-04-24,Passed,,90.3,INV-00094.pdf,Ready for payment.
95,INVREC00095,INV-00095,PO-2026-0425,PO0425,VEND047,Apple Inc.,2026-08-02,2026-09-01,GBP,307816.49,4235.73,0,18,55406.97,363223.46,Paid,Paid,2026-08-09,System Integration,2026-08-02T00:00:00Z,EMP034,2026-08-08,Passed,,96.7,INV-00095.pdf,Payment pending approval.
96,INVREC00096,INV-00096,PO-2026-1305,PO1305,VEND065,Sodexo S.A.,2026-07-06,2026-07-06,INR,83332.63,0,2952.93,5,4166.63,90452.19,Paid,Paid,2026-07-06,OCR Workflow,2026-07-06T00:00:00Z,EMP010,2026-07-11,Passed,,98.3,INV-00096.pdf,Three-way match completed.
97,INVREC00097,INV-00097,PO-2023-0836,PO0836,VEND032,UPS Supply Chain Solutions,2024-01-02,2024-01-02,EUR,493360.15,0,3211.12,18,88804.83,585376.1,Rejected,Unpaid,None,OCR Workflow,2024-01-02T00:00:00Z,EMP009,2024-01-08,Passed,,95.1,INV-00097.pdf,Matched successfully against PO.
98,INVREC00098,INV-00098,PO-2025-0208,PO0208,VEND088,Makita Corporation,2025-03-18,2025-03-18,CHF,196470.25,0,0,20,39294.05,235764.3,Pending,Unpaid,None,Manual Entry,2025-03-18T00:00:00Z,None,None,Pending Approval,,93.9,INV-00098.pdf,Matched successfully against PO.
99,INVREC00099,INV-00099,PO-2023-1155,PO1155,VEND092,Baldor Electric Company,2023-11-21,2023-11-21,CHF,453101.72,0,4480.46,0,0,457582.18,Paid,Paid,2023-11-21,System Integration,2023-11-21T00:00:00Z,EMP012,2023-11-22,Passed,,95,INV-00099.pdf,Three-way match completed.
100,INVREC00100,INV-00100,PO-2025-0532,PO0532,VEND037,Atlas Air Worldwide,2025-08-15,2025-09-14,CHF,85420.46,0,0,5,4271.02,89691.48,Rejected,Unpaid,None,System Integration,2025-08-15T00:00:00Z,EMP015,2025-08-19,Passed,,98.8,INV-00100.pdf,Payment pending approval.
101,INVREC00101,INV-00101,PO-2024-0917,PO0917,VEND002,Samira Hadid,2024-11-27,2024-11-27,INR,264753.66,2773.93,2971.08,5,13237.68,280962.42,Paid,Paid,2024-11-27,Manual Entry,2024-11-27T00:00:00Z,EMP039,2024-12-04,Passed,,96,INV-00101.pdf,Matched successfully against PO.
102,INVREC00102,INV-00102,PO-2026-0304,PO0304,VEND086,W.W. Grainger International,2026-12-10,2027-01-09,EUR,108535.19,0,0,5,5426.76,113961.95,Rejected,Unpaid,None,OCR Workflow,2026-12-10T00:00:00Z,None,None,Rejected,Missing PO reference,91.4,INV-00102.pdf,Matched successfully against PO.
103,INVREC00103,INV-00103,PO-2023-1485,PO1485,VEND057,Ernst & Young LLP,2023-11-25,2023-12-10,INR,255193.74,2853.94,0,18,45934.87,301128.61,Paid,Paid,2023-12-05,Manual Entry,2023-11-25T00:00:00Z,EMP029,2023-11-28,Passed,,91.9,INV-00103.pdf,Ready for payment.
104,INVREC00104,INV-00104,PO-2024-0276,PO0276,VEND080,Ecolab Inc.,2024-08-28,2024-09-27,INR,144341.15,7159.31,0,0,0,144341.15,Paid,Paid,2024-09-01,System Integration,2024-08-28T00:00:00Z,EMP029,2024-09-03,Passed,,99,INV-00104.pdf,Invoice under review.
105,INVREC00105,INV-00105,PO-2025-0992,PO0992,VEND062,Accenture PLC,2025-05-07,2025-06-06,USD,194114.89,0,0,10,19411.49,213526.38,Paid,Paid,2025-05-15,OCR Workflow,2025-05-07T00:00:00Z,EMP023,2025-05-08,Passed,,89.6,INV-00105.pdf,Matched successfully against PO.
106,INVREC00106,INV-00106,PO-2024-0167,PO0167,VEND004,Dell Technologies,2024-09-11,2024-10-11,CHF,484532.18,0,0,10,48453.22,532985.4,Paid,Paid,2024-09-26,System Integration,2024-09-11T00:00:00Z,EMP013,2024-09-15,Passed,,93.7,INV-00106.pdf,Ready for payment.
107,INVREC00107,INV-00107,PO-2025-0352,PO0352,VEND099,Bridgestone Americas,2025-04-17,2025-04-17,USD,36442.39,0,0,20,7288.48,43730.87,Paid,Paid,2025-04-17,Manual Entry,2025-04-17T00:00:00Z,EMP006,2025-04-18,Passed,,96,INV-00107.pdf,Invoice under review.
108,INVREC00108,INV-00108,PO-2026-1048,PO1048,VEND062,Accenture PLC,2026-03-01,2026-03-31,USD,272164.12,0,0,10,27216.41,299380.53,Rejected,Unpaid,None,System Integration,2026-03-01T00:00:00Z,EMP012,2026-03-06,Passed,,93.2,INV-00108.pdf,Invoice under review.
109,INVREC00109,INV-00109,PO-2026-0604,PO0604,VEND095,SKF Group,2026-11-29,2027-01-28,GBP,77684.89,811.71,0,0,0,77684.89,Paid,Paid,2026-12-08,OCR Workflow,2026-11-29T00:00:00Z,EMP015,2026-12-03,Passed,,99.2,INV-00109.pdf,Payment pending approval.
110,INVREC00110,INV-00110,PO-2025-1234,PO1234,VEND100,ZF Friedrichshafen AG,2026-01-07,2026-01-22,USD,395775.57,0,2642.51,0,0,398418.08,Paid,Paid,2026-01-19,Manual Entry,2026-01-07T00:00:00Z,EMP015,2026-01-12,Passed,,86,INV-00110.pdf,Payment pending approval.
111,INVREC00111,INV-00111,PO-2025-0252,PO0252,VEND024,Schneider Electric,2025-02-22,2025-02-22,USD,68184.17,0,0,20,13636.83,81821,Paid,Paid,2025-02-22,Manual Entry,2025-02-22T00:00:00Z,EMP031,2025-03-01,Passed,,86,INV-00111.pdf,Three-way match completed.
112,INVREC00112,INV-00112,PO-2023-1269,PO1269,VEND013,Quick Logistics,2023-10-14,2023-11-13,GBP,293640.61,7102.02,2350.85,20,58728.12,354719.58,Pending,Unpaid,None,System Integration,2023-10-14T00:00:00Z,None,None,Pending Approval,,92.3,INV-00112.pdf,Invoice under review.
113,INVREC00113,INV-00113,PO-2023-0619,PO0619,VEND099,Bridgestone Americas,2023-02-10,2023-03-12,USD,113496.33,0,1340.96,20,22699.27,137536.56,Paid,Paid,2023-02-12,System Integration,2023-02-10T00:00:00Z,EMP019,2023-02-17,Passed,,92.5,INV-00113.pdf,Ready for payment.
114,INVREC00114,INV-00114,PO-2023-0780,PO0780,VEND019,Vanguard Tech,2023-10-14,2023-11-28,USD,465206.94,0,0,18,83737.25,548944.19,Pending,Unpaid,None,Manual Entry,2023-10-14T00:00:00Z,None,None,Pending Approval,,94.8,INV-00114.pdf,Invoice under review.
115,INVREC00115,INV-00115,PO-2024-0338,PO0338,VEND072,Republic Services,2024-02-03,2024-02-03,SEK,258394,5627.36,1759.95,18,46510.92,306664.87,Paid,Paid,2024-02-03,Manual Entry,2024-02-03T00:00:00Z,EMP012,2024-02-04,Passed,,90.8,INV-00115.pdf,Matched successfully against PO.
116,INVREC00116,INV-00116,PO-2026-1378,PO1378,VEND040,SAP SE,2026-09-13,2026-10-28,INR,373971.93,0,2558.63,10,37397.19,413927.75,Paid,Paid,2026-10-01,OCR Workflow,2026-09-13T00:00:00Z,EMP006,2026-09-18,Passed,,89.6,INV-00116.pdf,Ready for payment.
117,INVREC00117,INV-00117,PO-2024-0261,PO0261,VEND036,Kuehne + Nagel,2024-11-29,2025-01-13,INR,335551.65,0,0,10,33555.17,369106.82,Paid,Paid,2024-12-13,System Integration,2024-11-29T00:00:00Z,EMP025,2024-12-06,Passed,,97.6,INV-00117.pdf,Ready for payment.
118,INVREC00118,INV-00118,PO-2026-0072,PO0072,VEND014,Modern Office Co,2026-11-18,2026-12-03,USD,122154.31,1329.27,4179.58,0,0,126333.89,Rejected,Unpaid,None,OCR Workflow,2026-11-18T00:00:00Z,EMP007,2026-11-25,Passed,,94.4,INV-00118.pdf,Invoice under review.
119,INVREC00119,INV-00119,PO-2024-0079,PO0079,VEND074,Verizon Business Group,2025-01-20,2025-02-19,EUR,223165.91,5374.95,0,18,40169.86,263335.77,Paid,Paid,2025-02-05,Manual Entry,2025-01-20T00:00:00Z,EMP030,2025-01-22,Passed,,93.1,INV-00119.pdf,Ready for payment.
120,INVREC00120,INV-00120,PO-2024-0127,PO0127,VEND034,C.H. Robinson Worldwide,2024-05-22,2024-06-21,SEK,456575.01,0,776.14,20,91315,548666.15,Paid,Paid,2024-06-04,OCR Workflow,2024-05-22T00:00:00Z,EMP025,2024-05-28,Passed,,96.6,INV-00120.pdf,Payment pending approval.
121,INVREC00121,INV-00121,PO-2026-0729,PO0729,VEND017,Pinnacle Partners,2026-04-15,2026-05-30,CHF,481436.87,0,2557.73,20,96287.37,580281.97,Paid,Paid,2026-04-27,System Integration,2026-04-15T00:00:00Z,EMP036,2026-04-21,Passed,,98.7,INV-00121.pdf,Payment pending approval.
122,INVREC00122,INV-00122,PO-2024-0633,PO0633,VEND002,Samira Hadid,2024-09-23,2024-11-22,INR,13225.35,0,4199.9,20,2645.07,20070.32,Paid,Paid,2024-09-28,Manual Entry,2024-09-23T00:00:00Z,EMP036,2024-09-25,Passed,,92.9,INV-00122.pdf,Ready for payment.
123,INVREC00123,INV-00123,PO-2024-1141,PO1141,VEND015,Best Buy Corp,2024-06-07,2024-07-07,INR,397663.85,7964.25,4335.63,18,71579.49,473578.97,Paid,Paid,2024-06-21,OCR Workflow,2024-06-07T00:00:00Z,EMP021,2024-06-11,Passed,,92,INV-00123.pdf,Matched successfully against PO.
124,INVREC00124,INV-00124,PO-2026-0360,PO0360,VEND096,Gates Corporation,2026-05-16,2026-06-15,EUR,390374.4,0,0,20,78074.88,468449.28,Paid,Paid,2026-05-28,System Integration,2026-05-16T00:00:00Z,EMP001,2026-05-23,Passed,,97.2,INV-00124.pdf,Three-way match completed.
125,INVREC00125,INV-00125,PO-2024-0650,PO0650,VEND040,SAP SE,2024-06-15,2024-07-30,INR,448974.75,0,0,5,22448.74,471423.49,Paid,Paid,2024-06-27,Manual Entry,2024-06-15T00:00:00Z,EMP016,2024-06-18,Passed,,97.1,INV-00125.pdf,Matched successfully against PO.
126,INVREC00126,INV-00126,PO-2026-1146,PO1146,VEND080,Ecolab Inc.,2026-05-23,2026-07-22,INR,336220.31,0,0,18,60519.66,396739.97,Rejected,Unpaid,None,Manual Entry,2026-05-23T00:00:00Z,None,None,Rejected,Invoice amount mismatch,86,INV-00126.pdf,Invoice under review.
127,INVREC00127,INV-00127,PO-2026-0144,PO0144,VEND025,ABB Ltd,2026-07-23,2026-08-22,GBP,341949.62,16929.46,2431.28,10,34194.96,378575.86,Paid,Paid,2026-08-01,OCR Workflow,2026-07-23T00:00:00Z,EMP040,2026-07-28,Passed,,90.2,INV-00127.pdf,Matched successfully against PO.
128,INVREC00128,INV-00128,PO-2025-0572,PO0572,VEND072,Republic Services,2025-08-11,2025-09-10,SEK,419504.97,0,0,18,75510.89,495015.86,Rejected,Unpaid,None,OCR Workflow,2025-08-11T00:00:00Z,EMP008,2025-08-12,Passed,,89.2,INV-00128.pdf,Matched successfully against PO.
129,INVREC00129,INV-00129,PO-2025-1205,PO1205,VEND013,Quick Logistics,2025-05-07,2025-06-06,GBP,55103.58,0,0,10,5510.36,60613.94,Paid,Paid,2025-05-12,Manual Entry,2025-05-07T00:00:00Z,EMP034,2025-05-10,Passed,,87.3,INV-00129.pdf,Payment pending approval.
130,INVREC00130,INV-00130,PO-2025-1365,PO1365,VEND017,Pinnacle Partners,2025-07-12,2025-08-11,CHF,191532.75,2632.01,0,5,9576.64,201109.39,Paid,Paid,2025-07-27,System Integration,2025-07-12T00:00:00Z,EMP038,2025-07-19,Passed,,95.8,INV-00130.pdf,Three-way match completed.
131,INVREC00131,INV-00131,PO-2025-0933,PO0933,VEND055,Deloitte & Touche LLP,2025-04-27,2025-05-12,EUR,79520.64,0,779.28,20,15904.13,96204.05,Paid,Paid,2025-05-11,Manual Entry,2025-04-27T00:00:00Z,EMP014,2025-04-28,Passed,,99.1,INV-00131.pdf,Payment pending approval.
132,INVREC00132,INV-00132,PO-2023-0393,PO0393,VEND003,IMPORTING COMPANY,2023-09-17,2023-10-17,GBP,181541.91,5312.61,2281.87,10,18154.19,201977.97,Rejected,Unpaid,None,System Integration,2023-09-17T00:00:00Z,None,None,Rejected,Missing PO reference,86.6,INV-00132.pdf,Matched successfully against PO.
133,INVREC00133,INV-00133,PO-2023-0547,PO0547,VEND003,IMPORTING COMPANY,2023-09-30,2023-10-30,GBP,313014.26,14003.39,0,18,56342.57,369356.83,Pending,Unpaid,None,System Integration,2023-09-30T00:00:00Z,None,None,Pending Approval,,94.1,INV-00133.pdf,Invoice under review.
134,INVREC00134,INV-00134,PO-2024-1046,PO1046,VEND031,FedEx Corporation,2024-05-21,2024-06-05,SEK,424731.74,0,0,0,0,424731.74,Rejected,Unpaid,None,System Integration,2024-05-21T00:00:00Z,EMP018,2024-05-25,Passed,,91.7,INV-00134.pdf,Three-way match completed.
135,INVREC00135,INV-00135,PO-2025-0751,PO0751,VEND085,Fastenal Company,2025-11-24,2025-12-24,SEK,184028.48,0,2870.25,20,36805.7,223704.43,Paid,Paid,2025-11-27,Manual Entry,2025-11-24T00:00:00Z,EMP004,2025-11-30,Passed,,85.1,INV-00135.pdf,Three-way match completed.
136,INVREC00136,INV-00136,PO-2023-0952,PO0952,VEND063,McDonald's Corporate,2023-10-25,2023-12-09,EUR,60898.22,1966.75,1292.67,0,0,62190.89,Paid,Paid,2023-10-31,OCR Workflow,2023-10-25T00:00:00Z,EMP012,2023-10-27,Passed,,93.9,INV-00136.pdf,Matched successfully against PO.
137,INVREC00137,INV-00137,PO-2024-0171,PO0171,VEND009,Office Furniture World,2025-01-01,2025-03-02,USD,67483.15,0,1192.43,0,0,68675.58,Pending,Unpaid,None,OCR Workflow,2025-01-01T00:00:00Z,None,None,Pending Approval,,98.2,INV-00137.pdf,Invoice under review.
138,INVREC00138,INV-00138,PO-2025-0751,PO0751,VEND085,Fastenal Company,2025-11-15,2025-12-15,SEK,184028.48,0,2870.25,20,36805.7,223704.43,Paid,Paid,2025-11-19,OCR Workflow,2025-11-15T00:00:00Z,EMP008,2025-11-17,Passed,,87.6,INV-00138.pdf,Matched successfully against PO.
139,INVREC00139,INV-00139,PO-2024-0079,PO0079,VEND074,Verizon Business Group,2025-01-14,2025-02-13,EUR,223165.91,2836.95,0,18,40169.86,263335.77,Paid,Paid,2025-02-01,System Integration,2025-01-14T00:00:00Z,EMP037,2025-01-17,Passed,,91.9,INV-00139.pdf,Matched successfully against PO.
140,INVREC00140,INV-00140,PO-2024-0052,PO0052,VEND061,Bain & Company,2024-05-22,2024-06-06,INR,35157.16,1479.84,0,20,7031.43,42188.59,Paid,Paid,2024-05-29,System Integration,2024-05-22T00:00:00Z,EMP019,2024-05-28,Passed,,95.7,INV-00140.pdf,Invoice under review.
141,INVREC00141,INV-00141,PO-2024-1134,PO1134,VEND007,Staples Inc.,2024-02-12,2024-04-12,EUR,175324.33,0,1573.61,18,31558.38,208456.32,Paid,Paid,2024-02-16,Manual Entry,2024-02-12T00:00:00Z,EMP032,2024-02-15,Passed,,95.1,INV-00141.pdf,Ready for payment.
142,INVREC00142,INV-00142,PO-2026-0422,PO0422,VEND036,Kuehne + Nagel,2026-07-21,2026-07-21,INR,38841.78,0,0,5,1942.09,40783.87,Paid,Paid,2026-07-21,Manual Entry,2026-07-21T00:00:00Z,EMP019,2026-07-22,Passed,,93.6,INV-00142.pdf,Three-way match completed.
143,INVREC00143,INV-00143,PO-2024-0831,PO0831,VEND074,Verizon Business Group,2024-12-18,2025-01-17,EUR,245505.24,0,0,20,49101.05,294606.29,Paid,Paid,2025-01-04,OCR Workflow,2024-12-18T00:00:00Z,EMP022,2024-12-20,Passed,,85.7,INV-00143.pdf,Invoice under review.
144,INVREC00144,INV-00144,PO-2025-1497,PO1497,VEND089,DeWalt Industrial Tool Co.,2025-11-12,2026-01-11,INR,187509.59,0,0,10,18750.96,206260.55,Paid,Paid,2025-11-27,Manual Entry,2025-11-12T00:00:00Z,EMP006,2025-11-18,Passed,,90.6,INV-00144.pdf,Invoice under review.
145,INVREC00145,INV-00145,PO-2026-0760,PO0760,VEND089,DeWalt Industrial Tool Co.,2026-09-27,2026-10-27,INR,456593.62,0,0,5,22829.68,479423.3,Pending,Unpaid,None,OCR Workflow,2026-09-27T00:00:00Z,None,None,Pending Approval,,96.6,INV-00145.pdf,Matched successfully against PO.
146,INVREC00146,INV-00146,PO-2023-1129,PO1129,VEND045,Hewlett Packard Enterprise,2023-10-16,2023-12-15,CHF,347687.5,0,0,10,34768.75,382456.25,Paid,Paid,2023-10-19,OCR Workflow,2023-10-16T00:00:00Z,EMP035,2023-10-19,Passed,,86.1,INV-00146.pdf,Matched successfully against PO.
147,INVREC00147,INV-00147,PO-2026-1176,PO1176,VEND020,Alpha Industries,2026-10-24,2026-11-23,SEK,308538.35,5481.44,0,10,30853.83,339392.18,Paid,Paid,2026-10-29,OCR Workflow,2026-10-24T00:00:00Z,EMP031,2026-10-29,Passed,,94.6,INV-00147.pdf,Three-way match completed.
148,INVREC00148,INV-00148,PO-2025-1031,PO1031,VEND018,Summit Systems,2025-10-09,2025-11-08,EUR,14085.97,0,1891.83,10,1408.6,17386.4,Paid,Paid,2025-10-23,Manual Entry,2025-10-09T00:00:00Z,EMP033,2025-10-14,Passed,,87.8,INV-00148.pdf,Matched successfully against PO.
149,INVREC00149,INV-00149,PO-2023-0447,PO0447,VEND070,Tyco International,2023-06-30,2023-07-30,GBP,375534.23,6665.08,2598.02,10,37553.42,415685.67,Paid,Paid,2023-07-12,OCR Workflow,2023-06-30T00:00:00Z,EMP029,2023-07-07,Passed,,86.8,INV-00149.pdf,Ready for payment.
150,INVREC00150,INV-00150,PO-2024-0741,PO0741,VEND018,Summit Systems,2024-04-09,2024-04-09,EUR,55263.61,2543.18,2018.85,20,11052.72,68335.18,Rejected,Unpaid,None,OCR Workflow,2024-04-09T00:00:00Z,EMP040,2024-04-15,Passed,,94.6,INV-00150.pdf,Invoice under review.
151,INVREC00151,INV-00151,PO-2026-0343,PO0343,VEND056,PricewaterhouseCoopers LLP,2026-08-26,2026-09-25,EUR,333763,0,3053.36,0,0,336816.36,Paid,Paid,2026-09-10,Manual Entry,2026-08-26T00:00:00Z,EMP019,2026-08-29,Passed,,86.2,INV-00151.pdf,Three-way match completed.
152,INVREC00152,INV-00152,PO-2023-0638,PO0638,VEND022,Siemens AG,2023-05-23,2023-06-22,USD,27315.58,0,2207.74,0,0,29523.32,Paid,Paid,2023-06-07,Manual Entry,2023-05-23T00:00:00Z,EMP034,2023-05-24,Passed,,91,INV-00152.pdf,Payment pending approval.
153,INVREC00153,INV-00153,PO-2024-1347,PO1347,VEND002,Samira Hadid,2024-03-26,2024-04-25,INR,208827.88,2644.22,3030.97,20,41765.58,253624.43,Paid,Paid,2024-04-01,Manual Entry,2024-03-26T00:00:00Z,EMP040,2024-04-01,Passed,,99.6,INV-00153.pdf,Payment pending approval.
154,INVREC00154,INV-00154,PO-2023-0734,PO0734,VEND027,Honeywell International,2024-01-12,2024-02-11,SEK,484784.17,0,3745.67,18,87261.15,575790.99,Paid,Paid,2024-01-21,OCR Workflow,2024-01-12T00:00:00Z,EMP022,2024-01-13,Passed,,91.2,INV-00154.pdf,Invoice under review.
155,INVREC00155,INV-00155,PO-2025-0239,PO0239,VEND100,ZF Friedrichshafen AG,2025-03-02,2025-03-17,USD,58855.57,0,0,5,2942.78,61798.35,Paid,Paid,2025-03-17,OCR Workflow,2025-03-02T00:00:00Z,EMP007,2025-03-06,Passed,,86.5,INV-00155.pdf,Invoice under review.
156,INVREC00156,INV-00156,PO-2024-1181,PO1181,VEND022,Siemens AG,2024-12-16,2025-01-15,USD,330766.21,0,355.51,0,0,331121.72,Rejected,Unpaid,None,Manual Entry,2024-12-16T00:00:00Z,EMP019,2024-12-19,Passed,,95.6,INV-00156.pdf,Invoice under review.
157,INVREC00157,INV-00157,PO-2025-0792,PO0792,VEND011,Global Supplies Inc,2025-08-18,2025-09-17,SEK,252686.92,0,0,0,0,252686.92,Rejected,Unpaid,None,System Integration,2025-08-18T00:00:00Z,EMP023,2025-08-24,Passed,,86.6,INV-00157.pdf,Matched successfully against PO.
158,INVREC00158,INV-00158,PO-2026-0486,PO0486,VEND005,Microsoft Corporation,2026-03-05,2026-04-19,SEK,87955.86,0,2040.19,10,8795.59,98791.64,Paid,Paid,2026-03-08,Manual Entry,2026-03-05T00:00:00Z,EMP026,2026-03-10,Passed,,88.5,INV-00158.pdf,Three-way match completed.
159,INVREC00159,INV-00159,PO-2026-0476,PO0476,VEND065,Sodexo S.A.,2026-11-02,2027-01-01,INR,65601.8,0,0,18,11808.32,77410.12,Paid,Paid,2026-11-22,Manual Entry,2026-11-02T00:00:00Z,EMP014,2026-11-03,Passed,,93.6,INV-00159.pdf,Matched successfully against PO.
160,INVREC00160,INV-00160,PO-2024-0372,PO0372,VEND067,"CBRE Group, Inc.",2024-03-20,2024-04-04,EUR,116801.57,0,0,5,5840.08,122641.65,Rejected,Unpaid,None,System Integration,2024-03-20T00:00:00Z,EMP017,2024-03-22,Passed,,94.4,INV-00160.pdf,Three-way match completed.
161,INVREC00161,INV-00161,PO-2023-0936,PO0936,VEND025,ABB Ltd,2023-10-29,2023-11-28,GBP,382102.23,0,2479.48,0,0,384581.71,Paid,Paid,2023-11-11,Manual Entry,2023-10-29T00:00:00Z,EMP033,2023-11-04,Passed,,90.9,INV-00161.pdf,Three-way match completed.
162,INVREC00162,INV-00162,PO-2026-1297,PO1297,VEND005,Microsoft Corporation,2026-12-16,2026-12-31,SEK,269698.69,0,0,0,0,269698.69,Paid,Paid,2026-12-26,Manual Entry,2026-12-16T00:00:00Z,EMP012,2026-12-22,Passed,,87.3,INV-00162.pdf,Payment pending approval.
163,INVREC00163,INV-00163,PO-2025-1374,PO1374,VEND008,DHL Express,2025-06-07,2025-07-22,INR,440498.82,17205.75,0,0,0,440498.82,Paid,Paid,2025-06-08,System Integration,2025-06-07T00:00:00Z,EMP007,2025-06-13,Passed,,89.8,INV-00163.pdf,Three-way match completed.
164,INVREC00164,INV-00164,PO-2023-0758,PO0758,VEND020,Alpha Industries,2023-09-18,2023-11-17,SEK,201684.48,7384.71,744.75,0,0,202429.23,Pending,Unpaid,None,System Integration,2023-09-18T00:00:00Z,None,None,Pending Approval,,88.4,INV-00164.pdf,Payment pending approval.
165,INVREC00165,INV-00165,PO-2023-0023,PO0023,VEND057,Ernst & Young LLP,2024-01-05,2024-02-04,INR,374705.67,0,0,10,37470.57,412176.24,Paid,Paid,2024-01-11,OCR Workflow,2024-01-05T00:00:00Z,EMP023,2024-01-09,Passed,,91.1,INV-00165.pdf,Matched successfully against PO.
166,INVREC00166,INV-00166,PO-2024-1211,PO1211,VEND018,Summit Systems,2024-06-05,2024-07-05,EUR,130432.28,0,3632.76,10,13043.23,147108.27,Paid,Paid,2024-06-24,Manual Entry,2024-06-05T00:00:00Z,EMP032,2024-06-10,Passed,,89.5,INV-00166.pdf,Invoice under review.
167,INVREC00167,INV-00167,PO-2023-0196,PO0196,VEND018,Summit Systems,2023-03-05,2023-03-20,EUR,447800.87,0,3500.05,10,44780.09,496081.01,Pending,Unpaid,None,OCR Workflow,2023-03-05T00:00:00Z,None,None,Pending Approval,,85.7,INV-00167.pdf,Three-way match completed.
168,INVREC00168,INV-00168,PO-2023-0806,PO0806,VEND071,Waste Management Inc.,2023-12-30,2024-01-29,EUR,66813.41,0,1043.25,20,13362.68,81219.34,Paid,Paid,2024-01-13,System Integration,2023-12-30T00:00:00Z,EMP017,2024-01-06,Passed,,87.7,INV-00168.pdf,Three-way match completed.
169,INVREC00169,INV-00169,PO-2023-0725,PO0725,VEND056,PricewaterhouseCoopers LLP,2023-10-15,2023-11-14,EUR,22006.13,0,2357.35,5,1100.31,25463.79,Rejected,Unpaid,None,System Integration,2023-10-15T00:00:00Z,EMP032,2023-10-18,Passed,,91.9,INV-00169.pdf,Three-way match completed.
170,INVREC00170,INV-00170,PO-2024-0824,PO0824,VEND017,Pinnacle Partners,2024-06-06,2024-06-21,CHF,491409.45,0,4722.78,10,49140.94,545273.17,Paid,Paid,2024-06-13,System Integration,2024-06-06T00:00:00Z,EMP025,2024-06-13,Passed,,87.6,INV-00170.pdf,Matched successfully against PO.
171,INVREC00171,INV-00171,PO-2025-1391,PO1391,VEND054,"FTI Consulting, Inc.",2025-08-25,2025-09-24,USD,265358.46,0,0,18,47764.52,313122.98,Rejected,Unpaid,None,Manual Entry,2025-08-25T00:00:00Z,EMP024,2025-08-30,Passed,,90.9,INV-00171.pdf,Ready for payment.
172,INVREC00172,INV-00172,PO-2024-1104,PO1104,VEND001,ABCD & CO,2025-01-09,2025-02-08,SEK,430691.89,0,0,18,77524.54,508216.43,Paid,Paid,2025-01-28,Manual Entry,2025-01-09T00:00:00Z,EMP017,2025-01-14,Passed,,99.3,INV-00172.pdf,Invoice under review.
173,INVREC00173,INV-00173,PO-2026-1218,PO1218,VEND069,ADT Inc.,2026-11-23,2026-12-08,EUR,125092.29,3458.01,1306.29,0,0,126398.58,Paid,Paid,2026-12-08,System Integration,2026-11-23T00:00:00Z,EMP013,2026-11-28,Passed,,99.1,INV-00173.pdf,Matched successfully against PO.
174,INVREC00174,INV-00174,PO-2025-0908,PO0908,VEND085,Fastenal Company,2025-05-08,2025-06-07,SEK,201267.55,9630.08,0,18,36228.16,237495.71,Paid,Paid,2025-05-19,OCR Workflow,2025-05-08T00:00:00Z,EMP017,2025-05-13,Passed,,89.2,INV-00174.pdf,Invoice under review.
175,INVREC00175,INV-00175,PO-2026-1336,PO1336,VEND094,Timken Company,2026-11-25,2026-12-25,SEK,287697.74,0,0,5,14384.89,302082.63,Rejected,Unpaid,None,System Integration,2026-11-25T00:00:00Z,EMP022,2026-11-29,Passed,,94,INV-00175.pdf,Payment pending approval.
176,INVREC00176,INV-00176,PO-2023-0720,PO0720,VEND050,Festo AG & Co. KG,2023-04-28,2023-06-12,INR,303900.79,0,1582.4,20,60780.16,366263.35,Rejected,Unpaid,None,System Integration,2023-04-28T00:00:00Z,None,None,Rejected,Invoice amount mismatch,94.8,INV-00176.pdf,Three-way match completed.
177,INVREC00177,INV-00177,PO-2025-0184,PO0184,VEND059,McKinsey & Company,2025-02-27,2025-04-28,CHF,175517.24,0,0,0,0,175517.24,Paid,Paid,2025-03-13,System Integration,2025-02-27T00:00:00Z,EMP003,2025-03-06,Passed,,86.8,INV-00177.pdf,Ready for payment.
178,INVREC00178,INV-00178,PO-2026-1022,PO1022,VEND026,General Electric,2026-08-08,2026-09-07,SEK,15694.94,326.74,34.02,20,3138.99,18867.95,Paid,Paid,2026-08-22,OCR Workflow,2026-08-08T00:00:00Z,EMP030,2026-08-14,Passed,,88.4,INV-00178.pdf,Invoice under review.
179,INVREC00179,INV-00179,PO-2023-0472,PO0472,VEND040,SAP SE,2023-08-19,2023-09-18,INR,234670.65,0,4966.12,0,0,239636.77,Paid,Paid,2023-09-06,OCR Workflow,2023-08-19T00:00:00Z,EMP040,2023-08-26,Passed,,89.6,INV-00179.pdf,Payment pending approval.
180,INVREC00180,INV-00180,PO-2025-1030,PO1030,VEND053,S&P Global Inc.,2025-04-08,2025-05-08,SEK,260358.67,0,126.54,20,52071.73,312556.94,Paid,Paid,2025-04-27,System Integration,2025-04-08T00:00:00Z,EMP035,2025-04-11,Passed,,93.9,INV-00180.pdf,Matched successfully against PO.
181,INVREC00181,INV-00181,PO-2025-0801,PO0801,VEND055,Deloitte & Touche LLP,2025-02-16,2025-04-17,EUR,189109.26,0,646.12,18,34039.67,223795.05,Paid,Paid,2025-03-01,OCR Workflow,2025-02-16T00:00:00Z,EMP036,2025-02-17,Passed,,86.9,INV-00181.pdf,Matched successfully against PO.
182,INVREC00182,INV-00182,PO-2025-1204,PO1204,VEND025,ABB Ltd,2025-07-05,2025-08-04,GBP,100392.34,0,3456.83,10,10039.23,113888.4,Paid,Paid,2025-07-24,Manual Entry,2025-07-05T00:00:00Z,EMP035,2025-07-08,Passed,,94.2,INV-00182.pdf,Invoice under review.
183,INVREC00183,INV-00183,PO-2024-0267,PO0267,VEND071,Waste Management Inc.,2024-04-29,2024-04-29,EUR,434394.98,8355.35,0,20,86879,521273.98,Paid,Paid,2024-04-29,System Integration,2024-04-29T00:00:00Z,EMP033,2024-05-01,Passed,,99.4,INV-00183.pdf,Three-way match completed.
184,INVREC00184,INV-00184,PO-2024-1036,PO1036,VEND042,"VMware, Inc.",2024-08-21,2024-09-05,SEK,330780.15,0,534.2,0,0,331314.35,Paid,Paid,2024-09-01,Manual Entry,2024-08-21T00:00:00Z,EMP036,2024-08-26,Passed,,91.2,INV-00184.pdf,Ready for payment.
185,INVREC00185,INV-00185,PO-2024-0759,PO0759,VEND007,Staples Inc.,2024-08-23,2024-10-07,EUR,357103.98,0,4761.25,10,35710.4,397575.63,Paid,Paid,2024-08-28,System Integration,2024-08-23T00:00:00Z,EMP007,2024-08-30,Passed,,97.4,INV-00185.pdf,Matched successfully against PO.
186,INVREC00186,INV-00186,PO-2023-0410,PO0410,VEND082,Grainger Inc.,2023-05-31,2023-06-30,GBP,235902.08,0,0,20,47180.42,283082.5,Paid,Paid,2023-06-03,Manual Entry,2023-05-31T00:00:00Z,EMP017,2023-06-07,Passed,,93.9,INV-00186.pdf,Payment pending approval.
187,INVREC00187,INV-00187,PO-2023-1156,PO1156,VEND060,Boston Consulting Group,2023-11-02,2023-12-02,SEK,472382.29,0,0,18,85028.81,557411.1,Paid,Paid,2023-11-14,System Integration,2023-11-02T00:00:00Z,EMP011,2023-11-03,Passed,,85.8,INV-00187.pdf,Matched successfully against PO.
188,INVREC00188,INV-00188,PO-2023-0641,PO0641,VEND008,DHL Express,2023-08-13,2023-08-28,INR,472282.41,0,4400.64,0,0,476683.05,Paid,Paid,2023-08-23,Manual Entry,2023-08-13T00:00:00Z,EMP023,2023-08-14,Passed,,87.7,INV-00188.pdf,Three-way match completed.
189,INVREC00189,INV-00189,PO-2024-0009,PO0009,VEND038,Penske Logistics,2024-03-19,2024-03-19,SEK,254292.48,0,4332.89,0,0,258625.37,Rejected,Unpaid,None,Manual Entry,2024-03-19T00:00:00Z,None,None,Rejected,Missing PO reference,91.9,INV-00189.pdf,Matched successfully against PO.
190,INVREC00190,INV-00190,PO-2023-1335,PO1335,VEND002,Samira Hadid,2023-06-09,2023-06-09,INR,372739.09,0,0,10,37273.91,410013,Paid,Paid,2023-06-09,System Integration,2023-06-09T00:00:00Z,EMP037,2023-06-10,Passed,,90.3,INV-00190.pdf,Three-way match completed.
191,INVREC00191,INV-00191,PO-2026-0365,PO0365,VEND083,MSC Industrial Direct,2026-03-21,2026-04-20,SEK,73564.03,0,3513.15,5,3678.2,80755.38,Rejected,Unpaid,None,OCR Workflow,2026-03-21T00:00:00Z,EMP006,2026-03-27,Passed,,96.4,INV-00191.pdf,Three-way match completed.
192,INVREC00192,INV-00192,PO-2023-1403,PO1403,VEND051,Thomson Reuters,2023-08-21,2023-08-21,USD,458895.34,0,4816.11,10,45889.53,509600.98,Rejected,Unpaid,None,Manual Entry,2023-08-21T00:00:00Z,EMP035,2023-08-27,Passed,,92.7,INV-00192.pdf,Payment pending approval.
193,INVREC00193,INV-00193,PO-2025-1208,PO1208,VEND046,Lenovo Group Limited,2025-03-20,2025-05-04,INR,329861.33,0,1594.23,10,32986.13,364441.69,Paid,Paid,2025-03-24,Manual Entry,2025-03-20T00:00:00Z,EMP008,2025-03-24,Passed,,94.8,INV-00193.pdf,Matched successfully against PO.
194,INVREC00194,INV-00194,PO-2025-0696,PO0696,VEND068,Securitas AB,2025-09-26,2025-10-26,EUR,417186.71,11782.57,4014.85,18,75093.61,496295.17,Pending,Unpaid,None,OCR Workflow,2025-09-26T00:00:00Z,None,None,Pending Approval,,87.5,INV-00194.pdf,Invoice under review.
195,INVREC00195,INV-00195,PO-2026-1452,PO1452,VEND091,Ingersoll Rand,2026-12-03,2027-01-02,GBP,274520.83,0,843.18,0,0,275364.01,Paid,Paid,2026-12-05,Manual Entry,2026-12-03T00:00:00Z,EMP009,2026-12-09,Passed,,85.5,INV-00195.pdf,Three-way match completed.
196,INVREC00196,INV-00196,PO-2025-0104,PO0104,VEND088,Makita Corporation,2025-03-15,2025-04-14,CHF,10663.95,0,0,10,1066.39,11730.34,Paid,Paid,2025-03-24,System Integration,2025-03-15T00:00:00Z,EMP029,2025-03-17,Passed,,98.6,INV-00196.pdf,Matched successfully against PO.
197,INVREC00197,INV-00197,PO-2026-1022,PO1022,VEND026,General Electric,2026-07-29,2026-08-28,SEK,15694.94,333.75,34.02,20,3138.99,18867.95,Paid,Paid,2026-08-13,Manual Entry,2026-07-29T00:00:00Z,EMP034,2026-08-02,Passed,,91.6,INV-00197.pdf,Ready for payment.
198,INVREC00198,INV-00198,PO-2024-1153,PO1153,VEND094,Timken Company,2024-04-19,2024-04-19,SEK,92060.07,0,2184.72,20,18412.01,112656.8,Rejected,Unpaid,None,Manual Entry,2024-04-19T00:00:00Z,EMP027,2024-04-22,Passed,,87.2,INV-00198.pdf,Payment pending approval.
199,INVREC00199,INV-00199,PO-2026-1162,PO1162,VEND006,Amazon Business,2026-10-28,2026-12-27,SEK,329479.11,0,1722.99,20,65895.82,397097.92,Paid,Paid,2026-11-08,System Integration,2026-10-28T00:00:00Z,EMP004,2026-11-01,Passed,,98.1,INV-00199.pdf,Invoice under review.
200,INVREC00200,INV-00200,PO-2025-0715,PO0715,VEND046,Lenovo Group Limited,2025-11-02,2025-12-02,INR,469515.09,0,2057.76,18,84512.72,556085.57,Paid,Paid,2025-11-15,Manual Entry,2025-11-02T00:00:00Z,EMP006,2025-11-06,Passed,,85.6,INV-00200.pdf,Three-way match completed.
201,INVREC00201,INV-00201,PO-2023-1010,PO1010,VEND001,ABCD & CO,2023-03-14,2023-04-13,SEK,176803.59,0,0,5,8840.18,185643.77,Rejected,Unpaid,None,Manual Entry,2023-03-14T00:00:00Z,EMP006,2023-03-16,Passed,,92.5,INV-00201.pdf,Ready for payment.
202,INVREC00202,INV-00202,PO-2025-0068,PO0068,VEND100,ZF Friedrichshafen AG,2025-07-09,2025-07-24,USD,16902.08,0,2452.27,20,3380.42,22734.77,Paid,Paid,2025-07-17,OCR Workflow,2025-07-09T00:00:00Z,EMP021,2025-07-11,Passed,,85.5,INV-00202.pdf,Matched successfully against PO.
203,INVREC00203,INV-00203,PO-2024-1340,PO1340,VEND026,General Electric,2024-10-10,2024-10-25,SEK,121539.89,0,230.92,20,24307.98,146078.79,Paid,Paid,2024-10-12,OCR Workflow,2024-10-10T00:00:00Z,EMP032,2024-10-11,Passed,,99.4,INV-00203.pdf,Three-way match completed.
204,INVREC00204,INV-00204,PO-2025-1422,PO1422,VEND041,Salesforce.com Inc.,2025-02-16,2025-03-03,GBP,42512,0,1141.78,10,4251.2,47904.98,Paid,Paid,2025-02-20,OCR Workflow,2025-02-16T00:00:00Z,EMP024,2025-02-20,Passed,,92.7,INV-00204.pdf,Invoice under review.
205,INVREC00205,INV-00205,PO-2024-1262,PO1262,VEND066,Jones Lang LaSalle,2024-12-01,2025-01-30,CHF,223123.12,9453.9,0,5,11156.16,234279.28,Paid,Paid,2024-12-13,Manual Entry,2024-12-01T00:00:00Z,EMP036,2024-12-05,Passed,,88,INV-00205.pdf,Matched successfully against PO.
206,INVREC00206,INV-00206,PO-2023-0151,PO0151,VEND068,Securitas AB,2023-07-02,2023-07-02,EUR,237422.67,0,2440.82,20,47484.53,287348.02,Paid,Paid,2023-07-02,Manual Entry,2023-07-02T00:00:00Z,EMP017,2023-07-05,Passed,,98.9,INV-00206.pdf,Invoice under review.
207,INVREC00207,INV-00207,PO-2026-0817,PO0817,VEND047,Apple Inc.,2026-03-01,2026-04-15,GBP,216391.57,6929.46,2848.5,20,43278.31,262518.38,Paid,Paid,2026-03-13,Manual Entry,2026-03-01T00:00:00Z,EMP007,2026-03-08,Passed,,99.8,INV-00207.pdf,Three-way match completed.
208,INVREC00208,INV-00208,PO-2025-0376,PO0376,VEND072,Republic Services,2025-05-19,2025-06-18,SEK,33577.71,0,2384.02,18,6043.99,42005.72,Paid,Paid,2025-05-30,Manual Entry,2025-05-19T00:00:00Z,EMP017,2025-05-25,Passed,,86.6,INV-00208.pdf,Invoice under review.
209,INVREC00209,INV-00209,PO-2026-1280,PO1280,VEND043,Cisco Systems Inc.,2026-05-04,2026-06-03,GBP,499068.25,0,520.56,18,89832.29,589421.1,Paid,Paid,2026-05-08,Manual Entry,2026-05-04T00:00:00Z,EMP016,2026-05-11,Passed,,99.4,INV-00209.pdf,Three-way match completed.
210,INVREC00210,INV-00210,PO-2025-0588,PO0588,VEND003,IMPORTING COMPANY,2025-08-11,2025-08-26,GBP,164341.63,3167.79,3063.13,10,16434.16,183838.92,Paid,Paid,2025-08-13,System Integration,2025-08-11T00:00:00Z,EMP036,2025-08-14,Passed,,89.4,INV-00210.pdf,Invoice under review.
211,INVREC00211,INV-00211,PO-2026-0757,PO0757,VEND028,Emerson Electric Co.,2026-07-14,2026-08-13,INR,378602.31,7145.42,4979.6,20,75720.46,459302.37,Paid,Paid,2026-07-16,OCR Workflow,2026-07-14T00:00:00Z,EMP019,2026-07-21,Passed,,96.5,INV-00211.pdf,Three-way match completed.
212,INVREC00212,INV-00212,PO-2024-0748,PO0748,VEND014,Modern Office Co,2024-10-15,2024-11-14,USD,345918.03,0,3518.75,5,17295.9,366732.68,Pending,Unpaid,None,Manual Entry,2024-10-15T00:00:00Z,None,None,Pending Approval,,87.7,INV-00212.pdf,Payment pending approval.
213,INVREC00213,INV-00213,PO-2024-0726,PO0726,VEND031,FedEx Corporation,2024-03-26,2024-05-25,SEK,30890.54,557.18,0,10,3089.05,33979.59,Pending,Unpaid,None,Manual Entry,2024-03-26T00:00:00Z,None,None,Pending Approval,,95,INV-00213.pdf,Three-way match completed.
214,INVREC00214,INV-00214,PO-2024-1150,PO1150,VEND090,Snap-on Incorporated,2024-11-13,2024-12-13,GBP,325603.6,0,0,10,32560.36,358163.96,Rejected,Unpaid,None,Manual Entry,2024-11-13T00:00:00Z,EMP004,2024-11-17,Passed,,89.1,INV-00214.pdf,Invoice under review.
215,INVREC00215,INV-00215,PO-2025-1223,PO1223,VEND070,Tyco International,2025-09-20,2025-10-05,GBP,251578.26,0,507.44,0,0,252085.7,Paid,Paid,2025-09-27,Manual Entry,2025-09-20T00:00:00Z,EMP034,2025-09-21,Passed,,94.5,INV-00215.pdf,Invoice under review.
216,INVREC00216,INV-00216,PO-2026-1066,PO1066,VEND096,Gates Corporation,2026-10-30,2026-12-29,EUR,492278.72,0,0,20,98455.74,590734.46,Paid,Paid,2026-11-12,Manual Entry,2026-10-30T00:00:00Z,EMP027,2026-11-03,Passed,,98.7,INV-00216.pdf,Matched successfully against PO.
217,INVREC00217,INV-00217,PO-2026-1420,PO1420,VEND097,Goodyear Tire & Rubber,2026-11-24,2026-12-24,GBP,168750.84,0,0,10,16875.08,185625.92,Pending,Unpaid,None,Manual Entry,2026-11-24T00:00:00Z,None,None,Pending Approval,,94.4,INV-00217.pdf,Invoice under review.
218,INVREC00218,INV-00218,PO-2024-0931,PO0931,VEND025,ABB Ltd,2024-12-16,2024-12-31,GBP,296589.77,0,0,18,53386.16,349975.93,Paid,Paid,2024-12-30,OCR Workflow,2024-12-16T00:00:00Z,EMP030,2024-12-19,Passed,,85.7,INV-00218.pdf,Three-way match completed.
219,INVREC00219,INV-00219,PO-2024-0632,PO0632,VEND040,SAP SE,2024-06-28,2024-08-27,INR,215945.51,4135.76,3851.85,10,21594.55,241391.91,Paid,Paid,2024-07-03,Manual Entry,2024-06-28T00:00:00Z,EMP018,2024-07-05,Passed,,88.2,INV-00219.pdf,Invoice under review.
220,INVREC00220,INV-00220,PO-2025-0510,PO0510,VEND090,Snap-on Incorporated,2025-10-12,2025-12-11,GBP,378803.39,0,0,20,75760.68,454564.07,Paid,Paid,2025-10-24,OCR Workflow,2025-10-12T00:00:00Z,EMP001,2025-10-15,Passed,,99.8,INV-00220.pdf,Ready for payment.
221,INVREC00221,INV-00221,PO-2026-1441,PO1441,VEND065,Sodexo S.A.,2026-08-24,2026-08-24,INR,150269.93,0,1018.89,0,0,151288.82,Paid,Paid,2026-08-24,System Integration,2026-08-24T00:00:00Z,EMP031,2026-08-27,Passed,,97.8,INV-00221.pdf,Payment pending approval.
222,INVREC00222,INV-00222,PO-2024-0561,PO0561,VEND012,Elite Services,2024-05-16,2024-06-30,SEK,79744.63,2482.64,0,18,14354.03,94098.66,Paid,Paid,2024-05-30,OCR Workflow,2024-05-16T00:00:00Z,EMP008,2024-05-19,Passed,,97.5,INV-00222.pdf,Three-way match completed.
223,INVREC00223,INV-00223,PO-2024-1459,PO1459,VEND043,Cisco Systems Inc.,2024-07-25,2024-07-25,GBP,101867.52,0,3193.04,10,10186.75,115247.31,Rejected,Unpaid,None,OCR Workflow,2024-07-25T00:00:00Z,EMP015,2024-07-29,Passed,,98.4,INV-00223.pdf,Invoice under review.
224,INVREC00224,INV-00224,PO-2024-0260,PO0260,VEND093,Regal Beloit Corporation,2024-06-08,2024-06-23,CHF,448532.62,0,0,5,22426.63,470959.25,Paid,Paid,2024-06-20,OCR Workflow,2024-06-08T00:00:00Z,EMP013,2024-06-10,Passed,,97,INV-00224.pdf,Payment pending approval.
225,INVREC00225,INV-00225,PO-2023-1271,PO1271,VEND085,Fastenal Company,2024-01-19,2024-02-03,SEK,239559.48,0,0,0,0,239559.48,Paid,Paid,2024-02-01,System Integration,2024-01-19T00:00:00Z,EMP006,2024-01-22,Passed,,87.5,INV-00225.pdf,Matched successfully against PO.
226,INVREC00226,INV-00226,PO-2026-1453,PO1453,VEND035,Expeditors International,2026-05-01,2026-06-15,GBP,496228.64,10836.28,0,5,24811.43,521040.07,Paid,Paid,2026-05-13,Manual Entry,2026-05-01T00:00:00Z,EMP037,2026-05-03,Passed,,96.3,INV-00226.pdf,Ready for payment.
227,INVREC00227,INV-00227,PO-2023-0789,PO0789,VEND087,Hilti Corporation,2023-08-01,2023-09-15,CHF,149662.1,0,0,5,7483.1,157145.2,Rejected,Unpaid,None,OCR Workflow,2023-08-01T00:00:00Z,EMP027,2023-08-07,Passed,,93.8,INV-00227.pdf,Payment pending approval.
228,INVREC00228,INV-00228,PO-2025-0963,PO0963,VEND024,Schneider Electric,2025-06-11,2025-08-10,USD,272911.74,0,0,18,49124.11,322035.85,Paid,Paid,2025-06-18,Manual Entry,2025-06-11T00:00:00Z,EMP014,2025-06-17,Passed,,90,INV-00228.pdf,Three-way match completed.
229,INVREC00229,INV-00229,PO-2026-0938,PO0938,VEND093,Regal Beloit Corporation,2026-06-30,2026-07-30,CHF,181058.42,4116.68,0,10,18105.84,199164.26,Paid,Paid,2026-07-10,OCR Workflow,2026-06-30T00:00:00Z,EMP020,2026-07-06,Passed,,92.7,INV-00229.pdf,Matched successfully against PO.
230,INVREC00230,INV-00230,PO-2026-1040,PO1040,VEND072,Republic Services,2026-12-29,2027-01-13,SEK,63833.88,0,3537.33,0,0,67371.21,Paid,Paid,2027-01-07,System Integration,2026-12-29T00:00:00Z,EMP027,2027-01-04,Passed,,88.6,INV-00230.pdf,Ready for payment.
231,INVREC00231,INV-00231,PO-2025-1493,PO1493,VEND011,Global Supplies Inc,2025-07-18,2025-08-17,SEK,420384.43,0,1685.27,18,75669.2,497738.9,Paid,Paid,2025-07-23,OCR Workflow,2025-07-18T00:00:00Z,EMP003,2025-07-19,Passed,,94,INV-00231.pdf,Invoice under review.
232,INVREC00232,INV-00232,PO-2023-0046,PO0046,VEND026,General Electric,2023-10-24,2023-11-23,SEK,115035.44,0,3292.05,10,11503.54,129831.03,Paid,Paid,2023-11-09,OCR Workflow,2023-10-24T00:00:00Z,EMP021,2023-10-28,Passed,,97.5,INV-00232.pdf,Payment pending approval.
233,INVREC00233,INV-00233,PO-2026-1091,PO1091,VEND012,Elite Services,2026-11-26,2027-01-25,SEK,345984.03,0,3467.81,5,17299.2,366751.04,Paid,Paid,2026-11-29,System Integration,2026-11-26T00:00:00Z,EMP026,2026-12-01,Passed,,85.7,INV-00233.pdf,Invoice under review.
234,INVREC00234,INV-00234,PO-2024-0443,PO0443,VEND081,Kimberly-Clark Professional,2024-10-01,2024-11-15,SEK,161193.73,4780.29,0,18,29014.87,190208.6,Paid,Paid,2024-10-18,System Integration,2024-10-01T00:00:00Z,EMP027,2024-10-03,Passed,,95.6,INV-00234.pdf,Matched successfully against PO.
235,INVREC00235,INV-00235,PO-2026-0343,PO0343,VEND056,PricewaterhouseCoopers LLP,2026-09-11,2026-10-11,EUR,333763,0,3053.36,0,0,336816.36,Paid,Paid,2026-09-20,Manual Entry,2026-09-11T00:00:00Z,EMP034,2026-09-18,Passed,,91.2,INV-00235.pdf,Matched successfully against PO.
236,INVREC00236,INV-00236,PO-2025-0949,PO0949,VEND080,Ecolab Inc.,2025-06-17,2025-06-17,INR,243353.86,0,0,10,24335.39,267689.25,Paid,Paid,2025-06-17,OCR Workflow,2025-06-17T00:00:00Z,EMP002,2025-06-21,Passed,,88.7,INV-00236.pdf,Matched successfully against PO.
237,INVREC00237,INV-00237,PO-2024-0504,PO0504,VEND091,Ingersoll Rand,2024-12-21,2024-12-21,GBP,67298.41,2384.18,3779.53,20,13459.68,84537.62,Pending,Unpaid,None,Manual Entry,2024-12-21T00:00:00Z,None,None,Pending Approval,,85,INV-00237.pdf,Payment pending approval.
238,INVREC00238,INV-00238,PO-2023-0098,PO0098,VEND030,Bosch Rexroth AG,2023-09-20,2023-10-20,CHF,335391.51,0,0,20,67078.3,402469.81,Paid,Paid,2023-10-03,System Integration,2023-09-20T00:00:00Z,EMP014,2023-09-22,Passed,,86.7,INV-00238.pdf,Payment pending approval.
239,INVREC00239,INV-00239,PO-2023-1429,PO1429,VEND046,Lenovo Group Limited,2023-07-03,2023-08-02,INR,155959.82,0,4417.7,18,28072.77,188450.29,Rejected,Unpaid,None,Manual Entry,2023-07-03T00:00:00Z,EMP037,2023-07-06,Passed,,93.8,INV-00239.pdf,Three-way match completed.
240,INVREC00240,INV-00240,PO-2025-1373,PO1373,VEND029,Rockwell Automation,2025-12-22,2025-12-22,USD,335681.32,12138.83,0,0,0,335681.32,Paid,Paid,2025-12-22,OCR Workflow,2025-12-22T00:00:00Z,EMP009,2025-12-28,Passed,,87.6,INV-00240.pdf,Ready for payment.
241,INVREC00241,INV-00241,PO-2023-1495,PO1495,VEND070,Tyco International,2023-10-01,2023-10-16,GBP,273621.88,0,0,20,54724.38,328346.26,Paid,Paid,2023-10-13,System Integration,2023-10-01T00:00:00Z,EMP008,2023-10-08,Passed,,95.2,INV-00241.pdf,Ready for payment.
242,INVREC00242,INV-00242,PO-2023-1334,PO1334,VEND056,PricewaterhouseCoopers LLP,2023-06-29,2023-08-28,EUR,468662.02,0,0,5,23433.1,492095.12,Paid,Paid,2023-07-18,OCR Workflow,2023-06-29T00:00:00Z,EMP022,2023-07-03,Passed,,87.8,INV-00242.pdf,Three-way match completed.
243,INVREC00243,INV-00243,PO-2025-1356,PO1356,VEND087,Hilti Corporation,2025-02-25,2025-03-27,CHF,432938.6,0,2458.3,10,43293.86,478690.76,Paid,Paid,2025-03-07,Manual Entry,2025-02-25T00:00:00Z,EMP038,2025-02-28,Passed,,86.4,INV-00243.pdf,Matched successfully against PO.
244,INVREC00244,INV-00244,PO-2026-0863,PO0863,VEND005,Microsoft Corporation,2026-01-20,2026-03-06,SEK,76565.27,0,313.8,18,13781.75,90660.82,Paid,Paid,2026-02-07,System Integration,2026-01-20T00:00:00Z,EMP007,2026-01-21,Passed,,86.4,INV-00244.pdf,Invoice under review.
245,INVREC00245,INV-00245,PO-2025-1435,PO1435,VEND053,S&P Global Inc.,2025-12-05,2026-01-04,SEK,42536.79,1980.83,0,0,0,42536.79,Paid,Paid,2025-12-09,OCR Workflow,2025-12-05T00:00:00Z,EMP009,2025-12-07,Passed,,87,INV-00245.pdf,Payment pending approval.
246,INVREC00246,INV-00246,PO-2026-0491,PO0491,VEND086,W.W. Grainger International,2026-04-12,2026-05-27,EUR,313342.98,0,2950.55,20,62668.6,378962.13,Paid,Paid,2026-04-13,Manual Entry,2026-04-12T00:00:00Z,EMP029,2026-04-16,Passed,,91.4,INV-00246.pdf,Matched successfully against PO.
247,INVREC00247,INV-00247,PO-2025-0282,PO0282,VEND062,Accenture PLC,2025-01-21,2025-02-20,USD,396270.7,0,0,10,39627.07,435897.77,Paid,Paid,2025-01-26,System Integration,2025-01-21T00:00:00Z,EMP020,2025-01-28,Passed,,91.6,INV-00247.pdf,Matched successfully against PO.
248,INVREC00248,INV-00248,PO-2025-1350,PO1350,VEND020,Alpha Industries,2025-12-05,2026-01-04,SEK,434612.59,0,0,20,86922.52,521535.11,Paid,Paid,2025-12-21,System Integration,2025-12-05T00:00:00Z,EMP001,2025-12-10,Passed,,89.9,INV-00248.pdf,Ready for payment.
249,INVREC00249,INV-00249,PO-2024-1090,PO1090,VEND072,Republic Services,2024-02-05,2024-03-06,SEK,64896.09,0,0,20,12979.22,77875.31,Paid,Paid,2024-02-22,System Integration,2024-02-05T00:00:00Z,EMP008,2024-02-11,Passed,,93.6,INV-00249.pdf,Payment pending approval.
250,INVREC00250,INV-00250,PO-2024-1348,PO1348,VEND048,Cummins Inc.,2024-02-26,2024-03-27,EUR,165526.52,0,2589.79,0,0,168116.31,Paid,Paid,2024-02-27,Manual Entry,2024-02-26T00:00:00Z,EMP002,2024-03-02,Passed,,85.2,INV-00250.pdf,Payment pending approval.
251,INVREC00251,INV-00251,PO-2024-1038,PO1038,VEND059,McKinsey & Company,2024-08-11,2024-08-11,CHF,37790.61,0,1238.86,0,0,39029.47,Paid,Paid,2024-08-11,Manual Entry,2024-08-11T00:00:00Z,EMP008,2024-08-15,Passed,,86,INV-00251.pdf,Payment pending approval.
252,INVREC00252,INV-00252,PO-2024-0262,PO0262,VEND057,Ernst & Young LLP,2024-03-29,2024-04-28,INR,225247.99,0,0,20,45049.6,270297.59,Paid,Paid,2024-04-14,System Integration,2024-03-29T00:00:00Z,EMP011,2024-03-30,Passed,,88.9,INV-00252.pdf,Invoice under review.
253,INVREC00253,INV-00253,PO-2024-1120,PO1120,VEND030,Bosch Rexroth AG,2024-04-05,2024-04-20,CHF,326644.15,8447.6,4202.18,18,58795.95,389642.28,Paid,Paid,2024-04-10,System Integration,2024-04-05T00:00:00Z,EMP017,2024-04-10,Passed,,91,INV-00253.pdf,Invoice under review.
254,INVREC00254,INV-00254,PO-2026-1053,PO1053,VEND042,"VMware, Inc.",2026-04-07,2026-04-22,SEK,359195.11,0,1773.36,20,71839.02,432807.49,Paid,Paid,2026-04-19,Manual Entry,2026-04-07T00:00:00Z,EMP010,2026-04-09,Passed,,98.3,INV-00254.pdf,Invoice under review.
255,INVREC00255,INV-00255,PO-2023-1395,PO1395,VEND062,Accenture PLC,2023-05-22,2023-07-21,USD,60671.57,1760.31,0,0,0,60671.57,Paid,Paid,2023-06-02,Manual Entry,2023-05-22T00:00:00Z,EMP029,2023-05-23,Passed,,96.6,INV-00255.pdf,Payment pending approval.
256,INVREC00256,INV-00256,PO-2025-1286,PO1286,VEND072,Republic Services,2025-08-16,2025-09-30,SEK,276165.56,2988.94,0,5,13808.28,289973.84,Paid,Paid,2025-08-28,Manual Entry,2025-08-16T00:00:00Z,EMP026,2025-08-17,Passed,,88.3,INV-00256.pdf,Payment pending approval.
257,INVREC00257,INV-00257,PO-2025-0264,PO0264,VEND008,DHL Express,2025-12-07,2026-02-05,INR,442535.07,19505.12,2706.1,0,0,445241.17,Paid,Paid,2025-12-27,Manual Entry,2025-12-07T00:00:00Z,EMP029,2025-12-12,Passed,,94.2,INV-00257.pdf,Matched successfully against PO.
258,INVREC00258,INV-00258,PO-2023-0195,PO0195,VEND044,IBM Corporation,2023-12-13,2024-01-12,SEK,93226.02,3272.92,0,18,16780.68,110006.7,Paid,Paid,2023-12-26,System Integration,2023-12-13T00:00:00Z,EMP012,2023-12-20,Passed,,97.3,INV-00258.pdf,Matched successfully against PO.
259,INVREC00259,INV-00259,PO-2026-0860,PO0860,VEND093,Regal Beloit Corporation,2026-10-14,2026-11-28,CHF,113600.73,0,3868.07,20,22720.15,140188.95,Paid,Paid,2026-10-26,Manual Entry,2026-10-14T00:00:00Z,EMP022,2026-10-19,Passed,,97.5,INV-00259.pdf,Payment pending approval.
260,INVREC00260,INV-00260,PO-2026-0671,PO0671,VEND027,Honeywell International,2026-08-30,2026-09-29,SEK,21627.61,0,1655.87,10,2162.76,25446.24,Rejected,Unpaid,None,OCR Workflow,2026-08-30T00:00:00Z,EMP028,2026-09-02,Passed,,98.6,INV-00260.pdf,Invoice under review.
261,INVREC00261,INV-00261,PO-2024-0374,PO0374,VEND024,Schneider Electric,2024-06-12,2024-07-12,USD,67586.9,0,0,10,6758.69,74345.59,Paid,Paid,2024-06-29,Manual Entry,2024-06-12T00:00:00Z,EMP001,2024-06-19,Passed,,98.3,INV-00261.pdf,Ready for payment.
262,INVREC00262,INV-00262,PO-2023-0966,PO0966,VEND015,Best Buy Corp,2023-06-30,2023-07-30,INR,464660.74,12069.76,729.39,5,23233.04,488623.17,Paid,Paid,2023-07-16,Manual Entry,2023-06-30T00:00:00Z,EMP013,2023-07-07,Passed,,90.7,INV-00262.pdf,Matched successfully against PO.
263,INVREC00263,INV-00263,PO-2023-0672,PO0672,VEND044,IBM Corporation,2023-04-14,2023-04-14,SEK,479444.2,6949.65,2644.6,20,95888.84,577977.64,Paid,Paid,2023-04-14,System Integration,2023-04-14T00:00:00Z,EMP037,2023-04-19,Passed,,95.9,INV-00263.pdf,Payment pending approval.
264,INVREC00264,INV-00264,PO-2025-0637,PO0637,VEND008,DHL Express,2025-10-31,2025-10-31,INR,433363,0,0,5,21668.15,455031.15,Paid,Paid,2025-10-31,Manual Entry,2025-10-31T00:00:00Z,EMP012,2025-11-05,Passed,,90.9,INV-00264.pdf,Three-way match completed.
265,INVREC00265,INV-00265,PO-2023-0940,PO0940,VEND033,Maersk Line,2023-10-28,2023-11-27,SEK,297493.2,0,3353.9,0,0,300847.1,Paid,Paid,2023-11-03,System Integration,2023-10-28T00:00:00Z,EMP033,2023-11-02,Passed,,96.7,INV-00265.pdf,Ready for payment.
266,INVREC00266,INV-00266,PO-2024-0428,PO0428,VEND051,Thomson Reuters,2024-08-19,2024-10-03,USD,68015.16,0,0,18,12242.73,80257.89,Paid,Paid,2024-08-26,System Integration,2024-08-19T00:00:00Z,EMP001,2024-08-22,Passed,,86.6,INV-00266.pdf,Ready for payment.
267,INVREC00267,INV-00267,PO-2026-1091,PO1091,VEND012,Elite Services,2026-11-23,2027-01-22,SEK,345984.03,0,3467.81,5,17299.2,366751.04,Rejected,Unpaid,None,System Integration,2026-11-23T00:00:00Z,None,None,Rejected,Missing PO reference,97.8,INV-00267.pdf,Three-way match completed.
268,INVREC00268,INV-00268,PO-2023-1195,PO1195,VEND034,C.H. Robinson Worldwide,2024-01-03,2024-02-02,SEK,322419.31,0,2254.98,20,64483.86,389158.15,Paid,Paid,2024-01-15,System Integration,2024-01-03T00:00:00Z,EMP020,2024-01-09,Passed,,88.4,INV-00268.pdf,Matched successfully against PO.
269,INVREC00269,INV-00269,PO-2023-0113,PO0113,VEND018,Summit Systems,2023-07-05,2023-07-20,EUR,420694.08,0,1307.6,0,0,422001.68,Paid,Paid,2023-07-12,Manual Entry,2023-07-05T00:00:00Z,EMP007,2023-07-12,Passed,,96.2,INV-00269.pdf,Three-way match completed.
270,INVREC00270,INV-00270,PO-2026-1361,PO1361,VEND068,Securitas AB,2026-10-17,2026-11-16,EUR,91435.28,1305.77,0,20,18287.06,109722.34,Pending,Unpaid,None,Manual Entry,2026-10-17T00:00:00Z,None,None,Pending Approval,,98.7,INV-00270.pdf,Ready for payment.
271,INVREC00271,INV-00271,PO-2024-0915,PO0915,VEND097,Goodyear Tire & Rubber,2024-09-04,2024-11-03,GBP,156868.92,0,452.91,0,0,157321.83,Paid,Paid,2024-09-10,OCR Workflow,2024-09-04T00:00:00Z,EMP028,2024-09-06,Passed,,90.7,INV-00271.pdf,Matched successfully against PO.
272,INVREC00272,INV-00272,PO-2026-0469,PO0469,VEND080,Ecolab Inc.,2027-01-04,2027-02-03,INR,306066.43,0,1087.12,10,30606.64,337760.19,Paid,Paid,2027-01-21,System Integration,2027-01-04T00:00:00Z,EMP030,2027-01-09,Passed,,86.4,INV-00272.pdf,Matched successfully against PO.
273,INVREC00273,INV-00273,PO-2023-1166,PO1166,VEND070,Tyco International,2023-07-05,2023-08-19,GBP,258907.58,0,2427.84,0,0,261335.42,Rejected,Unpaid,None,System Integration,2023-07-05T00:00:00Z,EMP002,2023-07-12,Passed,,96.3,INV-00273.pdf,Invoice under review.
274,INVREC00274,INV-00274,PO-2025-0553,PO0553,VEND084,McMaster-Carr,2025-12-08,2026-01-07,GBP,459033.17,0,0,20,91806.63,550839.8,Paid,Paid,2025-12-23,Manual Entry,2025-12-08T00:00:00Z,EMP032,2025-12-12,Passed,,92.5,INV-00274.pdf,Invoice under review.
275,INVREC00275,INV-00275,PO-2023-0177,PO0177,VEND021,Johnson Controls,2023-01-17,2023-01-17,USD,335467.27,0,0,18,60384.11,395851.38,Paid,Paid,2023-01-17,Manual Entry,2023-01-17T00:00:00Z,EMP004,2023-01-21,Passed,,98.7,INV-00275.pdf,Invoice under review.
276,INVREC00276,INV-00276,PO-2023-1225,PO1225,VEND074,Verizon Business Group,2024-01-24,2024-02-23,EUR,367869.71,0,0,20,73573.94,441443.65,Paid,Paid,2024-01-29,System Integration,2024-01-24T00:00:00Z,EMP034,2024-01-25,Passed,,91.1,INV-00276.pdf,Matched successfully against PO.
277,INVREC00277,INV-00277,PO-2024-1342,PO1342,VEND054,"FTI Consulting, Inc.",2024-10-05,2024-12-04,USD,406113.57,0,2148.48,0,0,408262.05,Paid,Paid,2024-10-10,System Integration,2024-10-05T00:00:00Z,EMP028,2024-10-07,Passed,,90.6,INV-00277.pdf,Three-way match completed.
278,INVREC00278,INV-00278,PO-2025-0466,PO0466,VEND097,Goodyear Tire & Rubber,2025-07-05,2025-08-04,GBP,361241.65,0,984.28,18,65023.5,427249.43,Rejected,Unpaid,None,OCR Workflow,2025-07-05T00:00:00Z,EMP019,2025-07-08,Passed,,95,INV-00278.pdf,Ready for payment.
279,INVREC00279,INV-00279,PO-2023-1017,PO1017,VEND084,McMaster-Carr,2023-12-22,2024-02-20,GBP,396550.2,12599.96,4048.21,10,39655.02,440253.43,Paid,Paid,2023-12-23,System Integration,2023-12-22T00:00:00Z,EMP034,2023-12-25,Passed,,94.2,INV-00279.pdf,Invoice under review.
280,INVREC00280,INV-00280,PO-2023-0447,PO0447,VEND070,Tyco International,2023-06-24,2023-07-24,GBP,375534.23,0,2598.02,10,37553.42,415685.67,Paid,Paid,2023-07-08,System Integration,2023-06-24T00:00:00Z,EMP032,2023-07-01,Passed,,90.8,INV-00280.pdf,Ready for payment.
281,INVREC00281,INV-00281,PO-2026-0537,PO0537,VEND048,Cummins Inc.,2026-10-30,2026-12-29,EUR,210646.08,6186.87,546.98,0,0,211193.06,Rejected,Unpaid,None,OCR Workflow,2026-10-30T00:00:00Z,EMP031,2026-11-02,Passed,,94.8,INV-00281.pdf,Payment pending approval.
282,INVREC00282,INV-00282,PO-2024-0311,PO0311,VEND013,Quick Logistics,2024-07-30,2024-09-28,GBP,102939.92,0,1980.19,5,5147,110067.11,Paid,Paid,2024-08-19,Manual Entry,2024-07-30T00:00:00Z,EMP010,2024-08-03,Passed,,86.9,INV-00282.pdf,Ready for payment.
283,INVREC00283,INV-00283,PO-2024-1106,PO1106,VEND001,ABCD & CO,2024-08-09,2024-08-09,SEK,431983.65,0,4007.7,10,43198.36,479189.71,Paid,Paid,2024-08-09,Manual Entry,2024-08-09T00:00:00Z,EMP013,2024-08-16,Passed,,85.4,INV-00283.pdf,Payment pending approval.
284,INVREC00284,INV-00284,PO-2026-0201,PO0201,VEND088,Makita Corporation,2026-04-30,2026-05-30,CHF,279202.57,0,3316.8,20,55840.51,338359.88,Paid,Paid,2026-05-16,Manual Entry,2026-04-30T00:00:00Z,EMP012,2026-05-02,Passed,,95.2,INV-00284.pdf,Ready for payment.
285,INVREC00285,INV-00285,PO-2026-0321,PO0321,VEND068,Securitas AB,2026-10-18,2026-12-02,EUR,395218.55,0,3007.54,5,19760.93,417987.02,Paid,Paid,2026-10-24,System Integration,2026-10-18T00:00:00Z,EMP028,2026-10-20,Passed,,98.9,INV-00285.pdf,Invoice under review.
286,INVREC00286,INV-00286,PO-2025-1321,PO1321,VEND033,Maersk Line,2025-07-23,2025-08-22,SEK,119370.63,0,0,0,0,119370.63,Paid,Paid,2025-07-26,Manual Entry,2025-07-23T00:00:00Z,EMP032,2025-07-26,Passed,,98,INV-00286.pdf,Ready for payment.
287,INVREC00287,INV-00287,PO-2023-1195,PO1195,VEND034,C.H. Robinson Worldwide,2024-01-17,2024-02-16,SEK,322419.31,10236.76,2254.98,20,64483.86,389158.15,Paid,Paid,2024-02-02,OCR Workflow,2024-01-17T00:00:00Z,EMP037,2024-01-20,Passed,,90.7,INV-00287.pdf,Payment pending approval.
288,INVREC00288,INV-00288,PO-2026-1140,PO1140,VEND026,General Electric,2026-11-21,2026-12-21,SEK,89038.06,0,2144.21,10,8903.81,100086.08,Paid,Paid,2026-11-24,System Integration,2026-11-21T00:00:00Z,EMP029,2026-11-25,Passed,,95.6,INV-00288.pdf,Ready for payment.
289,INVREC00289,INV-00289,PO-2025-0595,PO0595,VEND099,Bridgestone Americas,2025-05-12,2025-06-11,USD,224469.76,0,2885.09,20,44893.95,272248.8,Paid,Paid,2025-05-27,System Integration,2025-05-12T00:00:00Z,EMP013,2025-05-17,Passed,,96.2,INV-00289.pdf,Payment pending approval.
290,INVREC00290,INV-00290,PO-2026-1383,PO1383,VEND020,Alpha Industries,2026-07-25,2026-08-09,SEK,299724.87,0,1296.59,18,53950.48,354971.94,Paid,Paid,2026-08-05,Manual Entry,2026-07-25T00:00:00Z,EMP006,2026-07-26,Passed,,92,INV-00290.pdf,Matched successfully against PO.
291,INVREC00291,INV-00291,PO-2025-1272,PO1272,VEND043,Cisco Systems Inc.,2025-02-07,2025-02-22,GBP,367594.48,0,0,10,36759.45,404353.93,Paid,Paid,2025-02-10,System Integration,2025-02-07T00:00:00Z,EMP031,2025-02-13,Passed,,86.5,INV-00291.pdf,Matched successfully against PO.
292,INVREC00292,INV-00292,PO-2023-0660,PO0660,VEND062,Accenture PLC,2023-04-22,2023-05-22,USD,155408.04,0,0,20,31081.61,186489.65,Paid,Paid,2023-05-03,OCR Workflow,2023-04-22T00:00:00Z,EMP015,2023-04-26,Passed,,96.2,INV-00292.pdf,Three-way match completed.
293,INVREC00293,INV-00293,PO-2024-0599,PO0599,VEND095,SKF Group,2024-05-18,2024-06-02,GBP,90652.01,1198.18,0,20,18130.4,108782.41,Pending,Unpaid,None,OCR Workflow,2024-05-18T00:00:00Z,None,None,Pending Approval,,99,INV-00293.pdf,Payment pending approval.
294,INVREC00294,INV-00294,PO-2024-0161,PO0161,VEND046,Lenovo Group Limited,2024-05-25,2024-07-24,INR,104272.27,0,4354.73,10,10427.23,119054.23,Paid,Paid,2024-06-08,Manual Entry,2024-05-25T00:00:00Z,EMP009,2024-05-31,Passed,,90.7,INV-00294.pdf,Payment pending approval.
295,INVREC00295,INV-00295,PO-2025-1390,PO1390,VEND010,Tech Solutions Ltd,2025-04-08,2025-05-08,USD,120000.32,0,0,20,24000.06,144000.38,Paid,Paid,2025-04-26,OCR Workflow,2025-04-08T00:00:00Z,EMP034,2025-04-12,Passed,,93.4,INV-00295.pdf,Ready for payment.
296,INVREC00296,INV-00296,PO-2024-0502,PO0502,VEND078,Cintas Corporation,2024-07-12,2024-08-11,USD,183748.84,0,0,18,33074.79,216823.63,Paid,Paid,2024-07-19,System Integration,2024-07-12T00:00:00Z,EMP002,2024-07-19,Passed,,90.5,INV-00296.pdf,Invoice under review.
297,INVREC00297,INV-00297,PO-2024-0511,PO0511,VEND056,PricewaterhouseCoopers LLP,2024-02-14,2024-03-15,EUR,268844,0,0,10,26884.4,295728.4,Pending,Unpaid,None,Manual Entry,2024-02-14T00:00:00Z,None,None,Pending Approval,,98.6,INV-00297.pdf,Three-way match completed.
298,INVREC00298,INV-00298,PO-2023-0275,PO0275,VEND078,Cintas Corporation,2023-09-04,2023-09-04,USD,176653.69,5279.95,0,0,0,176653.69,Paid,Paid,2023-09-04,System Integration,2023-09-04T00:00:00Z,EMP025,2023-09-10,Passed,,98.2,INV-00298.pdf,Ready for payment.
299,INVREC00299,INV-00299,PO-2025-0455,PO0455,VEND084,McMaster-Carr,2025-04-08,2025-05-08,GBP,449399.76,4587.91,4060.96,18,80891.96,534352.68,Paid,Paid,2025-04-12,Manual Entry,2025-04-08T00:00:00Z,EMP013,2025-04-12,Passed,,86,INV-00299.pdf,Matched successfully against PO.
300,INVREC00300,INV-00300,PO-2023-1485,PO1485,VEND057,Ernst & Young LLP,2023-12-07,2023-12-22,INR,255193.74,0,0,18,45934.87,301128.61,Pending,Unpaid,None,Manual Entry,2023-12-07T00:00:00Z,None,None,Pending Approval,,87.3,INV-00300.pdf,Invoice under review.
301,INVREC00301,INV-00301,PO-2023-1002,PO1002,VEND064,Aramark Corporation,2023-10-24,2023-10-24,EUR,410985.05,0,3922.91,10,41098.5,456006.46,Paid,Paid,2023-10-24,System Integration,2023-10-24T00:00:00Z,EMP007,2023-10-29,Passed,,99.4,INV-00301.pdf,Three-way match completed.
302,INVREC00302,INV-00302,PO-2024-0837,PO0837,VEND040,SAP SE,2024-04-07,2024-04-07,INR,255331.11,0,0,20,51066.22,306397.33,Paid,Paid,2024-04-07,System Integration,2024-04-07T00:00:00Z,EMP010,2024-04-13,Passed,,91.9,INV-00302.pdf,Three-way match completed.
303,INVREC00303,INV-00303,PO-2024-0624,PO0624,VEND012,Elite Services,2024-11-21,2024-12-06,SEK,462557.91,0,0,10,46255.79,508813.7,Paid,Paid,2024-11-26,Manual Entry,2024-11-21T00:00:00Z,EMP034,2024-11-26,Passed,,97.7,INV-00303.pdf,Three-way match completed.
304,INVREC00304,INV-00304,PO-2024-0492,PO0492,VEND054,"FTI Consulting, Inc.",2024-08-20,2024-09-19,USD,37376.86,0,0,18,6727.83,44104.69,Paid,Paid,2024-08-29,System Integration,2024-08-20T00:00:00Z,EMP022,2024-08-23,Passed,,87,INV-00304.pdf,Invoice under review.
305,INVREC00305,INV-00305,PO-2024-1328,PO1328,VEND058,KPMG LLP,2024-01-13,2024-02-12,GBP,176003.11,4940.88,0,10,17600.31,193603.42,Paid,Paid,2024-01-20,OCR Workflow,2024-01-13T00:00:00Z,EMP037,2024-01-19,Passed,,92.2,INV-00305.pdf,Ready for payment.
306,INVREC00306,INV-00306,PO-2026-0925,PO0925,VEND100,ZF Friedrichshafen AG,2026-03-10,2026-04-09,USD,95418.76,0,1508.11,20,19083.75,116010.62,Paid,Paid,2026-03-11,OCR Workflow,2026-03-10T00:00:00Z,EMP003,2026-03-14,Passed,,90.2,INV-00306.pdf,Invoice under review.
307,INVREC00307,INV-00307,PO-2024-0633,PO0633,VEND002,Samira Hadid,2024-10-06,2024-12-05,INR,13225.35,0,4199.9,20,2645.07,20070.32,Paid,Paid,2024-10-12,System Integration,2024-10-06T00:00:00Z,EMP026,2024-10-13,Passed,,86,INV-00307.pdf,Three-way match completed.
308,INVREC00308,INV-00308,PO-2026-0014,PO0014,VEND014,Modern Office Co,2026-02-04,2026-03-21,USD,45110.12,2193.4,3754.8,0,0,48864.92,Paid,Paid,2026-02-11,Manual Entry,2026-02-04T00:00:00Z,EMP023,2026-02-08,Passed,,85.5,INV-00308.pdf,Payment pending approval.
309,INVREC00309,INV-00309,PO-2023-0734,PO0734,VEND027,Honeywell International,2024-01-09,2024-02-08,SEK,484784.17,0,3745.67,18,87261.15,575790.99,Paid,Paid,2024-01-11,Manual Entry,2024-01-09T00:00:00Z,EMP005,2024-01-12,Passed,,97.5,INV-00309.pdf,Matched successfully against PO.
310,INVREC00310,INV-00310,PO-2023-0673,PO0673,VEND054,"FTI Consulting, Inc.",2023-12-03,2024-01-02,USD,212242.37,0,4127.32,20,42448.47,258818.16,Paid,Paid,2023-12-16,OCR Workflow,2023-12-03T00:00:00Z,EMP026,2023-12-05,Passed,,95.5,INV-00310.pdf,Invoice under review.
311,INVREC00311,INV-00311,PO-2024-0428,PO0428,VEND051,Thomson Reuters,2024-08-17,2024-10-01,USD,68015.16,0,0,18,12242.73,80257.89,Paid,Paid,2024-08-28,OCR Workflow,2024-08-17T00:00:00Z,EMP022,2024-08-22,Passed,,93.3,INV-00311.pdf,Three-way match completed.
312,INVREC00312,INV-00312,PO-2023-0396,PO0396,VEND097,Goodyear Tire & Rubber,2023-01-16,2023-02-15,GBP,286350.19,8002.75,4061.73,5,14317.51,304729.43,Paid,Paid,2023-01-24,Manual Entry,2023-01-16T00:00:00Z,EMP018,2023-01-22,Passed,,90,INV-00312.pdf,Payment pending approval.
313,INVREC00313,INV-00313,PO-2026-0430,PO0430,VEND070,Tyco International,2026-03-22,2026-04-21,GBP,87476.4,0,1972.92,10,8747.64,98196.96,Rejected,Unpaid,None,OCR Workflow,2026-03-22T00:00:00Z,EMP026,2026-03-25,Passed,,94.9,INV-00313.pdf,Invoice under review.
314,INVREC00314,INV-00314,PO-2026-1076,PO1076,VEND010,Tech Solutions Ltd,2026-01-28,2026-02-27,USD,22400.42,0,1367.31,0,0,23767.73,Paid,Paid,2026-02-14,Manual Entry,2026-01-28T00:00:00Z,EMP027,2026-02-04,Passed,,95.2,INV-00314.pdf,Payment pending approval.
315,INVREC00315,INV-00315,PO-2023-0402,PO0402,VEND025,ABB Ltd,2023-11-18,2023-12-18,GBP,73594.34,0,2204.24,0,0,75798.58,Paid,Paid,2023-11-20,OCR Workflow,2023-11-18T00:00:00Z,EMP032,2023-11-20,Passed,,93.6,INV-00315.pdf,Matched successfully against PO.
316,INVREC00316,INV-00316,PO-2024-0688,PO0688,VEND068,Securitas AB,2024-05-18,2024-05-18,EUR,130567.51,0,0,20,26113.5,156681.01,Rejected,Unpaid,None,System Integration,2024-05-18T00:00:00Z,EMP036,2024-05-24,Passed,,89.8,INV-00316.pdf,Invoice under review.
317,INVREC00317,INV-00317,PO-2024-1045,PO1045,VEND003,IMPORTING COMPANY,2024-11-18,2025-01-02,GBP,362167.21,0,0,10,36216.72,398383.93,Paid,Paid,2024-12-05,Manual Entry,2024-11-18T00:00:00Z,EMP030,2024-11-23,Passed,,89.1,INV-00317.pdf,Ready for payment.
318,INVREC00318,INV-00318,PO-2025-0654,PO0654,VEND056,PricewaterhouseCoopers LLP,2025-12-10,2026-01-09,EUR,274918.79,0,0,20,54983.76,329902.55,Paid,Paid,2025-12-24,System Integration,2025-12-10T00:00:00Z,EMP017,2025-12-12,Passed,,95.8,INV-00318.pdf,Matched successfully against PO.
319,INVREC00319,INV-00319,PO-2025-0900,PO0900,VEND069,ADT Inc.,2025-09-25,2025-10-25,EUR,382763.37,10257.51,0,10,38276.34,421039.71,Paid,Paid,2025-10-06,OCR Workflow,2025-09-25T00:00:00Z,EMP020,2025-10-02,Passed,,85.8,INV-00319.pdf,Ready for payment.
320,INVREC00320,INV-00320,PO-2024-0968,PO0968,VEND068,Securitas AB,2024-03-31,2024-05-30,EUR,334520.82,13553.83,4747.67,10,33452.08,372720.57,Paid,Paid,2024-04-05,Manual Entry,2024-03-31T00:00:00Z,EMP010,2024-04-05,Passed,,95.4,INV-00320.pdf,Payment pending approval.
321,INVREC00321,INV-00321,PO-2024-0045,PO0045,VEND064,Aramark Corporation,2024-04-10,2024-05-10,EUR,174196.22,0,1573.27,18,31355.32,207124.81,Rejected,Unpaid,None,OCR Workflow,2024-04-10T00:00:00Z,EMP024,2024-04-11,Passed,,93.1,INV-00321.pdf,Invoice under review.
322,INVREC00322,INV-00322,PO-2026-1188,PO1188,VEND045,Hewlett Packard Enterprise,2026-09-06,2026-10-06,CHF,398277.15,14149.86,0,10,39827.71,438104.86,Paid,Paid,2026-09-17,Manual Entry,2026-09-06T00:00:00Z,EMP025,2026-09-13,Passed,,94.8,INV-00322.pdf,Invoice under review.
323,INVREC00323,INV-00323,PO-2026-0630,PO0630,VEND018,Summit Systems,2026-04-07,2026-05-07,EUR,41312.86,0,0,5,2065.64,43378.5,Rejected,Unpaid,None,System Integration,2026-04-07T00:00:00Z,EMP024,2026-04-10,Passed,,87.9,INV-00323.pdf,Three-way match completed.
324,INVREC00324,INV-00324,PO-2023-0405,PO0405,VEND003,IMPORTING COMPANY,2023-02-27,2023-03-29,GBP,76328.24,2216.43,4265.77,18,13739.08,94333.09,Paid,Paid,2023-03-02,OCR Workflow,2023-02-27T00:00:00Z,EMP037,2023-03-03,Passed,,85.1,INV-00324.pdf,Payment pending approval.
325,INVREC00325,INV-00325,PO-2024-0079,PO0079,VEND074,Verizon Business Group,2025-01-13,2025-02-12,EUR,223165.91,0,0,18,40169.86,263335.77,Paid,Paid,2025-01-19,System Integration,2025-01-13T00:00:00Z,EMP019,2025-01-18,Passed,,98.2,INV-00325.pdf,Three-way match completed.
326,INVREC00326,INV-00326,PO-2024-1421,PO1421,VEND090,Snap-on Incorporated,2025-01-07,2025-02-06,GBP,136425.76,0,0,20,27285.15,163710.91,Paid,Paid,2025-01-08,Manual Entry,2025-01-07T00:00:00Z,EMP019,2025-01-09,Passed,,98.6,INV-00326.pdf,Ready for payment.
327,INVREC00327,INV-00327,PO-2024-0025,PO0025,VEND037,Atlas Air Worldwide,2024-02-10,2024-04-10,CHF,248756.73,3852.75,0,18,44776.21,293532.94,Paid,Paid,2024-02-21,System Integration,2024-02-10T00:00:00Z,EMP024,2024-02-14,Passed,,85.9,INV-00327.pdf,Ready for payment.
328,INVREC00328,INV-00328,PO-2026-0391,PO0391,VEND090,Snap-on Incorporated,2026-09-13,2026-10-13,GBP,406924.34,16995.57,2270.99,20,81384.87,490580.2,Rejected,Unpaid,None,Manual Entry,2026-09-13T00:00:00Z,EMP013,2026-09-19,Passed,,87.2,INV-00328.pdf,Three-way match completed.
329,INVREC00329,INV-00329,PO-2024-0743,PO0743,VEND009,Office Furniture World,2024-08-17,2024-09-16,USD,415937,0,977.23,18,74868.66,491782.89,Rejected,Unpaid,None,Manual Entry,2024-08-17T00:00:00Z,EMP033,2024-08-18,Passed,,86.4,INV-00329.pdf,Matched successfully against PO.
330,INVREC00330,INV-00330,PO-2025-1029,PO1029,VEND004,Dell Technologies,2025-12-28,2026-01-27,CHF,14850.57,152.37,0,0,0,14850.57,Paid,Paid,2026-01-04,Manual Entry,2025-12-28T00:00:00Z,EMP029,2025-12-29,Passed,,90.4,INV-00330.pdf,Invoice under review.
331,INVREC00331,INV-00331,PO-2023-0494,PO0494,VEND038,Penske Logistics,2023-03-12,2023-03-12,SEK,470752.01,0,0,18,84735.36,555487.37,Paid,Paid,2023-03-12,Manual Entry,2023-03-12T00:00:00Z,EMP015,2023-03-19,Passed,,89.4,INV-00331.pdf,Invoice under review.
332,INVREC00332,INV-00332,PO-2025-0696,PO0696,VEND068,Securitas AB,2025-10-11,2025-11-10,EUR,417186.71,16980.27,4014.85,18,75093.61,496295.17,Paid,Paid,2025-10-22,Manual Entry,2025-10-11T00:00:00Z,EMP030,2025-10-18,Passed,,96.4,INV-00332.pdf,Three-way match completed.
333,INVREC00333,INV-00333,PO-2026-1213,PO1213,VEND038,Penske Logistics,2026-04-03,2026-05-03,SEK,24337.25,845.98,0,5,1216.86,25554.11,Paid,Paid,2026-04-07,Manual Entry,2026-04-03T00:00:00Z,EMP034,2026-04-06,Passed,,89.7,INV-00333.pdf,Invoice under review.
334,INVREC00334,INV-00334,PO-2024-0066,PO0066,VEND053,S&P Global Inc.,2025-01-05,2025-02-04,SEK,191749.69,0,4022.59,5,9587.48,205359.76,Paid,Paid,2025-01-19,OCR Workflow,2025-01-05T00:00:00Z,EMP008,2025-01-11,Passed,,96.2,INV-00334.pdf,Invoice under review.
335,INVREC00335,INV-00335,PO-2023-0663,PO0663,VEND085,Fastenal Company,2023-02-16,2023-03-18,SEK,472039.77,0,4427.33,18,84967.16,561434.26,Rejected,Unpaid,None,System Integration,2023-02-16T00:00:00Z,EMP012,2023-02-21,Passed,,95.7,INV-00335.pdf,Ready for payment.
336,INVREC00336,INV-00336,PO-2025-1423,PO1423,VEND004,Dell Technologies,2025-11-03,2025-11-18,CHF,91303.28,0,0,5,4565.16,95868.44,Pending,Unpaid,None,OCR Workflow,2025-11-03T00:00:00Z,None,None,Pending Approval,,94.6,INV-00336.pdf,Matched successfully against PO.
337,INVREC00337,INV-00337,PO-2025-0249,PO0249,VEND061,Bain & Company,2025-07-15,2025-08-14,INR,476186.7,0,563.12,20,95237.34,571987.16,Paid,Paid,2025-07-19,System Integration,2025-07-15T00:00:00Z,EMP032,2025-07-19,Passed,,98.2,INV-00337.pdf,Payment pending approval.
338,INVREC00338,INV-00338,PO-2023-1220,PO1220,VEND033,Maersk Line,2023-10-15,2023-11-14,SEK,263579.66,0,3443.63,18,47444.34,314467.63,Rejected,Unpaid,None,Manual Entry,2023-10-15T00:00:00Z,EMP002,2023-10-21,Passed,,95.5,INV-00338.pdf,Payment pending approval.
339,INVREC00339,INV-00339,PO-2025-1365,PO1365,VEND017,Pinnacle Partners,2025-06-18,2025-07-18,CHF,191532.75,5825.25,0,5,9576.64,201109.39,Paid,Paid,2025-06-24,System Integration,2025-06-18T00:00:00Z,EMP010,2025-06-22,Passed,,86.2,INV-00339.pdf,Payment pending approval.
340,INVREC00340,INV-00340,PO-2026-1227,PO1227,VEND014,Modern Office Co,2026-09-25,2026-10-25,USD,202279.63,0,3007.22,10,20227.96,225514.81,Paid,Paid,2026-09-26,System Integration,2026-09-25T00:00:00Z,EMP019,2026-09-29,Passed,,90.2,INV-00340.pdf,Three-way match completed.
341,INVREC00341,INV-00341,PO-2025-1175,PO1175,VEND025,ABB Ltd,2025-05-28,2025-06-27,GBP,20724.79,563.74,0,10,2072.48,22797.27,Paid,Paid,2025-06-10,System Integration,2025-05-28T00:00:00Z,EMP009,2025-05-31,Passed,,92.9,INV-00341.pdf,Payment pending approval.
342,INVREC00342,INV-00342,PO-2023-0841,PO0841,VEND084,McMaster-Carr,2023-05-09,2023-06-08,GBP,433469.43,0,4767.13,20,86693.89,524930.45,Rejected,Unpaid,None,System Integration,2023-05-09T00:00:00Z,EMP008,2023-05-13,Passed,,97.9,INV-00342.pdf,Three-way match completed.
343,INVREC00343,INV-00343,PO-2026-1217,PO1217,VEND044,IBM Corporation,2026-03-16,2026-04-15,SEK,136575.26,0,0,5,6828.76,143404.02,Paid,Paid,2026-03-21,System Integration,2026-03-16T00:00:00Z,EMP012,2026-03-23,Passed,,89.4,INV-00343.pdf,Matched successfully against PO.
344,INVREC00344,INV-00344,PO-2024-0513,PO0513,VEND069,ADT Inc.,2024-06-15,2024-07-15,EUR,285466.69,0,756.72,0,0,286223.41,Paid,Paid,2024-07-05,OCR Workflow,2024-06-15T00:00:00Z,EMP024,2024-06-22,Passed,,90.4,INV-00344.pdf,Payment pending approval.
345,INVREC00345,INV-00345,PO-2025-0554,PO0554,VEND002,Samira Hadid,2025-02-01,2025-03-03,INR,300703.56,14739.42,165.88,20,60140.71,361010.15,Rejected,Unpaid,None,Manual Entry,2025-02-01T00:00:00Z,EMP023,2025-02-06,Passed,,98.5,INV-00345.pdf,Payment pending approval.
346,INVREC00346,INV-00346,PO-2023-1151,PO1151,VEND016,New Horizons,2023-04-14,2023-05-14,GBP,264952.01,0,3192.11,0,0,268144.12,Rejected,Unpaid,None,System Integration,2023-04-14T00:00:00Z,EMP039,2023-04-16,Passed,,96,INV-00346.pdf,Ready for payment.
347,INVREC00347,INV-00347,PO-2023-0575,PO0575,VEND065,Sodexo S.A.,2023-08-07,2023-09-06,INR,336493.26,5052.55,1288.88,0,0,337782.14,Rejected,Unpaid,None,OCR Workflow,2023-08-07T00:00:00Z,EMP018,2023-08-08,Passed,,96.9,INV-00347.pdf,Ready for payment.
348,INVREC00348,INV-00348,PO-2026-0321,PO0321,VEND068,Securitas AB,2026-10-13,2026-11-27,EUR,395218.55,0,3007.54,5,19760.93,417987.02,Pending,Unpaid,None,System Integration,2026-10-13T00:00:00Z,None,None,Pending Approval,,94.8,INV-00348.pdf,Three-way match completed.
349,INVREC00349,INV-00349,PO-2024-1138,PO1138,VEND013,Quick Logistics,2024-08-12,2024-10-11,GBP,59897.93,0,0,10,5989.79,65887.72,Paid,Paid,2024-08-30,System Integration,2024-08-12T00:00:00Z,EMP040,2024-08-13,Passed,,96.5,INV-00349.pdf,Matched successfully against PO.
350,INVREC00350,INV-00350,PO-2024-1041,PO1041,VEND004,Dell Technologies,2024-11-02,2025-01-01,CHF,51688.83,0,1452.24,20,10337.77,63478.84,Paid,Paid,2024-11-11,OCR Workflow,2024-11-02T00:00:00Z,EMP026,2024-11-09,Passed,,85.5,INV-00350.pdf,Invoice under review.
351,INVREC00351,INV-00351,PO-2025-0057,PO0057,VEND036,Kuehne + Nagel,2025-08-10,2025-08-10,INR,393970.54,0,0,0,0,393970.54,Paid,Paid,2025-08-10,Manual Entry,2025-08-10T00:00:00Z,EMP007,2025-08-12,Passed,,99.1,INV-00351.pdf,Ready for payment.
352,INVREC00352,INV-00352,PO-2026-0359,PO0359,VEND047,Apple Inc.,2026-03-12,2026-03-27,GBP,199799.25,0,2916.41,20,39959.85,242675.51,Rejected,Unpaid,None,Manual Entry,2026-03-12T00:00:00Z,EMP035,2026-03-13,Passed,,85.3,INV-00352.pdf,Ready for payment.
353,INVREC00353,INV-00353,PO-2026-0682,PO0682,VEND093,Regal Beloit Corporation,2026-07-22,2026-08-21,CHF,365607.91,14931.7,0,0,0,365607.91,Rejected,Unpaid,None,OCR Workflow,2026-07-22T00:00:00Z,EMP027,2026-07-25,Passed,,88.4,INV-00353.pdf,Ready for payment.
354,INVREC00354,INV-00354,PO-2023-1449,PO1449,VEND071,Waste Management Inc.,2023-10-15,2023-11-29,EUR,14153.12,0,3493.18,5,707.66,18353.96,Paid,Paid,2023-10-24,System Integration,2023-10-15T00:00:00Z,EMP021,2023-10-19,Passed,,94.9,INV-00354.pdf,Ready for payment.
355,INVREC00355,INV-00355,PO-2025-0762,PO0762,VEND084,McMaster-Carr,2025-02-03,2025-03-05,GBP,92616.38,0,4803.44,18,16670.95,114090.77,Paid,Paid,2025-02-05,OCR Workflow,2025-02-03T00:00:00Z,EMP009,2025-02-09,Passed,,85.1,INV-00355.pdf,Payment pending approval.
356,INVREC00356,INV-00356,PO-2026-0815,PO0815,VEND013,Quick Logistics,2026-08-20,2026-10-04,GBP,242619.44,9804.15,2419.19,5,12130.97,257169.6,Paid,Paid,2026-09-05,OCR Workflow,2026-08-20T00:00:00Z,EMP012,2026-08-27,Passed,,91.3,INV-00356.pdf,Matched successfully against PO.
357,INVREC00357,INV-00357,PO-2025-1377,PO1377,VEND032,UPS Supply Chain Solutions,2025-05-28,2025-07-12,EUR,187458.82,0,1118.6,5,9372.94,197950.36,Paid,Paid,2025-06-03,Manual Entry,2025-05-28T00:00:00Z,EMP021,2025-05-30,Passed,,89.3,INV-00357.pdf,Payment pending approval.
358,INVREC00358,INV-00358,PO-2024-1405,PO1405,VEND087,Hilti Corporation,2024-01-26,2024-02-25,CHF,260458.81,0,2781.6,0,0,263240.41,Paid,Paid,2024-02-01,System Integration,2024-01-26T00:00:00Z,EMP019,2024-01-28,Passed,,96.7,INV-00358.pdf,Payment pending approval.
359,INVREC00359,INV-00359,PO-2025-1374,PO1374,VEND008,DHL Express,2025-06-01,2025-07-16,INR,440498.82,0,0,0,0,440498.82,Paid,Paid,2025-06-03,Manual Entry,2025-06-01T00:00:00Z,EMP026,2025-06-07,Passed,,88.5,INV-00359.pdf,Ready for payment.
360,INVREC00360,INV-00360,PO-2023-1397,PO1397,VEND066,Jones Lang LaSalle,2023-09-26,2023-11-25,CHF,68363.9,0,0,18,12305.5,80669.4,Paid,Paid,2023-10-08,OCR Workflow,2023-09-26T00:00:00Z,EMP012,2023-10-03,Passed,,92.8,INV-00360.pdf,Matched successfully against PO.
361,INVREC00361,INV-00361,PO-2026-0999,PO0999,VEND002,Samira Hadid,2026-11-09,2026-12-24,INR,298323.83,0,0,5,14916.19,313240.02,Paid,Paid,2026-11-14,Manual Entry,2026-11-09T00:00:00Z,EMP025,2026-11-13,Passed,,95.9,INV-00361.pdf,Invoice under review.
362,INVREC00362,INV-00362,PO-2024-0309,PO0309,VEND079,UniFirst Corporation,2024-11-09,2024-12-24,USD,453185.52,0,3014.64,0,0,456200.16,Paid,Paid,2024-11-21,OCR Workflow,2024-11-09T00:00:00Z,EMP017,2024-11-15,Passed,,96.9,INV-00362.pdf,Invoice under review.
363,INVREC00363,INV-00363,PO-2026-0444,PO0444,VEND060,Boston Consulting Group,2026-07-28,2026-08-27,SEK,244996.16,4910.97,4044.23,10,24499.62,273540.01,Paid,Paid,2026-08-10,OCR Workflow,2026-07-28T00:00:00Z,EMP007,2026-07-31,Passed,,96,INV-00363.pdf,Payment pending approval.
364,INVREC00364,INV-00364,PO-2023-0362,PO0362,VEND035,Expeditors International,2023-09-07,2023-10-07,GBP,439329.84,0,3623.02,18,79079.37,522032.23,Paid,Paid,2023-09-10,OCR Workflow,2023-09-07T00:00:00Z,EMP018,2023-09-12,Passed,,92.2,INV-00364.pdf,Payment pending approval.
365,INVREC00365,INV-00365,PO-2025-0105,PO0105,VEND042,"VMware, Inc.",2025-04-06,2025-04-21,SEK,88618.95,0,86.77,10,8861.9,97567.62,Rejected,Unpaid,None,System Integration,2025-04-06T00:00:00Z,None,None,Rejected,Missing PO reference,88.4,INV-00365.pdf,Matched successfully against PO.
366,INVREC00366,INV-00366,PO-2023-0718,PO0718,VEND041,Salesforce.com Inc.,2024-01-15,2024-01-30,GBP,359961,0,3919.26,20,71992.2,435872.46,Paid,Paid,2024-01-24,Manual Entry,2024-01-15T00:00:00Z,EMP029,2024-01-16,Passed,,97,INV-00366.pdf,Three-way match completed.
367,INVREC00367,INV-00367,PO-2025-1258,PO1258,VEND005,Microsoft Corporation,2025-05-09,2025-06-08,SEK,226350.33,0,0,18,40743.06,267093.39,Paid,Paid,2025-05-26,System Integration,2025-05-09T00:00:00Z,EMP005,2025-05-12,Passed,,94.2,INV-00367.pdf,Ready for payment.
368,INVREC00368,INV-00368,PO-2025-0866,PO0866,VEND038,Penske Logistics,2025-10-26,2025-11-25,SEK,199495.13,0,0,5,9974.76,209469.89,Paid,Paid,2025-11-13,OCR Workflow,2025-10-26T00:00:00Z,EMP039,2025-10-27,Passed,,90.5,INV-00368.pdf,Matched successfully against PO.
369,INVREC00369,INV-00369,PO-2023-1288,PO1288,VEND004,Dell Technologies,2023-07-20,2023-09-18,CHF,225807.61,8327.25,0,20,45161.52,270969.13,Pending,Unpaid,None,Manual Entry,2023-07-20T00:00:00Z,None,None,Pending Approval,,86.9,INV-00369.pdf,Payment pending approval.
370,INVREC00370,INV-00370,PO-2026-0883,PO0883,VEND075,T-Mobile for Business,2026-10-21,2026-11-20,GBP,182222.35,0,0,18,32800.02,215022.37,Paid,Paid,2026-11-01,System Integration,2026-10-21T00:00:00Z,EMP002,2026-10-27,Passed,,96.4,INV-00370.pdf,Payment pending approval.
371,INVREC00371,INV-00371,PO-2026-1091,PO1091,VEND012,Elite Services,2026-11-20,2027-01-19,SEK,345984.03,0,3467.81,5,17299.2,366751.04,Paid,Paid,2026-11-23,Manual Entry,2026-11-20T00:00:00Z,EMP021,2026-11-21,Passed,,90.1,INV-00371.pdf,Matched successfully against PO.
372,INVREC00372,INV-00372,PO-2023-0832,PO0832,VEND079,UniFirst Corporation,2023-10-16,2023-10-31,USD,269488.58,0,0,10,26948.86,296437.44,Rejected,Unpaid,None,Manual Entry,2023-10-16T00:00:00Z,EMP027,2023-10-23,Passed,,85.5,INV-00372.pdf,Matched successfully against PO.
373,INVREC00373,INV-00373,PO-2023-1220,PO1220,VEND033,Maersk Line,2023-10-24,2023-11-23,SEK,263579.66,0,3443.63,18,47444.34,314467.63,Paid,Paid,2023-11-07,OCR Workflow,2023-10-24T00:00:00Z,EMP011,2023-10-30,Passed,,87.3,INV-00373.pdf,Three-way match completed.
374,INVREC00374,INV-00374,PO-2023-1438,PO1438,VEND098,Michelin North America,2023-05-21,2023-07-20,USD,482693.77,0,4625.88,5,24134.69,511454.34,Rejected,Unpaid,None,OCR Workflow,2023-05-21T00:00:00Z,EMP016,2023-05-25,Passed,,99.8,INV-00374.pdf,Invoice under review.
375,INVREC00375,INV-00375,PO-2024-0267,PO0267,VEND071,Waste Management Inc.,2024-04-21,2024-04-21,EUR,434394.98,0,0,20,86879,521273.98,Paid,Paid,2024-04-21,OCR Workflow,2024-04-21T00:00:00Z,EMP005,2024-04-23,Passed,,89.6,INV-00375.pdf,Invoice under review.
376,INVREC00376,INV-00376,PO-2025-0627,PO0627,VEND023,Caterpillar Inc.,2025-10-22,2025-11-21,INR,475831.41,0,0,0,0,475831.41,Rejected,Unpaid,None,System Integration,2025-10-22T00:00:00Z,EMP021,2025-10-26,Passed,,90,INV-00376.pdf,Matched successfully against PO.
377,INVREC00377,INV-00377,PO-2026-0913,PO0913,VEND051,Thomson Reuters,2026-11-09,2027-01-08,USD,209194.47,0,1964.47,0,0,211158.94,Paid,Paid,2026-11-25,OCR Workflow,2026-11-09T00:00:00Z,EMP014,2026-11-11,Passed,,95.8,INV-00377.pdf,Invoice under review.
378,INVREC00378,INV-00378,PO-2026-1061,PO1061,VEND086,W.W. Grainger International,2026-05-01,2026-06-15,EUR,374029.67,0,0,10,37402.97,411432.64,Rejected,Unpaid,None,System Integration,2026-05-01T00:00:00Z,None,None,Rejected,Missing PO reference,88.1,INV-00378.pdf,Matched successfully against PO.
379,INVREC00379,INV-00379,PO-2024-0955,PO0955,VEND072,Republic Services,2024-11-24,2024-12-24,SEK,140447.29,0,2698.4,18,25280.51,168426.2,Paid,Paid,2024-12-12,System Integration,2024-11-24T00:00:00Z,EMP008,2024-11-28,Passed,,98.7,INV-00379.pdf,Invoice under review.
380,INVREC00380,INV-00380,PO-2026-1061,PO1061,VEND086,W.W. Grainger International,2026-04-22,2026-06-06,EUR,374029.67,0,0,10,37402.97,411432.64,Paid,Paid,2026-04-24,Manual Entry,2026-04-22T00:00:00Z,EMP012,2026-04-23,Passed,,98.2,INV-00380.pdf,Matched successfully against PO.
381,INVREC00381,INV-00381,PO-2025-0949,PO0949,VEND080,Ecolab Inc.,2025-06-13,2025-06-13,INR,243353.86,8845.73,0,10,24335.39,267689.25,Rejected,Unpaid,None,Manual Entry,2025-06-13T00:00:00Z,EMP012,2025-06-15,Passed,,92.6,INV-00381.pdf,Invoice under review.
382,INVREC00382,INV-00382,PO-2023-0405,PO0405,VEND003,IMPORTING COMPANY,2023-02-25,2023-03-27,GBP,76328.24,0,4265.77,18,13739.08,94333.09,Paid,Paid,2023-03-07,Manual Entry,2023-02-25T00:00:00Z,EMP016,2023-03-02,Passed,,94.3,INV-00382.pdf,Invoice under review.
383,INVREC00383,INV-00383,PO-2026-0441,PO0441,VEND097,Goodyear Tire & Rubber,2026-01-15,2026-03-16,GBP,446465.45,0,0,20,89293.09,535758.54,Paid,Paid,2026-01-16,Manual Entry,2026-01-15T00:00:00Z,EMP013,2026-01-17,Passed,,96.9,INV-00383.pdf,Ready for payment.
384,INVREC00384,INV-00384,PO-2023-0292,PO0292,VEND092,Baldor Electric Company,2023-05-02,2023-06-01,CHF,82354.34,0,3336.83,0,0,85691.17,Paid,Paid,2023-05-20,Manual Entry,2023-05-02T00:00:00Z,EMP032,2023-05-03,Passed,,95.5,INV-00384.pdf,Invoice under review.
385,INVREC00385,INV-00385,PO-2024-1496,PO1496,VEND079,UniFirst Corporation,2024-04-15,2024-06-14,USD,48889.05,0,449.89,0,0,49338.94,Pending,Unpaid,None,OCR Workflow,2024-04-15T00:00:00Z,None,None,Pending Approval,,97,INV-00385.pdf,Three-way match completed.
386,INVREC00386,INV-00386,PO-2024-1163,PO1163,VEND062,Accenture PLC,2024-03-05,2024-03-05,USD,297110.33,0,0,5,14855.52,311965.85,Rejected,Unpaid,None,Manual Entry,2024-03-05T00:00:00Z,None,None,Rejected,Missing PO reference,91.9,INV-00386.pdf,Three-way match completed.
387,INVREC00387,INV-00387,PO-2026-1107,PO1107,VEND053,S&P Global Inc.,2026-05-12,2026-06-11,SEK,186786.97,0,4506.88,0,0,191293.85,Paid,Paid,2026-05-15,OCR Workflow,2026-05-12T00:00:00Z,EMP039,2026-05-18,Passed,,97.3,INV-00387.pdf,Invoice under review.
388,INVREC00388,INV-00388,PO-2023-0979,PO0979,VEND033,Maersk Line,2023-05-30,2023-06-14,SEK,257771.82,0,146.84,18,46398.93,304317.59,Rejected,Unpaid,None,Manual Entry,2023-05-30T00:00:00Z,EMP001,2023-06-03,Passed,,88.1,INV-00388.pdf,Matched successfully against PO.
389,INVREC00389,INV-00389,PO-2026-1308,PO1308,VEND079,UniFirst Corporation,2026-06-24,2026-08-08,USD,435283.13,0,581.32,20,87056.63,522921.08,Paid,Paid,2026-07-04,Manual Entry,2026-06-24T00:00:00Z,EMP014,2026-06-25,Passed,,98.5,INV-00389.pdf,Matched successfully against PO.
390,INVREC00390,INV-00390,PO-2025-0904,PO0904,VEND064,Aramark Corporation,2025-03-28,2025-04-27,EUR,278351.46,0,0,0,0,278351.46,Rejected,Unpaid,None,OCR Workflow,2025-03-28T00:00:00Z,EMP004,2025-04-02,Passed,,90.1,INV-00390.pdf,Three-way match completed.
391,INVREC00391,INV-00391,PO-2026-0139,PO0139,VEND012,Elite Services,2026-05-31,2026-06-30,SEK,289989.59,0,1084.72,10,28998.96,320073.27,Paid,Paid,2026-06-15,OCR Workflow,2026-05-31T00:00:00Z,EMP023,2026-06-01,Passed,,95.2,INV-00391.pdf,Invoice under review.
392,INVREC00392,INV-00392,PO-2025-0728,PO0728,VEND065,Sodexo S.A.,2025-02-17,2025-03-19,INR,186074.53,0,0,20,37214.91,223289.44,Paid,Paid,2025-03-02,Manual Entry,2025-02-17T00:00:00Z,EMP035,2025-02-20,Passed,,92.1,INV-00392.pdf,Matched successfully against PO.
393,INVREC00393,INV-00393,PO-2025-1409,PO1409,VEND088,Makita Corporation,2025-06-14,2025-07-14,CHF,64239.75,0,0,0,0,64239.75,Rejected,Unpaid,None,Manual Entry,2025-06-14T00:00:00Z,EMP003,2025-06-15,Passed,,88.2,INV-00393.pdf,Three-way match completed.
394,INVREC00394,INV-00394,PO-2025-0034,PO0034,VEND073,AT&T Business,2025-02-16,2025-03-03,SEK,43742.4,1238.63,0,5,2187.12,45929.52,Paid,Paid,2025-03-01,Manual Entry,2025-02-16T00:00:00Z,EMP014,2025-02-22,Passed,,98.9,INV-00394.pdf,Matched successfully against PO.
395,INVREC00395,INV-00395,PO-2023-1002,PO1002,VEND064,Aramark Corporation,2023-10-29,2023-10-29,EUR,410985.05,17415.98,3922.91,10,41098.5,456006.46,Pending,Unpaid,None,Manual Entry,2023-10-29T00:00:00Z,None,None,Pending Approval,,93.9,INV-00395.pdf,Invoice under review.
396,INVREC00396,INV-00396,PO-2026-0054,PO0054,VEND084,McMaster-Carr,2026-10-07,2026-11-06,GBP,498445.82,21193.91,4362.66,5,24922.29,527730.77,Paid,Paid,2026-10-15,System Integration,2026-10-07T00:00:00Z,EMP021,2026-10-13,Passed,,86.1,INV-00396.pdf,Three-way match completed.
397,INVREC00397,INV-00397,PO-2024-0127,PO0127,VEND034,C.H. Robinson Worldwide,2024-05-18,2024-06-17,SEK,456575.01,0,776.14,20,91315,548666.15,Paid,Paid,2024-06-06,System Integration,2024-05-18T00:00:00Z,EMP014,2024-05-22,Passed,,93.9,INV-00397.pdf,Three-way match completed.
398,INVREC00398,INV-00398,PO-2026-0345,PO0345,VEND056,PricewaterhouseCoopers LLP,2026-11-09,2026-11-09,EUR,235086.19,0,0,20,47017.24,282103.43,Paid,Paid,2026-11-09,Manual Entry,2026-11-09T00:00:00Z,EMP013,2026-11-11,Passed,,92.9,INV-00398.pdf,Payment pending approval.
399,INVREC00399,INV-00399,PO-2023-0923,PO0923,VEND091,Ingersoll Rand,2023-05-18,2023-07-17,GBP,482552.82,0,2939.47,18,86859.51,572351.8,Rejected,Unpaid,None,System Integration,2023-05-18T00:00:00Z,EMP025,2023-05-23,Passed,,90.6,INV-00399.pdf,Payment pending approval.
400,INVREC00400,INV-00400,PO-2023-0882,PO0882,VEND029,Rockwell Automation,2023-01-30,2023-02-14,USD,421133.05,0,4984.64,0,0,426117.69,Rejected,Unpaid,None,OCR Workflow,2023-01-30T00:00:00Z,EMP007,2023-02-06,Passed,,85.5,INV-00400.pdf,Invoice under review.
401,INVREC00401,INV-00401,PO-2023-0478,PO0478,VEND033,Maersk Line,2023-02-08,2023-03-10,SEK,284982.45,0,0,18,51296.84,336279.29,Paid,Paid,2023-02-19,Manual Entry,2023-02-08T00:00:00Z,EMP024,2023-02-09,Passed,,93.3,INV-00401.pdf,Payment pending approval.
402,INVREC00402,INV-00402,PO-2025-0004,PO0004,VEND091,Ingersoll Rand,2025-09-27,2025-10-27,GBP,354663.37,0,0,10,35466.34,390129.71,Paid,Paid,2025-10-01,Manual Entry,2025-09-27T00:00:00Z,EMP026,2025-09-30,Passed,,86.3,INV-00402.pdf,Invoice under review.
403,INVREC00403,INV-00403,PO-2025-0866,PO0866,VEND038,Penske Logistics,2025-10-15,2025-11-14,SEK,199495.13,2804.51,0,5,9974.76,209469.89,Paid,Paid,2025-10-21,System Integration,2025-10-15T00:00:00Z,EMP036,2025-10-21,Passed,,91.9,INV-00403.pdf,Invoice under review.
404,INVREC00404,INV-00404,PO-2025-0348,PO0348,VEND023,Caterpillar Inc.,2025-10-07,2025-11-06,INR,385936.11,0,0,10,38593.61,424529.72,Paid,Paid,2025-10-10,System Integration,2025-10-07T00:00:00Z,EMP034,2025-10-12,Passed,,87.9,INV-00404.pdf,Three-way match completed.
405,INVREC00405,INV-00405,PO-2025-0318,PO0318,VEND039,Oracle Corporation,2025-07-09,2025-08-08,CHF,242755,7881.69,0,20,48551,291306,Paid,Paid,2025-07-19,OCR Workflow,2025-07-09T00:00:00Z,EMP007,2025-07-11,Passed,,90.1,INV-00405.pdf,Matched successfully against PO.
406,INVREC00406,INV-00406,PO-2026-0020,PO0020,VEND073,AT&T Business,2026-04-18,2026-04-18,SEK,292067.49,11991.26,0,0,0,292067.49,Rejected,Unpaid,None,System Integration,2026-04-18T00:00:00Z,EMP030,2026-04-20,Passed,,85.3,INV-00406.pdf,Invoice under review.
407,INVREC00407,INV-00407,PO-2025-0655,PO0655,VEND098,Michelin North America,2025-09-18,2025-10-18,USD,383090.73,17123.5,847.74,20,76618.15,460556.62,Rejected,Unpaid,None,Manual Entry,2025-09-18T00:00:00Z,EMP025,2025-09-19,Passed,,96.1,INV-00407.pdf,Payment pending approval.
408,INVREC00408,INV-00408,PO-2023-1446,PO1446,VEND016,New Horizons,2023-02-27,2023-02-27,GBP,247718.16,0,2116.05,20,49543.63,299377.84,Rejected,Unpaid,None,System Integration,2023-02-27T00:00:00Z,EMP012,2023-03-03,Passed,,90.4,INV-00408.pdf,Invoice under review.
409,INVREC00409,INV-00409,PO-2023-0970,PO0970,VEND080,Ecolab Inc.,2023-10-09,2023-10-24,INR,154995.01,3420.09,0,0,0,154995.01,Paid,Paid,2023-10-12,Manual Entry,2023-10-09T00:00:00Z,EMP002,2023-10-12,Passed,,92.1,INV-00409.pdf,Payment pending approval.
410,INVREC00410,INV-00410,PO-2023-0538,PO0538,VEND100,ZF Friedrichshafen AG,2023-06-01,2023-06-01,USD,364443.89,7730.01,0,18,65599.9,430043.79,Paid,Paid,2023-06-01,Manual Entry,2023-06-01T00:00:00Z,EMP006,2023-06-08,Passed,,90.8,INV-00410.pdf,Three-way match completed.
411,INVREC00411,INV-00411,PO-2026-0304,PO0304,VEND086,W.W. Grainger International,2026-12-17,2027-01-16,EUR,108535.19,0,0,5,5426.76,113961.95,Paid,Paid,2026-12-27,Manual Entry,2026-12-17T00:00:00Z,EMP023,2026-12-23,Passed,,99.7,INV-00411.pdf,Ready for payment.
412,INVREC00412,INV-00412,PO-2025-0653,PO0653,VEND038,Penske Logistics,2026-01-02,2026-02-01,SEK,32077.5,0,0,20,6415.5,38493,Pending,Unpaid,None,Manual Entry,2026-01-02T00:00:00Z,None,None,Pending Approval,,92.2,INV-00412.pdf,Ready for payment.
413,INVREC00413,INV-00413,PO-2026-0120,PO0120,VEND020,Alpha Industries,2026-06-23,2026-07-23,SEK,430480.61,0,4072.25,5,21524.03,456076.89,Paid,Paid,2026-06-26,OCR Workflow,2026-06-23T00:00:00Z,EMP018,2026-06-24,Passed,,87.5,INV-00413.pdf,Matched successfully against PO.
414,INVREC00414,INV-00414,PO-2026-1275,PO1275,VEND070,Tyco International,2026-01-12,2026-03-13,GBP,94470.85,0,0,18,17004.75,111475.6,Paid,Paid,2026-01-23,System Integration,2026-01-12T00:00:00Z,EMP006,2026-01-15,Passed,,92.6,INV-00414.pdf,Payment pending approval.
415,INVREC00415,INV-00415,PO-2023-1028,PO1028,VEND043,Cisco Systems Inc.,2023-04-09,2023-04-24,GBP,107422.43,0,0,20,21484.49,128906.92,Rejected,Unpaid,None,OCR Workflow,2023-04-09T00:00:00Z,EMP021,2023-04-16,Passed,,99.7,INV-00415.pdf,Invoice under review.
416,INVREC00416,INV-00416,PO-2023-0117,PO0117,VEND074,Verizon Business Group,2023-09-22,2023-09-22,EUR,252177.92,9514.69,0,10,25217.79,277395.71,Paid,Paid,2023-09-22,System Integration,2023-09-22T00:00:00Z,EMP038,2023-09-27,Passed,,85.5,INV-00416.pdf,Matched successfully against PO.
417,INVREC00417,INV-00417,PO-2024-0706,PO0706,VEND068,Securitas AB,2024-09-25,2024-11-24,EUR,193565.56,0,240.51,5,9678.28,203484.35,Paid,Paid,2024-10-12,System Integration,2024-09-25T00:00:00Z,EMP040,2024-10-01,Passed,,94.1,INV-00417.pdf,Three-way match completed.
418,INVREC00418,INV-00418,PO-2026-0537,PO0537,VEND048,Cummins Inc.,2026-10-26,2026-12-25,EUR,210646.08,0,546.98,0,0,211193.06,Rejected,Unpaid,None,System Integration,2026-10-26T00:00:00Z,None,None,Rejected,Invoice amount mismatch,94.1,INV-00418.pdf,Payment pending approval.
419,INVREC00419,INV-00419,PO-2024-0563,PO0563,VEND051,Thomson Reuters,2024-05-08,2024-06-07,USD,57993.78,801.66,4014.16,10,5799.38,67807.32,Paid,Paid,2024-05-21,OCR Workflow,2024-05-08T00:00:00Z,EMP005,2024-05-12,Passed,,89.1,INV-00419.pdf,Matched successfully against PO.
420,INVREC00420,INV-00420,PO-2026-0556,PO0556,VEND092,Baldor Electric Company,2026-02-22,2026-03-09,CHF,458418.05,0,2515.42,18,82515.25,543448.72,Rejected,Unpaid,None,OCR Workflow,2026-02-22T00:00:00Z,EMP037,2026-02-23,Passed,,93.5,INV-00420.pdf,Payment pending approval.
421,INVREC00421,INV-00421,PO-2024-0903,PO0903,VEND081,Kimberly-Clark Professional,2025-01-14,2025-01-14,SEK,469599.56,0,0,18,84527.92,554127.48,Paid,Paid,2025-01-14,System Integration,2025-01-14T00:00:00Z,EMP030,2025-01-21,Passed,,98.8,INV-00421.pdf,Ready for payment.
422,INVREC00422,INV-00422,PO-2026-1186,PO1186,VEND006,Amazon Business,2027-01-16,2027-02-15,SEK,153181.54,0,4742.65,5,7659.08,165583.27,Rejected,Unpaid,None,Manual Entry,2027-01-16T00:00:00Z,EMP003,2027-01-22,Passed,,94.8,INV-00422.pdf,Payment pending approval.
423,INVREC00423,INV-00423,PO-2023-1371,PO1371,VEND058,KPMG LLP,2023-10-27,2023-11-26,GBP,253338.39,0,0,18,45600.91,298939.3,Pending,Unpaid,None,Manual Entry,2023-10-27T00:00:00Z,None,None,Pending Approval,,92,INV-00423.pdf,Invoice under review.
424,INVREC00424,INV-00424,PO-2023-0036,PO0036,VEND048,Cummins Inc.,2023-04-14,2023-05-29,EUR,31595.78,1423.01,3518.37,10,3159.58,38273.73,Rejected,Unpaid,None,Manual Entry,2023-04-14T00:00:00Z,EMP017,2023-04-21,Passed,,94.6,INV-00424.pdf,Ready for payment.
425,INVREC00425,INV-00425,PO-2026-0391,PO0391,VEND090,Snap-on Incorporated,2026-08-21,2026-09-20,GBP,406924.34,0,2270.99,20,81384.87,490580.2,Paid,Paid,2026-09-01,Manual Entry,2026-08-21T00:00:00Z,EMP020,2026-08-26,Passed,,93.5,INV-00425.pdf,Invoice under review.
426,INVREC00426,INV-00426,PO-2026-0499,PO0499,VEND051,Thomson Reuters,2026-04-18,2026-05-18,USD,339272.08,0,3208.9,20,67854.42,410335.4,Paid,Paid,2026-05-07,System Integration,2026-04-18T00:00:00Z,EMP040,2026-04-25,Passed,,95.8,INV-00426.pdf,Payment pending approval.
427,INVREC00427,INV-00427,PO-2023-0457,PO0457,VEND028,Emerson Electric Co.,2023-10-01,2023-10-31,INR,195058.81,0,0,18,35110.59,230169.4,Paid,Paid,2023-10-12,OCR Workflow,2023-10-01T00:00:00Z,EMP034,2023-10-05,Passed,,89.1,INV-00427.pdf,Three-way match completed.
428,INVREC00428,INV-00428,PO-2024-0211,PO0211,VEND056,PricewaterhouseCoopers LLP,2024-01-20,2024-02-19,EUR,37677.75,0,0,0,0,37677.75,Pending,Unpaid,None,Manual Entry,2024-01-20T00:00:00Z,None,None,Pending Approval,,92.5,INV-00428.pdf,Payment pending approval.
429,INVREC00429,INV-00429,PO-2024-0258,PO0258,VEND070,Tyco International,2024-04-01,2024-05-01,GBP,412529.21,0,0,20,82505.84,495035.05,Paid,Paid,2024-04-03,OCR Workflow,2024-04-01T00:00:00Z,EMP020,2024-04-07,Passed,,89.5,INV-00429.pdf,Payment pending approval.
430,INVREC00430,INV-00430,PO-2023-1426,PO1426,VEND084,McMaster-Carr,2023-08-14,2023-09-28,GBP,379512.22,0,4406.62,0,0,383918.84,Rejected,Unpaid,None,Manual Entry,2023-08-14T00:00:00Z,EMP029,2023-08-17,Passed,,85.3,INV-00430.pdf,Invoice under review.
431,INVREC00431,INV-00431,PO-2023-0843,PO0843,VEND056,PricewaterhouseCoopers LLP,2023-08-05,2023-08-05,EUR,217625.8,0,0,10,21762.58,239388.38,Paid,Paid,2023-08-05,System Integration,2023-08-05T00:00:00Z,EMP014,2023-08-06,Passed,,91.3,INV-00431.pdf,Payment pending approval.
432,INVREC00432,INV-00432,PO-2026-0312,PO0312,VEND086,W.W. Grainger International,2026-03-18,2026-04-17,EUR,24781.01,601.82,0,10,2478.1,27259.11,Paid,Paid,2026-03-28,System Integration,2026-03-18T00:00:00Z,EMP027,2026-03-23,Passed,,93.3,INV-00432.pdf,Ready for payment.
433,INVREC00433,INV-00433,PO-2023-1290,PO1290,VEND019,Vanguard Tech,2023-03-22,2023-04-21,USD,477348.41,0,0,10,47734.84,525083.25,Paid,Paid,2023-03-25,Manual Entry,2023-03-22T00:00:00Z,EMP036,2023-03-26,Passed,,94.4,INV-00433.pdf,Ready for payment.
434,INVREC00434,INV-00434,PO-2024-1134,PO1134,VEND007,Staples Inc.,2024-01-29,2024-03-29,EUR,175324.33,0,1573.61,18,31558.38,208456.32,Paid,Paid,2024-02-11,Manual Entry,2024-01-29T00:00:00Z,EMP040,2024-02-02,Passed,,87.6,INV-00434.pdf,Payment pending approval.
435,INVREC00435,INV-00435,PO-2026-0953,PO0953,VEND079,UniFirst Corporation,2026-03-31,2026-05-30,USD,377028.42,0,0,10,37702.84,414731.26,Paid,Paid,2026-04-04,Manual Entry,2026-03-31T00:00:00Z,EMP038,2026-04-07,Passed,,88.8,INV-00435.pdf,Ready for payment.
436,INVREC00436,INV-00436,PO-2026-0846,PO0846,VEND071,Waste Management Inc.,2026-08-17,2026-09-16,EUR,352064.07,0,4290.87,10,35206.41,391561.35,Paid,Paid,2026-08-29,System Integration,2026-08-17T00:00:00Z,EMP010,2026-08-21,Passed,,93.9,INV-00436.pdf,Matched successfully against PO.
437,INVREC00437,INV-00437,PO-2024-1472,PO1472,VEND014,Modern Office Co,2024-11-17,2024-11-17,USD,199587.17,8159.92,0,20,39917.43,239504.6,Paid,Paid,2024-11-17,Manual Entry,2024-11-17T00:00:00Z,EMP011,2024-11-22,Passed,,94.8,INV-00437.pdf,Matched successfully against PO.
438,INVREC00438,INV-00438,PO-2025-0996,PO0996,VEND013,Quick Logistics,2025-06-11,2025-06-11,GBP,258306.29,7803.23,0,10,25830.63,284136.92,Paid,Paid,2025-06-11,System Integration,2025-06-11T00:00:00Z,EMP022,2025-06-13,Passed,,94.7,INV-00438.pdf,Payment pending approval.
439,INVREC00439,INV-00439,PO-2025-1376,PO1376,VEND013,Quick Logistics,2025-06-28,2025-08-27,GBP,300261.21,0,49.68,5,15013.06,315323.95,Paid,Paid,2025-07-09,System Integration,2025-06-28T00:00:00Z,EMP017,2025-07-05,Passed,,92.4,INV-00439.pdf,Invoice under review.
440,INVREC00440,INV-00440,PO-2025-1209,PO1209,VEND067,"CBRE Group, Inc.",2025-06-15,2025-07-15,EUR,16101.5,0,245.23,10,1610.15,17956.88,Rejected,Unpaid,None,OCR Workflow,2025-06-15T00:00:00Z,EMP003,2025-06-20,Passed,,95.4,INV-00440.pdf,Matched successfully against PO.
441,INVREC00441,INV-00441,PO-2026-1407,PO1407,VEND030,Bosch Rexroth AG,2026-03-14,2026-03-29,CHF,205323.55,0,0,5,10266.18,215589.73,Pending,Unpaid,None,System Integration,2026-03-14T00:00:00Z,None,None,Pending Approval,,89.1,INV-00441.pdf,Matched successfully against PO.
442,INVREC00442,INV-00442,PO-2024-0211,PO0211,VEND056,PricewaterhouseCoopers LLP,2024-01-24,2024-02-23,EUR,37677.75,0,0,0,0,37677.75,Rejected,Unpaid,None,Manual Entry,2024-01-24T00:00:00Z,None,None,Rejected,Invoice amount mismatch,89.3,INV-00442.pdf,Matched successfully against PO.
443,INVREC00443,INV-00443,PO-2026-1442,PO1442,VEND004,Dell Technologies,2026-01-05,2026-02-04,CHF,48251.67,1477.68,1449.56,20,9650.33,59351.56,Rejected,Unpaid,None,OCR Workflow,2026-01-05T00:00:00Z,EMP017,2026-01-10,Passed,,95.3,INV-00443.pdf,Ready for payment.
444,INVREC00444,INV-00444,PO-2023-0713,PO0713,VEND014,Modern Office Co,2023-01-04,2023-02-18,USD,398807.63,0,0,0,0,398807.63,Rejected,Unpaid,None,OCR Workflow,2023-01-04T00:00:00Z,EMP033,2023-01-06,Passed,,97.6,INV-00444.pdf,Invoice under review.
445,INVREC00445,INV-00445,PO-2025-1368,PO1368,VEND095,SKF Group,2025-07-28,2025-09-26,GBP,57423.33,0,1323.64,18,10336.2,69083.17,Rejected,Unpaid,None,System Integration,2025-07-28T00:00:00Z,EMP020,2025-08-03,Passed,,98.5,INV-00445.pdf,Three-way match completed.
446,INVREC00446,INV-00446,PO-2023-0402,PO0402,VEND025,ABB Ltd,2023-11-27,2023-12-27,GBP,73594.34,0,2204.24,0,0,75798.58,Paid,Paid,2023-11-30,OCR Workflow,2023-11-27T00:00:00Z,EMP024,2023-12-04,Passed,,88.2,INV-00446.pdf,Three-way match completed.
447,INVREC00447,INV-00447,PO-2025-0283,PO0283,VEND079,UniFirst Corporation,2026-01-14,2026-01-14,USD,77335.67,0,0,5,3866.78,81202.45,Paid,Paid,2026-01-14,System Integration,2026-01-14T00:00:00Z,EMP012,2026-01-21,Passed,,93.9,INV-00447.pdf,Three-way match completed.
448,INVREC00448,INV-00448,PO-2026-0012,PO0012,VEND017,Pinnacle Partners,2026-04-08,2026-05-23,CHF,382589.76,0,1707.08,10,38258.98,422555.82,Rejected,Unpaid,None,System Integration,2026-04-08T00:00:00Z,EMP040,2026-04-12,Passed,,97.5,INV-00448.pdf,Matched successfully against PO.
449,INVREC00449,INV-00449,PO-2025-1283,PO1283,VEND010,Tech Solutions Ltd,2025-07-21,2025-08-20,USD,285049.46,0,4255.17,5,14252.47,303557.1,Paid,Paid,2025-07-30,System Integration,2025-07-21T00:00:00Z,EMP001,2025-07-24,Passed,,86.7,INV-00449.pdf,Payment pending approval.
450,INVREC00450,INV-00450,PO-2023-1288,PO1288,VEND004,Dell Technologies,2023-07-30,2023-09-28,CHF,225807.61,0,0,20,45161.52,270969.13,Paid,Paid,2023-08-11,OCR Workflow,2023-07-30T00:00:00Z,EMP004,2023-08-05,Passed,,93.9,INV-00450.pdf,Ready for payment.
451,INVREC00451,INV-00451,PO-2023-0747,PO0747,VEND038,Penske Logistics,2023-09-07,2023-10-07,SEK,174563.45,0,3011.08,0,0,177574.53,Rejected,Unpaid,None,Manual Entry,2023-09-07T00:00:00Z,None,None,Rejected,Invoice amount mismatch,85.4,INV-00451.pdf,Invoice under review.
452,INVREC00452,INV-00452,PO-2026-1064,PO1064,VEND015,Best Buy Corp,2026-02-14,2026-03-16,INR,228829.15,8162.64,4906.63,5,11441.46,245177.24,Paid,Paid,2026-02-22,OCR Workflow,2026-02-14T00:00:00Z,EMP034,2026-02-17,Passed,,97.9,INV-00452.pdf,Ready for payment.
453,INVREC00453,INV-00453,PO-2025-0221,PO0221,VEND080,Ecolab Inc.,2025-04-26,2025-04-26,INR,157863.76,0,0,18,28415.48,186279.24,Pending,Unpaid,None,System Integration,2025-04-26T00:00:00Z,None,None,Pending Approval,,97.3,INV-00453.pdf,Ready for payment.
454,INVREC00454,INV-00454,PO-2025-0236,PO0236,VEND048,Cummins Inc.,2025-06-19,2025-06-19,EUR,128146.41,0,0,0,0,128146.41,Paid,Paid,2025-06-19,System Integration,2025-06-19T00:00:00Z,EMP025,2025-06-22,Passed,,90.1,INV-00454.pdf,Matched successfully against PO.
455,INVREC00455,INV-00455,PO-2023-1015,PO1015,VEND072,Republic Services,2023-09-03,2023-11-02,SEK,412192.42,0,4054.55,10,41219.24,457466.21,Paid,Paid,2023-09-21,Manual Entry,2023-09-03T00:00:00Z,EMP028,2023-09-06,Passed,,90.9,INV-00455.pdf,Three-way match completed.
456,INVREC00456,INV-00456,PO-2023-1149,PO1149,VEND045,Hewlett Packard Enterprise,2023-10-06,2023-12-05,CHF,290525.93,0,0,5,14526.3,305052.23,Paid,Paid,2023-10-14,Manual Entry,2023-10-06T00:00:00Z,EMP019,2023-10-08,Passed,,91,INV-00456.pdf,Payment pending approval.
457,INVREC00457,INV-00457,PO-2024-0063,PO0063,VEND033,Maersk Line,2024-07-20,2024-08-19,SEK,429587.42,0,3425.41,20,85917.48,518930.31,Paid,Paid,2024-08-02,OCR Workflow,2024-07-20T00:00:00Z,EMP020,2024-07-27,Passed,,87.8,INV-00457.pdf,Three-way match completed.
458,INVREC00458,INV-00458,PO-2026-0379,PO0379,VEND009,Office Furniture World,2026-02-26,2026-03-13,USD,233666.54,7308.49,0,5,11683.33,245349.87,Paid,Paid,2026-03-06,Manual Entry,2026-02-26T00:00:00Z,EMP029,2026-03-04,Passed,,87,INV-00458.pdf,Payment pending approval.
459,INVREC00459,INV-00459,PO-2026-0465,PO0465,VEND066,Jones Lang LaSalle,2027-01-09,2027-02-23,CHF,408540.68,0,2389.91,0,0,410930.59,Paid,Paid,2027-01-14,OCR Workflow,2027-01-09T00:00:00Z,EMP013,2027-01-10,Passed,,98.3,INV-00459.pdf,Invoice under review.
460,INVREC00460,INV-00460,PO-2024-0819,PO0819,VEND066,Jones Lang LaSalle,2024-04-23,2024-05-23,CHF,324823.04,0,0,18,58468.15,383291.19,Paid,Paid,2024-05-12,Manual Entry,2024-04-23T00:00:00Z,EMP027,2024-04-30,Passed,,97.4,INV-00460.pdf,Ready for payment.
461,INVREC00461,INV-00461,PO-2026-0434,PO0434,VEND098,Michelin North America,2026-07-30,2026-09-13,USD,318889.07,0,0,5,15944.45,334833.52,Paid,Paid,2026-08-05,OCR Workflow,2026-07-30T00:00:00Z,EMP003,2026-08-03,Passed,,95.3,INV-00461.pdf,Payment pending approval.
462,INVREC00462,INV-00462,PO-2025-1298,PO1298,VEND069,ADT Inc.,2025-08-07,2025-08-22,EUR,339947.81,8465.5,3408.04,10,33994.78,377350.63,Rejected,Unpaid,None,OCR Workflow,2025-08-07T00:00:00Z,EMP021,2025-08-13,Passed,,97.9,INV-00462.pdf,Matched successfully against PO.
463,INVREC00463,INV-00463,PO-2026-0203,PO0203,VEND055,Deloitte & Touche LLP,2026-10-05,2026-10-05,EUR,82773.01,0,3658.42,5,4138.65,90570.08,Paid,Paid,2026-10-05,OCR Workflow,2026-10-05T00:00:00Z,EMP034,2026-10-10,Passed,,87,INV-00463.pdf,Ready for payment.
464,INVREC00464,INV-00464,PO-2025-0406,PO0406,VEND058,KPMG LLP,2025-12-04,2026-01-03,GBP,58471.28,0,0,18,10524.83,68996.11,Paid,Paid,2025-12-05,OCR Workflow,2025-12-04T00:00:00Z,EMP035,2025-12-10,Passed,,97.4,INV-00464.pdf,Payment pending approval.
465,INVREC00465,INV-00465,PO-2024-1112,PO1112,VEND007,Staples Inc.,2024-03-16,2024-04-15,EUR,102504.25,0,0,10,10250.42,112754.67,Paid,Paid,2024-03-29,System Integration,2024-03-16T00:00:00Z,EMP004,2024-03-23,Passed,,92.1,INV-00465.pdf,Three-way match completed.
466,INVREC00466,INV-00466,PO-2026-0398,PO0398,VEND022,Siemens AG,2026-02-22,2026-03-24,USD,89927.36,2484.36,871.18,20,17985.47,108784.01,Paid,Paid,2026-03-03,System Integration,2026-02-22T00:00:00Z,EMP026,2026-02-25,Passed,,92.6,INV-00466.pdf,Three-way match completed.
467,INVREC00467,INV-00467,PO-2026-0797,PO0797,VEND089,DeWalt Industrial Tool Co.,2027-01-22,2027-01-22,INR,424420.39,0,4564.43,18,76395.67,505380.49,Paid,Paid,2027-01-22,System Integration,2027-01-22T00:00:00Z,EMP021,2027-01-29,Passed,,93.8,INV-00467.pdf,Matched successfully against PO.
468,INVREC00468,INV-00468,PO-2023-0073,PO0073,VEND028,Emerson Electric Co.,2023-08-20,2023-09-19,INR,316963.9,13325.1,4151.04,5,15848.19,336963.13,Rejected,Unpaid,None,OCR Workflow,2023-08-20T00:00:00Z,EMP001,2023-08-24,Passed,,95.7,INV-00468.pdf,Matched successfully against PO.
469,INVREC00469,INV-00469,PO-2024-0511,PO0511,VEND056,PricewaterhouseCoopers LLP,2024-02-28,2024-03-29,EUR,268844,0,0,10,26884.4,295728.4,Paid,Paid,2024-03-10,System Integration,2024-02-28T00:00:00Z,EMP033,2024-03-06,Passed,,92.6,INV-00469.pdf,Ready for payment.
470,INVREC00470,INV-00470,PO-2024-0941,PO0941,VEND054,"FTI Consulting, Inc.",2024-07-20,2024-09-03,USD,177262.12,0,4093.18,20,35452.42,216807.72,Rejected,Unpaid,None,OCR Workflow,2024-07-20T00:00:00Z,EMP030,2024-07-25,Passed,,93.2,INV-00470.pdf,Three-way match completed.
471,INVREC00471,INV-00471,PO-2023-0498,PO0498,VEND097,Goodyear Tire & Rubber,2023-07-03,2023-07-03,GBP,154453.89,0,4761.16,5,7722.69,166937.74,Paid,Paid,2023-07-03,OCR Workflow,2023-07-03T00:00:00Z,EMP017,2023-07-08,Passed,,95.2,INV-00471.pdf,Invoice under review.
472,INVREC00472,INV-00472,PO-2023-0218,PO0218,VEND044,IBM Corporation,2023-04-16,2023-06-15,SEK,19806.77,0,0,20,3961.35,23768.12,Rejected,Unpaid,None,System Integration,2023-04-16T00:00:00Z,EMP003,2023-04-18,Passed,,94.7,INV-00472.pdf,Matched successfully against PO.
473,INVREC00473,INV-00473,PO-2025-0018,PO0018,VEND025,ABB Ltd,2025-01-23,2025-03-09,GBP,104640.63,2866.28,0,0,0,104640.63,Paid,Paid,2025-02-08,Manual Entry,2025-01-23T00:00:00Z,EMP036,2025-01-26,Passed,,92.6,INV-00473.pdf,Invoice under review.
474,INVREC00474,INV-00474,PO-2024-0488,PO0488,VEND064,Aramark Corporation,2024-07-10,2024-09-08,EUR,105884.01,0,0,20,21176.8,127060.81,Paid,Paid,2024-07-27,Manual Entry,2024-07-10T00:00:00Z,EMP014,2024-07-11,Passed,,96.9,INV-00474.pdf,Matched successfully against PO.
475,INVREC00475,INV-00475,PO-2025-0479,PO0479,VEND013,Quick Logistics,2025-09-28,2025-10-13,GBP,384017.7,0,0,0,0,384017.7,Paid,Paid,2025-10-06,System Integration,2025-09-28T00:00:00Z,EMP018,2025-10-02,Passed,,96.2,INV-00475.pdf,Invoice under review.
476,INVREC00476,INV-00476,PO-2025-0704,PO0704,VEND075,T-Mobile for Business,2025-12-30,2026-01-29,GBP,15920.28,0,208.37,10,1592.03,17720.68,Pending,Unpaid,None,OCR Workflow,2025-12-30T00:00:00Z,None,None,Pending Approval,,99.4,INV-00476.pdf,Ready for payment.
477,INVREC00477,INV-00477,PO-2025-0208,PO0208,VEND088,Makita Corporation,2025-03-19,2025-03-19,CHF,196470.25,4812.86,0,20,39294.05,235764.3,Paid,Paid,2025-03-19,System Integration,2025-03-19T00:00:00Z,EMP020,2025-03-23,Passed,,98.8,INV-00477.pdf,Three-way match completed.
478,INVREC00478,INV-00478,PO-2026-0397,PO0397,VEND094,Timken Company,2026-11-12,2026-12-27,SEK,15248.05,0,4799.09,20,3049.61,23096.75,Paid,Paid,2026-11-13,System Integration,2026-11-12T00:00:00Z,EMP032,2026-11-18,Passed,,91.1,INV-00478.pdf,Payment pending approval.
479,INVREC00479,INV-00479,PO-2024-0118,PO0118,VEND079,UniFirst Corporation,2024-02-25,2024-03-11,USD,93663.41,0,0,5,4683.17,98346.58,Rejected,Unpaid,None,OCR Workflow,2024-02-25T00:00:00Z,EMP008,2024-03-03,Passed,,98.6,INV-00479.pdf,Invoice under review.
480,INVREC00480,INV-00480,PO-2023-0117,PO0117,VEND074,Verizon Business Group,2023-09-18,2023-09-18,EUR,252177.92,11778.49,0,10,25217.79,277395.71,Paid,Paid,2023-09-18,OCR Workflow,2023-09-18T00:00:00Z,EMP017,2023-09-23,Passed,,88.1,INV-00480.pdf,Ready for payment.
481,INVREC00481,INV-00481,PO-2025-1422,PO1422,VEND041,Salesforce.com Inc.,2025-03-09,2025-03-24,GBP,42512,1037.77,1141.78,10,4251.2,47904.98,Paid,Paid,2025-03-11,OCR Workflow,2025-03-09T00:00:00Z,EMP005,2025-03-14,Passed,,91.7,INV-00481.pdf,Matched successfully against PO.
482,INVREC00482,INV-00482,PO-2024-1169,PO1169,VEND096,Gates Corporation,2024-01-19,2024-02-18,EUR,293326.56,0,0,20,58665.31,351991.87,Paid,Paid,2024-02-03,System Integration,2024-01-19T00:00:00Z,EMP028,2024-01-21,Passed,,97.3,INV-00482.pdf,Ready for payment.
483,INVREC00483,INV-00483,PO-2026-1212,PO1212,VEND057,Ernst & Young LLP,2026-05-20,2026-05-20,INR,125253.22,0,0,0,0,125253.22,Pending,Unpaid,None,OCR Workflow,2026-05-20T00:00:00Z,None,None,Pending Approval,,86.3,INV-00483.pdf,Invoice under review.
484,INVREC00484,INV-00484,PO-2024-1408,PO1408,VEND015,Best Buy Corp,2024-05-15,2024-07-14,INR,273165,9934.51,3141.6,0,0,276306.6,Rejected,Unpaid,None,Manual Entry,2024-05-15T00:00:00Z,EMP034,2024-05-18,Passed,,93.8,INV-00484.pdf,Invoice under review.
485,INVREC00485,INV-00485,PO-2023-1466,PO1466,VEND005,Microsoft Corporation,2023-06-10,2023-07-10,SEK,31658.74,0,0,5,1582.94,33241.68,Pending,Unpaid,None,OCR Workflow,2023-06-10T00:00:00Z,None,None,Pending Approval,,85.3,INV-00485.pdf,Three-way match completed.
486,INVREC00486,INV-00486,PO-2023-0199,PO0199,VEND046,Lenovo Group Limited,2023-07-21,2023-08-20,INR,367481.26,10322.74,1978.56,0,0,369459.82,Paid,Paid,2023-07-25,OCR Workflow,2023-07-21T00:00:00Z,EMP029,2023-07-26,Passed,,98.9,INV-00486.pdf,Ready for payment.
487,INVREC00487,INV-00487,PO-2026-0139,PO0139,VEND012,Elite Services,2026-05-08,2026-06-07,SEK,289989.59,0,1084.72,10,28998.96,320073.27,Rejected,Unpaid,None,Manual Entry,2026-05-08T00:00:00Z,EMP037,2026-05-09,Passed,,86.9,INV-00487.pdf,Matched successfully against PO.
488,INVREC00488,INV-00488,PO-2024-1163,PO1163,VEND062,Accenture PLC,2024-02-21,2024-02-21,USD,297110.33,0,0,5,14855.52,311965.85,Paid,Paid,2024-02-21,OCR Workflow,2024-02-21T00:00:00Z,EMP004,2024-02-28,Passed,,91.4,INV-00488.pdf,Ready for payment.
489,INVREC00489,INV-00489,PO-2023-0297,PO0297,VEND075,T-Mobile for Business,2023-05-17,2023-06-16,GBP,277197.65,0,0,0,0,277197.65,Rejected,Unpaid,None,System Integration,2023-05-17T00:00:00Z,EMP005,2023-05-19,Passed,,87.8,INV-00489.pdf,Three-way match completed.
490,INVREC00490,INV-00490,PO-2025-0254,PO0254,VEND051,Thomson Reuters,2025-11-20,2025-12-20,USD,406210.67,0,3876.43,10,40621.07,450708.17,Paid,Paid,2025-11-21,OCR Workflow,2025-11-20T00:00:00Z,EMP025,2025-11-27,Passed,,86.5,INV-00490.pdf,Three-way match completed.
491,INVREC00491,INV-00491,PO-2025-0969,PO0969,VEND083,MSC Industrial Direct,2025-11-03,2025-12-03,SEK,228012.13,0,4185.19,0,0,232197.32,Paid,Paid,2025-11-13,OCR Workflow,2025-11-03T00:00:00Z,EMP024,2025-11-06,Passed,,85.3,INV-00491.pdf,Three-way match completed.
492,INVREC00492,INV-00492,PO-2025-0214,PO0214,VEND086,W.W. Grainger International,2026-01-07,2026-02-06,EUR,143916,0,3306.96,0,0,147222.96,Paid,Paid,2026-01-17,System Integration,2026-01-07T00:00:00Z,EMP023,2026-01-08,Passed,,85.1,INV-00492.pdf,Three-way match completed.
493,INVREC00493,INV-00493,PO-2023-0292,PO0292,VEND092,Baldor Electric Company,2023-05-03,2023-06-02,CHF,82354.34,0,3336.83,0,0,85691.17,Paid,Paid,2023-05-14,System Integration,2023-05-03T00:00:00Z,EMP002,2023-05-08,Passed,,89,INV-00493.pdf,Three-way match completed.
494,INVREC00494,INV-00494,PO-2025-0704,PO0704,VEND075,T-Mobile for Business,2026-01-08,2026-02-07,GBP,15920.28,0,208.37,10,1592.03,17720.68,Paid,Paid,2026-01-19,OCR Workflow,2026-01-08T00:00:00Z,EMP003,2026-01-15,Passed,,99.8,INV-00494.pdf,Ready for payment.
495,INVREC00495,INV-00495,PO-2023-0994,PO0994,VEND008,DHL Express,2023-10-09,2023-12-08,INR,82427.03,3225.51,48.98,20,16485.41,98961.42,Pending,Unpaid,None,Manual Entry,2023-10-09T00:00:00Z,None,None,Pending Approval,,89.2,INV-00495.pdf,Payment pending approval.
496,INVREC00496,INV-00496,PO-2023-0227,PO0227,VEND052,Moody's Analytics,2023-03-23,2023-05-22,GBP,70109.64,0,0,20,14021.93,84131.57,Paid,Paid,2023-04-07,Manual Entry,2023-03-23T00:00:00Z,EMP031,2023-03-28,Passed,,91.7,INV-00496.pdf,Matched successfully against PO.
497,INVREC00497,INV-00497,PO-2024-0401,PO0401,VEND078,Cintas Corporation,2024-04-02,2024-05-02,USD,316680.35,0,699.03,10,31668.03,349047.41,Paid,Paid,2024-04-15,Manual Entry,2024-04-02T00:00:00Z,EMP032,2024-04-06,Passed,,98.2,INV-00497.pdf,Payment pending approval.
498,INVREC00498,INV-00498,PO-2023-0026,PO0026,VEND064,Aramark Corporation,2023-02-16,2023-03-18,EUR,138224.58,0,0,0,0,138224.58,Paid,Paid,2023-02-28,Manual Entry,2023-02-16T00:00:00Z,EMP038,2023-02-19,Passed,,98.7,INV-00498.pdf,Ready for payment.
499,INVREC00499,INV-00499,PO-2025-0318,PO0318,VEND039,Oracle Corporation,2025-07-21,2025-08-20,CHF,242755,2845.03,0,20,48551,291306,Rejected,Unpaid,None,OCR Workflow,2025-07-21T00:00:00Z,EMP002,2025-07-22,Passed,,87.7,INV-00499.pdf,Three-way match completed.
500,INVREC00500,INV-00500,PO-2025-0038,PO0038,VEND037,Atlas Air Worldwide,2025-05-29,2025-07-13,CHF,51044.22,0,0,20,10208.84,61253.06,Rejected,Unpaid,None,OCR Workflow,2025-05-29T00:00:00Z,EMP009,2025-06-01,Passed,,85.2,INV-00500.pdf,Invoice under review.
501,INVREC00501,INV-00501,PO-2026-0604,PO0604,VEND095,SKF Group,2026-11-30,2027-01-29,GBP,77684.89,0,0,0,0,77684.89,Paid,Paid,2026-12-01,OCR Workflow,2026-11-30T00:00:00Z,EMP037,2026-12-06,Passed,,96.1,INV-00501.pdf,Three-way match completed.
502,INVREC00502,INV-00502,PO-2025-0669,PO0669,VEND055,Deloitte & Touche LLP,2025-06-16,2025-07-31,EUR,407161.03,19850.4,1589.28,10,40716.1,449466.41,Paid,Paid,2025-06-29,System Integration,2025-06-16T00:00:00Z,EMP039,2025-06-19,Passed,,99.4,INV-00502.pdf,Invoice under review.
503,INVREC00503,INV-00503,PO-2024-0711,PO0711,VEND008,DHL Express,2024-07-19,2024-08-18,INR,287481.39,0,4726.41,0,0,292207.8,Rejected,Unpaid,None,OCR Workflow,2024-07-19T00:00:00Z,EMP008,2024-07-22,Passed,,93.8,INV-00503.pdf,Matched successfully against PO.
504,INVREC00504,INV-00504,PO-2023-0986,PO0986,VEND093,Regal Beloit Corporation,2023-12-31,2024-01-30,CHF,229130.08,0,2785.67,10,22913.01,254828.76,Pending,Unpaid,None,System Integration,2023-12-31T00:00:00Z,None,None,Pending Approval,,94.1,INV-00504.pdf,Payment pending approval.
505,INVREC00505,INV-00505,PO-2023-1192,PO1192,VEND040,SAP SE,2024-01-18,2024-02-02,INR,374372.1,8139,4846.02,5,18718.6,397936.72,Rejected,Unpaid,None,System Integration,2024-01-18T00:00:00Z,None,None,Rejected,Invoice amount mismatch,97.9,INV-00505.pdf,Ready for payment.
506,INVREC00506,INV-00506,PO-2026-0956,PO0956,VEND015,Best Buy Corp,2026-10-05,2026-11-04,INR,355507.4,0,0,20,71101.48,426608.88,Rejected,Unpaid,None,System Integration,2026-10-05T00:00:00Z,EMP016,2026-10-06,Passed,,85.2,INV-00506.pdf,Matched successfully against PO.
507,INVREC00507,INV-00507,PO-2023-0675,PO0675,VEND059,McKinsey & Company,2023-04-04,2023-05-19,CHF,134334.23,0,4431.61,20,26866.85,165632.69,Paid,Paid,2023-04-05,Manual Entry,2023-04-04T00:00:00Z,EMP006,2023-04-11,Passed,,99.2,INV-00507.pdf,Ready for payment.
508,INVREC00508,INV-00508,PO-2025-0328,PO0328,VEND039,Oracle Corporation,2025-07-02,2025-08-31,CHF,119542.28,0,3915,10,11954.23,135411.51,Rejected,Unpaid,None,OCR Workflow,2025-07-02T00:00:00Z,EMP036,2025-07-07,Passed,,92.8,INV-00508.pdf,Payment pending approval.
509,INVREC00509,INV-00509,PO-2023-0218,PO0218,VEND044,IBM Corporation,2023-04-25,2023-06-24,SEK,19806.77,508.61,0,20,3961.35,23768.12,Paid,Paid,2023-05-09,Manual Entry,2023-04-25T00:00:00Z,EMP024,2023-04-28,Passed,,98.8,INV-00509.pdf,Invoice under review.
510,INVREC00510,INV-00510,PO-2026-0630,PO0630,VEND018,Summit Systems,2026-04-18,2026-05-18,EUR,41312.86,0,0,5,2065.64,43378.5,Pending,Unpaid,None,Manual Entry,2026-04-18T00:00:00Z,None,None,Pending Approval,,89.8,INV-00510.pdf,Payment pending approval.
511,INVREC00511,INV-00511,PO-2024-0639,PO0639,VEND076,Comcast Business,2025-01-15,2025-01-30,GBP,92608.89,0,1562.06,20,18521.78,112692.73,Paid,Paid,2025-01-21,Manual Entry,2025-01-15T00:00:00Z,EMP029,2025-01-18,Passed,,91.1,INV-00511.pdf,Invoice under review.
512,INVREC00512,INV-00512,PO-2026-1212,PO1212,VEND057,Ernst & Young LLP,2026-05-31,2026-05-31,INR,125253.22,0,0,0,0,125253.22,Paid,Paid,2026-05-31,OCR Workflow,2026-05-31T00:00:00Z,EMP029,2026-06-06,Passed,,86.3,INV-00512.pdf,Three-way match completed.
513,INVREC00513,INV-00513,PO-2024-1481,PO1481,VEND051,Thomson Reuters,2024-04-30,2024-05-30,USD,137709.77,1891.2,4396.88,20,27541.95,169648.6,Paid,Paid,2024-05-07,OCR Workflow,2024-04-30T00:00:00Z,EMP001,2024-05-05,Passed,,91.8,INV-00513.pdf,Ready for payment.
514,INVREC00514,INV-00514,PO-2026-1114,PO1114,VEND017,Pinnacle Partners,2026-08-22,2026-10-06,CHF,278577.33,0,0,18,50143.92,328721.25,Paid,Paid,2026-09-08,OCR Workflow,2026-08-22T00:00:00Z,EMP011,2026-08-29,Passed,,96.7,INV-00514.pdf,Three-way match completed.
515,INVREC00515,INV-00515,PO-2024-0340,PO0340,VEND010,Tech Solutions Ltd,2024-05-07,2024-06-21,USD,154115.32,4429.51,0,18,27740.76,181856.08,Paid,Paid,2024-05-27,System Integration,2024-05-07T00:00:00Z,EMP029,2024-05-14,Passed,,96.4,INV-00515.pdf,Matched successfully against PO.
516,INVREC00516,INV-00516,PO-2023-1172,PO1172,VEND022,Siemens AG,2024-01-05,2024-02-04,USD,228526.75,0,4481.24,18,41134.82,274142.81,Rejected,Unpaid,None,OCR Workflow,2024-01-05T00:00:00Z,EMP026,2024-01-12,Passed,,92.9,INV-00516.pdf,Three-way match completed.
517,INVREC00517,INV-00517,PO-2025-0655,PO0655,VEND098,Michelin North America,2025-09-23,2025-10-23,USD,383090.73,5231.58,847.74,20,76618.15,460556.62,Paid,Paid,2025-10-08,Manual Entry,2025-09-23T00:00:00Z,EMP039,2025-09-28,Passed,,90.8,INV-00517.pdf,Matched successfully against PO.
518,INVREC00518,INV-00518,PO-2024-0010,PO0010,VEND004,Dell Technologies,2024-02-08,2024-03-24,CHF,335034.4,0,1659.28,18,60306.19,396999.87,Rejected,Unpaid,None,Manual Entry,2024-02-08T00:00:00Z,EMP012,2024-02-13,Passed,,85.4,INV-00518.pdf,Ready for payment.
519,INVREC00519,INV-00519,PO-2023-1464,PO1464,VEND017,Pinnacle Partners,2023-05-03,2023-07-02,CHF,67805.47,0,2615.63,5,3390.27,73811.37,Rejected,Unpaid,None,System Integration,2023-05-03T00:00:00Z,EMP030,2023-05-08,Passed,,86.9,INV-00519.pdf,Three-way match completed.
520,INVREC00520,INV-00520,PO-2023-0046,PO0046,VEND026,General Electric,2023-10-14,2023-11-13,SEK,115035.44,0,3292.05,10,11503.54,129831.03,Rejected,Unpaid,None,Manual Entry,2023-10-14T00:00:00Z,EMP039,2023-10-20,Passed,,99.7,INV-00520.pdf,Payment pending approval.
521,INVREC00521,INV-00521,PO-2025-0452,PO0452,VEND072,Republic Services,2025-02-21,2025-02-21,SEK,426719.88,0,4415.31,5,21335.99,452471.18,Paid,Paid,2025-02-21,Manual Entry,2025-02-21T00:00:00Z,EMP006,2025-02-25,Passed,,88.5,INV-00521.pdf,Matched successfully against PO.
522,INVREC00522,INV-00522,PO-2023-0906,PO0906,VEND094,Timken Company,2023-06-21,2023-08-20,SEK,131513.22,2136.49,0,18,23672.38,155185.6,Paid,Paid,2023-06-26,OCR Workflow,2023-06-21T00:00:00Z,EMP034,2023-06-28,Passed,,86.6,INV-00522.pdf,Ready for payment.
523,INVREC00523,INV-00523,PO-2024-0303,PO0303,VEND031,FedEx Corporation,2024-05-11,2024-06-10,SEK,453825.91,4623.91,3959.88,20,90765.18,548550.97,Pending,Unpaid,None,OCR Workflow,2024-05-11T00:00:00Z,None,None,Pending Approval,,98.5,INV-00523.pdf,Payment pending approval.
524,INVREC00524,INV-00524,PO-2025-0585,PO0585,VEND085,Fastenal Company,2025-10-15,2025-11-14,SEK,327916.95,0,0,18,59025.05,386942,Rejected,Unpaid,None,OCR Workflow,2025-10-15T00:00:00Z,EMP015,2025-10-17,Passed,,88.5,INV-00524.pdf,Three-way match completed.
525,INVREC00525,INV-00525,PO-2026-1111,PO1111,VEND040,SAP SE,2026-02-22,2026-02-22,INR,94977.64,0,4693.1,5,4748.88,104419.62,Paid,Paid,2026-02-22,System Integration,2026-02-22T00:00:00Z,EMP036,2026-02-26,Passed,,96.9,INV-00525.pdf,Three-way match completed.
526,INVREC00526,INV-00526,PO-2024-0840,PO0840,VEND086,W.W. Grainger International,2024-02-27,2024-03-28,EUR,99375.54,0,2072.78,0,0,101448.32,Paid,Paid,2024-03-04,OCR Workflow,2024-02-27T00:00:00Z,EMP029,2024-02-29,Passed,,93.9,INV-00526.pdf,Matched successfully against PO.
527,INVREC00527,INV-00527,PO-2024-0349,PO0349,VEND087,Hilti Corporation,2024-11-26,2024-12-26,CHF,18788.47,0,2957.73,20,3757.69,25503.89,Paid,Paid,2024-12-08,Manual Entry,2024-11-26T00:00:00Z,EMP036,2024-11-27,Passed,,93.2,INV-00527.pdf,Ready for payment.
528,INVREC00528,INV-00528,PO-2023-0447,PO0447,VEND070,Tyco International,2023-06-30,2023-07-30,GBP,375534.23,0,2598.02,10,37553.42,415685.67,Paid,Paid,2023-07-18,System Integration,2023-06-30T00:00:00Z,EMP007,2023-07-06,Passed,,90.2,INV-00528.pdf,Ready for payment.
529,INVREC00529,INV-00529,PO-2025-1493,PO1493,VEND011,Global Supplies Inc,2025-06-26,2025-07-26,SEK,420384.43,0,1685.27,18,75669.2,497738.9,Paid,Paid,2025-07-10,System Integration,2025-06-26T00:00:00Z,EMP032,2025-07-03,Passed,,94.2,INV-00529.pdf,Ready for payment.
530,INVREC00530,INV-00530,PO-2024-1090,PO1090,VEND072,Republic Services,2024-02-19,2024-03-20,SEK,64896.09,0,0,20,12979.22,77875.31,Rejected,Unpaid,None,OCR Workflow,2024-02-19T00:00:00Z,EMP022,2024-02-23,Passed,,99.1,INV-00530.pdf,Matched successfully against PO.
531,INVREC00531,INV-00531,PO-2023-0939,PO0939,VEND041,Salesforce.com Inc.,2023-04-27,2023-06-11,GBP,218146.33,10339.45,0,5,10907.32,229053.65,Rejected,Unpaid,None,OCR Workflow,2023-04-27T00:00:00Z,EMP013,2023-04-30,Passed,,88.5,INV-00531.pdf,Invoice under review.
532,INVREC00532,INV-00532,PO-2024-1169,PO1169,VEND096,Gates Corporation,2024-01-05,2024-02-04,EUR,293326.56,4681.25,0,20,58665.31,351991.87,Paid,Paid,2024-01-09,System Integration,2024-01-05T00:00:00Z,EMP013,2024-01-06,Passed,,93.4,INV-00532.pdf,Invoice under review.
533,INVREC00533,INV-00533,PO-2023-0196,PO0196,VEND018,Summit Systems,2023-03-12,2023-03-27,EUR,447800.87,0,3500.05,10,44780.09,496081.01,Paid,Paid,2023-03-20,System Integration,2023-03-12T00:00:00Z,EMP023,2023-03-17,Passed,,85.7,INV-00533.pdf,Ready for payment.
534,INVREC00534,INV-00534,PO-2023-0621,PO0621,VEND015,Best Buy Corp,2023-12-13,2024-01-27,INR,182814.5,0,0,5,9140.73,191955.23,Paid,Paid,2023-12-25,OCR Workflow,2023-12-13T00:00:00Z,EMP013,2023-12-19,Passed,,93.6,INV-00534.pdf,Invoice under review.
535,INVREC00535,INV-00535,PO-2026-1475,PO1475,VEND047,Apple Inc.,2026-09-06,2026-10-06,GBP,431449.08,7419.08,0,10,43144.91,474593.99,Paid,Paid,2026-09-13,Manual Entry,2026-09-06T00:00:00Z,EMP022,2026-09-08,Passed,,88.3,INV-00535.pdf,Three-way match completed.
536,INVREC00536,INV-00536,PO-2024-0960,PO0960,VEND095,SKF Group,2024-08-10,2024-09-09,GBP,167800.29,0,77.78,10,16780.03,184658.1,Paid,Paid,2024-08-15,System Integration,2024-08-10T00:00:00Z,EMP024,2024-08-16,Passed,,99,INV-00536.pdf,Ready for payment.
537,INVREC00537,INV-00537,PO-2025-1160,PO1160,VEND087,Hilti Corporation,2025-10-21,2025-11-20,CHF,408798.35,0,1165.67,20,81759.67,491723.69,Paid,Paid,2025-11-06,OCR Workflow,2025-10-21T00:00:00Z,EMP032,2025-10-23,Passed,,88.8,INV-00537.pdf,Payment pending approval.
538,INVREC00538,INV-00538,PO-2024-1358,PO1358,VEND050,Festo AG & Co. KG,2025-01-18,2025-02-17,INR,88931.41,1469.95,0,18,16007.65,104939.06,Rejected,Unpaid,None,OCR Workflow,2025-01-18T00:00:00Z,EMP025,2025-01-21,Passed,,98.8,INV-00538.pdf,Three-way match completed.
539,INVREC00539,INV-00539,PO-2024-0501,PO0501,VEND096,Gates Corporation,2024-04-06,2024-05-06,EUR,284170.99,10391.34,1056.94,0,0,285227.93,Rejected,Unpaid,None,Manual Entry,2024-04-06T00:00:00Z,EMP029,2024-04-08,Passed,,86.3,INV-00539.pdf,Invoice under review.
540,INVREC00540,INV-00540,PO-2024-1310,PO1310,VEND031,FedEx Corporation,2024-03-12,2024-04-11,SEK,74513.61,0,0,18,13412.45,87926.06,Paid,Paid,2024-03-18,Manual Entry,2024-03-12T00:00:00Z,EMP019,2024-03-15,Passed,,92.1,INV-00540.pdf,Matched successfully against PO.
541,INVREC00541,INV-00541,PO-2026-1432,PO1432,VEND078,Cintas Corporation,2026-07-30,2026-07-30,USD,342690.19,3874.59,1227.96,0,0,343918.15,Rejected,Unpaid,None,OCR Workflow,2026-07-30T00:00:00Z,None,None,Rejected,Missing PO reference,90.3,INV-00541.pdf,Matched successfully against PO.
542,INVREC00542,INV-00542,PO-2023-0528,PO0528,VEND036,Kuehne + Nagel,2023-07-04,2023-07-04,INR,176042.28,0,0,10,17604.23,193646.51,Paid,Paid,2023-07-04,Manual Entry,2023-07-04T00:00:00Z,EMP026,2023-07-05,Passed,,85.7,INV-00542.pdf,Invoice under review.
543,INVREC00543,INV-00543,PO-2025-0526,PO0526,VEND089,DeWalt Industrial Tool Co.,2025-12-30,2026-02-13,INR,109650.86,3627.5,0,10,10965.09,120615.95,Paid,Paid,2025-12-31,System Integration,2025-12-30T00:00:00Z,EMP011,2026-01-03,Passed,,93.8,INV-00543.pdf,Payment pending approval.
544,INVREC00544,INV-00544,PO-2023-0768,PO0768,VEND006,Amazon Business,2023-08-12,2023-08-12,SEK,192751.85,7615.63,2278.67,5,9637.59,204668.11,Pending,Unpaid,None,Manual Entry,2023-08-12T00:00:00Z,None,None,Pending Approval,,93.2,INV-00544.pdf,Ready for payment.
545,INVREC00545,INV-00545,PO-2025-1369,PO1369,VEND068,Securitas AB,2025-11-03,2025-11-03,EUR,165568.69,0,0,20,33113.74,198682.43,Paid,Paid,2025-11-03,Manual Entry,2025-11-03T00:00:00Z,EMP005,2025-11-07,Passed,,87,INV-00545.pdf,Invoice under review.
546,INVREC00546,INV-00546,PO-2023-1151,PO1151,VEND016,New Horizons,2023-04-21,2023-05-21,GBP,264952.01,0,3192.11,0,0,268144.12,Rejected,Unpaid,None,System Integration,2023-04-21T00:00:00Z,EMP030,2023-04-24,Passed,,99.3,INV-00546.pdf,Payment pending approval.
547,INVREC00547,INV-00547,PO-2025-1001,PO1001,VEND093,Regal Beloit Corporation,2025-03-24,2025-05-23,CHF,17813.2,0,721.31,10,1781.32,20315.83,Paid,Paid,2025-04-01,OCR Workflow,2025-03-24T00:00:00Z,EMP040,2025-03-29,Passed,,99.1,INV-00547.pdf,Invoice under review.
548,INVREC00548,INV-00548,PO-2023-1039,PO1039,VEND018,Summit Systems,2023-09-21,2023-10-21,EUR,359396.09,0,0,10,35939.61,395335.7,Paid,Paid,2023-09-25,Manual Entry,2023-09-21T00:00:00Z,EMP040,2023-09-28,Passed,,89.5,INV-00548.pdf,Payment pending approval.
549,INVREC00549,INV-00549,PO-2025-0084,PO0084,VEND083,MSC Industrial Direct,2025-07-19,2025-09-02,SEK,224037.54,8567.14,0,5,11201.88,235239.42,Rejected,Unpaid,None,OCR Workflow,2025-07-19T00:00:00Z,EMP022,2025-07-21,Passed,,87,INV-00549.pdf,Ready for payment.
550,INVREC00550,INV-00550,PO-2024-0211,PO0211,VEND056,PricewaterhouseCoopers LLP,2024-02-11,2024-03-12,EUR,37677.75,0,0,0,0,37677.75,Paid,Paid,2024-02-21,System Integration,2024-02-11T00:00:00Z,EMP018,2024-02-15,Passed,,98.6,INV-00550.pdf,Payment pending approval.
551,INVREC00551,INV-00551,PO-2026-0382,PO0382,VEND001,ABCD & CO,2026-06-08,2026-07-08,SEK,445585.83,0,0,0,0,445585.83,Paid,Paid,2026-06-24,Manual Entry,2026-06-08T00:00:00Z,EMP009,2026-06-11,Passed,,98.3,INV-00551.pdf,Ready for payment.
552,INVREC00552,INV-00552,PO-2024-0513,PO0513,VEND069,ADT Inc.,2024-06-15,2024-07-15,EUR,285466.69,0,756.72,0,0,286223.41,Paid,Paid,2024-06-18,System Integration,2024-06-15T00:00:00Z,EMP007,2024-06-22,Passed,,86.9,INV-00552.pdf,Matched successfully against PO.
553,INVREC00553,INV-00553,PO-2025-1350,PO1350,VEND020,Alpha Industries,2025-12-07,2026-01-06,SEK,434612.59,0,0,20,86922.52,521535.11,Rejected,Unpaid,None,Manual Entry,2025-12-07T00:00:00Z,EMP030,2025-12-14,Passed,,91.2,INV-00553.pdf,Three-way match completed.
554,INVREC00554,INV-00554,PO-2023-1068,PO1068,VEND008,DHL Express,2023-11-04,2023-12-04,INR,202545.2,0,0,5,10127.26,212672.46,Paid,Paid,2023-11-20,System Integration,2023-11-04T00:00:00Z,EMP035,2023-11-05,Passed,,88.7,INV-00554.pdf,Invoice under review.
555,INVREC00555,INV-00555,PO-2026-1249,PO1249,VEND076,Comcast Business,2026-08-19,2026-09-18,GBP,68012.46,916.15,0,18,12242.24,80254.7,Paid,Paid,2026-09-08,Manual Entry,2026-08-19T00:00:00Z,EMP038,2026-08-26,Passed,,95,INV-00555.pdf,Payment pending approval.
556,INVREC00556,INV-00556,PO-2024-0079,PO0079,VEND074,Verizon Business Group,2025-01-15,2025-02-14,EUR,223165.91,9072.38,0,18,40169.86,263335.77,Pending,Unpaid,None,System Integration,2025-01-15T00:00:00Z,None,None,Pending Approval,,98,INV-00556.pdf,Payment pending approval.
557,INVREC00557,INV-00557,PO-2025-1130,PO1130,VEND054,"FTI Consulting, Inc.",2025-12-25,2026-01-24,USD,188562.16,0,0,0,0,188562.16,Paid,Paid,2026-01-08,System Integration,2025-12-25T00:00:00Z,EMP036,2025-12-29,Passed,,90.8,INV-00557.pdf,Payment pending approval.
558,INVREC00558,INV-00558,PO-2026-1060,PO1060,VEND090,Snap-on Incorporated,2026-06-26,2026-07-26,GBP,264372.76,0,0,20,52874.55,317247.31,Pending,Unpaid,None,System Integration,2026-06-26T00:00:00Z,None,None,Pending Approval,,92.3,INV-00558.pdf,Invoice under review.
559,INVREC00559,INV-00559,PO-2026-0495,PO0495,VEND017,Pinnacle Partners,2026-12-29,2027-01-28,CHF,21264.65,0,0,0,0,21264.65,Paid,Paid,2027-01-03,OCR Workflow,2026-12-29T00:00:00Z,EMP030,2027-01-05,Passed,,93.6,INV-00559.pdf,Matched successfully against PO.
560,INVREC00560,INV-00560,PO-2026-1252,PO1252,VEND034,C.H. Robinson Worldwide,2027-01-08,2027-02-22,SEK,445695.25,0,0,10,44569.53,490264.78,Rejected,Unpaid,None,Manual Entry,2027-01-08T00:00:00Z,EMP003,2027-01-13,Passed,,98.4,INV-00560.pdf,Invoice under review.
561,INVREC00561,INV-00561,PO-2026-1183,PO1183,VEND027,Honeywell International,2026-11-12,2026-12-27,SEK,91115.95,1482.35,1228.24,0,0,92344.19,Paid,Paid,2026-11-25,OCR Workflow,2026-11-12T00:00:00Z,EMP037,2026-11-17,Passed,,92,INV-00561.pdf,Invoice under review.
562,INVREC00562,INV-00562,PO-2023-1438,PO1438,VEND098,Michelin North America,2023-05-30,2023-07-29,USD,482693.77,6297.65,4625.88,5,24134.69,511454.34,Rejected,Unpaid,None,Manual Entry,2023-05-30T00:00:00Z,EMP006,2023-06-03,Passed,,88.7,INV-00562.pdf,Invoice under review.
563,INVREC00563,INV-00563,PO-2026-1165,PO1165,VEND056,PricewaterhouseCoopers LLP,2026-03-16,2026-04-15,EUR,230693.21,0,0,0,0,230693.21,Rejected,Unpaid,None,OCR Workflow,2026-03-16T00:00:00Z,EMP033,2026-03-19,Passed,,88.6,INV-00563.pdf,Ready for payment.
564,INVREC00564,INV-00564,PO-2023-1123,PO1123,VEND070,Tyco International,2023-01-27,2023-02-26,GBP,482292.9,12880.38,0,20,96458.58,578751.48,Paid,Paid,2023-02-05,OCR Workflow,2023-01-27T00:00:00Z,EMP038,2023-02-02,Passed,,94.8,INV-00564.pdf,Invoice under review.
565,INVREC00565,INV-00565,PO-2025-1139,PO1139,VEND041,Salesforce.com Inc.,2025-10-22,2025-11-21,GBP,304202.96,0,0,20,60840.59,365043.55,Pending,Unpaid,None,Manual Entry,2025-10-22T00:00:00Z,None,None,Pending Approval,,86.8,INV-00565.pdf,Three-way match completed.
566,INVREC00566,INV-00566,PO-2026-0813,PO0813,VEND092,Baldor Electric Company,2026-06-16,2026-06-16,CHF,396346.29,12260.91,106.29,18,71342.33,467794.91,Paid,Paid,2026-06-16,System Integration,2026-06-16T00:00:00Z,EMP032,2026-06-20,Passed,,98.3,INV-00566.pdf,Invoice under review.
567,INVREC00567,INV-00567,PO-2023-1179,PO1179,VEND006,Amazon Business,2023-03-17,2023-04-16,SEK,281021.31,4508.76,3120.73,20,56204.26,340346.3,Paid,Paid,2023-04-06,OCR Workflow,2023-03-17T00:00:00Z,EMP006,2023-03-18,Passed,,95.5,INV-00567.pdf,Three-way match completed.
568,INVREC00568,INV-00568,PO-2026-0860,PO0860,VEND093,Regal Beloit Corporation,2026-09-30,2026-11-14,CHF,113600.73,2680.65,3868.07,20,22720.15,140188.95,Rejected,Unpaid,None,Manual Entry,2026-09-30T00:00:00Z,EMP039,2026-10-04,Passed,,91.9,INV-00568.pdf,Invoice under review.
569,INVREC00569,INV-00569,PO-2023-0708,PO0708,VEND048,Cummins Inc.,2024-01-28,2024-02-27,EUR,134560,4255.64,4726.63,20,26912,166198.63,Paid,Paid,2024-02-09,OCR Workflow,2024-01-28T00:00:00Z,EMP028,2024-01-30,Passed,,98.2,INV-00569.pdf,Matched successfully against PO.
570,INVREC00570,INV-00570,PO-2024-0281,PO0281,VEND004,Dell Technologies,2024-03-27,2024-05-26,CHF,177801.07,0,0,20,35560.21,213361.28,Paid,Paid,2024-04-01,OCR Workflow,2024-03-27T00:00:00Z,EMP009,2024-04-03,Passed,,95.3,INV-00570.pdf,Ready for payment.
571,INVREC00571,INV-00571,PO-2026-0548,PO0548,VEND089,DeWalt Industrial Tool Co.,2026-06-08,2026-08-07,INR,217451.89,0,1665.47,20,43490.38,262607.74,Paid,Paid,2026-06-18,Manual Entry,2026-06-08T00:00:00Z,EMP019,2026-06-09,Passed,,99.6,INV-00571.pdf,Invoice under review.
572,INVREC00572,INV-00572,PO-2024-0694,PO0694,VEND089,DeWalt Industrial Tool Co.,2024-08-21,2024-10-05,INR,216703.11,0,728.51,5,10835.16,228266.78,Paid,Paid,2024-08-27,System Integration,2024-08-21T00:00:00Z,EMP036,2024-08-28,Passed,,88.6,INV-00572.pdf,Invoice under review.
573,INVREC00573,INV-00573,PO-2025-0205,PO0205,VEND016,New Horizons,2025-11-12,2026-01-11,GBP,317667.25,0,2803.34,0,0,320470.59,Paid,Paid,2025-12-01,Manual Entry,2025-11-12T00:00:00Z,EMP023,2025-11-14,Passed,,86.1,INV-00573.pdf,Invoice under review.
574,INVREC00574,INV-00574,PO-2024-0011,PO0011,VEND011,Global Supplies Inc,2024-02-24,2024-03-25,SEK,293874,0,0,5,14693.7,308567.7,Paid,Paid,2024-03-10,OCR Workflow,2024-02-24T00:00:00Z,EMP007,2024-02-26,Passed,,89.6,INV-00574.pdf,Ready for payment.
575,INVREC00575,INV-00575,PO-2023-0331,PO0331,VEND007,Staples Inc.,2023-03-29,2023-04-28,EUR,441501.76,10759.86,0,5,22075.09,463576.85,Paid,Paid,2023-04-14,Manual Entry,2023-03-29T00:00:00Z,EMP037,2023-03-30,Passed,,93.1,INV-00575.pdf,Matched successfully against PO.
576,INVREC00576,INV-00576,PO-2023-0191,PO0191,VEND010,Tech Solutions Ltd,2023-06-19,2023-08-18,USD,57032.43,0,0,18,10265.84,67298.27,Paid,Paid,2023-06-24,System Integration,2023-06-19T00:00:00Z,EMP009,2023-06-24,Passed,,95.7,INV-00576.pdf,Matched successfully against PO.
577,INVREC00577,INV-00577,PO-2023-0725,PO0725,VEND056,PricewaterhouseCoopers LLP,2023-10-27,2023-11-26,EUR,22006.13,673.71,2357.35,5,1100.31,25463.79,Paid,Paid,2023-11-13,Manual Entry,2023-10-27T00:00:00Z,EMP026,2023-10-30,Passed,,95.7,INV-00577.pdf,Three-way match completed.
578,INVREC00578,INV-00578,PO-2023-0225,PO0225,VEND041,Salesforce.com Inc.,2023-12-22,2024-02-20,GBP,288211.6,0,0,20,57642.32,345853.92,Paid,Paid,2024-01-09,System Integration,2023-12-22T00:00:00Z,EMP002,2023-12-27,Passed,,96,INV-00578.pdf,Invoice under review.
579,INVREC00579,INV-00579,PO-2025-0306,PO0306,VEND045,Hewlett Packard Enterprise,2025-10-05,2025-10-05,CHF,276702.03,6966.34,3431.91,10,27670.2,307804.14,Paid,Paid,2025-10-05,Manual Entry,2025-10-05T00:00:00Z,EMP040,2025-10-10,Passed,,88.9,INV-00579.pdf,Three-way match completed.
580,INVREC00580,INV-00580,PO-2026-0253,PO0253,VEND030,Bosch Rexroth AG,2026-08-06,2026-09-20,CHF,126523.04,5499.36,1928.17,0,0,128451.21,Rejected,Unpaid,None,Manual Entry,2026-08-06T00:00:00Z,EMP020,2026-08-12,Passed,,97.3,INV-00580.pdf,Matched successfully against PO.
581,INVREC00581,INV-00581,PO-2023-1482,PO1482,VEND018,Summit Systems,2023-07-15,2023-07-15,EUR,446414.78,0,0,5,22320.74,468735.52,Paid,Paid,2023-07-15,Manual Entry,2023-07-15T00:00:00Z,EMP010,2023-07-17,Passed,,86.2,INV-00581.pdf,Invoice under review.
582,INVREC00582,INV-00582,PO-2024-1347,PO1347,VEND002,Samira Hadid,2024-04-02,2024-05-02,INR,208827.88,0,3030.97,20,41765.58,253624.43,Paid,Paid,2024-04-04,Manual Entry,2024-04-02T00:00:00Z,EMP020,2024-04-05,Passed,,91.4,INV-00582.pdf,Ready for payment.
583,INVREC00583,INV-00583,PO-2025-0877,PO0877,VEND010,Tech Solutions Ltd,2025-01-24,2025-03-10,USD,475186.13,0,2394.82,18,85533.5,563114.45,Paid,Paid,2025-02-07,OCR Workflow,2025-01-24T00:00:00Z,EMP039,2025-01-25,Passed,,95.6,INV-00583.pdf,Invoice under review.
584,INVREC00584,INV-00584,PO-2025-1175,PO1175,VEND025,ABB Ltd,2025-05-28,2025-06-27,GBP,20724.79,0,0,10,2072.48,22797.27,Rejected,Unpaid,None,Manual Entry,2025-05-28T00:00:00Z,EMP002,2025-05-29,Passed,,88.5,INV-00584.pdf,Ready for payment.
585,INVREC00585,INV-00585,PO-2026-1474,PO1474,VEND068,Securitas AB,2026-07-29,2026-09-12,EUR,265873.74,0,1960.39,0,0,267834.13,Rejected,Unpaid,None,OCR Workflow,2026-07-29T00:00:00Z,EMP026,2026-08-04,Passed,,85.1,INV-00585.pdf,Payment pending approval.
586,INVREC00586,INV-00586,PO-2023-0979,PO0979,VEND033,Maersk Line,2023-06-07,2023-06-22,SEK,257771.82,0,146.84,18,46398.93,304317.59,Paid,Paid,2023-06-10,Manual Entry,2023-06-07T00:00:00Z,EMP032,2023-06-14,Passed,,99.2,INV-00586.pdf,Matched successfully against PO.
587,INVREC00587,INV-00587,PO-2024-0533,PO0533,VEND062,Accenture PLC,2024-07-05,2024-09-03,USD,480183.54,0,4281.73,0,0,484465.27,Paid,Paid,2024-07-23,System Integration,2024-07-05T00:00:00Z,EMP007,2024-07-10,Passed,,94.7,INV-00587.pdf,Three-way match completed.
588,INVREC00588,INV-00588,PO-2026-0822,PO0822,VEND036,Kuehne + Nagel,2026-08-16,2026-09-15,INR,117966.96,0,2207.78,18,21234.05,141408.79,Pending,Unpaid,None,System Integration,2026-08-16T00:00:00Z,None,None,Pending Approval,,93.8,INV-00588.pdf,Ready for payment.
589,INVREC00589,INV-00589,PO-2023-0074,PO0074,VEND029,Rockwell Automation,2023-12-20,2024-01-19,USD,173127.88,0,1027.27,10,17312.79,191467.94,Paid,Paid,2024-01-02,Manual Entry,2023-12-20T00:00:00Z,EMP036,2023-12-24,Passed,,92.1,INV-00589.pdf,Invoice under review.
590,INVREC00590,INV-00590,PO-2024-0658,PO0658,VEND051,Thomson Reuters,2024-07-28,2024-07-28,USD,223773.61,0,0,18,40279.25,264052.86,Rejected,Unpaid,None,OCR Workflow,2024-07-28T00:00:00Z,EMP023,2024-08-02,Passed,,86,INV-00590.pdf,Matched successfully against PO.
591,INVREC00591,INV-00591,PO-2023-1243,PO1243,VEND061,Bain & Company,2023-01-10,2023-01-10,INR,473939.95,0,1006.7,20,94787.99,569734.64,Paid,Paid,2023-01-10,OCR Workflow,2023-01-10T00:00:00Z,EMP008,2023-01-13,Passed,,88.4,INV-00591.pdf,Three-way match completed.
592,INVREC00592,INV-00592,PO-2026-0409,PO0409,VEND049,Parker Hannifin Corporation,2026-12-12,2027-01-11,USD,430976.42,0,0,10,43097.64,474074.06,Rejected,Unpaid,None,OCR Workflow,2026-12-12T00:00:00Z,EMP016,2026-12-14,Passed,,97.6,INV-00592.pdf,Three-way match completed.
593,INVREC00593,INV-00593,PO-2026-0997,PO0997,VEND024,Schneider Electric,2026-02-21,2026-02-21,USD,445771.4,0,4633.07,0,0,450404.47,Paid,Paid,2026-02-21,Manual Entry,2026-02-21T00:00:00Z,EMP012,2026-02-24,Passed,,85.9,INV-00593.pdf,Three-way match completed.
594,INVREC00594,INV-00594,PO-2024-0424,PO0424,VEND028,Emerson Electric Co.,2025-01-02,2025-01-17,INR,229588.12,0,0,20,45917.62,275505.74,Paid,Paid,2025-01-12,System Integration,2025-01-02T00:00:00Z,EMP017,2025-01-09,Passed,,91.6,INV-00594.pdf,Three-way match completed.
595,INVREC00595,INV-00595,PO-2026-0913,PO0913,VEND051,Thomson Reuters,2026-11-11,2027-01-10,USD,209194.47,4099.2,1964.47,0,0,211158.94,Pending,Unpaid,None,Manual Entry,2026-11-11T00:00:00Z,None,None,Pending Approval,,97,INV-00595.pdf,Invoice under review.
596,INVREC00596,INV-00596,PO-2026-0763,PO0763,VEND089,DeWalt Industrial Tool Co.,2026-10-10,2026-11-24,INR,466102.03,0,2343.7,18,83898.37,552344.1,Rejected,Unpaid,None,System Integration,2026-10-10T00:00:00Z,None,None,Rejected,Missing PO reference,88.4,INV-00596.pdf,Invoice under review.
597,INVREC00597,INV-00597,PO-2026-1487,PO1487,VEND014,Modern Office Co,2026-07-27,2026-08-11,USD,285416.06,0,0,0,0,285416.06,Paid,Paid,2026-07-31,Manual Entry,2026-07-27T00:00:00Z,EMP010,2026-07-30,Passed,,96.8,INV-00597.pdf,Invoice under review.
598,INVREC00598,INV-00598,PO-2026-1327,PO1327,VEND024,Schneider Electric,2026-12-28,2027-01-12,USD,97125.89,0,0,18,17482.66,114608.55,Pending,Unpaid,None,OCR Workflow,2026-12-28T00:00:00Z,None,None,Pending Approval,,85.9,INV-00598.pdf,Three-way match completed.
599,INVREC00599,INV-00599,PO-2024-0511,PO0511,VEND056,PricewaterhouseCoopers LLP,2024-02-15,2024-03-16,EUR,268844,0,0,10,26884.4,295728.4,Rejected,Unpaid,None,Manual Entry,2024-02-15T00:00:00Z,EMP031,2024-02-22,Passed,,91.9,INV-00599.pdf,Matched successfully against PO.
600,INVREC00600,INV-00600,PO-2026-1033,PO1033,VEND044,IBM Corporation,2026-11-14,2026-11-14,SEK,66070.07,0,2075.51,0,0,68145.58,Paid,Paid,2026-11-14,OCR Workflow,2026-11-14T00:00:00Z,EMP010,2026-11-17,Passed,,87.9,INV-00600.pdf,Invoice under review.
601,INVREC00601,INV-00601,PO-2023-0799,PO0799,VEND046,Lenovo Group Limited,2023-10-09,2023-11-08,INR,422000.92,0,3053.08,10,42200.09,467254.09,Paid,Paid,2023-10-22,System Integration,2023-10-09T00:00:00Z,EMP033,2023-10-11,Passed,,90.7,INV-00601.pdf,Ready for payment.
602,INVREC00602,INV-00602,PO-2023-0037,PO0037,VEND038,Penske Logistics,2023-05-21,2023-07-05,SEK,181031.22,8783.26,3582.15,18,32585.62,217198.99,Paid,Paid,2023-06-03,Manual Entry,2023-05-21T00:00:00Z,EMP017,2023-05-24,Passed,,95.3,INV-00602.pdf,Matched successfully against PO.
603,INVREC00603,INV-00603,PO-2026-1165,PO1165,VEND056,PricewaterhouseCoopers LLP,2026-04-02,2026-05-02,EUR,230693.21,0,0,0,0,230693.21,Paid,Paid,2026-04-10,OCR Workflow,2026-04-02T00:00:00Z,EMP026,2026-04-09,Passed,,97.2,INV-00603.pdf,Invoice under review.
604,INVREC00604,INV-00604,PO-2023-1439,PO1439,VEND034,C.H. Robinson Worldwide,2023-07-21,2023-08-05,SEK,339431.78,10930.93,0,20,67886.36,407318.14,Paid,Paid,2023-07-23,OCR Workflow,2023-07-21T00:00:00Z,EMP005,2023-07-27,Passed,,86.7,INV-00604.pdf,Three-way match completed.
605,INVREC00605,INV-00605,PO-2024-0339,PO0339,VEND024,Schneider Electric,2024-03-21,2024-04-05,USD,224354,10468.52,2295.09,18,40383.72,267032.81,Paid,Paid,2024-03-26,OCR Workflow,2024-03-21T00:00:00Z,EMP021,2024-03-24,Passed,,93.2,INV-00605.pdf,Three-way match completed.
606,INVREC00606,INV-00606,PO-2024-1360,PO1360,VEND012,Elite Services,2024-08-31,2024-10-15,SEK,130687.96,0,3563.61,10,13068.8,147320.37,Paid,Paid,2024-09-01,Manual Entry,2024-08-31T00:00:00Z,EMP020,2024-09-02,Passed,,85.8,INV-00606.pdf,Invoice under review.
607,INVREC00607,INV-00607,PO-2023-0069,PO0069,VEND095,SKF Group,2023-05-18,2023-06-17,GBP,90672.54,0,0,0,0,90672.54,Rejected,Unpaid,None,OCR Workflow,2023-05-18T00:00:00Z,EMP005,2023-05-25,Passed,,96.7,INV-00607.pdf,Three-way match completed.
608,INVREC00608,INV-00608,PO-2023-0789,PO0789,VEND087,Hilti Corporation,2023-07-19,2023-09-02,CHF,149662.1,0,0,5,7483.1,157145.2,Paid,Paid,2023-07-20,System Integration,2023-07-19T00:00:00Z,EMP026,2023-07-22,Passed,,99.5,INV-00608.pdf,Ready for payment.
609,INVREC00609,INV-00609,PO-2023-0138,PO0138,VEND029,Rockwell Automation,2023-02-28,2023-03-30,USD,214989.12,0,1019.62,10,21498.91,237507.65,Pending,Unpaid,None,OCR Workflow,2023-02-28T00:00:00Z,None,None,Pending Approval,,97.2,INV-00609.pdf,Invoice under review.
610,INVREC00610,INV-00610,PO-2023-0366,PO0366,VEND004,Dell Technologies,2023-02-21,2023-03-23,CHF,256703.57,0,0,0,0,256703.57,Paid,Paid,2023-02-28,System Integration,2023-02-21T00:00:00Z,EMP038,2023-02-24,Passed,,96.1,INV-00610.pdf,Ready for payment.
611,INVREC00611,INV-00611,PO-2026-0656,PO0656,VEND012,Elite Services,2026-10-24,2026-12-08,SEK,256554.32,12277.82,0,18,46179.78,302734.1,Rejected,Unpaid,None,OCR Workflow,2026-10-24T00:00:00Z,EMP004,2026-10-25,Passed,,99.1,INV-00611.pdf,Ready for payment.
612,INVREC00612,INV-00612,PO-2025-0336,PO0336,VEND059,McKinsey & Company,2025-11-17,2025-11-17,CHF,362189.9,0,1519.68,0,0,363709.58,Paid,Paid,2025-11-17,System Integration,2025-11-17T00:00:00Z,EMP037,2025-11-22,Passed,,99.3,INV-00612.pdf,Payment pending approval.
613,INVREC00613,INV-00613,PO-2024-1136,PO1136,VEND090,Snap-on Incorporated,2024-09-25,2024-10-25,GBP,398962.36,0,4410.57,5,19948.12,423321.05,Paid,Paid,2024-09-28,System Integration,2024-09-25T00:00:00Z,EMP021,2024-09-29,Passed,,91.1,INV-00613.pdf,Invoice under review.
614,INVREC00614,INV-00614,PO-2023-0368,PO0368,VEND055,Deloitte & Touche LLP,2023-12-11,2024-02-09,EUR,455130.39,0,0,10,45513.04,500643.43,Paid,Paid,2023-12-18,System Integration,2023-12-11T00:00:00Z,EMP005,2023-12-12,Passed,,98.1,INV-00614.pdf,Ready for payment.
615,INVREC00615,INV-00615,PO-2023-1057,PO1057,VEND061,Bain & Company,2023-09-28,2023-10-28,INR,28810.23,0,4797.21,0,0,33607.44,Rejected,Unpaid,None,Manual Entry,2023-09-28T00:00:00Z,EMP002,2023-10-02,Passed,,95,INV-00615.pdf,Payment pending approval.
616,INVREC00616,INV-00616,PO-2024-0848,PO0848,VEND086,W.W. Grainger International,2024-11-08,2024-11-08,EUR,44447.1,496.71,0,18,8000.48,52447.58,Paid,Paid,2024-11-08,System Integration,2024-11-08T00:00:00Z,EMP010,2024-11-14,Passed,,88.6,INV-00616.pdf,Invoice under review.
617,INVREC00617,INV-00617,PO-2023-0673,PO0673,VEND054,"FTI Consulting, Inc.",2023-11-23,2023-12-23,USD,212242.37,0,4127.32,20,42448.47,258818.16,Paid,Paid,2023-12-07,OCR Workflow,2023-11-23T00:00:00Z,EMP018,2023-11-30,Passed,,87.3,INV-00617.pdf,Ready for payment.
618,INVREC00618,INV-00618,PO-2026-1188,PO1188,VEND045,Hewlett Packard Enterprise,2026-09-10,2026-10-10,CHF,398277.15,0,0,10,39827.71,438104.86,Rejected,Unpaid,None,Manual Entry,2026-09-10T00:00:00Z,EMP013,2026-09-13,Passed,,95.5,INV-00618.pdf,Invoice under review.
619,INVREC00619,INV-00619,PO-2023-1151,PO1151,VEND016,New Horizons,2023-04-19,2023-05-19,GBP,264952.01,0,3192.11,0,0,268144.12,Rejected,Unpaid,None,Manual Entry,2023-04-19T00:00:00Z,EMP022,2023-04-22,Passed,,89.2,INV-00619.pdf,Payment pending approval.
620,INVREC00620,INV-00620,PO-2023-1195,PO1195,VEND034,C.H. Robinson Worldwide,2024-01-07,2024-02-06,SEK,322419.31,0,2254.98,20,64483.86,389158.15,Paid,Paid,2024-01-21,Manual Entry,2024-01-07T00:00:00Z,EMP010,2024-01-12,Passed,,85.5,INV-00620.pdf,Matched successfully against PO.
621,INVREC00621,INV-00621,PO-2025-0296,PO0296,VEND098,Michelin North America,2025-03-15,2025-04-14,USD,416844.26,0,521.6,10,41684.43,459050.29,Paid,Paid,2025-03-27,System Integration,2025-03-15T00:00:00Z,EMP010,2025-03-20,Passed,,99.6,INV-00621.pdf,Three-way match completed.
622,INVREC00622,INV-00622,PO-2026-0562,PO0562,VEND090,Snap-on Incorporated,2026-01-19,2026-02-18,GBP,329999.37,0,3657.2,5,16499.97,350156.54,Paid,Paid,2026-02-03,OCR Workflow,2026-01-19T00:00:00Z,EMP007,2026-01-22,Passed,,86.6,INV-00622.pdf,Matched successfully against PO.
623,INVREC00623,INV-00623,PO-2025-1119,PO1119,VEND005,Microsoft Corporation,2025-12-15,2026-01-29,SEK,47879.58,0,3961.33,5,2393.98,54234.89,Pending,Unpaid,None,OCR Workflow,2025-12-15T00:00:00Z,None,None,Pending Approval,,89.3,INV-00623.pdf,Invoice under review.
624,INVREC00624,INV-00624,PO-2025-0482,PO0482,VEND029,Rockwell Automation,2025-04-16,2025-04-16,USD,441078.82,0,0,0,0,441078.82,Paid,Paid,2025-04-16,System Integration,2025-04-16T00:00:00Z,EMP018,2025-04-17,Passed,,85.7,INV-00624.pdf,Three-way match completed.
625,INVREC00625,INV-00625,PO-2026-0013,PO0013,VEND040,SAP SE,2026-06-14,2026-07-14,INR,255901.83,0,1106.1,18,46062.33,303070.26,Pending,Unpaid,None,OCR Workflow,2026-06-14T00:00:00Z,None,None,Pending Approval,,96.4,INV-00625.pdf,Three-way match completed.
626,INVREC00626,INV-00626,PO-2023-0740,PO0740,VEND053,S&P Global Inc.,2023-05-01,2023-05-31,SEK,112384.27,0,0,20,22476.85,134861.12,Paid,Paid,2023-05-21,OCR Workflow,2023-05-01T00:00:00Z,EMP021,2023-05-02,Passed,,93.5,INV-00626.pdf,Invoice under review.
627,INVREC00627,INV-00627,PO-2025-0240,PO0240,VEND041,Salesforce.com Inc.,2025-10-22,2025-11-21,GBP,441637.83,0,0,5,22081.89,463719.72,Paid,Paid,2025-10-30,Manual Entry,2025-10-22T00:00:00Z,EMP040,2025-10-29,Passed,,90.5,INV-00627.pdf,Three-way match completed.
628,INVREC00628,INV-00628,PO-2026-0399,PO0399,VEND052,Moody's Analytics,2026-05-10,2026-05-10,GBP,429931.91,4781.06,1911.87,20,85986.38,517830.16,Rejected,Unpaid,None,System Integration,2026-05-10T00:00:00Z,EMP005,2026-05-15,Passed,,88.5,INV-00628.pdf,Matched successfully against PO.
629,INVREC00629,INV-00629,PO-2026-0604,PO0604,VEND095,SKF Group,2026-11-29,2027-01-28,GBP,77684.89,1833.96,0,0,0,77684.89,Paid,Paid,2026-12-07,System Integration,2026-11-29T00:00:00Z,EMP017,2026-12-03,Passed,,91.3,INV-00629.pdf,Ready for payment.
630,INVREC00630,INV-00630,PO-2025-0412,PO0412,VEND098,Michelin North America,2025-08-22,2025-08-22,USD,153148.26,7522.22,0,0,0,153148.26,Pending,Unpaid,None,OCR Workflow,2025-08-22T00:00:00Z,None,None,Pending Approval,,97.7,INV-00630.pdf,Three-way match completed.
631,INVREC00631,INV-00631,PO-2025-0136,PO0136,VEND013,Quick Logistics,2025-06-15,2025-07-15,GBP,407349.41,0,0,10,40734.94,448084.35,Paid,Paid,2025-06-25,System Integration,2025-06-15T00:00:00Z,EMP006,2025-06-19,Passed,,92.2,INV-00631.pdf,Ready for payment.
632,INVREC00632,INV-00632,PO-2026-0886,PO0886,VEND089,DeWalt Industrial Tool Co.,2026-02-01,2026-02-01,INR,110847.57,1798.69,1436.73,5,5542.38,117826.68,Rejected,Unpaid,None,OCR Workflow,2026-02-01T00:00:00Z,EMP023,2026-02-08,Passed,,93.9,INV-00632.pdf,Matched successfully against PO.
633,INVREC00633,INV-00633,PO-2026-0437,PO0437,VEND043,Cisco Systems Inc.,2026-07-19,2026-09-17,GBP,36760.19,512.8,0,18,6616.83,43377.02,Rejected,Unpaid,None,System Integration,2026-07-19T00:00:00Z,EMP010,2026-07-21,Passed,,99.8,INV-00633.pdf,Ready for payment.
634,INVREC00634,INV-00634,PO-2024-0502,PO0502,VEND078,Cintas Corporation,2024-07-27,2024-08-26,USD,183748.84,0,0,18,33074.79,216823.63,Paid,Paid,2024-08-09,Manual Entry,2024-07-27T00:00:00Z,EMP031,2024-07-29,Passed,,92.2,INV-00634.pdf,Payment pending approval.
635,INVREC00635,INV-00635,PO-2025-0239,PO0239,VEND100,ZF Friedrichshafen AG,2025-02-07,2025-02-22,USD,58855.57,2853.2,0,5,2942.78,61798.35,Paid,Paid,2025-02-20,System Integration,2025-02-07T00:00:00Z,EMP017,2025-02-13,Passed,,89.2,INV-00635.pdf,Matched successfully against PO.
636,INVREC00636,INV-00636,PO-2026-0193,PO0193,VEND073,AT&T Business,2026-06-17,2026-08-01,SEK,334809.54,0,0,10,33480.95,368290.49,Paid,Paid,2026-06-29,System Integration,2026-06-17T00:00:00Z,EMP002,2026-06-23,Passed,,96.3,INV-00636.pdf,Invoice under review.
637,INVREC00637,INV-00637,PO-2024-0851,PO0851,VEND070,Tyco International,2024-10-20,2024-11-19,GBP,431292.34,13355.54,4514.25,20,86258.47,522065.06,Paid,Paid,2024-10-24,Manual Entry,2024-10-20T00:00:00Z,EMP029,2024-10-21,Passed,,99.5,INV-00637.pdf,Matched successfully against PO.
638,INVREC00638,INV-00638,PO-2025-0745,PO0745,VEND055,Deloitte & Touche LLP,2025-02-19,2025-04-05,EUR,386917.05,8621.19,0,10,38691.71,425608.76,Paid,Paid,2025-02-26,OCR Workflow,2025-02-19T00:00:00Z,EMP010,2025-02-24,Passed,,96.9,INV-00638.pdf,Ready for payment.
639,INVREC00639,INV-00639,PO-2023-0408,PO0408,VEND037,Atlas Air Worldwide,2023-03-21,2023-04-20,CHF,328203.63,12113.34,0,10,32820.36,361023.99,Paid,Paid,2023-03-29,System Integration,2023-03-21T00:00:00Z,EMP024,2023-03-27,Passed,,97.6,INV-00639.pdf,Invoice under review.
640,INVREC00640,INV-00640,PO-2024-0658,PO0658,VEND051,Thomson Reuters,2024-07-09,2024-07-09,USD,223773.61,0,0,18,40279.25,264052.86,Paid,Paid,2024-07-09,OCR Workflow,2024-07-09T00:00:00Z,EMP024,2024-07-13,Passed,,91.7,INV-00640.pdf,Ready for payment.
641,INVREC00641,INV-00641,PO-2023-0722,PO0722,VEND075,T-Mobile for Business,2023-02-23,2023-03-10,GBP,106700.97,0,3440.05,20,21340.19,131481.21,Paid,Paid,2023-03-01,Manual Entry,2023-02-23T00:00:00Z,EMP039,2023-02-25,Passed,,89.8,INV-00641.pdf,Matched successfully against PO.
642,INVREC00642,INV-00642,PO-2025-0669,PO0669,VEND055,Deloitte & Touche LLP,2025-07-02,2025-08-16,EUR,407161.03,0,1589.28,10,40716.1,449466.41,Paid,Paid,2025-07-17,System Integration,2025-07-02T00:00:00Z,EMP009,2025-07-03,Passed,,85.5,INV-00642.pdf,Payment pending approval.
643,INVREC00643,INV-00643,PO-2024-1408,PO1408,VEND015,Best Buy Corp,2024-05-26,2024-07-25,INR,273165,0,3141.6,0,0,276306.6,Paid,Paid,2024-06-03,System Integration,2024-05-26T00:00:00Z,EMP022,2024-06-01,Passed,,90.1,INV-00643.pdf,Ready for payment.
644,INVREC00644,INV-00644,PO-2026-0054,PO0054,VEND084,McMaster-Carr,2026-10-29,2026-11-28,GBP,498445.82,7324.54,4362.66,5,24922.29,527730.77,Paid,Paid,2026-11-08,Manual Entry,2026-10-29T00:00:00Z,EMP040,2026-11-05,Passed,,92.9,INV-00644.pdf,Ready for payment.
645,INVREC00645,INV-00645,PO-2025-1072,PO1072,VEND091,Ingersoll Rand,2025-10-24,2025-10-24,GBP,114649.75,0,2052.91,18,20636.96,137339.62,Paid,Paid,2025-10-24,OCR Workflow,2025-10-24T00:00:00Z,EMP005,2025-10-25,Passed,,95.4,INV-00645.pdf,Ready for payment.
646,INVREC00646,INV-00646,PO-2023-0689,PO0689,VEND100,ZF Friedrichshafen AG,2024-01-20,2024-02-19,USD,10082.27,0,0,0,0,10082.27,Paid,Paid,2024-02-09,OCR Workflow,2024-01-20T00:00:00Z,EMP017,2024-01-26,Passed,,96.8,INV-00646.pdf,Invoice under review.
647,INVREC00647,INV-00647,PO-2025-0387,PO0387,VEND036,Kuehne + Nagel,2025-07-12,2025-08-11,INR,437164.49,20235.05,0,18,78689.61,515854.1,Paid,Paid,2025-07-27,OCR Workflow,2025-07-12T00:00:00Z,EMP012,2025-07-19,Passed,,88.6,INV-00647.pdf,Ready for payment.
648,INVREC00648,INV-00648,PO-2026-1359,PO1359,VEND098,Michelin North America,2026-08-02,2026-08-02,USD,240246.42,0,2029.35,18,43244.36,285520.13,Paid,Paid,2026-08-02,System Integration,2026-08-02T00:00:00Z,EMP020,2026-08-08,Passed,,88.7,INV-00648.pdf,Invoice under review.
649,INVREC00649,INV-00649,PO-2024-0265,PO0265,VEND085,Fastenal Company,2024-06-17,2024-07-17,SEK,45771.21,0,2991.57,20,9154.24,57917.02,Rejected,Unpaid,None,Manual Entry,2024-06-17T00:00:00Z,EMP003,2024-06-21,Passed,,89.1,INV-00649.pdf,Matched successfully against PO.
650,INVREC00650,INV-00650,PO-2026-0463,PO0463,VEND047,Apple Inc.,2026-04-16,2026-05-16,GBP,419334.53,0,0,10,41933.45,461267.98,Paid,Paid,2026-04-27,Manual Entry,2026-04-16T00:00:00Z,EMP032,2026-04-23,Passed,,94.8,INV-00650.pdf,Three-way match completed.
651,INVREC00651,INV-00651,PO-2026-0999,PO0999,VEND002,Samira Hadid,2026-11-13,2026-12-28,INR,298323.83,10806.91,0,5,14916.19,313240.02,Rejected,Unpaid,None,Manual Entry,2026-11-13T00:00:00Z,EMP024,2026-11-17,Passed,,86.4,INV-00651.pdf,Payment pending approval.
652,INVREC00652,INV-00652,PO-2024-0840,PO0840,VEND086,W.W. Grainger International,2024-03-11,2024-04-10,EUR,99375.54,0,2072.78,0,0,101448.32,Pending,Unpaid,None,System Integration,2024-03-11T00:00:00Z,None,None,Pending Approval,,89,INV-00652.pdf,Payment pending approval.
653,INVREC00653,INV-00653,PO-2024-0134,PO0134,VEND078,Cintas Corporation,2024-06-14,2024-07-14,USD,87354.7,0,0,5,4367.73,91722.43,Paid,Paid,2024-06-27,OCR Workflow,2024-06-14T00:00:00Z,EMP018,2024-06-20,Passed,,90,INV-00653.pdf,Invoice under review.
654,INVREC00654,INV-00654,PO-2024-0561,PO0561,VEND012,Elite Services,2024-05-09,2024-06-23,SEK,79744.63,2697.05,0,18,14354.03,94098.66,Paid,Paid,2024-05-11,System Integration,2024-05-09T00:00:00Z,EMP029,2024-05-14,Passed,,97.3,INV-00654.pdf,Ready for payment.
655,INVREC00655,INV-00655,PO-2024-1216,PO1216,VEND030,Bosch Rexroth AG,2024-04-14,2024-06-13,CHF,52613.7,2545.04,0,5,2630.68,55244.38,Paid,Paid,2024-04-30,System Integration,2024-04-14T00:00:00Z,EMP030,2024-04-15,Passed,,97.7,INV-00655.pdf,Matched successfully against PO.
656,INVREC00656,INV-00656,PO-2024-0349,PO0349,VEND087,Hilti Corporation,2024-11-19,2024-12-19,CHF,18788.47,0,2957.73,20,3757.69,25503.89,Paid,Paid,2024-12-01,System Integration,2024-11-19T00:00:00Z,EMP006,2024-11-24,Passed,,93.1,INV-00656.pdf,Ready for payment.
657,INVREC00657,INV-00657,PO-2025-0973,PO0973,VEND080,Ecolab Inc.,2025-08-26,2025-09-25,INR,320115.74,0,829.3,0,0,320945.04,Pending,Unpaid,None,OCR Workflow,2025-08-26T00:00:00Z,None,None,Pending Approval,,96.4,INV-00657.pdf,Invoice under review.
658,INVREC00658,INV-00658,PO-2023-0962,PO0962,VEND100,ZF Friedrichshafen AG,2023-11-16,2023-12-16,USD,196514.72,0,2796.51,0,0,199311.23,Pending,Unpaid,None,Manual Entry,2023-11-16T00:00:00Z,None,None,Pending Approval,,91.7,INV-00658.pdf,Three-way match completed.
659,INVREC00659,INV-00659,PO-2024-0040,PO0040,VEND009,Office Furniture World,2024-08-25,2024-08-25,USD,461561.01,20878.86,0,0,0,461561.01,Rejected,Unpaid,None,System Integration,2024-08-25T00:00:00Z,EMP029,2024-08-31,Passed,,91.9,INV-00659.pdf,Matched successfully against PO.
660,INVREC00660,INV-00660,PO-2026-0012,PO0012,VEND017,Pinnacle Partners,2026-04-13,2026-05-28,CHF,382589.76,0,1707.08,10,38258.98,422555.82,Paid,Paid,2026-04-14,OCR Workflow,2026-04-13T00:00:00Z,EMP032,2026-04-16,Passed,,88.3,INV-00660.pdf,Three-way match completed.
661,INVREC00661,INV-00661,PO-2023-1177,PO1177,VEND051,Thomson Reuters,2023-02-01,2023-02-16,USD,25515,0,3422.76,0,0,28937.76,Pending,Unpaid,None,System Integration,2023-02-01T00:00:00Z,None,None,Pending Approval,,98.6,INV-00661.pdf,Invoice under review.
662,INVREC00662,INV-00662,PO-2025-0781,PO0781,VEND064,Aramark Corporation,2025-07-05,2025-08-04,EUR,193677.37,0,0,5,9683.87,203361.24,Paid,Paid,2025-07-18,OCR Workflow,2025-07-05T00:00:00Z,EMP028,2025-07-06,Passed,,95.3,INV-00662.pdf,Matched successfully against PO.
663,INVREC00663,INV-00663,PO-2023-0274,PO0274,VEND087,Hilti Corporation,2023-07-08,2023-08-07,CHF,414090.91,0,0,18,74536.36,488627.27,Rejected,Unpaid,None,OCR Workflow,2023-07-08T00:00:00Z,EMP017,2023-07-12,Passed,,92,INV-00663.pdf,Payment pending approval.
664,INVREC00664,INV-00664,PO-2024-1106,PO1106,VEND001,ABCD & CO,2024-08-27,2024-08-27,SEK,431983.65,0,4007.7,10,43198.36,479189.71,Paid,Paid,2024-08-27,Manual Entry,2024-08-27T00:00:00Z,EMP039,2024-09-03,Passed,,96.7,INV-00664.pdf,Three-way match completed.
665,INVREC00665,INV-00665,PO-2023-0098,PO0098,VEND030,Bosch Rexroth AG,2023-10-18,2023-11-17,CHF,335391.51,0,0,20,67078.3,402469.81,Rejected,Unpaid,None,System Integration,2023-10-18T00:00:00Z,None,None,Rejected,Invoice amount mismatch,85.9,INV-00665.pdf,Payment pending approval.
666,INVREC00666,INV-00666,PO-2026-0839,PO0839,VEND088,Makita Corporation,2026-12-08,2027-01-07,CHF,340678.11,10904.41,2478.17,10,34067.81,377224.09,Paid,Paid,2026-12-27,Manual Entry,2026-12-08T00:00:00Z,EMP030,2026-12-10,Passed,,88.6,INV-00666.pdf,Matched successfully against PO.
667,INVREC00667,INV-00667,PO-2023-0966,PO0966,VEND015,Best Buy Corp,2023-06-24,2023-07-24,INR,464660.74,0,729.39,5,23233.04,488623.17,Rejected,Unpaid,None,OCR Workflow,2023-06-24T00:00:00Z,EMP024,2023-06-26,Passed,,98.7,INV-00667.pdf,Ready for payment.
668,INVREC00668,INV-00668,PO-2025-1322,PO1322,VEND026,General Electric,2025-05-23,2025-06-07,SEK,214009.45,7297.19,3766.78,10,21400.94,239177.17,Paid,Paid,2025-06-05,Manual Entry,2025-05-23T00:00:00Z,EMP008,2025-05-28,Passed,,85.2,INV-00668.pdf,Three-way match completed.
669,INVREC00669,INV-00669,PO-2023-0690,PO0690,VEND016,New Horizons,2023-04-08,2023-04-23,GBP,93911.77,0,2940.21,10,9391.18,106243.16,Paid,Paid,2023-04-23,System Integration,2023-04-08T00:00:00Z,EMP008,2023-04-15,Passed,,98.6,INV-00669.pdf,Invoice under review.
670,INVREC00670,INV-00670,PO-2026-1097,PO1097,VEND029,Rockwell Automation,2026-02-16,2026-03-18,USD,147958.1,0,0,0,0,147958.1,Paid,Paid,2026-03-07,System Integration,2026-02-16T00:00:00Z,EMP034,2026-02-22,Passed,,96.4,INV-00670.pdf,Matched successfully against PO.
671,INVREC00671,INV-00671,PO-2024-0450,PO0450,VEND075,T-Mobile for Business,2024-11-18,2024-12-18,GBP,177740.64,0,0,10,17774.06,195514.7,Rejected,Unpaid,None,Manual Entry,2024-11-18T00:00:00Z,EMP029,2024-11-22,Passed,,99.6,INV-00671.pdf,Ready for payment.
672,INVREC00672,INV-00672,PO-2024-0694,PO0694,VEND089,DeWalt Industrial Tool Co.,2024-07-29,2024-09-12,INR,216703.11,0,728.51,5,10835.16,228266.78,Paid,Paid,2024-08-08,System Integration,2024-07-29T00:00:00Z,EMP009,2024-08-01,Passed,,94.7,INV-00672.pdf,Matched successfully against PO.
673,INVREC00673,INV-00673,PO-2026-0054,PO0054,VEND084,McMaster-Carr,2026-10-05,2026-11-04,GBP,498445.82,0,4362.66,5,24922.29,527730.77,Rejected,Unpaid,None,OCR Workflow,2026-10-05T00:00:00Z,EMP018,2026-10-09,Passed,,97.8,INV-00673.pdf,Three-way match completed.
674,INVREC00674,INV-00674,PO-2025-0733,PO0733,VEND084,McMaster-Carr,2025-05-27,2025-06-26,GBP,366684.75,0,0,0,0,366684.75,Rejected,Unpaid,None,OCR Workflow,2025-05-27T00:00:00Z,EMP017,2025-05-29,Passed,,98.5,INV-00674.pdf,Invoice under review.
675,INVREC00675,INV-00675,PO-2023-1482,PO1482,VEND018,Summit Systems,2023-07-11,2023-07-11,EUR,446414.78,8949.08,0,5,22320.74,468735.52,Paid,Paid,2023-07-11,System Integration,2023-07-11T00:00:00Z,EMP029,2023-07-12,Passed,,85.2,INV-00675.pdf,Matched successfully against PO.
676,INVREC00676,INV-00676,PO-2026-1105,PO1105,VEND015,Best Buy Corp,2026-08-28,2026-09-27,INR,14095.58,0,0,10,1409.56,15505.14,Paid,Paid,2026-09-01,Manual Entry,2026-08-28T00:00:00Z,EMP001,2026-09-04,Passed,,90.7,INV-00676.pdf,Invoice under review.
677,INVREC00677,INV-00677,PO-2026-0394,PO0394,VEND090,Snap-on Incorporated,2026-06-17,2026-08-01,GBP,492024.51,12340.48,0,18,88564.41,580588.92,Rejected,Unpaid,None,Manual Entry,2026-06-17T00:00:00Z,EMP016,2026-06-23,Passed,,92.4,INV-00677.pdf,Invoice under review.
678,INVREC00678,INV-00678,PO-2024-1296,PO1296,VEND076,Comcast Business,2024-10-26,2024-12-10,GBP,251573.81,0,3673.44,10,25157.38,280404.63,Rejected,Unpaid,None,Manual Entry,2024-10-26T00:00:00Z,EMP026,2024-10-30,Passed,,89.3,INV-00678.pdf,Three-way match completed.
679,INVREC00679,INV-00679,PO-2024-1416,PO1416,VEND048,Cummins Inc.,2024-03-06,2024-04-05,EUR,16662.98,0,0,5,833.15,17496.13,Pending,Unpaid,None,OCR Workflow,2024-03-06T00:00:00Z,None,None,Pending Approval,,95.6,INV-00679.pdf,Payment pending approval.
680,INVREC00680,INV-00680,PO-2025-0084,PO0084,VEND083,MSC Industrial Direct,2025-08-13,2025-09-27,SEK,224037.54,0,0,5,11201.88,235239.42,Paid,Paid,2025-08-19,OCR Workflow,2025-08-13T00:00:00Z,EMP026,2025-08-17,Passed,,90.9,INV-00680.pdf,Matched successfully against PO.
681,INVREC00681,INV-00681,PO-2023-0273,PO0273,VEND066,Jones Lang LaSalle,2023-07-17,2023-07-17,CHF,210813.05,0,4516.17,18,37946.35,253275.57,Paid,Paid,2023-07-17,System Integration,2023-07-17T00:00:00Z,EMP029,2023-07-21,Passed,,92.4,INV-00681.pdf,Payment pending approval.
682,INVREC00682,INV-00682,PO-2024-0694,PO0694,VEND089,DeWalt Industrial Tool Co.,2024-08-22,2024-10-06,INR,216703.11,0,728.51,5,10835.16,228266.78,Rejected,Unpaid,None,System Integration,2024-08-22T00:00:00Z,EMP020,2024-08-27,Passed,,87.4,INV-00682.pdf,Payment pending approval.
683,INVREC00683,INV-00683,PO-2023-0188,PO0188,VEND037,Atlas Air Worldwide,2023-06-21,2023-08-20,CHF,274283.11,0,0,0,0,274283.11,Rejected,Unpaid,None,OCR Workflow,2023-06-21T00:00:00Z,EMP028,2023-06-24,Passed,,94.7,INV-00683.pdf,Three-way match completed.
684,INVREC00684,INV-00684,PO-2025-1256,PO1256,VEND052,Moody's Analytics,2025-05-23,2025-07-07,GBP,280392.73,0,0,20,56078.55,336471.28,Rejected,Unpaid,None,OCR Workflow,2025-05-23T00:00:00Z,EMP015,2025-05-24,Passed,,91.7,INV-00684.pdf,Ready for payment.
685,INVREC00685,INV-00685,PO-2025-1270,PO1270,VEND016,New Horizons,2025-09-19,2025-09-19,GBP,67045.03,0,4287.18,10,6704.5,78036.71,Rejected,Unpaid,None,Manual Entry,2025-09-19T00:00:00Z,EMP016,2025-09-24,Passed,,85.6,INV-00685.pdf,Ready for payment.
686,INVREC00686,INV-00686,PO-2024-0693,PO0693,VEND020,Alpha Industries,2024-10-22,2024-12-06,SEK,433530.81,18791.4,3866.33,18,78035.55,515432.69,Rejected,Unpaid,None,Manual Entry,2024-10-22T00:00:00Z,None,None,Rejected,Invoice amount mismatch,92.2,INV-00686.pdf,Payment pending approval.
687,INVREC00687,INV-00687,PO-2026-1062,PO1062,VEND093,Regal Beloit Corporation,2026-07-04,2026-07-04,CHF,305226.19,12237.05,0,20,61045.24,366271.43,Paid,Paid,2026-07-04,OCR Workflow,2026-07-04T00:00:00Z,EMP007,2026-07-11,Passed,,85.4,INV-00687.pdf,Payment pending approval.
688,INVREC00688,INV-00688,PO-2023-1237,PO1237,VEND087,Hilti Corporation,2023-12-19,2024-01-18,CHF,214594.66,0,183,20,42918.93,257696.59,Paid,Paid,2023-12-29,System Integration,2023-12-19T00:00:00Z,EMP006,2023-12-25,Passed,,92.1,INV-00688.pdf,Invoice under review.
689,INVREC00689,INV-00689,PO-2024-0977,PO0977,VEND017,Pinnacle Partners,2024-09-12,2024-10-12,CHF,399133.37,0,0,10,39913.34,439046.71,Paid,Paid,2024-09-14,Manual Entry,2024-09-12T00:00:00Z,EMP007,2024-09-14,Passed,,93.2,INV-00689.pdf,Three-way match completed.
690,INVREC00690,INV-00690,PO-2025-0306,PO0306,VEND045,Hewlett Packard Enterprise,2025-09-27,2025-09-27,CHF,276702.03,12772.01,3431.91,10,27670.2,307804.14,Paid,Paid,2025-09-27,System Integration,2025-09-27T00:00:00Z,EMP031,2025-10-02,Passed,,86.2,INV-00690.pdf,Matched successfully against PO.
691,INVREC00691,INV-00691,PO-2024-0584,PO0584,VEND022,Siemens AG,2024-03-20,2024-03-20,USD,268129.86,0,0,20,53625.97,321755.83,Paid,Paid,2024-03-20,OCR Workflow,2024-03-20T00:00:00Z,EMP015,2024-03-25,Passed,,98.9,INV-00691.pdf,Payment pending approval.
692,INVREC00692,INV-00692,PO-2026-0756,PO0756,VEND052,Moody's Analytics,2026-08-11,2026-09-10,GBP,427249.04,0,2044.52,0,0,429293.56,Pending,Unpaid,None,System Integration,2026-08-11T00:00:00Z,None,None,Pending Approval,,88.6,INV-00692.pdf,Three-way match completed.
693,INVREC00693,INV-00693,PO-2026-1389,PO1389,VEND067,"CBRE Group, Inc.",2026-09-19,2026-10-19,EUR,493114.27,0,0,10,49311.43,542425.7,Paid,Paid,2026-09-20,System Integration,2026-09-19T00:00:00Z,EMP039,2026-09-24,Passed,,91.4,INV-00693.pdf,Ready for payment.
694,INVREC00694,INV-00694,PO-2023-0080,PO0080,VEND018,Summit Systems,2023-11-16,2023-12-16,EUR,89398.75,0,0,5,4469.94,93868.69,Paid,Paid,2023-11-17,Manual Entry,2023-11-16T00:00:00Z,EMP005,2023-11-20,Passed,,85.1,INV-00694.pdf,Invoice under review.
695,INVREC00695,INV-00695,PO-2026-1393,PO1393,VEND014,Modern Office Co,2026-03-09,2026-03-24,USD,366941.92,4854.08,0,0,0,366941.92,Rejected,Unpaid,None,OCR Workflow,2026-03-09T00:00:00Z,EMP026,2026-03-14,Passed,,95,INV-00695.pdf,Invoice under review.
696,INVREC00696,INV-00696,PO-2023-0914,PO0914,VEND090,Snap-on Incorporated,2023-07-26,2023-08-10,GBP,396037.96,9871.33,0,0,0,396037.96,Paid,Paid,2023-08-07,Manual Entry,2023-07-26T00:00:00Z,EMP008,2023-07-30,Passed,,85.5,INV-00696.pdf,Payment pending approval.
697,INVREC00697,INV-00697,PO-2024-0060,PO0060,VEND065,Sodexo S.A.,2025-01-01,2025-01-16,INR,391231.04,13183.89,0,0,0,391231.04,Paid,Paid,2025-01-07,OCR Workflow,2025-01-01T00:00:00Z,EMP037,2025-01-03,Passed,,86.5,INV-00697.pdf,Three-way match completed.
698,INVREC00698,INV-00698,PO-2025-1369,PO1369,VEND068,Securitas AB,2025-11-19,2025-11-19,EUR,165568.69,0,0,20,33113.74,198682.43,Rejected,Unpaid,None,System Integration,2025-11-19T00:00:00Z,None,None,Rejected,Invoice amount mismatch,92.6,INV-00698.pdf,Three-way match completed.
699,INVREC00699,INV-00699,PO-2025-0252,PO0252,VEND024,Schneider Electric,2025-03-09,2025-03-09,USD,68184.17,0,0,20,13636.83,81821,Pending,Unpaid,None,OCR Workflow,2025-03-09T00:00:00Z,None,None,Pending Approval,,97.7,INV-00699.pdf,Invoice under review.
700,INVREC00700,INV-00700,PO-2025-0807,PO0807,VEND071,Waste Management Inc.,2025-10-28,2025-11-27,EUR,389170.39,8000.7,261.46,10,38917.04,428348.89,Pending,Unpaid,None,Manual Entry,2025-10-28T00:00:00Z,None,None,Pending Approval,,94.8,INV-00700.pdf,Three-way match completed.
701,INVREC00701,INV-00701,PO-2026-0717,PO0717,VEND023,Caterpillar Inc.,2026-04-07,2026-05-07,INR,301937.82,0,1648.21,0,0,303586.03,Paid,Paid,2026-04-19,OCR Workflow,2026-04-07T00:00:00Z,EMP025,2026-04-10,Passed,,96.7,INV-00701.pdf,Three-way match completed.
702,INVREC00702,INV-00702,PO-2026-0497,PO0497,VEND012,Elite Services,2026-12-18,2027-01-17,SEK,256522.14,0,3519,5,12826.11,272867.25,Paid,Paid,2027-01-04,System Integration,2026-12-18T00:00:00Z,EMP023,2026-12-21,Passed,,91.4,INV-00702.pdf,Ready for payment.
703,INVREC00703,INV-00703,PO-2024-0291,PO0291,VEND043,Cisco Systems Inc.,2024-09-27,2024-10-27,GBP,183443.65,0,4435.25,18,33019.86,220898.76,Paid,Paid,2024-10-02,OCR Workflow,2024-09-27T00:00:00Z,EMP005,2024-10-02,Passed,,88.1,INV-00703.pdf,Ready for payment.
704,INVREC00704,INV-00704,PO-2023-0247,PO0247,VEND098,Michelin North America,2023-10-27,2023-11-26,USD,424578.09,0,2350.98,0,0,426929.07,Paid,Paid,2023-11-04,Manual Entry,2023-10-27T00:00:00Z,EMP003,2023-11-03,Passed,,85.5,INV-00704.pdf,Invoice under review.
705,INVREC00705,INV-00705,PO-2025-0683,PO0683,VEND027,Honeywell International,2025-05-10,2025-06-09,SEK,222308.76,0,2504.17,10,22230.88,247043.81,Paid,Paid,2025-05-29,System Integration,2025-05-10T00:00:00Z,EMP001,2025-05-14,Passed,,98.6,INV-00705.pdf,Three-way match completed.
706,INVREC00706,INV-00706,PO-2024-0338,PO0338,VEND072,Republic Services,2024-02-20,2024-02-20,SEK,258394,0,1759.95,18,46510.92,306664.87,Rejected,Unpaid,None,OCR Workflow,2024-02-20T00:00:00Z,EMP020,2024-02-23,Passed,,96.6,INV-00706.pdf,Matched successfully against PO.
707,INVREC00707,INV-00707,PO-2026-0893,PO0893,VEND025,ABB Ltd,2026-03-09,2026-03-24,GBP,343702.53,13369.32,2551.1,0,0,346253.63,Paid,Paid,2026-03-18,OCR Workflow,2026-03-09T00:00:00Z,EMP018,2026-03-15,Passed,,86.4,INV-00707.pdf,Invoice under review.
708,INVREC00708,INV-00708,PO-2023-1290,PO1290,VEND019,Vanguard Tech,2023-04-03,2023-05-03,USD,477348.41,11889.99,0,10,47734.84,525083.25,Rejected,Unpaid,None,Manual Entry,2023-04-03T00:00:00Z,EMP001,2023-04-05,Passed,,89.6,INV-00708.pdf,Matched successfully against PO.
709,INVREC00709,INV-00709,PO-2023-0531,PO0531,VEND038,Penske Logistics,2023-01-25,2023-03-26,SEK,445815.83,0,0,18,80246.85,526062.68,Paid,Paid,2023-02-09,System Integration,2023-01-25T00:00:00Z,EMP004,2023-02-01,Passed,,92,INV-00709.pdf,Invoice under review.
710,INVREC00710,INV-00710,PO-2025-0557,PO0557,VEND089,DeWalt Industrial Tool Co.,2025-06-13,2025-06-28,INR,442868.23,0,0,5,22143.41,465011.64,Paid,Paid,2025-06-24,System Integration,2025-06-13T00:00:00Z,EMP007,2025-06-14,Passed,,97.3,INV-00710.pdf,Matched successfully against PO.
711,INVREC00711,INV-00711,PO-2024-0417,PO0417,VEND064,Aramark Corporation,2024-06-18,2024-07-18,EUR,350401.64,0,3963.19,18,63072.3,417437.13,Paid,Paid,2024-07-05,System Integration,2024-06-18T00:00:00Z,EMP012,2024-06-24,Passed,,85.3,INV-00711.pdf,Matched successfully against PO.
712,INVREC00712,INV-00712,PO-2023-0314,PO0314,VEND017,Pinnacle Partners,2023-11-11,2023-12-26,CHF,150551.51,0,0,5,7527.58,158079.09,Paid,Paid,2023-11-22,OCR Workflow,2023-11-11T00:00:00Z,EMP035,2023-11-18,Passed,,89.3,INV-00712.pdf,Three-way match completed.
713,INVREC00713,INV-00713,PO-2023-0742,PO0742,VEND080,Ecolab Inc.,2023-01-26,2023-01-26,INR,187514.7,4446.86,0,18,33752.65,221267.35,Paid,Paid,2023-01-26,Manual Entry,2023-01-26T00:00:00Z,EMP017,2023-01-30,Passed,,97.4,INV-00713.pdf,Three-way match completed.
714,INVREC00714,INV-00714,PO-2026-1022,PO1022,VEND026,General Electric,2026-07-21,2026-08-20,SEK,15694.94,500.89,34.02,20,3138.99,18867.95,Paid,Paid,2026-07-30,OCR Workflow,2026-07-21T00:00:00Z,EMP037,2026-07-23,Passed,,92.5,INV-00714.pdf,Matched successfully against PO.
715,INVREC00715,INV-00715,PO-2023-0692,PO0692,VEND032,UPS Supply Chain Solutions,2023-04-29,2023-04-29,EUR,206655.65,7573.55,2119.85,5,10332.78,219108.28,Paid,Paid,2023-04-29,System Integration,2023-04-29T00:00:00Z,EMP001,2023-05-03,Passed,,96.5,INV-00715.pdf,Payment pending approval.
716,INVREC00716,INV-00716,PO-2026-1382,PO1382,VEND096,Gates Corporation,2026-05-19,2026-06-18,EUR,417720.97,0,741.71,10,41772.1,460234.78,Paid,Paid,2026-05-22,OCR Workflow,2026-05-19T00:00:00Z,EMP024,2026-05-22,Passed,,90.8,INV-00716.pdf,Matched successfully against PO.
717,INVREC00717,INV-00717,PO-2023-1380,PO1380,VEND076,Comcast Business,2023-01-14,2023-02-13,GBP,62457.57,0,0,5,3122.88,65580.45,Paid,Paid,2023-01-27,System Integration,2023-01-14T00:00:00Z,EMP002,2023-01-17,Passed,,91.4,INV-00717.pdf,Matched successfully against PO.
718,INVREC00718,INV-00718,PO-2024-0928,PO0928,VEND067,"CBRE Group, Inc.",2024-06-23,2024-08-07,EUR,27731.29,0,0,20,5546.26,33277.55,Paid,Paid,2024-07-07,Manual Entry,2024-06-23T00:00:00Z,EMP024,2024-06-28,Passed,,86.9,INV-00718.pdf,Three-way match completed.
719,INVREC00719,INV-00719,PO-2024-0303,PO0303,VEND031,FedEx Corporation,2024-04-16,2024-05-16,SEK,453825.91,0,3959.88,20,90765.18,548550.97,Paid,Paid,2024-04-21,OCR Workflow,2024-04-16T00:00:00Z,EMP017,2024-04-23,Passed,,92,INV-00719.pdf,Matched successfully against PO.
720,INVREC00720,INV-00720,PO-2025-0715,PO0715,VEND046,Lenovo Group Limited,2025-12-01,2025-12-31,INR,469515.09,12031.57,2057.76,18,84512.72,556085.57,Paid,Paid,2025-12-04,System Integration,2025-12-01T00:00:00Z,EMP019,2025-12-07,Passed,,89.5,INV-00720.pdf,Three-way match completed.
721,INVREC00721,INV-00721,PO-2026-0399,PO0399,VEND052,Moody's Analytics,2026-05-11,2026-05-11,GBP,429931.91,0,1911.87,20,85986.38,517830.16,Paid,Paid,2026-05-11,System Integration,2026-05-11T00:00:00Z,EMP035,2026-05-17,Passed,,90.3,INV-00721.pdf,Invoice under review.
722,INVREC00722,INV-00722,PO-2025-1050,PO1050,VEND080,Ecolab Inc.,2025-07-04,2025-08-03,INR,327150.26,11118.22,1227.28,10,32715.03,361092.57,Paid,Paid,2025-07-07,Manual Entry,2025-07-04T00:00:00Z,EMP021,2025-07-11,Passed,,91.6,INV-00722.pdf,Ready for payment.
723,INVREC00723,INV-00723,PO-2023-0037,PO0037,VEND038,Penske Logistics,2023-05-18,2023-07-02,SEK,181031.22,7442.67,3582.15,18,32585.62,217198.99,Paid,Paid,2023-05-30,Manual Entry,2023-05-18T00:00:00Z,EMP001,2023-05-23,Passed,,99.9,INV-00723.pdf,Three-way match completed.
724,INVREC00724,INV-00724,PO-2025-0958,PO0958,VEND085,Fastenal Company,2025-04-16,2025-05-16,SEK,225951.67,0,0,0,0,225951.67,Paid,Paid,2025-04-26,OCR Workflow,2025-04-16T00:00:00Z,EMP001,2025-04-21,Passed,,95.8,INV-00724.pdf,Matched successfully against PO.
725,INVREC00725,INV-00725,PO-2023-0145,PO0145,VEND009,Office Furniture World,2023-08-04,2023-08-19,USD,487254.08,0,0,18,87705.73,574959.81,Rejected,Unpaid,None,System Integration,2023-08-04T00:00:00Z,EMP032,2023-08-11,Passed,,92.8,INV-00725.pdf,Ready for payment.
726,INVREC00726,INV-00726,PO-2023-0932,PO0932,VEND060,Boston Consulting Group,2023-02-05,2023-03-07,SEK,132941.34,0,1205.28,10,13294.13,147440.75,Paid,Paid,2023-02-08,System Integration,2023-02-05T00:00:00Z,EMP013,2023-02-12,Passed,,90,INV-00726.pdf,Ready for payment.
727,INVREC00727,INV-00727,PO-2026-0253,PO0253,VEND030,Bosch Rexroth AG,2026-08-19,2026-10-03,CHF,126523.04,0,1928.17,0,0,128451.21,Pending,Unpaid,None,OCR Workflow,2026-08-19T00:00:00Z,None,None,Pending Approval,,86,INV-00727.pdf,Payment pending approval.
728,INVREC00728,INV-00728,PO-2023-0177,PO0177,VEND021,Johnson Controls,2023-01-22,2023-01-22,USD,335467.27,0,0,18,60384.11,395851.38,Pending,Unpaid,None,OCR Workflow,2023-01-22T00:00:00Z,None,None,Pending Approval,,91.3,INV-00728.pdf,Ready for payment.
729,INVREC00729,INV-00729,PO-2024-0291,PO0291,VEND043,Cisco Systems Inc.,2024-09-01,2024-10-01,GBP,183443.65,0,4435.25,18,33019.86,220898.76,Paid,Paid,2024-09-10,System Integration,2024-09-01T00:00:00Z,EMP011,2024-09-03,Passed,,96.9,INV-00729.pdf,Matched successfully against PO.
730,INVREC00730,INV-00730,PO-2023-1290,PO1290,VEND019,Vanguard Tech,2023-04-13,2023-05-13,USD,477348.41,0,0,10,47734.84,525083.25,Rejected,Unpaid,None,Manual Entry,2023-04-13T00:00:00Z,EMP033,2023-04-17,Passed,,90.3,INV-00730.pdf,Invoice under review.
731,INVREC00731,INV-00731,PO-2025-1435,PO1435,VEND053,S&P Global Inc.,2025-12-11,2026-01-10,SEK,42536.79,0,0,0,0,42536.79,Paid,Paid,2025-12-15,OCR Workflow,2025-12-11T00:00:00Z,EMP034,2025-12-14,Passed,,87.9,INV-00731.pdf,Invoice under review.
732,INVREC00732,INV-00732,PO-2024-1268,PO1268,VEND020,Alpha Industries,2024-03-31,2024-04-30,SEK,344323.87,0,0,10,34432.39,378756.26,Paid,Paid,2024-04-08,Manual Entry,2024-03-31T00:00:00Z,EMP032,2024-04-05,Passed,,90.6,INV-00732.pdf,Payment pending approval.
733,INVREC00733,INV-00733,PO-2023-0805,PO0805,VEND001,ABCD & CO,2023-12-11,2023-12-26,SEK,184167.81,0,0,5,9208.39,193376.2,Paid,Paid,2023-12-26,OCR Workflow,2023-12-11T00:00:00Z,EMP028,2023-12-18,Passed,,86.8,INV-00733.pdf,Matched successfully against PO.
734,INVREC00734,INV-00734,PO-2024-0677,PO0677,VEND084,McMaster-Carr,2024-08-12,2024-09-26,GBP,240235.91,7246.12,0,5,12011.8,252247.71,Paid,Paid,2024-08-22,OCR Workflow,2024-08-12T00:00:00Z,EMP021,2024-08-16,Passed,,94.7,INV-00734.pdf,Ready for payment.
735,INVREC00735,INV-00735,PO-2025-1208,PO1208,VEND046,Lenovo Group Limited,2025-03-09,2025-04-23,INR,329861.33,0,1594.23,10,32986.13,364441.69,Paid,Paid,2025-03-14,System Integration,2025-03-09T00:00:00Z,EMP031,2025-03-14,Passed,,93.7,INV-00735.pdf,Three-way match completed.
736,INVREC00736,INV-00736,PO-2023-0402,PO0402,VEND025,ABB Ltd,2023-11-23,2023-12-23,GBP,73594.34,0,2204.24,0,0,75798.58,Paid,Paid,2023-12-09,System Integration,2023-11-23T00:00:00Z,EMP037,2023-11-27,Passed,,97.9,INV-00736.pdf,Three-way match completed.
737,INVREC00737,INV-00737,PO-2026-0237,PO0237,VEND034,C.H. Robinson Worldwide,2026-04-16,2026-05-16,SEK,383181.08,0,63.08,18,68972.59,452216.75,Paid,Paid,2026-04-17,System Integration,2026-04-16T00:00:00Z,EMP039,2026-04-17,Passed,,90.8,INV-00737.pdf,Payment pending approval.
738,INVREC00738,INV-00738,PO-2024-1000,PO1000,VEND038,Penske Logistics,2024-12-21,2025-02-19,SEK,96365.87,0,1614.03,18,17345.86,115325.76,Paid,Paid,2024-12-25,OCR Workflow,2024-12-21T00:00:00Z,EMP004,2024-12-25,Passed,,90.4,INV-00738.pdf,Payment pending approval.
739,INVREC00739,INV-00739,PO-2023-0713,PO0713,VEND014,Modern Office Co,2023-01-21,2023-03-07,USD,398807.63,4370.47,0,0,0,398807.63,Paid,Paid,2023-02-06,System Integration,2023-01-21T00:00:00Z,EMP025,2023-01-24,Passed,,92.1,INV-00739.pdf,Payment pending approval.
740,INVREC00740,INV-00740,PO-2024-0978,PO0978,VEND075,T-Mobile for Business,2024-10-27,2024-11-26,GBP,212064.22,0,0,0,0,212064.22,Paid,Paid,2024-11-03,Manual Entry,2024-10-27T00:00:00Z,EMP010,2024-11-02,Passed,,92.8,INV-00740.pdf,Ready for payment.
741,INVREC00741,INV-00741,PO-2025-1011,PO1011,VEND001,ABCD & CO,2025-04-17,2025-06-16,SEK,422924.93,0,0,5,21146.25,444071.18,Paid,Paid,2025-04-22,System Integration,2025-04-17T00:00:00Z,EMP022,2025-04-19,Passed,,95.5,INV-00741.pdf,Invoice under review.
742,INVREC00742,INV-00742,PO-2026-0682,PO0682,VEND093,Regal Beloit Corporation,2026-07-25,2026-08-24,CHF,365607.91,0,0,0,0,365607.91,Paid,Paid,2026-08-02,OCR Workflow,2026-07-25T00:00:00Z,EMP024,2026-07-31,Passed,,94.2,INV-00742.pdf,Payment pending approval.
743,INVREC00743,INV-00743,PO-2024-1244,PO1244,VEND028,Emerson Electric Co.,2024-08-20,2024-09-19,INR,143246.41,3003.32,3086.8,5,7162.32,153495.53,Paid,Paid,2024-08-28,Manual Entry,2024-08-20T00:00:00Z,EMP010,2024-08-25,Passed,,92.4,INV-00743.pdf,Matched successfully against PO.
744,INVREC00744,INV-00744,PO-2023-0644,PO0644,VEND014,Modern Office Co,2023-06-03,2023-07-03,USD,432584.28,0,2535.58,20,86516.86,521636.72,Rejected,Unpaid,None,Manual Entry,2023-06-03T00:00:00Z,EMP040,2023-06-09,Passed,,91.3,INV-00744.pdf,Matched successfully against PO.
745,INVREC00745,INV-00745,PO-2024-1262,PO1262,VEND066,Jones Lang LaSalle,2024-11-15,2025-01-14,CHF,223123.12,2893.41,0,5,11156.16,234279.28,Paid,Paid,2024-11-17,Manual Entry,2024-11-15T00:00:00Z,EMP030,2024-11-20,Passed,,93.3,INV-00745.pdf,Payment pending approval.
746,INVREC00746,INV-00746,PO-2024-0091,PO0091,VEND062,Accenture PLC,2024-10-12,2024-11-26,USD,131345.79,2326.97,0,18,23642.24,154988.03,Rejected,Unpaid,None,Manual Entry,2024-10-12T00:00:00Z,None,None,Rejected,Invoice amount mismatch,96.3,INV-00746.pdf,Payment pending approval.
747,INVREC00747,INV-00747,PO-2024-1379,PO1379,VEND074,Verizon Business Group,2024-04-10,2024-04-25,EUR,237159.53,0,1163.76,5,11857.98,250181.27,Rejected,Unpaid,None,Manual Entry,2024-04-10T00:00:00Z,EMP020,2024-04-11,Passed,,88.4,INV-00747.pdf,Ready for payment.
748,INVREC00748,INV-00748,PO-2025-1494,PO1494,VEND090,Snap-on Incorporated,2025-03-24,2025-04-08,GBP,260594.7,9957.75,0,5,13029.74,273624.44,Paid,Paid,2025-04-06,OCR Workflow,2025-03-24T00:00:00Z,EMP016,2025-03-25,Passed,,91,INV-00748.pdf,Payment pending approval.
749,INVREC00749,INV-00749,PO-2024-1310,PO1310,VEND031,FedEx Corporation,2024-03-04,2024-04-03,SEK,74513.61,1064.17,0,18,13412.45,87926.06,Rejected,Unpaid,None,OCR Workflow,2024-03-04T00:00:00Z,EMP037,2024-03-08,Passed,,86.7,INV-00749.pdf,Three-way match completed.
750,INVREC00750,INV-00750,PO-2026-0507,PO0507,VEND094,Timken Company,2026-10-14,2026-12-13,SEK,245122.5,11562.57,1069.47,20,49024.5,295216.47,Paid,Paid,2026-10-21,Manual Entry,2026-10-14T00:00:00Z,EMP036,2026-10-21,Passed,,95.1,INV-00750.pdf,Three-way match completed.
751,INVREC00751,INV-00751,PO-2025-0021,PO0021,VEND069,ADT Inc.,2025-04-14,2025-05-14,EUR,489572.18,18261.2,0,5,24478.61,514050.79,Rejected,Unpaid,None,System Integration,2025-04-14T00:00:00Z,EMP025,2025-04-18,Passed,,97.5,INV-00751.pdf,Three-way match completed.
752,INVREC00752,INV-00752,PO-2023-0108,PO0108,VEND022,Siemens AG,2023-06-09,2023-07-09,USD,400282.08,15911.36,2720.44,5,20014.1,423016.62,Paid,Paid,2023-06-23,System Integration,2023-06-09T00:00:00Z,EMP028,2023-06-10,Passed,,92.3,INV-00752.pdf,Matched successfully against PO.
753,INVREC00753,INV-00753,PO-2026-0924,PO0924,VEND086,W.W. Grainger International,2026-04-24,2026-05-24,EUR,344118.15,4165.77,0,20,68823.63,412941.78,Paid,Paid,2026-04-28,System Integration,2026-04-24T00:00:00Z,EMP021,2026-05-01,Passed,,87.6,INV-00753.pdf,Three-way match completed.
754,INVREC00754,INV-00754,PO-2025-0121,PO0121,VEND037,Atlas Air Worldwide,2025-03-28,2025-04-27,CHF,452470.5,12887.88,2119.41,0,0,454589.91,Paid,Paid,2025-04-03,Manual Entry,2025-03-28T00:00:00Z,EMP040,2025-03-31,Passed,,86.9,INV-00754.pdf,Matched successfully against PO.
755,INVREC00755,INV-00755,PO-2023-1334,PO1334,VEND056,PricewaterhouseCoopers LLP,2023-07-07,2023-09-05,EUR,468662.02,0,0,5,23433.1,492095.12,Paid,Paid,2023-07-17,System Integration,2023-07-07T00:00:00Z,EMP024,2023-07-13,Passed,,85.5,INV-00755.pdf,Matched successfully against PO.
756,INVREC00756,INV-00756,PO-2023-0145,PO0145,VEND009,Office Furniture World,2023-07-25,2023-08-09,USD,487254.08,0,0,18,87705.73,574959.81,Paid,Paid,2023-08-09,System Integration,2023-07-25T00:00:00Z,EMP039,2023-07-30,Passed,,85.4,INV-00756.pdf,Ready for payment.
757,INVREC00757,INV-00757,PO-2026-0300,PO0300,VEND035,Expeditors International,2026-08-07,2026-08-22,GBP,308852.75,11532.1,2384.93,10,30885.28,342122.96,Pending,Unpaid,None,System Integration,2026-08-07T00:00:00Z,None,None,Pending Approval,,93.5,INV-00757.pdf,Three-way match completed.
758,INVREC00758,INV-00758,PO-2023-0600,PO0600,VEND072,Republic Services,2024-01-02,2024-01-17,SEK,304067.18,0,4881.61,10,30406.72,339355.51,Paid,Paid,2024-01-14,System Integration,2024-01-02T00:00:00Z,EMP028,2024-01-04,Passed,,87.2,INV-00758.pdf,Ready for payment.
759,INVREC00759,INV-00759,PO-2025-0732,PO0732,VEND071,Waste Management Inc.,2025-04-29,2025-06-28,EUR,100869.02,0,2966.34,0,0,103835.36,Paid,Paid,2025-05-17,OCR Workflow,2025-04-29T00:00:00Z,EMP028,2025-05-03,Passed,,99.9,INV-00759.pdf,Payment pending approval.
760,INVREC00760,INV-00760,PO-2024-0726,PO0726,VEND031,FedEx Corporation,2024-03-12,2024-05-11,SEK,30890.54,729.23,0,10,3089.05,33979.59,Pending,Unpaid,None,System Integration,2024-03-12T00:00:00Z,None,None,Pending Approval,,85.3,INV-00760.pdf,Ready for payment.
761,INVREC00761,INV-00761,PO-2023-0157,PO0157,VEND039,Oracle Corporation,2023-01-30,2023-02-14,CHF,156196.94,0,0,18,28115.45,184312.39,Paid,Paid,2023-02-13,System Integration,2023-01-30T00:00:00Z,EMP018,2023-01-31,Passed,,96.4,INV-00761.pdf,Payment pending approval.
762,INVREC00762,INV-00762,PO-2025-0625,PO0625,VEND095,SKF Group,2025-07-05,2025-08-04,GBP,56636.04,0,4233.71,5,2831.8,63701.55,Rejected,Unpaid,None,Manual Entry,2025-07-05T00:00:00Z,EMP035,2025-07-09,Passed,,88.7,INV-00762.pdf,Invoice under review.
763,INVREC00763,INV-00763,PO-2026-0703,PO0703,VEND040,SAP SE,2026-02-01,2026-02-16,INR,203120.28,7203.08,2073.22,0,0,205193.5,Paid,Paid,2026-02-07,OCR Workflow,2026-02-01T00:00:00Z,EMP038,2026-02-02,Passed,,85.6,INV-00763.pdf,Matched successfully against PO.
764,INVREC00764,INV-00764,PO-2023-1281,PO1281,VEND016,New Horizons,2023-05-11,2023-07-10,GBP,485960.51,23881.36,2959.4,20,97192.1,586112.01,Rejected,Unpaid,None,System Integration,2023-05-11T00:00:00Z,EMP022,2023-05-12,Passed,,86.4,INV-00764.pdf,Invoice under review.
765,INVREC00765,INV-00765,PO-2025-0792,PO0792,VEND011,Global Supplies Inc,2025-08-14,2025-09-13,SEK,252686.92,0,0,0,0,252686.92,Paid,Paid,2025-08-26,System Integration,2025-08-14T00:00:00Z,EMP038,2025-08-21,Passed,,90.2,INV-00765.pdf,Matched successfully against PO.
766,INVREC00766,INV-00766,PO-2023-0233,PO0233,VEND068,Securitas AB,2023-11-06,2023-12-06,EUR,47968.65,0,0,20,9593.73,57562.38,Rejected,Unpaid,None,System Integration,2023-11-06T00:00:00Z,EMP030,2023-11-08,Passed,,96.7,INV-00766.pdf,Three-way match completed.
767,INVREC00767,INV-00767,PO-2024-1459,PO1459,VEND043,Cisco Systems Inc.,2024-08-21,2024-08-21,GBP,101867.52,5049.62,3193.04,10,10186.75,115247.31,Paid,Paid,2024-08-21,Manual Entry,2024-08-21T00:00:00Z,EMP009,2024-08-28,Passed,,86.5,INV-00767.pdf,Invoice under review.
768,INVREC00768,INV-00768,PO-2024-1134,PO1134,VEND007,Staples Inc.,2024-01-18,2024-03-18,EUR,175324.33,3471.72,1573.61,18,31558.38,208456.32,Pending,Unpaid,None,System Integration,2024-01-18T00:00:00Z,None,None,Pending Approval,,89.7,INV-00768.pdf,Three-way match completed.
769,INVREC00769,INV-00769,PO-2024-0134,PO0134,VEND078,Cintas Corporation,2024-05-29,2024-06-28,USD,87354.7,0,0,5,4367.73,91722.43,Paid,Paid,2024-06-04,Manual Entry,2024-05-29T00:00:00Z,EMP010,2024-05-31,Passed,,85.3,INV-00769.pdf,Matched successfully against PO.
770,INVREC00770,INV-00770,PO-2024-0424,PO0424,VEND028,Emerson Electric Co.,2024-12-24,2025-01-08,INR,229588.12,5181.67,0,20,45917.62,275505.74,Paid,Paid,2025-01-07,OCR Workflow,2024-12-24T00:00:00Z,EMP020,2024-12-27,Passed,,85.9,INV-00770.pdf,Payment pending approval.
771,INVREC00771,INV-00771,PO-2025-0973,PO0973,VEND080,Ecolab Inc.,2025-09-03,2025-10-03,INR,320115.74,14234.79,829.3,0,0,320945.04,Paid,Paid,2025-09-07,System Integration,2025-09-03T00:00:00Z,EMP011,2025-09-07,Passed,,97.8,INV-00771.pdf,Invoice under review.
772,INVREC00772,INV-00772,PO-2026-0203,PO0203,VEND055,Deloitte & Touche LLP,2026-10-08,2026-10-08,EUR,82773.01,3192.56,3658.42,5,4138.65,90570.08,Paid,Paid,2026-10-08,System Integration,2026-10-08T00:00:00Z,EMP033,2026-10-13,Passed,,92.3,INV-00772.pdf,Ready for payment.
773,INVREC00773,INV-00773,PO-2026-0209,PO0209,VEND053,S&P Global Inc.,2026-05-30,2026-06-29,SEK,494954,0,0,10,49495.4,544449.4,Paid,Paid,2026-06-05,Manual Entry,2026-05-30T00:00:00Z,EMP027,2026-06-05,Passed,,88.5,INV-00773.pdf,Matched successfully against PO.
774,INVREC00774,INV-00774,PO-2024-0834,PO0834,VEND026,General Electric,2024-06-01,2024-06-01,SEK,383355.65,0,0,5,19167.78,402523.43,Rejected,Unpaid,None,System Integration,2024-06-01T00:00:00Z,EMP028,2024-06-08,Passed,,98.3,INV-00774.pdf,Matched successfully against PO.
775,INVREC00775,INV-00775,PO-2023-0850,PO0850,VEND028,Emerson Electric Co.,2023-04-26,2023-05-11,INR,452759.87,0,0,5,22637.99,475397.86,Paid,Paid,2023-05-04,System Integration,2023-04-26T00:00:00Z,EMP039,2023-04-27,Passed,,89.1,INV-00775.pdf,Invoice under review.
776,INVREC00776,INV-00776,PO-2024-0286,PO0286,VEND034,C.H. Robinson Worldwide,2024-02-04,2024-03-20,SEK,440210.05,21388.77,1264.41,5,22010.5,463484.96,Paid,Paid,2024-02-09,System Integration,2024-02-04T00:00:00Z,EMP006,2024-02-08,Passed,,86.6,INV-00776.pdf,Invoice under review.
777,INVREC00777,INV-00777,PO-2025-0290,PO0290,VEND068,Securitas AB,2025-05-02,2025-07-01,EUR,148212.91,0,0,18,26678.32,174891.23,Paid,Paid,2025-05-13,OCR Workflow,2025-05-02T00:00:00Z,EMP005,2025-05-03,Passed,,86,INV-00777.pdf,Three-way match completed.
778,INVREC00778,INV-00778,PO-2023-0721,PO0721,VEND068,Securitas AB,2023-04-09,2023-05-09,EUR,277101.65,0,4029.4,10,27710.17,308841.22,Rejected,Unpaid,None,OCR Workflow,2023-04-09T00:00:00Z,EMP011,2023-04-13,Passed,,90,INV-00778.pdf,Ready for payment.
779,INVREC00779,INV-00779,PO-2024-0076,PO0076,VEND038,Penske Logistics,2024-12-04,2024-12-04,SEK,343195.91,0,633.58,20,68639.18,412468.67,Paid,Paid,2024-12-04,Manual Entry,2024-12-04T00:00:00Z,EMP018,2024-12-08,Passed,,97.2,INV-00779.pdf,Invoice under review.
780,INVREC00780,INV-00780,PO-2023-1116,PO1116,VEND036,Kuehne + Nagel,2023-04-19,2023-05-19,INR,330110.36,0,0,18,59419.86,389530.22,Paid,Paid,2023-05-01,OCR Workflow,2023-04-19T00:00:00Z,EMP034,2023-04-20,Passed,,89.1,INV-00780.pdf,Invoice under review.
781,INVREC00781,INV-00781,PO-2025-1056,PO1056,VEND048,Cummins Inc.,2025-11-08,2026-01-07,EUR,434801.72,0,0,20,86960.34,521762.06,Paid,Paid,2025-11-12,OCR Workflow,2025-11-08T00:00:00Z,EMP031,2025-11-15,Passed,,89.2,INV-00781.pdf,Invoice under review.
782,INVREC00782,INV-00782,PO-2024-0110,PO0110,VEND086,W.W. Grainger International,2024-02-15,2024-03-01,EUR,26346,0,0,10,2634.6,28980.6,Pending,Unpaid,None,System Integration,2024-02-15T00:00:00Z,None,None,Pending Approval,,96.2,INV-00782.pdf,Payment pending approval.
783,INVREC00783,INV-00783,PO-2024-0677,PO0677,VEND084,McMaster-Carr,2024-08-06,2024-09-20,GBP,240235.91,5655.41,0,5,12011.8,252247.71,Paid,Paid,2024-08-21,System Integration,2024-08-06T00:00:00Z,EMP024,2024-08-08,Passed,,95.2,INV-00783.pdf,Ready for payment.
784,INVREC00784,INV-00784,PO-2026-1189,PO1189,VEND014,Modern Office Co,2026-10-06,2026-10-06,USD,418097.31,0,4550.86,20,83619.46,506267.63,Rejected,Unpaid,None,Manual Entry,2026-10-06T00:00:00Z,EMP008,2026-10-07,Passed,,99.3,INV-00784.pdf,Payment pending approval.
785,INVREC00785,INV-00785,PO-2025-1205,PO1205,VEND013,Quick Logistics,2025-05-25,2025-06-24,GBP,55103.58,0,0,10,5510.36,60613.94,Rejected,Unpaid,None,Manual Entry,2025-05-25T00:00:00Z,EMP019,2025-06-01,Passed,,85.1,INV-00785.pdf,Three-way match completed.
786,INVREC00786,INV-00786,PO-2023-1078,PO1078,VEND074,Verizon Business Group,2023-12-27,2024-01-11,EUR,149152.34,4025.46,0,20,29830.47,178982.81,Paid,Paid,2024-01-03,Manual Entry,2023-12-27T00:00:00Z,EMP035,2023-12-28,Passed,,99.2,INV-00786.pdf,Payment pending approval.
787,INVREC00787,INV-00787,PO-2023-0396,PO0396,VEND097,Goodyear Tire & Rubber,2023-01-15,2023-02-14,GBP,286350.19,7096.33,4061.73,5,14317.51,304729.43,Paid,Paid,2023-01-16,OCR Workflow,2023-01-15T00:00:00Z,EMP020,2023-01-16,Passed,,98.9,INV-00787.pdf,Payment pending approval.
788,INVREC00788,INV-00788,PO-2025-1350,PO1350,VEND020,Alpha Industries,2025-11-24,2025-12-24,SEK,434612.59,0,0,20,86922.52,521535.11,Paid,Paid,2025-11-28,System Integration,2025-11-24T00:00:00Z,EMP039,2025-11-28,Passed,,98.8,INV-00788.pdf,Ready for payment.
789,INVREC00789,INV-00789,PO-2025-0462,PO0462,VEND057,Ernst & Young LLP,2025-11-20,2025-11-20,INR,489924.59,13525.79,0,5,24496.23,514420.82,Rejected,Unpaid,None,System Integration,2025-11-20T00:00:00Z,EMP014,2025-11-21,Passed,,86.9,INV-00789.pdf,Ready for payment.
790,INVREC00790,INV-00790,PO-2024-0872,PO0872,VEND080,Ecolab Inc.,2024-11-21,2024-12-21,INR,284608.77,0,1638.77,20,56921.75,343169.29,Paid,Paid,2024-12-10,Manual Entry,2024-11-21T00:00:00Z,EMP025,2024-11-27,Passed,,91.3,INV-00790.pdf,Three-way match completed.
791,INVREC00791,INV-00791,PO-2026-1091,PO1091,VEND012,Elite Services,2026-11-01,2026-12-31,SEK,345984.03,0,3467.81,5,17299.2,366751.04,Rejected,Unpaid,None,Manual Entry,2026-11-01T00:00:00Z,EMP038,2026-11-02,Passed,,99.6,INV-00791.pdf,Three-way match completed.
792,INVREC00792,INV-00792,PO-2025-0877,PO0877,VEND010,Tech Solutions Ltd,2025-01-26,2025-03-12,USD,475186.13,19915.29,2394.82,18,85533.5,563114.45,Paid,Paid,2025-01-27,Manual Entry,2025-01-26T00:00:00Z,EMP038,2025-02-02,Passed,,99.3,INV-00792.pdf,Ready for payment.
793,INVREC00793,INV-00793,PO-2023-0196,PO0196,VEND018,Summit Systems,2023-03-10,2023-03-25,EUR,447800.87,0,3500.05,10,44780.09,496081.01,Paid,Paid,2023-03-25,System Integration,2023-03-10T00:00:00Z,EMP005,2023-03-13,Passed,,95.2,INV-00793.pdf,Payment pending approval.
794,INVREC00794,INV-00794,PO-2023-0270,PO0270,VEND016,New Horizons,2023-10-10,2023-11-09,GBP,84183.53,0,4597.74,20,16836.71,105617.98,Paid,Paid,2023-10-13,System Integration,2023-10-10T00:00:00Z,EMP016,2023-10-13,Passed,,87.8,INV-00794.pdf,Ready for payment.
795,INVREC00795,INV-00795,PO-2024-0063,PO0063,VEND033,Maersk Line,2024-07-06,2024-08-05,SEK,429587.42,0,3425.41,20,85917.48,518930.31,Paid,Paid,2024-07-20,OCR Workflow,2024-07-06T00:00:00Z,EMP033,2024-07-10,Passed,,98.5,INV-00795.pdf,Payment pending approval.
796,INVREC00796,INV-00796,PO-2023-0985,PO0985,VEND065,Sodexo S.A.,2023-03-16,2023-05-15,INR,49330.91,1546.77,2920.4,5,2466.55,54717.86,Paid,Paid,2023-03-20,System Integration,2023-03-16T00:00:00Z,EMP035,2023-03-20,Passed,,96.3,INV-00796.pdf,Three-way match completed.
797,INVREC00797,INV-00797,PO-2024-1379,PO1379,VEND074,Verizon Business Group,2024-04-14,2024-04-29,EUR,237159.53,6945.16,1163.76,5,11857.98,250181.27,Paid,Paid,2024-04-25,System Integration,2024-04-14T00:00:00Z,EMP030,2024-04-21,Passed,,96.4,INV-00797.pdf,Matched successfully against PO.
798,INVREC00798,INV-00798,PO-2026-1105,PO1105,VEND015,Best Buy Corp,2026-08-23,2026-09-22,INR,14095.58,0,0,10,1409.56,15505.14,Paid,Paid,2026-09-01,System Integration,2026-08-23T00:00:00Z,EMP012,2026-08-26,Passed,,99.3,INV-00798.pdf,Invoice under review.
799,INVREC00799,INV-00799,PO-2026-1162,PO1162,VEND006,Amazon Business,2026-10-29,2026-12-28,SEK,329479.11,0,1722.99,20,65895.82,397097.92,Pending,Unpaid,None,System Integration,2026-10-29T00:00:00Z,None,None,Pending Approval,,97.4,INV-00799.pdf,Matched successfully against PO.
800,INVREC00800,INV-00800,PO-2024-0599,PO0599,VEND095,SKF Group,2024-05-27,2024-06-11,GBP,90652.01,0,0,20,18130.4,108782.41,Pending,Unpaid,None,System Integration,2024-05-27T00:00:00Z,None,None,Pending Approval,,85.5,INV-00800.pdf,Invoice under review.
801,INVREC00801,INV-00801,PO-2025-1419,PO1419,VEND067,"CBRE Group, Inc.",2025-11-08,2025-11-23,EUR,159461.96,0,0,5,7973.1,167435.06,Rejected,Unpaid,None,Manual Entry,2025-11-08T00:00:00Z,EMP034,2025-11-13,Passed,,87.4,INV-00801.pdf,Payment pending approval.
802,INVREC00802,INV-00802,PO-2026-0017,PO0017,VEND100,ZF Friedrichshafen AG,2026-06-20,2026-07-20,USD,439004.32,0,1590.19,0,0,440594.51,Paid,Paid,2026-06-26,System Integration,2026-06-20T00:00:00Z,EMP017,2026-06-27,Passed,,87.5,INV-00802.pdf,Three-way match completed.
803,INVREC00803,INV-00803,PO-2025-0048,PO0048,VEND066,Jones Lang LaSalle,2025-05-11,2025-06-10,CHF,12252.33,0,3458.77,5,612.62,16323.72,Paid,Paid,2025-05-22,OCR Workflow,2025-05-11T00:00:00Z,EMP006,2025-05-17,Passed,,99.5,INV-00803.pdf,Payment pending approval.
804,INVREC00804,INV-00804,PO-2025-0229,PO0229,VEND004,Dell Technologies,2025-11-12,2025-11-27,CHF,399689.57,8854.04,0,18,71944.12,471633.69,Paid,Paid,2025-11-27,Manual Entry,2025-11-12T00:00:00Z,EMP040,2025-11-18,Passed,,93.3,INV-00804.pdf,Matched successfully against PO.
805,INVREC00805,INV-00805,PO-2023-1167,PO1167,VEND082,Grainger Inc.,2023-09-17,2023-10-17,GBP,212840.5,0,0,10,21284.05,234124.55,Rejected,Unpaid,None,OCR Workflow,2023-09-17T00:00:00Z,EMP020,2023-09-21,Passed,,96.7,INV-00805.pdf,Payment pending approval.
806,INVREC00806,INV-00806,PO-2024-1451,PO1451,VEND010,Tech Solutions Ltd,2024-08-14,2024-09-13,USD,190345.71,2054.42,4498.79,5,9517.29,204361.79,Paid,Paid,2024-08-22,System Integration,2024-08-14T00:00:00Z,EMP036,2024-08-15,Passed,,88.7,INV-00806.pdf,Payment pending approval.
807,INVREC00807,INV-00807,PO-2025-0105,PO0105,VEND042,"VMware, Inc.",2025-04-12,2025-04-27,SEK,88618.95,0,86.77,10,8861.9,97567.62,Pending,Unpaid,None,Manual Entry,2025-04-12T00:00:00Z,None,None,Pending Approval,,98.3,INV-00807.pdf,Invoice under review.
808,INVREC00808,INV-00808,PO-2025-0510,PO0510,VEND090,Snap-on Incorporated,2025-09-16,2025-11-15,GBP,378803.39,0,0,20,75760.68,454564.07,Paid,Paid,2025-10-04,Manual Entry,2025-09-16T00:00:00Z,EMP019,2025-09-19,Passed,,99.7,INV-00808.pdf,Ready for payment.
809,INVREC00809,INV-00809,PO-2026-0112,PO0112,VEND036,Kuehne + Nagel,2026-01-23,2026-02-22,INR,490052.91,0,0,5,24502.65,514555.56,Paid,Paid,2026-01-27,System Integration,2026-01-23T00:00:00Z,EMP014,2026-01-26,Passed,,87.8,INV-00809.pdf,Three-way match completed.
810,INVREC00810,INV-00810,PO-2025-0823,PO0823,VEND006,Amazon Business,2025-08-13,2025-09-12,SEK,50154,0,0,5,2507.7,52661.7,Paid,Paid,2025-08-28,OCR Workflow,2025-08-13T00:00:00Z,EMP005,2025-08-18,Passed,,88.5,INV-00810.pdf,Matched successfully against PO.
811,INVREC00811,INV-00811,PO-2026-0697,PO0697,VEND001,ABCD & CO,2026-09-30,2026-10-30,SEK,168512.94,0,1045.96,20,33702.59,203261.49,Paid,Paid,2026-10-05,OCR Workflow,2026-09-30T00:00:00Z,EMP021,2026-10-02,Passed,,93.2,INV-00811.pdf,Ready for payment.
812,INVREC00812,INV-00812,PO-2024-0088,PO0088,VEND070,Tyco International,2024-02-01,2024-03-02,GBP,44482.52,862.92,1330.92,0,0,45813.44,Pending,Unpaid,None,Manual Entry,2024-02-01T00:00:00Z,None,None,Pending Approval,,86.9,INV-00812.pdf,Payment pending approval.
813,INVREC00813,INV-00813,PO-2025-0204,PO0204,VEND031,FedEx Corporation,2025-12-08,2026-01-07,SEK,298846.29,0,3864.74,0,0,302711.03,Paid,Paid,2025-12-22,System Integration,2025-12-08T00:00:00Z,EMP030,2025-12-15,Passed,,98.4,INV-00813.pdf,Ready for payment.
814,INVREC00814,INV-00814,PO-2025-1454,PO1454,VEND008,DHL Express,2025-04-03,2025-04-18,INR,222124.31,2983.21,0,0,0,222124.31,Paid,Paid,2025-04-08,OCR Workflow,2025-04-03T00:00:00Z,EMP022,2025-04-08,Passed,,87.7,INV-00814.pdf,Ready for payment.
815,INVREC00815,INV-00815,PO-2023-0423,PO0423,VEND078,Cintas Corporation,2023-05-11,2023-06-10,USD,123856.22,2188.81,0,18,22294.12,146150.34,Paid,Paid,2023-05-14,Manual Entry,2023-05-11T00:00:00Z,EMP002,2023-05-12,Passed,,96,INV-00815.pdf,Three-way match completed.
816,INVREC00816,INV-00816,PO-2025-0102,PO0102,VEND057,Ernst & Young LLP,2025-11-07,2025-12-07,INR,424792.37,0,1902.2,18,76462.63,503157.2,Pending,Unpaid,None,System Integration,2025-11-07T00:00:00Z,None,None,Pending Approval,,92.2,INV-00816.pdf,Payment pending approval.
817,INVREC00817,INV-00817,PO-2025-1135,PO1135,VEND064,Aramark Corporation,2025-06-11,2025-08-10,EUR,81466.68,0,0,10,8146.67,89613.35,Rejected,Unpaid,None,Manual Entry,2025-06-11T00:00:00Z,EMP031,2025-06-16,Passed,,89.6,INV-00817.pdf,Invoice under review.
818,INVREC00818,INV-00818,PO-2026-0355,PO0355,VEND036,Kuehne + Nagel,2026-09-05,2026-10-05,INR,494541.64,0,0,10,49454.16,543995.8,Rejected,Unpaid,None,Manual Entry,2026-09-05T00:00:00Z,EMP023,2026-09-11,Passed,,93.3,INV-00818.pdf,Matched successfully against PO.
819,INVREC00819,INV-00819,PO-2024-0052,PO0052,VEND061,Bain & Company,2024-05-17,2024-06-01,INR,35157.16,0,0,20,7031.43,42188.59,Paid,Paid,2024-05-26,OCR Workflow,2024-05-17T00:00:00Z,EMP014,2024-05-21,Passed,,97.8,INV-00819.pdf,Invoice under review.
820,INVREC00820,INV-00820,PO-2026-0636,PO0636,VEND093,Regal Beloit Corporation,2026-10-08,2026-11-22,CHF,262647.28,0,1906.46,18,47276.51,311830.25,Paid,Paid,2026-10-22,OCR Workflow,2026-10-08T00:00:00Z,EMP025,2026-10-09,Passed,,91.3,INV-00820.pdf,Matched successfully against PO.
821,INVREC00821,INV-00821,PO-2026-0551,PO0551,VEND063,McDonald's Corporate,2026-07-15,2026-08-29,EUR,202429.66,2196.23,0,20,40485.93,242915.59,Paid,Paid,2026-07-25,Manual Entry,2026-07-15T00:00:00Z,EMP034,2026-07-16,Passed,,95.4,INV-00821.pdf,Three-way match completed.
822,INVREC00822,INV-00822,PO-2026-0382,PO0382,VEND001,ABCD & CO,2026-06-04,2026-07-04,SEK,445585.83,0,0,0,0,445585.83,Paid,Paid,2026-06-24,System Integration,2026-06-04T00:00:00Z,EMP040,2026-06-08,Passed,,89.4,INV-00822.pdf,Ready for payment.
823,INVREC00823,INV-00823,PO-2026-0800,PO0800,VEND017,Pinnacle Partners,2026-07-11,2026-07-11,CHF,234366.96,0,2902.8,10,23436.7,260706.46,Rejected,Unpaid,None,System Integration,2026-07-11T00:00:00Z,EMP021,2026-07-12,Passed,,95.2,INV-00823.pdf,Invoice under review.
824,INVREC00824,INV-00824,PO-2026-0760,PO0760,VEND089,DeWalt Industrial Tool Co.,2026-09-17,2026-10-17,INR,456593.62,18021.08,0,5,22829.68,479423.3,Paid,Paid,2026-09-26,OCR Workflow,2026-09-17T00:00:00Z,EMP031,2026-09-20,Passed,,91.9,INV-00824.pdf,Payment pending approval.
825,INVREC00825,INV-00825,PO-2023-0166,PO0166,VEND052,Moody's Analytics,2023-10-19,2023-11-18,GBP,476672.49,0,1029.39,10,47667.25,525369.13,Paid,Paid,2023-10-30,Manual Entry,2023-10-19T00:00:00Z,EMP017,2023-10-22,Passed,,94.4,INV-00825.pdf,Invoice under review.
826,INVREC00826,INV-00826,PO-2024-0099,PO0099,VEND094,Timken Company,2024-02-20,2024-02-20,SEK,195423.2,0,4589.41,20,39084.64,239097.25,Pending,Unpaid,None,OCR Workflow,2024-02-20T00:00:00Z,None,None,Pending Approval,,91.8,INV-00826.pdf,Ready for payment.
827,INVREC00827,INV-00827,PO-2026-1188,PO1188,VEND045,Hewlett Packard Enterprise,2026-08-18,2026-09-17,CHF,398277.15,0,0,10,39827.71,438104.86,Paid,Paid,2026-08-22,Manual Entry,2026-08-18T00:00:00Z,EMP026,2026-08-20,Passed,,85.6,INV-00827.pdf,Invoice under review.
828,INVREC00828,INV-00828,PO-2024-0311,PO0311,VEND013,Quick Logistics,2024-07-16,2024-09-14,GBP,102939.92,0,1980.19,5,5147,110067.11,Rejected,Unpaid,None,System Integration,2024-07-16T00:00:00Z,EMP032,2024-07-23,Passed,,87.2,INV-00828.pdf,Matched successfully against PO.
829,INVREC00829,INV-00829,PO-2025-0061,PO0061,VEND042,"VMware, Inc.",2025-05-22,2025-07-21,SEK,486960.04,20621.42,0,5,24348,511308.04,Paid,Paid,2025-05-28,Manual Entry,2025-05-22T00:00:00Z,EMP027,2025-05-28,Passed,,99.7,INV-00829.pdf,Matched successfully against PO.
830,INVREC00830,INV-00830,PO-2024-1257,PO1257,VEND028,Emerson Electric Co.,2024-09-26,2024-09-26,INR,467484.1,23239.7,0,5,23374.21,490858.31,Paid,Paid,2024-09-26,System Integration,2024-09-26T00:00:00Z,EMP033,2024-10-01,Passed,,90.6,INV-00830.pdf,Invoice under review.
831,INVREC00831,INV-00831,PO-2023-0108,PO0108,VEND022,Siemens AG,2023-05-25,2023-06-24,USD,400282.08,0,2720.44,5,20014.1,423016.62,Rejected,Unpaid,None,OCR Workflow,2023-05-25T00:00:00Z,EMP026,2023-05-30,Passed,,87,INV-00831.pdf,Matched successfully against PO.
832,INVREC00832,INV-00832,PO-2026-1004,PO1004,VEND017,Pinnacle Partners,2026-02-28,2026-03-30,CHF,197208.54,0,0,5,9860.43,207068.97,Paid,Paid,2026-03-07,OCR Workflow,2026-02-28T00:00:00Z,EMP011,2026-03-04,Passed,,97.9,INV-00832.pdf,Matched successfully against PO.
833,INVREC00833,INV-00833,PO-2024-1106,PO1106,VEND001,ABCD & CO,2024-08-24,2024-08-24,SEK,431983.65,0,4007.7,10,43198.36,479189.71,Paid,Paid,2024-08-24,OCR Workflow,2024-08-24T00:00:00Z,EMP021,2024-08-25,Passed,,90.8,INV-00833.pdf,Three-way match completed.
834,INVREC00834,INV-00834,PO-2026-0487,PO0487,VEND005,Microsoft Corporation,2026-11-15,2026-11-15,SEK,321463.97,3880.19,0,5,16073.2,337537.17,Paid,Paid,2026-11-15,Manual Entry,2026-11-15T00:00:00Z,EMP014,2026-11-18,Passed,,89.3,INV-00834.pdf,Invoice under review.
835,INVREC00835,INV-00835,PO-2023-0559,PO0559,VEND023,Caterpillar Inc.,2023-05-18,2023-06-17,INR,96930.03,4680.21,0,5,4846.5,101776.53,Paid,Paid,2023-05-21,Manual Entry,2023-05-18T00:00:00Z,EMP006,2023-05-23,Passed,,98.3,INV-00835.pdf,Three-way match completed.
836,INVREC00836,INV-00836,PO-2023-0626,PO0626,VEND059,McKinsey & Company,2023-05-08,2023-07-07,CHF,65958.74,0,0,10,6595.87,72554.61,Paid,Paid,2023-05-23,System Integration,2023-05-08T00:00:00Z,EMP003,2023-05-14,Passed,,94.7,INV-00836.pdf,Payment pending approval.
837,INVREC00837,INV-00837,PO-2023-0470,PO0470,VEND026,General Electric,2023-05-05,2023-05-05,SEK,61307.28,0,4233.89,18,11035.31,76576.48,Paid,Paid,2023-05-05,Manual Entry,2023-05-05T00:00:00Z,EMP012,2023-05-08,Passed,,99.5,INV-00837.pdf,Three-way match completed.
838,INVREC00838,INV-00838,PO-2023-0689,PO0689,VEND100,ZF Friedrichshafen AG,2024-01-09,2024-02-08,USD,10082.27,0,0,0,0,10082.27,Paid,Paid,2024-01-24,Manual Entry,2024-01-09T00:00:00Z,EMP024,2024-01-11,Passed,,90.3,INV-00838.pdf,Matched successfully against PO.
839,INVREC00839,INV-00839,PO-2025-0767,PO0767,VEND091,Ingersoll Rand,2025-11-23,2025-12-23,GBP,482729.39,0,2651.97,0,0,485381.36,Paid,Paid,2025-12-02,OCR Workflow,2025-11-23T00:00:00Z,EMP003,2025-11-24,Passed,,97.8,INV-00839.pdf,Three-way match completed.
840,INVREC00840,INV-00840,PO-2023-0433,PO0433,VEND061,Bain & Company,2023-04-06,2023-05-06,INR,85279.65,1481.43,0,5,4263.98,89543.63,Paid,Paid,2023-04-07,System Integration,2023-04-06T00:00:00Z,EMP013,2023-04-12,Passed,,85.4,INV-00840.pdf,Payment pending approval.
841,INVREC00841,INV-00841,PO-2024-1216,PO1216,VEND030,Bosch Rexroth AG,2024-04-18,2024-06-17,CHF,52613.7,0,0,5,2630.68,55244.38,Paid,Paid,2024-04-22,System Integration,2024-04-18T00:00:00Z,EMP015,2024-04-20,Passed,,96.9,INV-00841.pdf,Invoice under review.
842,INVREC00842,INV-00842,PO-2026-0094,PO0094,VEND071,Waste Management Inc.,2026-10-29,2026-11-13,EUR,344920.78,0,3658.62,18,62085.74,410665.14,Rejected,Unpaid,None,OCR Workflow,2026-10-29T00:00:00Z,EMP005,2026-11-05,Passed,,87.7,INV-00842.pdf,Invoice under review.
843,INVREC00843,INV-00843,PO-2025-1174,PO1174,VEND031,FedEx Corporation,2025-02-20,2025-02-20,SEK,257760.25,0,0,0,0,257760.25,Paid,Paid,2025-02-20,System Integration,2025-02-20T00:00:00Z,EMP004,2025-02-23,Passed,,94.2,INV-00843.pdf,Payment pending approval.
844,INVREC00844,INV-00844,PO-2024-0415,PO0415,VEND090,Snap-on Incorporated,2024-09-20,2024-10-20,GBP,473766.54,14547.74,0,18,85277.98,559044.52,Paid,Paid,2024-09-29,OCR Workflow,2024-09-20T00:00:00Z,EMP017,2024-09-27,Passed,,95.4,INV-00844.pdf,Matched successfully against PO.
845,INVREC00845,INV-00845,PO-2026-0746,PO0746,VEND034,C.H. Robinson Worldwide,2026-05-03,2026-06-17,SEK,460356.04,0,0,18,82864.09,543220.13,Paid,Paid,2026-05-19,Manual Entry,2026-05-03T00:00:00Z,EMP017,2026-05-06,Passed,,86.2,INV-00845.pdf,Invoice under review.
846,INVREC00846,INV-00846,PO-2023-0600,PO0600,VEND072,Republic Services,2023-12-19,2024-01-03,SEK,304067.18,6037.93,4881.61,10,30406.72,339355.51,Pending,Unpaid,None,OCR Workflow,2023-12-19T00:00:00Z,None,None,Pending Approval,,88.8,INV-00846.pdf,Three-way match completed.
847,INVREC00847,INV-00847,PO-2026-0562,PO0562,VEND090,Snap-on Incorporated,2026-01-26,2026-02-25,GBP,329999.37,0,3657.2,5,16499.97,350156.54,Paid,Paid,2026-02-13,System Integration,2026-01-26T00:00:00Z,EMP035,2026-01-27,Passed,,96.9,INV-00847.pdf,Invoice under review.
848,INVREC00848,INV-00848,PO-2026-0797,PO0797,VEND089,DeWalt Industrial Tool Co.,2027-01-10,2027-01-10,INR,424420.39,18695.38,4564.43,18,76395.67,505380.49,Pending,Unpaid,None,OCR Workflow,2027-01-10T00:00:00Z,None,None,Pending Approval,,89.5,INV-00848.pdf,Ready for payment.
849,INVREC00849,INV-00849,PO-2026-1066,PO1066,VEND096,Gates Corporation,2026-10-16,2026-12-15,EUR,492278.72,9928.18,0,20,98455.74,590734.46,Paid,Paid,2026-10-28,System Integration,2026-10-16T00:00:00Z,EMP019,2026-10-17,Passed,,89.7,INV-00849.pdf,Three-way match completed.
850,INVREC00850,INV-00850,PO-2026-0813,PO0813,VEND092,Baldor Electric Company,2026-06-23,2026-06-23,CHF,396346.29,0,106.29,18,71342.33,467794.91,Paid,Paid,2026-06-23,Manual Entry,2026-06-23T00:00:00Z,EMP024,2026-06-27,Passed,,93.6,INV-00850.pdf,Matched successfully against PO.
851,INVREC00851,INV-00851,PO-2025-1110,PO1110,VEND048,Cummins Inc.,2025-12-13,2026-02-11,EUR,282112.68,0,3195.53,18,50780.28,336088.49,Paid,Paid,2025-12-29,Manual Entry,2025-12-13T00:00:00Z,EMP026,2025-12-15,Passed,,94.5,INV-00851.pdf,Matched successfully against PO.
852,INVREC00852,INV-00852,PO-2024-1266,PO1266,VEND093,Regal Beloit Corporation,2024-03-29,2024-04-28,CHF,101986.27,3313.32,3167.86,0,0,105154.13,Paid,Paid,2024-04-17,System Integration,2024-03-29T00:00:00Z,EMP020,2024-03-31,Passed,,85.6,INV-00852.pdf,Ready for payment.
853,INVREC00853,INV-00853,PO-2023-0657,PO0657,VEND041,Salesforce.com Inc.,2023-08-01,2023-09-30,GBP,346578.3,3895.16,0,5,17328.92,363907.22,Paid,Paid,2023-08-19,System Integration,2023-08-01T00:00:00Z,EMP022,2023-08-05,Passed,,85.5,INV-00853.pdf,Ready for payment.
854,INVREC00854,INV-00854,PO-2024-0043,PO0043,VEND024,Schneider Electric,2024-09-18,2024-10-18,USD,304624.32,0,0,10,30462.43,335086.75,Paid,Paid,2024-09-26,OCR Workflow,2024-09-18T00:00:00Z,EMP040,2024-09-21,Passed,,96.6,INV-00854.pdf,Matched successfully against PO.
855,INVREC00855,INV-00855,PO-2026-1088,PO1088,VEND025,ABB Ltd,2026-07-06,2026-07-06,GBP,490612.58,8082.95,0,18,88310.26,578922.84,Paid,Paid,2026-07-06,Manual Entry,2026-07-06T00:00:00Z,EMP001,2026-07-10,Passed,,88.4,INV-00855.pdf,Three-way match completed.
856,INVREC00856,INV-00856,PO-2024-0262,PO0262,VEND057,Ernst & Young LLP,2024-04-07,2024-05-07,INR,225247.99,6921.3,0,20,45049.6,270297.59,Paid,Paid,2024-04-27,OCR Workflow,2024-04-07T00:00:00Z,EMP021,2024-04-08,Passed,,91,INV-00856.pdf,Matched successfully against PO.
857,INVREC00857,INV-00857,PO-2023-1193,PO1193,VEND046,Lenovo Group Limited,2023-03-14,2023-05-13,INR,123124.16,0,3539.08,18,22162.35,148825.59,Paid,Paid,2023-03-27,System Integration,2023-03-14T00:00:00Z,EMP036,2023-03-15,Passed,,89.9,INV-00857.pdf,Payment pending approval.
858,INVREC00858,INV-00858,PO-2026-1107,PO1107,VEND053,S&P Global Inc.,2026-04-28,2026-05-28,SEK,186786.97,0,4506.88,0,0,191293.85,Paid,Paid,2026-05-17,OCR Workflow,2026-04-28T00:00:00Z,EMP003,2026-05-01,Passed,,86.6,INV-00858.pdf,Matched successfully against PO.
859,INVREC00859,INV-00859,PO-2026-1487,PO1487,VEND014,Modern Office Co,2026-08-15,2026-08-30,USD,285416.06,0,0,0,0,285416.06,Paid,Paid,2026-08-29,Manual Entry,2026-08-15T00:00:00Z,EMP029,2026-08-16,Passed,,94.8,INV-00859.pdf,Three-way match completed.
860,INVREC00860,INV-00860,PO-2026-0474,PO0474,VEND010,Tech Solutions Ltd,2026-04-19,2026-06-18,USD,97458.34,2584.59,46.48,5,4872.92,102377.74,Paid,Paid,2026-05-02,OCR Workflow,2026-04-19T00:00:00Z,EMP005,2026-04-25,Passed,,90.9,INV-00860.pdf,Invoice under review.
861,INVREC00861,INV-00861,PO-2023-0718,PO0718,VEND041,Salesforce.com Inc.,2024-01-15,2024-01-30,GBP,359961,11347.62,3919.26,20,71992.2,435872.46,Paid,Paid,2024-01-25,System Integration,2024-01-15T00:00:00Z,EMP016,2024-01-18,Passed,,88.1,INV-00861.pdf,Invoice under review.
862,INVREC00862,INV-00862,PO-2024-0267,PO0267,VEND071,Waste Management Inc.,2024-04-05,2024-04-05,EUR,434394.98,0,0,20,86879,521273.98,Paid,Paid,2024-04-05,Manual Entry,2024-04-05T00:00:00Z,EMP020,2024-04-09,Passed,,87.7,INV-00862.pdf,Ready for payment.
863,INVREC00863,INV-00863,PO-2023-1207,PO1207,VEND076,Comcast Business,2023-03-08,2023-03-23,GBP,314274.17,0,2391,0,0,316665.17,Paid,Paid,2023-03-19,System Integration,2023-03-08T00:00:00Z,EMP008,2023-03-13,Passed,,90.8,INV-00863.pdf,Three-way match completed.
864,INVREC00864,INV-00864,PO-2026-1013,PO1013,VEND081,Kimberly-Clark Professional,2026-08-22,2026-08-22,SEK,132267.49,0,0,0,0,132267.49,Paid,Paid,2026-08-22,Manual Entry,2026-08-22T00:00:00Z,EMP016,2026-08-24,Passed,,92.3,INV-00864.pdf,Three-way match completed.
865,INVREC00865,INV-00865,PO-2024-0501,PO0501,VEND096,Gates Corporation,2024-04-23,2024-05-23,EUR,284170.99,0,1056.94,0,0,285227.93,Paid,Paid,2024-04-25,Manual Entry,2024-04-23T00:00:00Z,EMP007,2024-04-27,Passed,,85.3,INV-00865.pdf,Invoice under review.
866,INVREC00866,INV-00866,PO-2023-1341,PO1341,VEND086,W.W. Grainger International,2023-05-21,2023-07-20,EUR,324313.82,0,766.14,10,32431.38,357511.34,Rejected,Unpaid,None,Manual Entry,2023-05-21T00:00:00Z,EMP028,2023-05-23,Passed,,93.5,INV-00866.pdf,Three-way match completed.
867,INVREC00867,INV-00867,PO-2026-0210,PO0210,VEND088,Makita Corporation,2026-11-28,2026-12-28,CHF,391376.26,0,0,0,0,391376.26,Pending,Unpaid,None,OCR Workflow,2026-11-28T00:00:00Z,None,None,Pending Approval,,90.3,INV-00867.pdf,Payment pending approval.
868,INVREC00868,INV-00868,PO-2024-0077,PO0077,VEND087,Hilti Corporation,2024-04-10,2024-05-10,CHF,89560.41,0,1055.62,0,0,90616.03,Paid,Paid,2024-04-12,Manual Entry,2024-04-10T00:00:00Z,EMP017,2024-04-14,Passed,,95.7,INV-00868.pdf,Ready for payment.
869,INVREC00869,INV-00869,PO-2026-1099,PO1099,VEND027,Honeywell International,2026-05-22,2026-06-21,SEK,140925.9,2935.47,0,5,7046.3,147972.2,Paid,Paid,2026-05-30,OCR Workflow,2026-05-22T00:00:00Z,EMP027,2026-05-28,Passed,,97,INV-00869.pdf,Invoice under review.
870,INVREC00870,INV-00870,PO-2025-0131,PO0131,VEND042,"VMware, Inc.",2025-02-26,2025-04-12,SEK,206545.59,0,2037.59,20,41309.12,249892.3,Paid,Paid,2025-02-27,Manual Entry,2025-02-26T00:00:00Z,EMP010,2025-03-03,Passed,,97.5,INV-00870.pdf,Payment pending approval.
871,INVREC00871,INV-00871,PO-2023-1316,PO1316,VEND014,Modern Office Co,2023-04-23,2023-04-23,USD,73281.6,0,4836.04,20,14656.32,92773.96,Paid,Paid,2023-04-23,OCR Workflow,2023-04-23T00:00:00Z,EMP038,2023-04-26,Passed,,91.1,INV-00871.pdf,Matched successfully against PO.
872,INVREC00872,INV-00872,PO-2026-0234,PO0234,VEND021,Johnson Controls,2026-08-24,2026-09-23,USD,430591.41,0,309.6,0,0,430901.01,Rejected,Unpaid,None,System Integration,2026-08-24T00:00:00Z,EMP007,2026-08-29,Passed,,89.2,INV-00872.pdf,Ready for payment.
873,INVREC00873,INV-00873,PO-2024-0415,PO0415,VEND090,Snap-on Incorporated,2024-09-22,2024-10-22,GBP,473766.54,0,0,18,85277.98,559044.52,Paid,Paid,2024-09-25,System Integration,2024-09-22T00:00:00Z,EMP018,2024-09-25,Passed,,96,INV-00873.pdf,Ready for payment.
874,INVREC00874,INV-00874,PO-2023-1341,PO1341,VEND086,W.W. Grainger International,2023-05-25,2023-07-24,EUR,324313.82,0,766.14,10,32431.38,357511.34,Paid,Paid,2023-05-27,Manual Entry,2023-05-25T00:00:00Z,EMP040,2023-05-26,Passed,,86.2,INV-00874.pdf,Ready for payment.
875,INVREC00875,INV-00875,PO-2025-1256,PO1256,VEND052,Moody's Analytics,2025-05-24,2025-07-08,GBP,280392.73,0,0,20,56078.55,336471.28,Paid,Paid,2025-05-26,Manual Entry,2025-05-24T00:00:00Z,EMP020,2025-05-31,Passed,,98.2,INV-00875.pdf,Ready for payment.
876,INVREC00876,INV-00876,PO-2025-0466,PO0466,VEND097,Goodyear Tire & Rubber,2025-06-24,2025-07-24,GBP,361241.65,0,984.28,18,65023.5,427249.43,Pending,Unpaid,None,Manual Entry,2025-06-24T00:00:00Z,None,None,Pending Approval,,98.2,INV-00876.pdf,Ready for payment.
877,INVREC00877,INV-00877,PO-2025-1450,PO1450,VEND100,ZF Friedrichshafen AG,2025-08-16,2025-09-15,USD,185118.91,5098.67,4045.83,18,33321.4,222486.14,Paid,Paid,2025-09-02,System Integration,2025-08-16T00:00:00Z,EMP031,2025-08-20,Passed,,98.6,INV-00877.pdf,Payment pending approval.
878,INVREC00878,INV-00878,PO-2024-0666,PO0666,VEND093,Regal Beloit Corporation,2024-01-04,2024-02-03,CHF,108641.89,0,3040.03,18,19555.54,131237.46,Paid,Paid,2024-01-12,System Integration,2024-01-04T00:00:00Z,EMP004,2024-01-11,Passed,,96.5,INV-00878.pdf,Invoice under review.
879,INVREC00879,INV-00879,PO-2024-1304,PO1304,VEND078,Cintas Corporation,2024-06-29,2024-07-29,USD,263474.76,0,0,5,13173.74,276648.5,Paid,Paid,2024-07-18,Manual Entry,2024-06-29T00:00:00Z,EMP025,2024-07-03,Passed,,99.3,INV-00879.pdf,Invoice under review.
880,INVREC00880,INV-00880,PO-2025-0988,PO0988,VEND078,Cintas Corporation,2025-05-29,2025-07-28,USD,318212.19,0,2191.03,10,31821.22,352224.44,Rejected,Unpaid,None,System Integration,2025-05-29T00:00:00Z,EMP006,2025-05-31,Passed,,86.5,INV-00880.pdf,Ready for payment.
881,INVREC00881,INV-00881,PO-2025-1001,PO1001,VEND093,Regal Beloit Corporation,2025-03-10,2025-05-09,CHF,17813.2,0,721.31,10,1781.32,20315.83,Rejected,Unpaid,None,OCR Workflow,2025-03-10T00:00:00Z,EMP002,2025-03-13,Passed,,94.8,INV-00881.pdf,Invoice under review.
882,INVREC00882,INV-00882,PO-2024-0701,PO0701,VEND016,New Horizons,2024-04-17,2024-06-16,GBP,487360.57,14101.52,0,5,24368.03,511728.6,Paid,Paid,2024-05-05,Manual Entry,2024-04-17T00:00:00Z,EMP008,2024-04-23,Passed,,86.2,INV-00882.pdf,Ready for payment.
883,INVREC00883,INV-00883,PO-2023-0065,PO0065,VEND095,SKF Group,2023-09-28,2023-10-28,GBP,234724.8,0,0,18,42250.46,276975.26,Rejected,Unpaid,None,OCR Workflow,2023-09-28T00:00:00Z,EMP010,2023-10-02,Passed,,88.5,INV-00883.pdf,Three-way match completed.
884,INVREC00884,INV-00884,PO-2024-0889,PO0889,VEND067,"CBRE Group, Inc.",2024-12-04,2025-01-03,EUR,233767.67,0,0,0,0,233767.67,Paid,Paid,2024-12-14,System Integration,2024-12-04T00:00:00Z,EMP020,2024-12-05,Passed,,89.1,INV-00884.pdf,Payment pending approval.
885,INVREC00885,INV-00885,PO-2024-1138,PO1138,VEND013,Quick Logistics,2024-07-16,2024-09-14,GBP,59897.93,2939.26,0,10,5989.79,65887.72,Paid,Paid,2024-08-03,System Integration,2024-07-16T00:00:00Z,EMP010,2024-07-22,Passed,,93.1,INV-00885.pdf,Payment pending approval.
886,INVREC00886,INV-00886,PO-2023-1083,PO1083,VEND054,"FTI Consulting, Inc.",2023-09-19,2023-10-19,USD,237287.52,6450.16,3970.01,5,11864.38,253121.91,Paid,Paid,2023-10-09,Manual Entry,2023-09-19T00:00:00Z,EMP039,2023-09-21,Passed,,93,INV-00886.pdf,Payment pending approval.
887,INVREC00887,INV-00887,PO-2024-0044,PO0044,VEND077,Spectrum Business,2024-05-09,2024-06-23,SEK,42282.6,0,3330.39,0,0,45612.99,Pending,Unpaid,None,Manual Entry,2024-05-09T00:00:00Z,None,None,Pending Approval,,89.7,INV-00887.pdf,Three-way match completed.
888,INVREC00888,INV-00888,PO-2024-0099,PO0099,VEND094,Timken Company,2024-02-11,2024-02-11,SEK,195423.2,0,4589.41,20,39084.64,239097.25,Rejected,Unpaid,None,System Integration,2024-02-11T00:00:00Z,EMP037,2024-02-18,Passed,,99.5,INV-00888.pdf,Invoice under review.
889,INVREC00889,INV-00889,PO-2024-1242,PO1242,VEND098,Michelin North America,2024-11-16,2025-01-15,USD,193176.77,0,2235.5,5,9658.84,205071.11,Rejected,Unpaid,None,OCR Workflow,2024-11-16T00:00:00Z,EMP020,2024-11-20,Passed,,94.2,INV-00889.pdf,Invoice under review.
890,INVREC00890,INV-00890,PO-2025-1456,PO1456,VEND045,Hewlett Packard Enterprise,2025-01-19,2025-02-18,CHF,178877.4,0,0,0,0,178877.4,Rejected,Unpaid,None,Manual Entry,2025-01-19T00:00:00Z,EMP002,2025-01-21,Passed,,87.8,INV-00890.pdf,Ready for payment.
891,INVREC00891,INV-00891,PO-2024-1363,PO1363,VEND078,Cintas Corporation,2024-05-09,2024-05-24,USD,79629.68,0,0,20,15925.94,95555.62,Paid,Paid,2024-05-12,Manual Entry,2024-05-09T00:00:00Z,EMP025,2024-05-16,Passed,,86.6,INV-00891.pdf,Three-way match completed.
892,INVREC00892,INV-00892,PO-2023-1230,PO1230,VEND026,General Electric,2023-11-22,2023-11-22,SEK,213864.88,0,0,10,21386.49,235251.37,Paid,Paid,2023-11-22,OCR Workflow,2023-11-22T00:00:00Z,EMP037,2023-11-25,Passed,,91.9,INV-00892.pdf,Matched successfully against PO.
893,INVREC00893,INV-00893,PO-2024-1320,PO1320,VEND098,Michelin North America,2024-11-17,2024-11-17,USD,442484.58,0,0,10,44248.46,486733.04,Rejected,Unpaid,None,Manual Entry,2024-11-17T00:00:00Z,EMP039,2024-11-23,Passed,,87.5,INV-00893.pdf,Invoice under review.
894,INVREC00894,INV-00894,PO-2025-0517,PO0517,VEND080,Ecolab Inc.,2025-07-14,2025-08-13,INR,125890.77,0,0,18,22660.34,148551.11,Paid,Paid,2025-07-17,OCR Workflow,2025-07-14T00:00:00Z,EMP001,2025-07-18,Passed,,99.8,INV-00894.pdf,Ready for payment.
895,INVREC00895,INV-00895,PO-2026-1267,PO1267,VEND094,Timken Company,2026-06-28,2026-08-27,SEK,429225.05,0,0,5,21461.25,450686.3,Paid,Paid,2026-07-01,Manual Entry,2026-06-28T00:00:00Z,EMP026,2026-07-02,Passed,,86.6,INV-00895.pdf,Invoice under review.
896,INVREC00896,INV-00896,PO-2026-0238,PO0238,VEND025,ABB Ltd,2026-11-04,2027-01-03,GBP,106565.41,0,138.9,5,5328.27,112032.58,Paid,Paid,2026-11-22,Manual Entry,2026-11-04T00:00:00Z,EMP017,2026-11-11,Passed,,96.9,INV-00896.pdf,Matched successfully against PO.
897,INVREC00897,INV-00897,PO-2026-1274,PO1274,VEND042,"VMware, Inc.",2026-12-03,2027-01-02,SEK,251824.19,0,0,10,25182.42,277006.61,Paid,Paid,2026-12-09,System Integration,2026-12-03T00:00:00Z,EMP007,2026-12-04,Passed,,90.3,INV-00897.pdf,Ready for payment.
898,INVREC00898,INV-00898,PO-2023-0725,PO0725,VEND056,PricewaterhouseCoopers LLP,2023-10-26,2023-11-25,EUR,22006.13,0,2357.35,5,1100.31,25463.79,Rejected,Unpaid,None,OCR Workflow,2023-10-26T00:00:00Z,EMP019,2023-10-30,Passed,,95.6,INV-00898.pdf,Ready for payment.
899,INVREC00899,INV-00899,PO-2026-0946,PO0946,VEND036,Kuehne + Nagel,2026-02-07,2026-02-22,INR,395173.36,0,0,20,79034.67,474208.03,Paid,Paid,2026-02-19,Manual Entry,2026-02-07T00:00:00Z,EMP035,2026-02-14,Passed,,96.3,INV-00899.pdf,Invoice under review.
900,INVREC00900,INV-00900,PO-2025-0704,PO0704,VEND075,T-Mobile for Business,2025-12-20,2026-01-19,GBP,15920.28,0,208.37,10,1592.03,17720.68,Paid,Paid,2026-01-06,Manual Entry,2025-12-20T00:00:00Z,EMP035,2025-12-22,Passed,,98.4,INV-00900.pdf,Matched successfully against PO.
901,INVREC00901,INV-00901,PO-2026-0244,PO0244,VEND005,Microsoft Corporation,2026-05-14,2026-05-14,SEK,231512.45,0,0,0,0,231512.45,Paid,Paid,2026-05-14,System Integration,2026-05-14T00:00:00Z,EMP025,2026-05-19,Passed,,92.9,INV-00901.pdf,Three-way match completed.
902,INVREC00902,INV-00902,PO-2023-1127,PO1127,VEND089,DeWalt Industrial Tool Co.,2023-10-18,2023-12-02,INR,263644.51,0,3827.04,0,0,267471.55,Rejected,Unpaid,None,System Integration,2023-10-18T00:00:00Z,EMP020,2023-10-19,Passed,,87.8,INV-00902.pdf,Matched successfully against PO.
903,INVREC00903,INV-00903,PO-2026-0219,PO0219,VEND019,Vanguard Tech,2026-12-31,2027-01-30,USD,374523.79,0,3542.31,20,74904.76,452970.86,Paid,Paid,2027-01-01,Manual Entry,2026-12-31T00:00:00Z,EMP006,2027-01-01,Passed,,99.5,INV-00903.pdf,Three-way match completed.
904,INVREC00904,INV-00904,PO-2023-1101,PO1101,VEND020,Alpha Industries,2023-01-12,2023-01-27,SEK,269643.19,0,0,10,26964.32,296607.51,Paid,Paid,2023-01-20,Manual Entry,2023-01-12T00:00:00Z,EMP028,2023-01-15,Passed,,87.8,INV-00904.pdf,Matched successfully against PO.
905,INVREC00905,INV-00905,PO-2026-0964,PO0964,VEND025,ABB Ltd,2026-02-18,2026-04-19,GBP,64363.36,0,1052.76,20,12872.67,78288.79,Paid,Paid,2026-03-03,Manual Entry,2026-02-18T00:00:00Z,EMP029,2026-02-19,Passed,,85.4,INV-00905.pdf,Three-way match completed.
906,INVREC00906,INV-00906,PO-2026-0813,PO0813,VEND092,Baldor Electric Company,2026-05-28,2026-05-28,CHF,396346.29,7043.99,106.29,18,71342.33,467794.91,Paid,Paid,2026-05-28,System Integration,2026-05-28T00:00:00Z,EMP030,2026-05-31,Passed,,91.9,INV-00906.pdf,Matched successfully against PO.
907,INVREC00907,INV-00907,PO-2025-0762,PO0762,VEND084,McMaster-Carr,2025-02-18,2025-03-20,GBP,92616.38,0,4803.44,18,16670.95,114090.77,Rejected,Unpaid,None,OCR Workflow,2025-02-18T00:00:00Z,EMP025,2025-02-25,Passed,,89.3,INV-00907.pdf,Invoice under review.
908,INVREC00908,INV-00908,PO-2026-0648,PO0648,VEND023,Caterpillar Inc.,2026-12-09,2027-01-08,INR,496085.94,0,0,5,24804.3,520890.24,Paid,Paid,2026-12-23,Manual Entry,2026-12-09T00:00:00Z,EMP008,2026-12-14,Passed,,98.6,INV-00908.pdf,Payment pending approval.
909,INVREC00909,INV-00909,PO-2026-0757,PO0757,VEND028,Emerson Electric Co.,2026-08-01,2026-08-31,INR,378602.31,15408.61,4979.6,20,75720.46,459302.37,Paid,Paid,2026-08-11,OCR Workflow,2026-08-01T00:00:00Z,EMP026,2026-08-08,Passed,,92,INV-00909.pdf,Payment pending approval.
910,INVREC00910,INV-00910,PO-2023-0494,PO0494,VEND038,Penske Logistics,2023-03-09,2023-03-09,SEK,470752.01,0,0,18,84735.36,555487.37,Rejected,Unpaid,None,OCR Workflow,2023-03-09T00:00:00Z,EMP010,2023-03-11,Passed,,91.4,INV-00910.pdf,Payment pending approval.
911,INVREC00911,INV-00911,PO-2023-0233,PO0233,VEND068,Securitas AB,2023-11-05,2023-12-05,EUR,47968.65,1032.25,0,20,9593.73,57562.38,Rejected,Unpaid,None,Manual Entry,2023-11-05T00:00:00Z,EMP035,2023-11-11,Passed,,93.9,INV-00911.pdf,Matched successfully against PO.
912,INVREC00912,INV-00912,PO-2023-0333,PO0333,VEND039,Oracle Corporation,2023-05-30,2023-07-14,CHF,303834.23,3752.17,2020.09,5,15191.71,321046.03,Paid,Paid,2023-06-01,Manual Entry,2023-05-30T00:00:00Z,EMP035,2023-05-31,Passed,,89.2,INV-00912.pdf,Three-way match completed.
913,INVREC00913,INV-00913,PO-2026-0813,PO0813,VEND092,Baldor Electric Company,2026-06-16,2026-06-16,CHF,396346.29,7987.58,106.29,18,71342.33,467794.91,Paid,Paid,2026-06-16,Manual Entry,2026-06-16T00:00:00Z,EMP002,2026-06-22,Passed,,86.2,INV-00913.pdf,Ready for payment.
914,INVREC00914,INV-00914,PO-2025-0021,PO0021,VEND069,ADT Inc.,2025-04-25,2025-05-25,EUR,489572.18,0,0,5,24478.61,514050.79,Paid,Paid,2025-05-14,System Integration,2025-04-25T00:00:00Z,EMP010,2025-04-26,Passed,,91.4,INV-00914.pdf,Three-way match completed.
915,INVREC00915,INV-00915,PO-2023-0333,PO0333,VEND039,Oracle Corporation,2023-05-21,2023-07-05,CHF,303834.23,0,2020.09,5,15191.71,321046.03,Pending,Unpaid,None,System Integration,2023-05-21T00:00:00Z,None,None,Pending Approval,,96.6,INV-00915.pdf,Ready for payment.
916,INVREC00916,INV-00916,PO-2025-0983,PO0983,VEND091,Ingersoll Rand,2025-10-14,2025-11-13,GBP,415253.4,10008.47,0,10,41525.34,456778.74,Pending,Unpaid,None,OCR Workflow,2025-10-14T00:00:00Z,None,None,Pending Approval,,87.8,INV-00916.pdf,Ready for payment.
917,INVREC00917,INV-00917,PO-2025-0332,PO0332,VEND042,"VMware, Inc.",2025-05-10,2025-05-25,SEK,438717.65,0,3893.53,0,0,442611.18,Paid,Paid,2025-05-16,Manual Entry,2025-05-10T00:00:00Z,EMP007,2025-05-15,Passed,,99,INV-00917.pdf,Payment pending approval.
918,INVREC00918,INV-00918,PO-2026-1441,PO1441,VEND065,Sodexo S.A.,2026-08-14,2026-08-14,INR,150269.93,0,1018.89,0,0,151288.82,Paid,Paid,2026-08-14,OCR Workflow,2026-08-14T00:00:00Z,EMP007,2026-08-21,Passed,,97,INV-00918.pdf,Payment pending approval.
919,INVREC00919,INV-00919,PO-2024-0688,PO0688,VEND068,Securitas AB,2024-06-12,2024-06-12,EUR,130567.51,0,0,20,26113.5,156681.01,Paid,Paid,2024-06-12,OCR Workflow,2024-06-12T00:00:00Z,EMP008,2024-06-17,Passed,,90.7,INV-00919.pdf,Invoice under review.
920,INVREC00920,INV-00920,PO-2026-1187,PO1187,VEND053,S&P Global Inc.,2026-05-27,2026-07-11,SEK,238655.7,0,0,20,47731.14,286386.84,Rejected,Unpaid,None,OCR Workflow,2026-05-27T00:00:00Z,EMP006,2026-06-03,Passed,,96.1,INV-00920.pdf,Ready for payment.
921,INVREC00921,INV-00921,PO-2026-0562,PO0562,VEND090,Snap-on Incorporated,2026-02-01,2026-03-03,GBP,329999.37,4039.09,3657.2,5,16499.97,350156.54,Paid,Paid,2026-02-19,Manual Entry,2026-02-01T00:00:00Z,EMP025,2026-02-05,Passed,,92.5,INV-00921.pdf,Payment pending approval.
922,INVREC00922,INV-00922,PO-2024-0401,PO0401,VEND078,Cintas Corporation,2024-04-07,2024-05-07,USD,316680.35,0,699.03,10,31668.03,349047.41,Paid,Paid,2024-04-18,System Integration,2024-04-07T00:00:00Z,EMP032,2024-04-13,Passed,,98.9,INV-00922.pdf,Payment pending approval.
923,INVREC00923,INV-00923,PO-2025-0455,PO0455,VEND084,McMaster-Carr,2025-04-05,2025-05-05,GBP,449399.76,0,4060.96,18,80891.96,534352.68,Rejected,Unpaid,None,OCR Workflow,2025-04-05T00:00:00Z,EMP017,2025-04-10,Passed,,95.8,INV-00923.pdf,Invoice under review.
924,INVREC00924,INV-00924,PO-2024-0435,PO0435,VEND100,ZF Friedrichshafen AG,2024-04-06,2024-04-06,USD,304184.67,0,0,10,30418.47,334603.14,Paid,Paid,2024-04-06,Manual Entry,2024-04-06T00:00:00Z,EMP014,2024-04-11,Passed,,95.5,INV-00924.pdf,Invoice under review.
925,INVREC00925,INV-00925,PO-2026-1453,PO1453,VEND035,Expeditors International,2026-05-10,2026-06-24,GBP,496228.64,0,0,5,24811.43,521040.07,Paid,Paid,2026-05-22,OCR Workflow,2026-05-10T00:00:00Z,EMP013,2026-05-11,Passed,,96.8,INV-00925.pdf,Ready for payment.
926,INVREC00926,INV-00926,PO-2026-1291,PO1291,VEND077,Spectrum Business,2026-12-21,2027-02-19,SEK,24050.15,461.49,0,5,1202.51,25252.66,Paid,Paid,2026-12-23,System Integration,2026-12-21T00:00:00Z,EMP019,2026-12-28,Passed,,91.5,INV-00926.pdf,Ready for payment.
927,INVREC00927,INV-00927,PO-2024-0063,PO0063,VEND033,Maersk Line,2024-07-05,2024-08-04,SEK,429587.42,0,3425.41,20,85917.48,518930.31,Paid,Paid,2024-07-22,OCR Workflow,2024-07-05T00:00:00Z,EMP002,2024-07-09,Passed,,90.3,INV-00927.pdf,Payment pending approval.
928,INVREC00928,INV-00928,PO-2024-1202,PO1202,VEND028,Emerson Electric Co.,2024-11-16,2024-12-16,INR,494436.12,0,3796.49,5,24721.81,522954.42,Paid,Paid,2024-11-22,OCR Workflow,2024-11-16T00:00:00Z,EMP026,2024-11-19,Passed,,99,INV-00928.pdf,Three-way match completed.
929,INVREC00929,INV-00929,PO-2025-0438,PO0438,VEND021,Johnson Controls,2025-11-13,2025-12-28,USD,136703.59,0,2423.41,5,6835.18,145962.18,Paid,Paid,2025-11-17,OCR Workflow,2025-11-13T00:00:00Z,EMP040,2025-11-18,Passed,,95.6,INV-00929.pdf,Invoice under review.
930,INVREC00930,INV-00930,PO-2023-0674,PO0674,VEND019,Vanguard Tech,2023-04-06,2023-05-06,USD,288533.61,0,3324.6,18,51936.05,343794.26,Paid,Paid,2023-04-23,System Integration,2023-04-06T00:00:00Z,EMP015,2023-04-13,Passed,,93.3,INV-00930.pdf,Ready for payment.
931,INVREC00931,INV-00931,PO-2026-0610,PO0610,VEND035,Expeditors International,2026-09-15,2026-11-14,GBP,58650.29,0,431.7,18,10557.05,69639.04,Paid,Paid,2026-09-24,System Integration,2026-09-15T00:00:00Z,EMP016,2026-09-18,Passed,,99.5,INV-00931.pdf,Ready for payment.
932,INVREC00932,INV-00932,PO-2023-1303,PO1303,VEND028,Emerson Electric Co.,2023-06-21,2023-08-05,INR,36341.21,0,0,18,6541.42,42882.63,Paid,Paid,2023-07-08,OCR Workflow,2023-06-21T00:00:00Z,EMP006,2023-06-27,Passed,,90.4,INV-00932.pdf,Payment pending approval.
933,INVREC00933,INV-00933,PO-2023-0738,PO0738,VEND074,Verizon Business Group,2023-05-16,2023-06-15,EUR,380768.43,0,0,0,0,380768.43,Paid,Paid,2023-05-21,OCR Workflow,2023-05-16T00:00:00Z,EMP040,2023-05-21,Passed,,98.8,INV-00933.pdf,Matched successfully against PO.
934,INVREC00934,INV-00934,PO-2024-1044,PO1044,VEND097,Goodyear Tire & Rubber,2024-04-25,2024-05-25,GBP,296781.71,2976.88,139.48,5,14839.09,311760.28,Paid,Paid,2024-05-15,Manual Entry,2024-04-25T00:00:00Z,EMP004,2024-04-29,Passed,,93.5,INV-00934.pdf,Three-way match completed.
935,INVREC00935,INV-00935,PO-2024-0506,PO0506,VEND038,Penske Logistics,2024-10-27,2024-10-27,SEK,237735.23,0,0,10,23773.52,261508.75,Pending,Unpaid,None,Manual Entry,2024-10-27T00:00:00Z,None,None,Pending Approval,,95.2,INV-00935.pdf,Three-way match completed.
936,INVREC00936,INV-00936,PO-2023-0785,PO0785,VEND019,Vanguard Tech,2023-11-22,2023-11-22,USD,492947.14,0,0,10,49294.71,542241.85,Paid,Paid,2023-11-22,System Integration,2023-11-22T00:00:00Z,EMP021,2023-11-29,Passed,,86.9,INV-00936.pdf,Invoice under review.
937,INVREC00937,INV-00937,PO-2026-0883,PO0883,VEND075,T-Mobile for Business,2026-10-20,2026-11-19,GBP,182222.35,0,0,18,32800.02,215022.37,Paid,Paid,2026-11-03,Manual Entry,2026-10-20T00:00:00Z,EMP013,2026-10-21,Passed,,98.8,INV-00937.pdf,Payment pending approval.
938,INVREC00938,INV-00938,PO-2026-0116,PO0116,VEND091,Ingersoll Rand,2026-07-20,2026-07-20,GBP,430863.38,0,0,18,77555.41,508418.79,Paid,Paid,2026-07-20,OCR Workflow,2026-07-20T00:00:00Z,EMP028,2026-07-25,Passed,,98,INV-00938.pdf,Invoice under review.
939,INVREC00939,INV-00939,PO-2024-0502,PO0502,VEND078,Cintas Corporation,2024-07-05,2024-08-04,USD,183748.84,0,0,18,33074.79,216823.63,Paid,Paid,2024-07-09,System Integration,2024-07-05T00:00:00Z,EMP007,2024-07-08,Passed,,86.4,INV-00939.pdf,Invoice under review.
940,INVREC00940,INV-00940,PO-2024-1296,PO1296,VEND076,Comcast Business,2024-10-29,2024-12-13,GBP,251573.81,4601.68,3673.44,10,25157.38,280404.63,Rejected,Unpaid,None,System Integration,2024-10-29T00:00:00Z,EMP010,2024-11-03,Passed,,96.4,INV-00940.pdf,Invoice under review.
941,INVREC00941,INV-00941,PO-2023-0736,PO0736,VEND004,Dell Technologies,2023-11-01,2023-11-16,CHF,390486.03,0,2992.41,18,70287.49,463765.93,Paid,Paid,2023-11-04,System Integration,2023-11-01T00:00:00Z,EMP011,2023-11-03,Passed,,86.3,INV-00941.pdf,Invoice under review.
942,INVREC00942,INV-00942,PO-2024-1405,PO1405,VEND087,Hilti Corporation,2024-01-28,2024-02-27,CHF,260458.81,9310.64,2781.6,0,0,263240.41,Paid,Paid,2024-02-10,Manual Entry,2024-01-28T00:00:00Z,EMP024,2024-02-03,Passed,,92.1,INV-00942.pdf,Payment pending approval.
943,INVREC00943,INV-00943,PO-2026-0193,PO0193,VEND073,AT&T Business,2026-06-15,2026-07-30,SEK,334809.54,0,0,10,33480.95,368290.49,Paid,Paid,2026-07-01,OCR Workflow,2026-06-15T00:00:00Z,EMP036,2026-06-20,Passed,,94.8,INV-00943.pdf,Payment pending approval.
944,INVREC00944,INV-00944,PO-2025-0578,PO0578,VEND001,ABCD & CO,2025-03-30,2025-05-14,SEK,388315.3,0,0,10,38831.53,427146.83,Paid,Paid,2025-04-09,OCR Workflow,2025-03-30T00:00:00Z,EMP032,2025-04-01,Passed,,85.2,INV-00944.pdf,Invoice under review.
945,INVREC00945,INV-00945,PO-2024-1226,PO1226,VEND094,Timken Company,2024-06-11,2024-07-11,SEK,367579.78,0,3750.16,20,73515.96,444845.9,Paid,Paid,2024-06-23,OCR Workflow,2024-06-11T00:00:00Z,EMP022,2024-06-14,Passed,,95.9,INV-00945.pdf,Ready for payment.
946,INVREC00946,INV-00946,PO-2023-0718,PO0718,VEND041,Salesforce.com Inc.,2024-01-07,2024-01-22,GBP,359961,11579.13,3919.26,20,71992.2,435872.46,Paid,Paid,2024-01-22,System Integration,2024-01-07T00:00:00Z,EMP007,2024-01-11,Passed,,94.6,INV-00946.pdf,Three-way match completed.
947,INVREC00947,INV-00947,PO-2026-0656,PO0656,VEND012,Elite Services,2026-10-28,2026-12-12,SEK,256554.32,11087.37,0,18,46179.78,302734.1,Pending,Unpaid,None,Manual Entry,2026-10-28T00:00:00Z,None,None,Pending Approval,,96.3,INV-00947.pdf,Ready for payment.
948,INVREC00948,INV-00948,PO-2023-0097,PO0097,VEND075,T-Mobile for Business,2023-05-15,2023-06-14,GBP,27087.74,0,0,5,1354.39,28442.13,Rejected,Unpaid,None,Manual Entry,2023-05-15T00:00:00Z,EMP003,2023-05-18,Passed,,85.6,INV-00948.pdf,Payment pending approval.
949,INVREC00949,INV-00949,PO-2024-0052,PO0052,VEND061,Bain & Company,2024-06-07,2024-06-22,INR,35157.16,0,0,20,7031.43,42188.59,Paid,Paid,2024-06-09,Manual Entry,2024-06-07T00:00:00Z,EMP010,2024-06-12,Passed,,94.3,INV-00949.pdf,Payment pending approval.
950,INVREC00950,INV-00950,PO-2026-0551,PO0551,VEND063,McDonald's Corporate,2026-06-27,2026-08-11,EUR,202429.66,0,0,20,40485.93,242915.59,Paid,Paid,2026-07-14,System Integration,2026-06-27T00:00:00Z,EMP005,2026-07-03,Passed,,93.3,INV-00950.pdf,Three-way match completed.
951,INVREC00951,INV-00951,PO-2023-0301,PO0301,VEND037,Atlas Air Worldwide,2023-11-30,2023-12-30,CHF,114863.09,0,4410.07,20,22972.62,142245.78,Rejected,Unpaid,None,OCR Workflow,2023-11-30T00:00:00Z,EMP035,2023-12-05,Passed,,86.8,INV-00951.pdf,Ready for payment.
952,INVREC00952,INV-00952,PO-2023-1438,PO1438,VEND098,Michelin North America,2023-05-23,2023-07-22,USD,482693.77,17615.91,4625.88,5,24134.69,511454.34,Paid,Paid,2023-05-26,OCR Workflow,2023-05-23T00:00:00Z,EMP002,2023-05-24,Passed,,87.9,INV-00952.pdf,Matched successfully against PO.
953,INVREC00953,INV-00953,PO-2026-1252,PO1252,VEND034,C.H. Robinson Worldwide,2026-12-15,2027-01-29,SEK,445695.25,0,0,10,44569.53,490264.78,Paid,Paid,2026-12-21,Manual Entry,2026-12-15T00:00:00Z,EMP017,2026-12-17,Passed,,91.3,INV-00953.pdf,Ready for payment.
954,INVREC00954,INV-00954,PO-2023-0301,PO0301,VEND037,Atlas Air Worldwide,2023-12-05,2024-01-04,CHF,114863.09,0,4410.07,20,22972.62,142245.78,Paid,Paid,2023-12-25,Manual Entry,2023-12-05T00:00:00Z,EMP039,2023-12-06,Passed,,94.2,INV-00954.pdf,Matched successfully against PO.
955,INVREC00955,INV-00955,PO-2026-1178,PO1178,VEND100,ZF Friedrichshafen AG,2026-12-08,2027-02-06,USD,170800.32,5774.15,0,18,30744.06,201544.38,Paid,Paid,2026-12-09,Manual Entry,2026-12-08T00:00:00Z,EMP019,2026-12-11,Passed,,94.7,INV-00955.pdf,Three-way match completed.
956,INVREC00956,INV-00956,PO-2025-1030,PO1030,VEND053,S&P Global Inc.,2025-04-14,2025-05-14,SEK,260358.67,0,126.54,20,52071.73,312556.94,Paid,Paid,2025-04-26,System Integration,2025-04-14T00:00:00Z,EMP030,2025-04-16,Passed,,88.2,INV-00956.pdf,Matched successfully against PO.
957,INVREC00957,INV-00957,PO-2024-0917,PO0917,VEND002,Samira Hadid,2024-11-20,2024-11-20,INR,264753.66,0,2971.08,5,13237.68,280962.42,Paid,Paid,2024-11-20,System Integration,2024-11-20T00:00:00Z,EMP031,2024-11-23,Passed,,93.2,INV-00957.pdf,Three-way match completed.
958,INVREC00958,INV-00958,PO-2024-0632,PO0632,VEND040,SAP SE,2024-06-26,2024-08-25,INR,215945.51,0,3851.85,10,21594.55,241391.91,Paid,Paid,2024-07-01,System Integration,2024-06-26T00:00:00Z,EMP026,2024-07-01,Passed,,90.3,INV-00958.pdf,Three-way match completed.
959,INVREC00959,INV-00959,PO-2023-0388,PO0388,VEND091,Ingersoll Rand,2023-08-18,2023-09-17,GBP,233743.76,0,0,0,0,233743.76,Paid,Paid,2023-09-02,Manual Entry,2023-08-18T00:00:00Z,EMP007,2023-08-19,Passed,,98.4,INV-00959.pdf,Invoice under review.
960,INVREC00960,INV-00960,PO-2023-1271,PO1271,VEND085,Fastenal Company,2024-01-19,2024-02-03,SEK,239559.48,11582.2,0,0,0,239559.48,Paid,Paid,2024-01-20,Manual Entry,2024-01-19T00:00:00Z,EMP030,2024-01-20,Passed,,97.1,INV-00960.pdf,Three-way match completed.
961,INVREC00961,INV-00961,PO-2023-0580,PO0580,VEND088,Makita Corporation,2023-11-17,2023-12-17,CHF,415390.75,0,120.97,20,83078.15,498589.87,Paid,Paid,2023-11-28,OCR Workflow,2023-11-17T00:00:00Z,EMP030,2023-11-20,Passed,,89.5,INV-00961.pdf,Ready for payment.
962,INVREC00962,INV-00962,PO-2024-0404,PO0404,VEND079,UniFirst Corporation,2024-07-02,2024-07-17,USD,54081.27,1389.24,362.46,10,5408.13,59851.86,Paid,Paid,2024-07-10,Manual Entry,2024-07-02T00:00:00Z,EMP002,2024-07-09,Passed,,91.1,INV-00962.pdf,Matched successfully against PO.
963,INVREC00963,INV-00963,PO-2026-0094,PO0094,VEND071,Waste Management Inc.,2026-10-31,2026-11-15,EUR,344920.78,0,3658.62,18,62085.74,410665.14,Paid,Paid,2026-11-09,Manual Entry,2026-10-31T00:00:00Z,EMP027,2026-11-04,Passed,,90.6,INV-00963.pdf,Payment pending approval.
964,INVREC00964,INV-00964,PO-2026-0491,PO0491,VEND086,W.W. Grainger International,2026-04-17,2026-06-01,EUR,313342.98,0,2950.55,20,62668.6,378962.13,Paid,Paid,2026-05-05,OCR Workflow,2026-04-17T00:00:00Z,EMP038,2026-04-22,Passed,,99,INV-00964.pdf,Payment pending approval.
965,INVREC00965,INV-00965,PO-2024-0002,PO0002,VEND016,New Horizons,2024-06-24,2024-08-08,GBP,479687.99,12264.92,1280.11,20,95937.6,576905.7,Rejected,Unpaid,None,OCR Workflow,2024-06-24T00:00:00Z,EMP038,2024-06-30,Passed,,98.2,INV-00965.pdf,Payment pending approval.
966,INVREC00966,INV-00966,PO-2025-1301,PO1301,VEND062,Accenture PLC,2025-07-20,2025-08-19,USD,89952.9,1353.03,4562.78,10,8995.29,103510.97,Paid,Paid,2025-08-04,Manual Entry,2025-07-20T00:00:00Z,EMP036,2025-07-23,Passed,,97.5,INV-00966.pdf,Invoice under review.
967,INVREC00967,INV-00967,PO-2024-0978,PO0978,VEND075,T-Mobile for Business,2024-10-10,2024-11-09,GBP,212064.22,4329.04,0,0,0,212064.22,Rejected,Unpaid,None,System Integration,2024-10-10T00:00:00Z,EMP003,2024-10-13,Passed,,88.8,INV-00967.pdf,Ready for payment.
968,INVREC00968,INV-00968,PO-2026-1436,PO1436,VEND070,Tyco International,2026-04-05,2026-05-05,GBP,15509.15,0,0,18,2791.65,18300.8,Paid,Paid,2026-04-16,OCR Workflow,2026-04-05T00:00:00Z,EMP030,2026-04-09,Passed,,97.2,INV-00968.pdf,Matched successfully against PO.
969,INVREC00969,INV-00969,PO-2025-1423,PO1423,VEND004,Dell Technologies,2025-10-22,2025-11-06,CHF,91303.28,0,0,5,4565.16,95868.44,Paid,Paid,2025-10-29,Manual Entry,2025-10-22T00:00:00Z,EMP002,2025-10-25,Passed,,97.1,INV-00969.pdf,Invoice under review.
970,INVREC00970,INV-00970,PO-2023-0313,PO0313,VEND045,Hewlett Packard Enterprise,2023-08-21,2023-09-20,CHF,405088.36,0,2204.79,20,81017.67,488310.82,Paid,Paid,2023-09-02,Manual Entry,2023-08-21T00:00:00Z,EMP017,2023-08-22,Passed,,93.7,INV-00970.pdf,Ready for payment.
971,INVREC00971,INV-00971,PO-2025-0637,PO0637,VEND008,DHL Express,2025-10-22,2025-10-22,INR,433363,20029.17,0,5,21668.15,455031.15,Paid,Paid,2025-10-22,System Integration,2025-10-22T00:00:00Z,EMP021,2025-10-25,Passed,,89,INV-00971.pdf,Payment pending approval.
972,INVREC00972,INV-00972,PO-2024-1153,PO1153,VEND094,Timken Company,2024-03-26,2024-03-26,SEK,92060.07,3004.73,2184.72,20,18412.01,112656.8,Paid,Paid,2024-03-26,System Integration,2024-03-26T00:00:00Z,EMP005,2024-03-30,Passed,,86.7,INV-00972.pdf,Invoice under review.
973,INVREC00973,INV-00973,PO-2025-1160,PO1160,VEND087,Hilti Corporation,2025-10-29,2025-11-28,CHF,408798.35,0,1165.67,20,81759.67,491723.69,Paid,Paid,2025-11-07,Manual Entry,2025-10-29T00:00:00Z,EMP033,2025-10-31,Passed,,91.3,INV-00973.pdf,Ready for payment.
974,INVREC00974,INV-00974,PO-2026-0112,PO0112,VEND036,Kuehne + Nagel,2026-01-24,2026-02-23,INR,490052.91,0,0,5,24502.65,514555.56,Rejected,Unpaid,None,Manual Entry,2026-01-24T00:00:00Z,EMP024,2026-01-27,Passed,,93.5,INV-00974.pdf,Ready for payment.
975,INVREC00975,INV-00975,PO-2024-1333,PO1333,VEND060,Boston Consulting Group,2024-06-21,2024-07-21,SEK,375100.6,6287.62,2626.56,20,75020.12,452747.28,Paid,Paid,2024-07-11,OCR Workflow,2024-06-21T00:00:00Z,EMP004,2024-06-25,Passed,,92.8,INV-00975.pdf,Matched successfully against PO.
976,INVREC00976,INV-00976,PO-2024-1405,PO1405,VEND087,Hilti Corporation,2024-02-13,2024-03-14,CHF,260458.81,0,2781.6,0,0,263240.41,Rejected,Unpaid,None,System Integration,2024-02-13T00:00:00Z,EMP038,2024-02-17,Passed,,89.6,INV-00976.pdf,Payment pending approval.
977,INVREC00977,INV-00977,PO-2025-0959,PO0959,VEND079,UniFirst Corporation,2025-05-23,2025-06-22,USD,409670.9,0,0,18,73740.76,483411.66,Rejected,Unpaid,None,System Integration,2025-05-23T00:00:00Z,EMP007,2025-05-29,Passed,,90.3,INV-00977.pdf,Ready for payment.
978,INVREC00978,INV-00978,PO-2023-1155,PO1155,VEND092,Baldor Electric Company,2023-12-05,2023-12-05,CHF,453101.72,16986.65,4480.46,0,0,457582.18,Paid,Paid,2023-12-05,OCR Workflow,2023-12-05T00:00:00Z,EMP031,2023-12-11,Passed,,85.9,INV-00978.pdf,Ready for payment.
979,INVREC00979,INV-00979,PO-2025-1115,PO1115,VEND002,Samira Hadid,2025-04-04,2025-04-04,INR,407296.19,0,0,20,81459.24,488755.43,Rejected,Unpaid,None,OCR Workflow,2025-04-04T00:00:00Z,EMP027,2025-04-08,Passed,,87.2,INV-00979.pdf,Invoice under review.
980,INVREC00980,INV-00980,PO-2026-0856,PO0856,VEND024,Schneider Electric,2026-04-13,2026-06-12,USD,150139.75,3376.27,0,5,7506.99,157646.74,Paid,Paid,2026-04-23,System Integration,2026-04-13T00:00:00Z,EMP028,2026-04-20,Passed,,96.5,INV-00980.pdf,Payment pending approval.
981,INVREC00981,INV-00981,PO-2024-0848,PO0848,VEND086,W.W. Grainger International,2024-11-13,2024-11-13,EUR,44447.1,2057.38,0,18,8000.48,52447.58,Paid,Paid,2024-11-13,Manual Entry,2024-11-13T00:00:00Z,EMP030,2024-11-15,Passed,,88.3,INV-00981.pdf,Invoice under review.
982,INVREC00982,INV-00982,PO-2023-0093,PO0093,VEND053,S&P Global Inc.,2023-03-17,2023-04-01,SEK,39691.99,1549.3,2269.12,5,1984.6,43945.71,Rejected,Unpaid,None,OCR Workflow,2023-03-17T00:00:00Z,EMP035,2023-03-20,Passed,,92.8,INV-00982.pdf,Three-way match completed.
983,INVREC00983,INV-00983,PO-2026-1012,PO1012,VEND087,Hilti Corporation,2026-01-12,2026-01-12,CHF,135675.94,1694.15,0,10,13567.59,149243.53,Rejected,Unpaid,None,Manual Entry,2026-01-12T00:00:00Z,EMP007,2026-01-17,Passed,,98.1,INV-00983.pdf,Three-way match completed.
984,INVREC00984,INV-00984,PO-2025-0891,PO0891,VEND045,Hewlett Packard Enterprise,2025-03-04,2025-03-04,CHF,432529.33,0,4689.45,18,77855.28,515074.06,Paid,Paid,2025-03-04,System Integration,2025-03-04T00:00:00Z,EMP004,2025-03-10,Passed,,99.1,INV-00984.pdf,Payment pending approval.
985,INVREC00985,INV-00985,PO-2023-1362,PO1362,VEND051,Thomson Reuters,2023-06-09,2023-08-08,USD,194497.62,4148.86,1036.99,5,9724.88,205259.49,Rejected,Unpaid,None,System Integration,2023-06-09T00:00:00Z,EMP021,2023-06-10,Passed,,89,INV-00985.pdf,Three-way match completed.
986,INVREC00986,INV-00986,PO-2024-0943,PO0943,VEND068,Securitas AB,2024-06-21,2024-07-21,EUR,338362.6,0,0,10,33836.26,372198.86,Paid,Paid,2024-07-01,System Integration,2024-06-21T00:00:00Z,EMP014,2024-06-28,Passed,,96.9,INV-00986.pdf,Invoice under review.
987,INVREC00987,INV-00987,PO-2025-0510,PO0510,VEND090,Snap-on Incorporated,2025-10-13,2025-12-12,GBP,378803.39,0,0,20,75760.68,454564.07,Paid,Paid,2025-10-28,Manual Entry,2025-10-13T00:00:00Z,EMP020,2025-10-16,Passed,,98.4,INV-00987.pdf,Matched successfully against PO.
988,INVREC00988,INV-00988,PO-2024-1150,PO1150,VEND090,Snap-on Incorporated,2024-11-03,2024-12-03,GBP,325603.6,0,0,10,32560.36,358163.96,Paid,Paid,2024-11-15,System Integration,2024-11-03T00:00:00Z,EMP023,2024-11-04,Passed,,94.5,INV-00988.pdf,Invoice under review.
989,INVREC00989,INV-00989,PO-2026-0537,PO0537,VEND048,Cummins Inc.,2026-11-16,2027-01-15,EUR,210646.08,0,546.98,0,0,211193.06,Paid,Paid,2026-11-22,System Integration,2026-11-16T00:00:00Z,EMP005,2026-11-21,Passed,,90.9,INV-00989.pdf,Three-way match completed.
990,INVREC00990,INV-00990,PO-2025-0104,PO0104,VEND088,Makita Corporation,2025-03-30,2025-04-29,CHF,10663.95,0,0,10,1066.39,11730.34,Pending,Unpaid,None,System Integration,2025-03-30T00:00:00Z,None,None,Pending Approval,,94.8,INV-00990.pdf,Payment pending approval.
991,INVREC00991,INV-00991,PO-2026-0571,PO0571,VEND031,FedEx Corporation,2026-11-05,2026-12-20,SEK,422665.18,0,1100.57,5,21133.26,444899.01,Paid,Paid,2026-11-23,OCR Workflow,2026-11-05T00:00:00Z,EMP016,2026-11-09,Passed,,97,INV-00991.pdf,Payment pending approval.
992,INVREC00992,INV-00992,PO-2023-1255,PO1255,VEND060,Boston Consulting Group,2024-01-30,2024-03-30,SEK,314518.68,0,4722.35,5,15725.93,334966.96,Paid,Paid,2024-02-12,System Integration,2024-01-30T00:00:00Z,EMP010,2024-02-06,Passed,,87.7,INV-00992.pdf,Three-way match completed.
993,INVREC00993,INV-00993,PO-2026-0777,PO0777,VEND044,IBM Corporation,2026-06-03,2026-07-03,SEK,438516.99,0,715.83,20,87703.4,526936.22,Paid,Paid,2026-06-16,OCR Workflow,2026-06-03T00:00:00Z,EMP034,2026-06-10,Passed,,98.6,INV-00993.pdf,Payment pending approval.
994,INVREC00994,INV-00994,PO-2026-0030,PO0030,VEND041,Salesforce.com Inc.,2026-10-04,2026-11-18,GBP,434713.99,0,1301.47,18,78248.52,514263.98,Paid,Paid,2026-10-06,OCR Workflow,2026-10-04T00:00:00Z,EMP024,2026-10-07,Passed,,87.5,INV-00994.pdf,Three-way match completed.
995,INVREC00995,INV-00995,PO-2026-0961,PO0961,VEND025,ABB Ltd,2026-02-08,2026-02-23,GBP,191797.83,0,272.55,10,19179.78,211250.16,Paid,Paid,2026-02-12,OCR Workflow,2026-02-08T00:00:00Z,EMP001,2026-02-09,Passed,,92.7,INV-00995.pdf,Payment pending approval.
996,INVREC00996,INV-00996,PO-2025-1011,PO1011,VEND001,ABCD & CO,2025-04-28,2025-06-27,SEK,422924.93,0,0,5,21146.25,444071.18,Paid,Paid,2025-05-04,System Integration,2025-04-28T00:00:00Z,EMP013,2025-05-01,Passed,,93.5,INV-00996.pdf,Three-way match completed.
997,INVREC00997,INV-00997,PO-2025-0336,PO0336,VEND059,McKinsey & Company,2025-12-02,2025-12-02,CHF,362189.9,0,1519.68,0,0,363709.58,Paid,Paid,2025-12-02,OCR Workflow,2025-12-02T00:00:00Z,EMP002,2025-12-07,Passed,,97.9,INV-00997.pdf,Payment pending approval.
998,INVREC00998,INV-00998,PO-2025-0155,PO0155,VEND078,Cintas Corporation,2025-04-09,2025-05-09,USD,472454.41,0,0,18,85041.79,557496.2,Rejected,Unpaid,None,OCR Workflow,2025-04-09T00:00:00Z,EMP001,2025-04-16,Passed,,86.6,INV-00998.pdf,Ready for payment.
999,INVREC00999,INV-00999,PO-2024-1428,PO1428,VEND071,Waste Management Inc.,2024-05-10,2024-06-09,EUR,285900.07,0,0,5,14295,300195.07,Paid,Paid,2024-05-21,OCR Workflow,2024-05-10T00:00:00Z,EMP026,2024-05-12,Passed,,97.8,INV-00999.pdf,Three-way match completed.
1000,INVREC01000,INV-01000,PO-2025-0467,PO0467,VEND092,Baldor Electric Company,2025-10-06,2025-12-05,CHF,231090.28,0,0,18,41596.25,272686.53,Rejected,Unpaid,None,System Integration,2025-10-06T00:00:00Z,EMP024,2025-10-07,Passed,,98.5,INV-01000.pdf,Ready for payment.
1001,INVREC01001,INV-01001,PO-2024-0509,PO0509,VEND028,Emerson Electric Co.,2024-03-25,2024-04-24,INR,81155.24,0,3997.79,0,0,85153.03,Paid,Paid,2024-04-01,OCR Workflow,2024-03-25T00:00:00Z,EMP029,2024-03-27,Passed,,97.5,INV-01001.pdf,Matched successfully against PO.
1002,INVREC01002,INV-01002,PO-2026-1176,PO1176,VEND020,Alpha Industries,2026-10-05,2026-11-04,SEK,308538.35,0,0,10,30853.83,339392.18,Rejected,Unpaid,None,Manual Entry,2026-10-05T00:00:00Z,EMP023,2026-10-11,Passed,,94.1,INV-01002.pdf,Matched successfully against PO.
1003,INVREC01003,INV-01003,PO-2023-1006,PO1006,VEND042,"VMware, Inc.",2024-01-11,2024-01-11,SEK,498541.35,0,0,5,24927.07,523468.42,Paid,Paid,2024-01-11,Manual Entry,2024-01-11T00:00:00Z,EMP011,2024-01-12,Passed,,90.8,INV-01003.pdf,Matched successfully against PO.
1004,INVREC01004,INV-01004,PO-2023-1225,PO1225,VEND074,Verizon Business Group,2024-01-02,2024-02-01,EUR,367869.71,0,0,20,73573.94,441443.65,Paid,Paid,2024-01-20,Manual Entry,2024-01-02T00:00:00Z,EMP016,2024-01-06,Passed,,97.8,INV-01004.pdf,Ready for payment.
1005,INVREC01005,INV-01005,PO-2025-0336,PO0336,VEND059,McKinsey & Company,2025-12-08,2025-12-08,CHF,362189.9,0,1519.68,0,0,363709.58,Paid,Paid,2025-12-08,Manual Entry,2025-12-08T00:00:00Z,EMP009,2025-12-12,Passed,,98.6,INV-01005.pdf,Matched successfully against PO.
1006,INVREC01006,INV-01006,PO-2026-0234,PO0234,VEND021,Johnson Controls,2026-08-31,2026-09-30,USD,430591.41,16151.94,309.6,0,0,430901.01,Paid,Paid,2026-09-20,Manual Entry,2026-08-31T00:00:00Z,EMP016,2026-09-05,Passed,,94.6,INV-01006.pdf,Matched successfully against PO.
1007,INVREC01007,INV-01007,PO-2024-1044,PO1044,VEND097,Goodyear Tire & Rubber,2024-04-23,2024-05-23,GBP,296781.71,0,139.48,5,14839.09,311760.28,Paid,Paid,2024-05-03,Manual Entry,2024-04-23T00:00:00Z,EMP024,2024-04-30,Passed,,92.9,INV-01007.pdf,Three-way match completed.
1008,INVREC01008,INV-01008,PO-2026-0813,PO0813,VEND092,Baldor Electric Company,2026-06-02,2026-06-02,CHF,396346.29,0,106.29,18,71342.33,467794.91,Paid,Paid,2026-06-02,System Integration,2026-06-02T00:00:00Z,EMP008,2026-06-04,Passed,,95.4,INV-01008.pdf,Invoice under review.
1009,INVREC01009,INV-01009,PO-2023-1246,PO1246,VEND035,Expeditors International,2023-07-06,2023-07-06,GBP,403944.02,0,0,10,40394.4,444338.42,Paid,Paid,2023-07-06,Manual Entry,2023-07-06T00:00:00Z,EMP032,2023-07-13,Passed,,94.7,INV-01009.pdf,Three-way match completed.
1010,INVREC01010,INV-01010,PO-2026-0448,PO0448,VEND041,Salesforce.com Inc.,2026-03-06,2026-05-05,GBP,96103.81,0,0,18,17298.69,113402.5,Rejected,Unpaid,None,OCR Workflow,2026-03-06T00:00:00Z,EMP025,2026-03-11,Passed,,96.6,INV-01010.pdf,Three-way match completed.
1011,INVREC01011,INV-01011,PO-2026-0174,PO0174,VEND070,Tyco International,2026-10-30,2026-11-29,GBP,420608.57,0,3813.61,0,0,424422.18,Paid,Paid,2026-11-17,System Integration,2026-10-30T00:00:00Z,EMP013,2026-11-01,Passed,,99.6,INV-01011.pdf,Three-way match completed.
1012,INVREC01012,INV-01012,PO-2026-0769,PO0769,VEND069,ADT Inc.,2026-05-28,2026-06-27,EUR,65553.01,0,2270.1,5,3277.65,71100.76,Paid,Paid,2026-06-17,Manual Entry,2026-05-28T00:00:00Z,EMP040,2026-06-01,Passed,,94.7,INV-01012.pdf,Invoice under review.
1013,INVREC01013,INV-01013,PO-2024-1248,PO1248,VEND038,Penske Logistics,2025-01-08,2025-02-07,SEK,326625.83,4227.55,3924.21,18,58792.65,389342.69,Pending,Unpaid,None,OCR Workflow,2025-01-08T00:00:00Z,None,None,Pending Approval,,99.3,INV-01013.pdf,Invoice under review.
1014,INVREC01014,INV-01014,PO-2026-0987,PO0987,VEND056,PricewaterhouseCoopers LLP,2026-10-03,2026-12-02,EUR,315947.51,0,1316.47,5,15797.38,333061.36,Paid,Paid,2026-10-06,OCR Workflow,2026-10-03T00:00:00Z,EMP035,2026-10-06,Passed,,94.3,INV-01014.pdf,Three-way match completed.
1015,INVREC01015,INV-01015,PO-2023-1476,PO1476,VEND049,Parker Hannifin Corporation,2023-11-18,2024-01-17,USD,349800.05,0,0,18,62964.01,412764.06,Paid,Paid,2023-11-26,OCR Workflow,2023-11-18T00:00:00Z,EMP006,2023-11-23,Passed,,95,INV-01015.pdf,Payment pending approval.
1016,INVREC01016,INV-01016,PO-2026-1022,PO1022,VEND026,General Electric,2026-08-15,2026-09-14,SEK,15694.94,158.14,34.02,20,3138.99,18867.95,Paid,Paid,2026-08-24,Manual Entry,2026-08-15T00:00:00Z,EMP002,2026-08-21,Passed,,95.7,INV-01016.pdf,Payment pending approval.
1017,INVREC01017,INV-01017,PO-2024-1150,PO1150,VEND090,Snap-on Incorporated,2024-10-21,2024-11-20,GBP,325603.6,0,0,10,32560.36,358163.96,Rejected,Unpaid,None,System Integration,2024-10-21T00:00:00Z,EMP008,2024-10-25,Passed,,86.9,INV-01017.pdf,Payment pending approval.
1018,INVREC01018,INV-01018,PO-2025-1423,PO1423,VEND004,Dell Technologies,2025-10-31,2025-11-15,CHF,91303.28,3043.68,0,5,4565.16,95868.44,Paid,Paid,2025-11-10,OCR Workflow,2025-10-31T00:00:00Z,EMP026,2025-11-01,Passed,,91.3,INV-01018.pdf,Three-way match completed.
1019,INVREC01019,INV-01019,PO-2024-1194,PO1194,VEND061,Bain & Company,2024-08-09,2024-09-08,INR,249669.34,0,0,20,49933.87,299603.21,Rejected,Unpaid,None,OCR Workflow,2024-08-09T00:00:00Z,None,None,Rejected,Missing PO reference,93.6,INV-01019.pdf,Matched successfully against PO.
1020,INVREC01020,INV-01020,PO-2025-0614,PO0614,VEND042,"VMware, Inc.",2025-07-07,2025-08-21,SEK,112922.01,0,1486.55,5,5646.1,120054.66,Paid,Paid,2025-07-08,Manual Entry,2025-07-07T00:00:00Z,EMP025,2025-07-13,Passed,,92.7,INV-01020.pdf,Payment pending approval.
1021,INVREC01021,INV-01021,PO-2026-1105,PO1105,VEND015,Best Buy Corp,2026-09-04,2026-10-04,INR,14095.58,0,0,10,1409.56,15505.14,Paid,Paid,2026-09-16,Manual Entry,2026-09-04T00:00:00Z,EMP024,2026-09-08,Passed,,92.9,INV-01021.pdf,Ready for payment.
1022,INVREC01022,INV-01022,PO-2023-1335,PO1335,VEND002,Samira Hadid,2023-06-17,2023-06-17,INR,372739.09,5589.69,0,10,37273.91,410013,Paid,Paid,2023-06-17,Manual Entry,2023-06-17T00:00:00Z,EMP039,2023-06-24,Passed,,93.2,INV-01022.pdf,Three-way match completed.
1023,INVREC01023,INV-01023,PO-2024-0276,PO0276,VEND080,Ecolab Inc.,2024-08-31,2024-09-30,INR,144341.15,0,0,0,0,144341.15,Paid,Paid,2024-09-13,Manual Entry,2024-08-31T00:00:00Z,EMP033,2024-09-01,Passed,,92.6,INV-01023.pdf,Ready for payment.
1024,INVREC01024,INV-01024,PO-2023-1137,PO1137,VEND091,Ingersoll Rand,2023-07-22,2023-08-21,GBP,156045.08,0,338.39,5,7802.25,164185.72,Paid,Paid,2023-07-27,System Integration,2023-07-22T00:00:00Z,EMP023,2023-07-23,Passed,,91.3,INV-01024.pdf,Payment pending approval.
1025,INVREC01025,INV-01025,PO-2025-0467,PO0467,VEND092,Baldor Electric Company,2025-10-07,2025-12-06,CHF,231090.28,0,0,18,41596.25,272686.53,Pending,Unpaid,None,OCR Workflow,2025-10-07T00:00:00Z,None,None,Pending Approval,,93.6,INV-01025.pdf,Payment pending approval.
1026,INVREC01026,INV-01026,PO-2026-1302,PO1302,VEND062,Accenture PLC,2026-02-13,2026-03-15,USD,62766.4,0,1806.07,0,0,64572.47,Paid,Paid,2026-02-14,OCR Workflow,2026-02-13T00:00:00Z,EMP002,2026-02-17,Passed,,86.9,INV-01026.pdf,Payment pending approval.
1027,INVREC01027,INV-01027,PO-2023-0478,PO0478,VEND033,Maersk Line,2023-02-03,2023-03-05,SEK,284982.45,10605.68,0,18,51296.84,336279.29,Paid,Paid,2023-02-11,OCR Workflow,2023-02-03T00:00:00Z,EMP014,2023-02-04,Passed,,87.8,INV-01027.pdf,Invoice under review.
1028,INVREC01028,INV-01028,PO-2025-0003,PO0003,VEND083,MSC Industrial Direct,2025-08-29,2025-09-13,SEK,338914.98,5319.84,0,18,61004.7,399919.68,Rejected,Unpaid,None,System Integration,2025-08-29T00:00:00Z,EMP035,2025-08-30,Passed,,89.5,INV-01028.pdf,Ready for payment.
1029,INVREC01029,INV-01029,PO-2023-0247,PO0247,VEND098,Michelin North America,2023-10-08,2023-11-07,USD,424578.09,0,2350.98,0,0,426929.07,Paid,Paid,2023-10-09,System Integration,2023-10-08T00:00:00Z,EMP008,2023-10-14,Passed,,96.7,INV-01029.pdf,Matched successfully against PO.
1030,INVREC01030,INV-01030,PO-2025-0070,PO0070,VEND068,Securitas AB,2026-01-10,2026-03-11,EUR,331575.33,0,3697.83,5,16578.77,351851.93,Paid,Paid,2026-01-16,System Integration,2026-01-10T00:00:00Z,EMP028,2026-01-15,Passed,,92.5,INV-01030.pdf,Ready for payment.
1031,INVREC01031,INV-01031,PO-2026-1197,PO1197,VEND046,Lenovo Group Limited,2026-08-24,2026-09-08,INR,461868.9,0,0,5,23093.44,484962.34,Paid,Paid,2026-09-02,Manual Entry,2026-08-24T00:00:00Z,EMP004,2026-08-28,Passed,,98.9,INV-01031.pdf,Matched successfully against PO.
1032,INVREC01032,INV-01032,PO-2025-0655,PO0655,VEND098,Michelin North America,2025-09-20,2025-10-20,USD,383090.73,0,847.74,20,76618.15,460556.62,Pending,Unpaid,None,System Integration,2025-09-20T00:00:00Z,None,None,Pending Approval,,93,INV-01032.pdf,Invoice under review.
1033,INVREC01033,INV-01033,PO-2023-0232,PO0232,VEND098,Michelin North America,2023-06-02,2023-08-01,USD,429733.59,13312.51,1106.75,10,42973.36,473813.7,Paid,Paid,2023-06-07,System Integration,2023-06-02T00:00:00Z,EMP015,2023-06-04,Passed,,99.7,INV-01033.pdf,Ready for payment.
1034,INVREC01034,INV-01034,PO-2026-0469,PO0469,VEND080,Ecolab Inc.,2027-01-26,2027-02-25,INR,306066.43,11396.56,1087.12,10,30606.64,337760.19,Paid,Paid,2027-01-27,Manual Entry,2027-01-26T00:00:00Z,EMP019,2027-01-29,Passed,,93.1,INV-01034.pdf,Ready for payment.
1035,INVREC01035,INV-01035,PO-2026-0703,PO0703,VEND040,SAP SE,2026-01-27,2026-02-11,INR,203120.28,0,2073.22,0,0,205193.5,Paid,Paid,2026-02-06,System Integration,2026-01-27T00:00:00Z,EMP016,2026-02-01,Passed,,99.4,INV-01035.pdf,Matched successfully against PO.
1036,INVREC01036,INV-01036,PO-2025-0911,PO0911,VEND065,Sodexo S.A.,2025-12-20,2026-02-18,INR,444132.82,0,0,5,22206.64,466339.46,Rejected,Unpaid,None,OCR Workflow,2025-12-20T00:00:00Z,None,None,Rejected,Invoice amount mismatch,89.5,INV-01036.pdf,Matched successfully against PO.
1037,INVREC01037,INV-01037,PO-2024-0765,PO0765,VEND031,FedEx Corporation,2024-05-15,2024-06-29,SEK,487323.89,0,783.65,18,87718.3,575825.84,Paid,Paid,2024-05-20,Manual Entry,2024-05-15T00:00:00Z,EMP022,2024-05-18,Passed,,88.1,INV-01037.pdf,Invoice under review.
1038,INVREC01038,INV-01038,PO-2024-0265,PO0265,VEND085,Fastenal Company,2024-07-10,2024-08-09,SEK,45771.21,0,2991.57,20,9154.24,57917.02,Rejected,Unpaid,None,Manual Entry,2024-07-10T00:00:00Z,None,None,Rejected,Missing PO reference,85.1,INV-01038.pdf,Three-way match completed.
1039,INVREC01039,INV-01039,PO-2024-0665,PO0665,VEND081,Kimberly-Clark Professional,2024-12-05,2024-12-20,SEK,407843.2,0,907.99,5,20392.16,429143.35,Paid,Paid,2024-12-07,Manual Entry,2024-12-05T00:00:00Z,EMP026,2024-12-07,Passed,,86.4,INV-01039.pdf,Matched successfully against PO.
1040,INVREC01040,INV-01040,PO-2026-1121,PO1121,VEND061,Bain & Company,2026-04-20,2026-05-20,INR,372848.49,0,0,10,37284.85,410133.34,Paid,Paid,2026-04-26,System Integration,2026-04-20T00:00:00Z,EMP034,2026-04-24,Passed,,91.1,INV-01040.pdf,Matched successfully against PO.
1041,INVREC01041,INV-01041,PO-2025-0969,PO0969,VEND083,MSC Industrial Direct,2025-11-28,2025-12-28,SEK,228012.13,0,4185.19,0,0,232197.32,Paid,Paid,2025-12-09,System Integration,2025-11-28T00:00:00Z,EMP024,2025-12-01,Passed,,97.3,INV-01041.pdf,Three-way match completed.
1042,INVREC01042,INV-01042,PO-2026-0777,PO0777,VEND044,IBM Corporation,2026-05-21,2026-06-20,SEK,438516.99,13242.84,715.83,20,87703.4,526936.22,Paid,Paid,2026-06-04,Manual Entry,2026-05-21T00:00:00Z,EMP026,2026-05-24,Passed,,99.4,INV-01042.pdf,Payment pending approval.
1043,INVREC01043,INV-01043,PO-2025-0510,PO0510,VEND090,Snap-on Incorporated,2025-09-21,2025-11-20,GBP,378803.39,0,0,20,75760.68,454564.07,Rejected,Unpaid,None,OCR Workflow,2025-09-21T00:00:00Z,EMP004,2025-09-25,Passed,,90,INV-01043.pdf,Three-way match completed.
1044,INVREC01044,INV-01044,PO-2023-0274,PO0274,VEND087,Hilti Corporation,2023-07-31,2023-08-30,CHF,414090.91,0,0,18,74536.36,488627.27,Paid,Paid,2023-08-18,OCR Workflow,2023-07-31T00:00:00Z,EMP029,2023-08-03,Passed,,94.7,INV-01044.pdf,Matched successfully against PO.
1045,INVREC01045,INV-01045,PO-2026-0592,PO0592,VEND030,Bosch Rexroth AG,2026-10-07,2026-11-06,CHF,485111.65,0,745.09,0,0,485856.74,Rejected,Unpaid,None,Manual Entry,2026-10-07T00:00:00Z,EMP031,2026-10-14,Passed,,87.2,INV-01045.pdf,Ready for payment.
1046,INVREC01046,INV-01046,PO-2024-0488,PO0488,VEND064,Aramark Corporation,2024-06-30,2024-08-29,EUR,105884.01,0,0,20,21176.8,127060.81,Paid,Paid,2024-07-16,OCR Workflow,2024-06-30T00:00:00Z,EMP007,2024-07-04,Passed,,88.2,INV-01046.pdf,Payment pending approval.
1047,INVREC01047,INV-01047,PO-2024-0043,PO0043,VEND024,Schneider Electric,2024-08-29,2024-09-28,USD,304624.32,0,0,10,30462.43,335086.75,Paid,Paid,2024-09-10,System Integration,2024-08-29T00:00:00Z,EMP033,2024-09-01,Passed,,86.8,INV-01047.pdf,Invoice under review.
1048,INVREC01048,INV-01048,PO-2023-0916,PO0916,VEND091,Ingersoll Rand,2023-06-08,2023-07-08,GBP,424240.8,0,0,10,42424.08,466664.88,Paid,Paid,2023-06-10,Manual Entry,2023-06-08T00:00:00Z,EMP027,2023-06-13,Passed,,92.2,INV-01048.pdf,Ready for payment.
1049,INVREC01049,INV-01049,PO-2023-0195,PO0195,VEND044,IBM Corporation,2023-12-11,2024-01-10,SEK,93226.02,0,0,18,16780.68,110006.7,Paid,Paid,2023-12-14,Manual Entry,2023-12-11T00:00:00Z,EMP036,2023-12-16,Passed,,85.9,INV-01049.pdf,Three-way match completed.
1050,INVREC01050,INV-01050,PO-2023-1172,PO1172,VEND022,Siemens AG,2023-12-22,2024-01-21,USD,228526.75,0,4481.24,18,41134.82,274142.81,Pending,Unpaid,None,Manual Entry,2023-12-22T00:00:00Z,None,None,Pending Approval,,85.5,INV-01050.pdf,Three-way match completed.
1051,INVREC01051,INV-01051,PO-2025-1132,PO1132,VEND099,Bridgestone Americas,2025-06-19,2025-07-19,USD,445724.08,0,0,5,22286.2,468010.28,Rejected,Unpaid,None,OCR Workflow,2025-06-19T00:00:00Z,EMP025,2025-06-23,Passed,,89.3,INV-01051.pdf,Invoice under review.
1052,INVREC01052,INV-01052,PO-2024-0281,PO0281,VEND004,Dell Technologies,2024-03-31,2024-05-30,CHF,177801.07,6300.81,0,20,35560.21,213361.28,Pending,Unpaid,None,System Integration,2024-03-31T00:00:00Z,None,None,Pending Approval,,89.4,INV-01052.pdf,Ready for payment.
1053,INVREC01053,INV-01053,PO-2026-0812,PO0812,VEND025,ABB Ltd,2026-02-05,2026-02-20,GBP,171934.07,0,0,18,30948.13,202882.2,Paid,Paid,2026-02-09,OCR Workflow,2026-02-05T00:00:00Z,EMP039,2026-02-06,Passed,,95.5,INV-01053.pdf,Ready for payment.
1054,INVREC01054,INV-01054,PO-2023-0842,PO0842,VEND071,Waste Management Inc.,2023-02-03,2023-03-20,EUR,491770.51,0,2131.89,18,88518.69,582421.09,Paid,Paid,2023-02-14,Manual Entry,2023-02-03T00:00:00Z,EMP015,2023-02-06,Passed,,87.2,INV-01054.pdf,Matched successfully against PO.
1055,INVREC01055,INV-01055,PO-2023-0884,PO0884,VEND095,SKF Group,2023-11-27,2023-11-27,GBP,274137.65,0,0,5,13706.88,287844.53,Paid,Paid,2023-11-27,OCR Workflow,2023-11-27T00:00:00Z,EMP017,2023-11-30,Passed,,97.5,INV-01055.pdf,Three-way match completed.
1056,INVREC01056,INV-01056,PO-2025-0464,PO0464,VEND045,Hewlett Packard Enterprise,2025-03-09,2025-05-08,CHF,326013.65,0,0,0,0,326013.65,Paid,Paid,2025-03-13,OCR Workflow,2025-03-09T00:00:00Z,EMP007,2025-03-10,Passed,,93,INV-01056.pdf,Ready for payment.
1057,INVREC01057,INV-01057,PO-2024-1360,PO1360,VEND012,Elite Services,2024-08-29,2024-10-13,SEK,130687.96,0,3563.61,10,13068.8,147320.37,Paid,Paid,2024-08-30,System Integration,2024-08-29T00:00:00Z,EMP034,2024-08-31,Passed,,86.3,INV-01057.pdf,Three-way match completed.
1058,INVREC01058,INV-01058,PO-2026-0681,PO0681,VEND064,Aramark Corporation,2026-04-28,2026-06-27,EUR,187610.88,0,0,18,33769.96,221380.84,Paid,Paid,2026-05-10,System Integration,2026-04-28T00:00:00Z,EMP011,2026-05-03,Passed,,90.5,INV-01058.pdf,Matched successfully against PO.
1059,INVREC01059,INV-01059,PO-2025-0696,PO0696,VEND068,Securitas AB,2025-10-06,2025-11-05,EUR,417186.71,18330.53,4014.85,18,75093.61,496295.17,Paid,Paid,2025-10-19,Manual Entry,2025-10-06T00:00:00Z,EMP003,2025-10-12,Passed,,88.2,INV-01059.pdf,Matched successfully against PO.
1060,INVREC01060,INV-01060,PO-2023-0496,PO0496,VEND009,Office Furniture World,2023-07-21,2023-08-20,USD,43340.22,1251.28,0,18,7801.24,51141.46,Rejected,Unpaid,None,Manual Entry,2023-07-21T00:00:00Z,EMP020,2023-07-28,Passed,,85.9,INV-01060.pdf,Payment pending approval.
1061,INVREC01061,INV-01061,PO-2025-1367,PO1367,VEND014,Modern Office Co,2025-01-23,2025-03-24,USD,472467.64,0,1878.68,10,47246.76,521593.08,Paid,Paid,2025-01-29,OCR Workflow,2025-01-23T00:00:00Z,EMP011,2025-01-27,Passed,,94,INV-01061.pdf,Three-way match completed.
1062,INVREC01062,INV-01062,PO-2026-1189,PO1189,VEND014,Modern Office Co,2026-10-06,2026-10-06,USD,418097.31,11355.99,4550.86,20,83619.46,506267.63,Rejected,Unpaid,None,Manual Entry,2026-10-06T00:00:00Z,EMP001,2026-10-11,Passed,,95.4,INV-01062.pdf,Matched successfully against PO.
1063,INVREC01063,INV-01063,PO-2023-0920,PO0920,VEND012,Elite Services,2023-03-31,2023-03-31,SEK,464014.67,0,0,20,92802.93,556817.6,Pending,Unpaid,None,Manual Entry,2023-03-31T00:00:00Z,None,None,Pending Approval,,86.9,INV-01063.pdf,Ready for payment.
1064,INVREC01064,INV-01064,PO-2024-0749,PO0749,VEND015,Best Buy Corp,2024-06-17,2024-07-17,INR,267914.8,0,0,5,13395.74,281310.54,Paid,Paid,2024-06-21,System Integration,2024-06-17T00:00:00Z,EMP013,2024-06-18,Passed,,85.5,INV-01064.pdf,Matched successfully against PO.
1065,INVREC01065,INV-01065,PO-2023-1207,PO1207,VEND076,Comcast Business,2023-02-28,2023-03-15,GBP,314274.17,0,2391,0,0,316665.17,Paid,Paid,2023-03-08,OCR Workflow,2023-02-28T00:00:00Z,EMP037,2023-03-04,Passed,,98.9,INV-01065.pdf,Payment pending approval.
1066,INVREC01066,INV-01066,PO-2026-1064,PO1064,VEND015,Best Buy Corp,2026-02-02,2026-03-04,INR,228829.15,9977.21,4906.63,5,11441.46,245177.24,Paid,Paid,2026-02-08,Manual Entry,2026-02-02T00:00:00Z,EMP010,2026-02-05,Passed,,88.8,INV-01066.pdf,Matched successfully against PO.
1067,INVREC01067,INV-01067,PO-2025-0438,PO0438,VEND021,Johnson Controls,2025-11-18,2026-01-02,USD,136703.59,0,2423.41,5,6835.18,145962.18,Paid,Paid,2025-11-26,Manual Entry,2025-11-18T00:00:00Z,EMP020,2025-11-19,Passed,,92.9,INV-01067.pdf,Ready for payment.
1068,INVREC01068,INV-01068,PO-2026-1280,PO1280,VEND043,Cisco Systems Inc.,2026-04-16,2026-05-16,GBP,499068.25,10357.76,520.56,18,89832.29,589421.1,Paid,Paid,2026-04-24,System Integration,2026-04-16T00:00:00Z,EMP008,2026-04-19,Passed,,99.6,INV-01068.pdf,Payment pending approval.
1069,INVREC01069,INV-01069,PO-2024-1170,PO1170,VEND055,Deloitte & Touche LLP,2024-06-12,2024-08-11,EUR,165863.61,0,0,18,29855.45,195719.06,Paid,Paid,2024-06-24,OCR Workflow,2024-06-12T00:00:00Z,EMP018,2024-06-18,Passed,,88.3,INV-01069.pdf,Payment pending approval.
1070,INVREC01070,INV-01070,PO-2025-0959,PO0959,VEND079,UniFirst Corporation,2025-05-20,2025-06-19,USD,409670.9,0,0,18,73740.76,483411.66,Paid,Paid,2025-05-21,OCR Workflow,2025-05-20T00:00:00Z,EMP034,2025-05-25,Passed,,95,INV-01070.pdf,Payment pending approval.
1071,INVREC01071,INV-01071,PO-2024-1348,PO1348,VEND048,Cummins Inc.,2024-03-02,2024-04-01,EUR,165526.52,0,2589.79,0,0,168116.31,Paid,Paid,2024-03-20,Manual Entry,2024-03-02T00:00:00Z,EMP030,2024-03-07,Passed,,97.8,INV-01071.pdf,Three-way match completed.
1072,INVREC01072,INV-01072,PO-2024-0056,PO0056,VEND023,Caterpillar Inc.,2024-12-03,2025-01-17,INR,270244.48,0,3016.75,5,13512.22,286773.45,Paid,Paid,2024-12-11,OCR Workflow,2024-12-03T00:00:00Z,EMP022,2024-12-04,Passed,,89.4,INV-01072.pdf,Invoice under review.
1073,INVREC01073,INV-01073,PO-2026-1124,PO1124,VEND066,Jones Lang LaSalle,2026-10-21,2026-12-20,CHF,32893.87,1333.46,1887.94,20,6578.77,41360.58,Paid,Paid,2026-11-03,System Integration,2026-10-21T00:00:00Z,EMP024,2026-10-22,Passed,,99.3,INV-01073.pdf,Matched successfully against PO.
1074,INVREC01074,INV-01074,PO-2024-0511,PO0511,VEND056,PricewaterhouseCoopers LLP,2024-02-14,2024-03-15,EUR,268844,0,0,10,26884.4,295728.4,Paid,Paid,2024-02-20,System Integration,2024-02-14T00:00:00Z,EMP019,2024-02-16,Passed,,89.6,INV-01074.pdf,Ready for payment.
1075,INVREC01075,INV-01075,PO-2024-0509,PO0509,VEND028,Emerson Electric Co.,2024-04-07,2024-05-07,INR,81155.24,3284.17,3997.79,0,0,85153.03,Rejected,Unpaid,None,System Integration,2024-04-07T00:00:00Z,EMP039,2024-04-11,Passed,,90.2,INV-01075.pdf,Matched successfully against PO.
1076,INVREC01076,INV-01076,PO-2024-0776,PO0776,VEND024,Schneider Electric,2024-06-24,2024-06-24,USD,274958.19,0,0,18,49492.47,324450.66,Rejected,Unpaid,None,OCR Workflow,2024-06-24T00:00:00Z,EMP001,2024-06-28,Passed,,99.2,INV-01076.pdf,Matched successfully against PO.
1077,INVREC01077,INV-01077,PO-2023-1034,PO1034,VEND055,Deloitte & Touche LLP,2023-02-06,2023-03-08,EUR,496673.09,0,4350.89,10,49667.31,550691.29,Paid,Paid,2023-02-26,OCR Workflow,2023-02-06T00:00:00Z,EMP010,2023-02-09,Passed,,95.4,INV-01077.pdf,Payment pending approval.
1078,INVREC01078,INV-01078,PO-2023-0737,PO0737,VEND018,Summit Systems,2023-09-24,2023-11-08,EUR,165229.14,0,3689.37,18,29741.25,198659.76,Rejected,Unpaid,None,Manual Entry,2023-09-24T00:00:00Z,EMP029,2023-09-28,Passed,,96.9,INV-01078.pdf,Three-way match completed.
1079,INVREC01079,INV-01079,PO-2025-0464,PO0464,VEND045,Hewlett Packard Enterprise,2025-03-16,2025-05-15,CHF,326013.65,0,0,0,0,326013.65,Paid,Paid,2025-03-20,OCR Workflow,2025-03-16T00:00:00Z,EMP034,2025-03-20,Passed,,91.7,INV-01079.pdf,Invoice under review.
1080,INVREC01080,INV-01080,PO-2026-0469,PO0469,VEND080,Ecolab Inc.,2027-01-12,2027-02-11,INR,306066.43,0,1087.12,10,30606.64,337760.19,Paid,Paid,2027-01-22,System Integration,2027-01-12T00:00:00Z,EMP011,2027-01-13,Passed,,90.3,INV-01080.pdf,Payment pending approval.
1081,INVREC01081,INV-01081,PO-2023-0164,PO0164,VEND035,Expeditors International,2023-07-11,2023-08-25,GBP,221937.21,0,389.94,0,0,222327.15,Paid,Paid,2023-07-19,OCR Workflow,2023-07-11T00:00:00Z,EMP015,2023-07-15,Passed,,88.4,INV-01081.pdf,Ready for payment.
1082,INVREC01082,INV-01082,PO-2024-1089,PO1089,VEND016,New Horizons,2024-02-01,2024-03-02,GBP,246731.01,0,0,10,24673.1,271404.11,Paid,Paid,2024-02-16,Manual Entry,2024-02-01T00:00:00Z,EMP001,2024-02-05,Passed,,87.3,INV-01082.pdf,Three-way match completed.
1083,INVREC01083,INV-01083,PO-2026-0956,PO0956,VEND015,Best Buy Corp,2026-10-19,2026-11-18,INR,355507.4,0,0,20,71101.48,426608.88,Paid,Paid,2026-11-02,OCR Workflow,2026-10-19T00:00:00Z,EMP029,2026-10-25,Passed,,90,INV-01083.pdf,Matched successfully against PO.
1084,INVREC01084,INV-01084,PO-2023-0143,PO0143,VEND096,Gates Corporation,2023-11-21,2024-01-05,EUR,40915.51,0,0,20,8183.1,49098.61,Paid,Paid,2023-11-27,System Integration,2023-11-21T00:00:00Z,EMP020,2023-11-24,Passed,,96.4,INV-01084.pdf,Matched successfully against PO.
1085,INVREC01085,INV-01085,PO-2024-0845,PO0845,VEND045,Hewlett Packard Enterprise,2024-12-30,2024-12-30,CHF,333623.92,0,4179.89,18,60052.31,397856.12,Rejected,Unpaid,None,Manual Entry,2024-12-30T00:00:00Z,EMP022,2025-01-01,Passed,,93,INV-01085.pdf,Matched successfully against PO.
1086,INVREC01086,INV-01086,PO-2024-1268,PO1268,VEND020,Alpha Industries,2024-04-07,2024-05-07,SEK,344323.87,0,0,10,34432.39,378756.26,Paid,Paid,2024-04-17,OCR Workflow,2024-04-07T00:00:00Z,EMP039,2024-04-14,Passed,,97,INV-01086.pdf,Three-way match completed.
1087,INVREC01087,INV-01087,PO-2023-0805,PO0805,VEND001,ABCD & CO,2024-01-02,2024-01-17,SEK,184167.81,6016.19,0,5,9208.39,193376.2,Paid,Paid,2024-01-05,System Integration,2024-01-02T00:00:00Z,EMP015,2024-01-09,Passed,,85.2,INV-01087.pdf,Three-way match completed.
1088,INVREC01088,INV-01088,PO-2023-0646,PO0646,VEND075,T-Mobile for Business,2023-09-26,2023-09-26,GBP,19488,0,0,0,0,19488,Paid,Paid,2023-09-26,Manual Entry,2023-09-26T00:00:00Z,EMP021,2023-10-02,Passed,,89.6,INV-01088.pdf,Ready for payment.
1089,INVREC01089,INV-01089,PO-2024-1345,PO1345,VEND078,Cintas Corporation,2024-11-06,2024-12-21,USD,160062.6,6719.53,2281.4,5,8003.13,170347.13,Paid,Paid,2024-11-20,Manual Entry,2024-11-06T00:00:00Z,EMP005,2024-11-13,Passed,,98.9,INV-01089.pdf,Invoice under review.
1090,INVREC01090,INV-01090,PO-2026-1162,PO1162,VEND006,Amazon Business,2026-11-05,2027-01-04,SEK,329479.11,0,1722.99,20,65895.82,397097.92,Paid,Paid,2026-11-14,OCR Workflow,2026-11-05T00:00:00Z,EMP008,2026-11-08,Passed,,87.9,INV-01090.pdf,Invoice under review.
1091,INVREC01091,INV-01091,PO-2023-0660,PO0660,VEND062,Accenture PLC,2023-04-11,2023-05-11,USD,155408.04,0,0,20,31081.61,186489.65,Rejected,Unpaid,None,Manual Entry,2023-04-11T00:00:00Z,None,None,Rejected,Invoice amount mismatch,92.3,INV-01091.pdf,Ready for payment.
1092,INVREC01092,INV-01092,PO-2026-0999,PO0999,VEND002,Samira Hadid,2026-10-24,2026-12-08,INR,298323.83,0,0,5,14916.19,313240.02,Rejected,Unpaid,None,System Integration,2026-10-24T00:00:00Z,EMP033,2026-10-30,Passed,,92.1,INV-01092.pdf,Ready for payment.
1093,INVREC01093,INV-01093,PO-2024-0935,PO0935,VEND046,Lenovo Group Limited,2024-08-02,2024-08-02,INR,11218.61,0,2770.86,5,560.93,14550.4,Paid,Paid,2024-08-02,OCR Workflow,2024-08-02T00:00:00Z,EMP002,2024-08-03,Passed,,90.5,INV-01093.pdf,Ready for payment.
1094,INVREC01094,INV-01094,PO-2026-1474,PO1474,VEND068,Securitas AB,2026-07-31,2026-09-14,EUR,265873.74,0,1960.39,0,0,267834.13,Rejected,Unpaid,None,System Integration,2026-07-31T00:00:00Z,EMP032,2026-08-04,Passed,,90.7,INV-01094.pdf,Matched successfully against PO.
1095,INVREC01095,INV-01095,PO-2026-1343,PO1343,VEND019,Vanguard Tech,2026-07-25,2026-08-24,USD,137173.46,6252.53,0,0,0,137173.46,Paid,Paid,2026-08-12,Manual Entry,2026-07-25T00:00:00Z,EMP016,2026-08-01,Passed,,92.9,INV-01095.pdf,Invoice under review.
1096,INVREC01096,INV-01096,PO-2023-0574,PO0574,VEND016,New Horizons,2023-11-08,2023-12-23,GBP,448882.75,0,0,0,0,448882.75,Paid,Paid,2023-11-18,Manual Entry,2023-11-08T00:00:00Z,EMP020,2023-11-09,Passed,,85.1,INV-01096.pdf,Matched successfully against PO.
1097,INVREC01097,INV-01097,PO-2026-0343,PO0343,VEND056,PricewaterhouseCoopers LLP,2026-09-22,2026-10-22,EUR,333763,0,3053.36,0,0,336816.36,Paid,Paid,2026-09-30,OCR Workflow,2026-09-22T00:00:00Z,EMP020,2026-09-25,Passed,,98.1,INV-01097.pdf,Payment pending approval.
1098,INVREC01098,INV-01098,PO-2026-0310,PO0310,VEND015,Best Buy Corp,2026-08-20,2026-08-20,INR,181823.15,4380.03,0,20,36364.63,218187.78,Paid,Paid,2026-08-20,System Integration,2026-08-20T00:00:00Z,EMP014,2026-08-25,Passed,,94.8,INV-01098.pdf,Three-way match completed.
1099,INVREC01099,INV-01099,PO-2023-1103,PO1103,VEND091,Ingersoll Rand,2023-01-11,2023-02-10,GBP,305319.56,0,3338.07,5,15265.98,323923.61,Rejected,Unpaid,None,System Integration,2023-01-11T00:00:00Z,None,None,Rejected,Invoice amount mismatch,92.5,INV-01099.pdf,Matched successfully against PO.
1100,INVREC01100,INV-01100,PO-2024-0190,PO0190,VEND096,Gates Corporation,2024-09-26,2024-10-26,EUR,174332.29,0,0,0,0,174332.29,Rejected,Unpaid,None,Manual Entry,2024-09-26T00:00:00Z,EMP008,2024-10-03,Passed,,91.9,INV-01100.pdf,Ready for payment.
1101,INVREC01101,INV-01101,PO-2023-0966,PO0966,VEND015,Best Buy Corp,2023-06-18,2023-07-18,INR,464660.74,0,729.39,5,23233.04,488623.17,Paid,Paid,2023-07-08,Manual Entry,2023-06-18T00:00:00Z,EMP028,2023-06-21,Passed,,91.6,INV-01101.pdf,Three-way match completed.
1102,INVREC01102,INV-01102,PO-2026-1217,PO1217,VEND044,IBM Corporation,2026-03-12,2026-04-11,SEK,136575.26,0,0,5,6828.76,143404.02,Paid,Paid,2026-03-24,OCR Workflow,2026-03-12T00:00:00Z,EMP030,2026-03-19,Passed,,90.5,INV-01102.pdf,Payment pending approval.
1103,INVREC01103,INV-01103,PO-2026-0120,PO0120,VEND020,Alpha Industries,2026-07-01,2026-07-31,SEK,430480.61,0,4072.25,5,21524.03,456076.89,Paid,Paid,2026-07-03,System Integration,2026-07-01T00:00:00Z,EMP031,2026-07-05,Passed,,87,INV-01103.pdf,Payment pending approval.
1104,INVREC01104,INV-01104,PO-2025-1049,PO1049,VEND047,Apple Inc.,2025-12-17,2026-01-31,GBP,202846.23,0,0,18,36512.32,239358.55,Paid,Paid,2026-01-01,System Integration,2025-12-17T00:00:00Z,EMP033,2025-12-22,Passed,,89.7,INV-01104.pdf,Ready for payment.
1105,INVREC01105,INV-01105,PO-2024-0077,PO0077,VEND087,Hilti Corporation,2024-04-22,2024-05-22,CHF,89560.41,0,1055.62,0,0,90616.03,Paid,Paid,2024-04-28,System Integration,2024-04-22T00:00:00Z,EMP033,2024-04-23,Passed,,99.8,INV-01105.pdf,Invoice under review.
1106,INVREC01106,INV-01106,PO-2025-1368,PO1368,VEND095,SKF Group,2025-07-07,2025-09-05,GBP,57423.33,0,1323.64,18,10336.2,69083.17,Paid,Paid,2025-07-12,Manual Entry,2025-07-07T00:00:00Z,EMP024,2025-07-13,Passed,,91.3,INV-01106.pdf,Invoice under review.
1107,INVREC01107,INV-01107,PO-2023-1396,PO1396,VEND055,Deloitte & Touche LLP,2023-03-02,2023-04-16,EUR,379624.08,0,0,0,0,379624.08,Paid,Paid,2023-03-09,System Integration,2023-03-02T00:00:00Z,EMP010,2023-03-03,Passed,,86,INV-01107.pdf,Matched successfully against PO.
1108,INVREC01108,INV-01108,PO-2026-0049,PO0049,VEND031,FedEx Corporation,2026-09-11,2026-10-11,SEK,276691.04,11739.15,2719.55,10,27669.1,307079.69,Paid,Paid,2026-09-29,Manual Entry,2026-09-11T00:00:00Z,EMP031,2026-09-18,Passed,,95.7,INV-01108.pdf,Ready for payment.
1109,INVREC01109,INV-01109,PO-2025-0479,PO0479,VEND013,Quick Logistics,2025-10-22,2025-11-06,GBP,384017.7,0,0,0,0,384017.7,Paid,Paid,2025-10-26,OCR Workflow,2025-10-22T00:00:00Z,EMP040,2025-10-27,Passed,,97.4,INV-01109.pdf,Three-way match completed.
1110,INVREC01110,INV-01110,PO-2024-0645,PO0645,VEND021,Johnson Controls,2024-09-06,2024-10-06,USD,164580.52,0,3204.66,20,32916.1,200701.28,Paid,Paid,2024-09-14,Manual Entry,2024-09-06T00:00:00Z,EMP023,2024-09-08,Passed,,88.7,INV-01110.pdf,Three-way match completed.
1111,INVREC01111,INV-01111,PO-2026-0358,PO0358,VEND072,Republic Services,2026-09-08,2026-10-08,SEK,152665.83,0,0,0,0,152665.83,Pending,Unpaid,None,System Integration,2026-09-08T00:00:00Z,None,None,Pending Approval,,85.7,INV-01111.pdf,Matched successfully against PO.
1112,INVREC01112,INV-01112,PO-2023-0023,PO0023,VEND057,Ernst & Young LLP,2024-01-20,2024-02-19,INR,374705.67,0,0,10,37470.57,412176.24,Paid,Paid,2024-01-31,System Integration,2024-01-20T00:00:00Z,EMP017,2024-01-26,Passed,,98.3,INV-01112.pdf,Matched successfully against PO.
1113,INVREC01113,INV-01113,PO-2023-0199,PO0199,VEND046,Lenovo Group Limited,2023-07-26,2023-08-25,INR,367481.26,7565.72,1978.56,0,0,369459.82,Paid,Paid,2023-08-10,Manual Entry,2023-07-26T00:00:00Z,EMP031,2023-07-31,Passed,,96.9,INV-01113.pdf,Three-way match completed.
1114,INVREC01114,INV-01114,PO-2023-0046,PO0046,VEND026,General Electric,2023-11-07,2023-12-07,SEK,115035.44,0,3292.05,10,11503.54,129831.03,Paid,Paid,2023-11-27,Manual Entry,2023-11-07T00:00:00Z,EMP002,2023-11-08,Passed,,99.1,INV-01114.pdf,Invoice under review.
1115,INVREC01115,INV-01115,PO-2026-1088,PO1088,VEND025,ABB Ltd,2026-06-19,2026-06-19,GBP,490612.58,0,0,18,88310.26,578922.84,Paid,Paid,2026-06-19,Manual Entry,2026-06-19T00:00:00Z,EMP017,2026-06-22,Passed,,88.7,INV-01115.pdf,Payment pending approval.
1116,INVREC01116,INV-01116,PO-2025-0061,PO0061,VEND042,"VMware, Inc.",2025-05-11,2025-07-10,SEK,486960.04,8358.52,0,5,24348,511308.04,Paid,Paid,2025-05-17,System Integration,2025-05-11T00:00:00Z,EMP036,2025-05-16,Passed,,85.3,INV-01116.pdf,Three-way match completed.
1117,INVREC01117,INV-01117,PO-2023-0026,PO0026,VEND064,Aramark Corporation,2023-01-25,2023-02-24,EUR,138224.58,3008.47,0,0,0,138224.58,Paid,Paid,2023-02-01,System Integration,2023-01-25T00:00:00Z,EMP037,2023-01-27,Passed,,93.3,INV-01117.pdf,Three-way match completed.
1118,INVREC01118,INV-01118,PO-2025-0762,PO0762,VEND084,McMaster-Carr,2025-02-03,2025-03-05,GBP,92616.38,0,4803.44,18,16670.95,114090.77,Paid,Paid,2025-02-09,System Integration,2025-02-03T00:00:00Z,EMP021,2025-02-06,Passed,,90.6,INV-01118.pdf,Invoice under review.
1119,INVREC01119,INV-01119,PO-2025-0680,PO0680,VEND021,Johnson Controls,2025-11-26,2025-12-11,USD,37506.02,0,0,10,3750.6,41256.62,Paid,Paid,2025-12-04,System Integration,2025-11-26T00:00:00Z,EMP005,2025-12-02,Passed,,90.9,INV-01119.pdf,Invoice under review.
1120,INVREC01120,INV-01120,PO-2025-1388,PO1388,VEND014,Modern Office Co,2025-01-25,2025-02-09,USD,185074.66,0,3333.58,20,37014.93,225423.17,Paid,Paid,2025-01-31,Manual Entry,2025-01-25T00:00:00Z,EMP040,2025-01-29,Passed,,93.8,INV-01120.pdf,Three-way match completed.
1121,INVREC01121,INV-01121,PO-2026-1343,PO1343,VEND019,Vanguard Tech,2026-07-22,2026-08-21,USD,137173.46,1820.77,0,0,0,137173.46,Paid,Paid,2026-07-31,Manual Entry,2026-07-22T00:00:00Z,EMP024,2026-07-25,Passed,,96.7,INV-01121.pdf,Payment pending approval.
1122,INVREC01122,INV-01122,PO-2023-0454,PO0454,VEND091,Ingersoll Rand,2023-09-20,2023-10-20,GBP,112327.96,4927.58,0,20,22465.59,134793.55,Paid,Paid,2023-10-04,System Integration,2023-09-20T00:00:00Z,EMP038,2023-09-26,Passed,,86.9,INV-01122.pdf,Payment pending approval.
1123,INVREC01123,INV-01123,PO-2023-1017,PO1017,VEND084,McMaster-Carr,2024-01-15,2024-03-15,GBP,396550.2,10863.57,4048.21,10,39655.02,440253.43,Paid,Paid,2024-01-16,System Integration,2024-01-15T00:00:00Z,EMP033,2024-01-21,Passed,,92.5,INV-01123.pdf,Payment pending approval.
1124,INVREC01124,INV-01124,PO-2026-1477,PO1477,VEND083,MSC Industrial Direct,2026-04-24,2026-06-23,SEK,102472.64,0,0,20,20494.53,122967.17,Paid,Paid,2026-05-08,Manual Entry,2026-04-24T00:00:00Z,EMP010,2026-04-29,Passed,,89.6,INV-01124.pdf,Ready for payment.
1125,INVREC01125,INV-01125,PO-2024-0624,PO0624,VEND012,Elite Services,2024-11-26,2024-12-11,SEK,462557.91,0,0,10,46255.79,508813.7,Paid,Paid,2024-12-09,OCR Workflow,2024-11-26T00:00:00Z,EMP027,2024-12-01,Passed,,99.5,INV-01125.pdf,Matched successfully against PO.
1126,INVREC01126,INV-01126,PO-2024-0383,PO0383,VEND057,Ernst & Young LLP,2024-01-11,2024-02-10,INR,137926.79,0,0,0,0,137926.79,Paid,Paid,2024-01-22,OCR Workflow,2024-01-11T00:00:00Z,EMP021,2024-01-16,Passed,,97.7,INV-01126.pdf,Invoice under review.
1127,INVREC01127,INV-01127,PO-2024-0546,PO0546,VEND051,Thomson Reuters,2024-06-20,2024-07-05,USD,304504.47,0,0,18,54810.8,359315.27,Paid,Paid,2024-07-04,Manual Entry,2024-06-20T00:00:00Z,EMP003,2024-06-27,Passed,,96.2,INV-01127.pdf,Payment pending approval.
1128,INVREC01128,INV-01128,PO-2024-0705,PO0705,VEND025,ABB Ltd,2024-03-17,2024-04-01,GBP,377847.23,14342.6,0,0,0,377847.23,Paid,Paid,2024-03-20,Manual Entry,2024-03-17T00:00:00Z,EMP026,2024-03-19,Passed,,89.3,INV-01128.pdf,Three-way match completed.
1129,INVREC01129,INV-01129,PO-2023-1164,PO1164,VEND044,IBM Corporation,2023-08-14,2023-08-14,SEK,194521.47,0,26.51,0,0,194547.98,Rejected,Unpaid,None,System Integration,2023-08-14T00:00:00Z,EMP002,2023-08-21,Passed,,85.5,INV-01129.pdf,Matched successfully against PO.
1130,INVREC01130,INV-01130,PO-2025-0420,PO0420,VEND023,Caterpillar Inc.,2025-09-13,2025-10-28,INR,376105,0,0,18,67698.9,443803.9,Rejected,Unpaid,None,OCR Workflow,2025-09-13T00:00:00Z,EMP015,2025-09-20,Passed,,85.8,INV-01130.pdf,Three-way match completed.
1131,INVREC01131,INV-01131,PO-2023-1445,PO1445,VEND093,Regal Beloit Corporation,2023-12-14,2024-01-13,CHF,461329.15,0,4547.8,20,92265.83,558142.78,Paid,Paid,2023-12-16,Manual Entry,2023-12-14T00:00:00Z,EMP020,2023-12-18,Passed,,89.3,INV-01131.pdf,Payment pending approval.
1132,INVREC01132,INV-01132,PO-2026-0860,PO0860,VEND093,Regal Beloit Corporation,2026-10-16,2026-11-30,CHF,113600.73,2270.56,3868.07,20,22720.15,140188.95,Rejected,Unpaid,None,Manual Entry,2026-10-16T00:00:00Z,EMP004,2026-10-23,Passed,,87.5,INV-01132.pdf,Payment pending approval.
1133,INVREC01133,INV-01133,PO-2025-0919,PO0919,VEND003,IMPORTING COMPANY,2025-09-15,2025-10-30,GBP,380550.02,0,4719.85,0,0,385269.87,Pending,Unpaid,None,Manual Entry,2025-09-15T00:00:00Z,None,None,Pending Approval,,87.5,INV-01133.pdf,Payment pending approval.
1134,INVREC01134,INV-01134,PO-2024-0424,PO0424,VEND028,Emerson Electric Co.,2025-01-06,2025-01-21,INR,229588.12,9111.95,0,20,45917.62,275505.74,Paid,Paid,2025-01-19,Manual Entry,2025-01-06T00:00:00Z,EMP007,2025-01-13,Passed,,86.7,INV-01134.pdf,Payment pending approval.
1135,INVREC01135,INV-01135,PO-2023-0843,PO0843,VEND056,PricewaterhouseCoopers LLP,2023-08-18,2023-08-18,EUR,217625.8,5993.43,0,10,21762.58,239388.38,Paid,Paid,2023-08-18,OCR Workflow,2023-08-18T00:00:00Z,EMP023,2023-08-22,Passed,,94.8,INV-01135.pdf,Invoice under review.
1136,INVREC01136,INV-01136,PO-2023-0322,PO0322,VEND064,Aramark Corporation,2023-11-08,2023-12-08,EUR,485174.75,23650.14,3226.34,18,87331.46,575732.55,Paid,Paid,2023-11-28,System Integration,2023-11-08T00:00:00Z,EMP031,2023-11-10,Passed,,90.7,INV-01136.pdf,Payment pending approval.
1137,INVREC01137,INV-01137,PO-2026-0485,PO0485,VEND004,Dell Technologies,2026-12-11,2027-01-10,CHF,125343.01,0,0,20,25068.6,150411.61,Rejected,Unpaid,None,OCR Workflow,2026-12-11T00:00:00Z,EMP017,2026-12-12,Passed,,92.4,INV-01137.pdf,Matched successfully against PO.
1138,INVREC01138,INV-01138,PO-2025-0296,PO0296,VEND098,Michelin North America,2025-03-17,2025-04-16,USD,416844.26,14787.2,521.6,10,41684.43,459050.29,Paid,Paid,2025-03-21,System Integration,2025-03-17T00:00:00Z,EMP035,2025-03-22,Passed,,91.5,INV-01138.pdf,Invoice under review.
1139,INVREC01139,INV-01139,PO-2026-1162,PO1162,VEND006,Amazon Business,2026-10-30,2026-12-29,SEK,329479.11,0,1722.99,20,65895.82,397097.92,Paid,Paid,2026-11-12,Manual Entry,2026-10-30T00:00:00Z,EMP007,2026-11-06,Passed,,90.7,INV-01139.pdf,Invoice under review.
1140,INVREC01140,INV-01140,PO-2024-0845,PO0845,VEND045,Hewlett Packard Enterprise,2024-12-17,2024-12-17,CHF,333623.92,12911.45,4179.89,18,60052.31,397856.12,Paid,Paid,2024-12-17,OCR Workflow,2024-12-17T00:00:00Z,EMP026,2024-12-20,Passed,,96.1,INV-01140.pdf,Payment pending approval.
1141,INVREC01141,INV-01141,PO-2024-1277,PO1277,VEND050,Festo AG & Co. KG,2024-07-26,2024-09-24,INR,269757.54,0,0,18,48556.36,318313.9,Paid,Paid,2024-08-15,OCR Workflow,2024-07-26T00:00:00Z,EMP002,2024-07-31,Passed,,93.3,INV-01141.pdf,Invoice under review.
1142,INVREC01142,INV-01142,PO-2025-0182,PO0182,VEND057,Ernst & Young LLP,2025-10-27,2025-11-26,INR,357855.81,11461.41,0,20,71571.16,429426.97,Paid,Paid,2025-10-31,Manual Entry,2025-10-27T00:00:00Z,EMP034,2025-11-03,Passed,,95.6,INV-01142.pdf,Three-way match completed.
1143,INVREC01143,INV-01143,PO-2025-0464,PO0464,VEND045,Hewlett Packard Enterprise,2025-03-30,2025-05-29,CHF,326013.65,0,0,0,0,326013.65,Paid,Paid,2025-04-15,System Integration,2025-03-30T00:00:00Z,EMP008,2025-04-01,Passed,,98,INV-01143.pdf,Three-way match completed.
1144,INVREC01144,INV-01144,PO-2024-0010,PO0010,VEND004,Dell Technologies,2024-02-13,2024-03-29,CHF,335034.4,9015.08,1659.28,18,60306.19,396999.87,Paid,Paid,2024-03-01,System Integration,2024-02-13T00:00:00Z,EMP028,2024-02-14,Passed,,89.5,INV-01144.pdf,Matched successfully against PO.
1145,INVREC01145,INV-01145,PO-2026-0744,PO0744,VEND025,ABB Ltd,2026-10-06,2026-11-05,GBP,12187.62,292.48,0,10,1218.76,13406.38,Rejected,Unpaid,None,OCR Workflow,2026-10-06T00:00:00Z,EMP026,2026-10-10,Passed,,97.5,INV-01145.pdf,Invoice under review.
1146,INVREC01146,INV-01146,PO-2023-0936,PO0936,VEND025,ABB Ltd,2023-10-06,2023-11-05,GBP,382102.23,0,2479.48,0,0,384581.71,Paid,Paid,2023-10-22,System Integration,2023-10-06T00:00:00Z,EMP023,2023-10-09,Passed,,94.7,INV-01146.pdf,Matched successfully against PO.
1147,INVREC01147,INV-01147,PO-2025-1365,PO1365,VEND017,Pinnacle Partners,2025-06-24,2025-07-24,CHF,191532.75,0,0,5,9576.64,201109.39,Paid,Paid,2025-07-06,System Integration,2025-06-24T00:00:00Z,EMP021,2025-06-28,Passed,,87.7,INV-01147.pdf,Payment pending approval.
1148,INVREC01148,INV-01148,PO-2023-1429,PO1429,VEND046,Lenovo Group Limited,2023-06-16,2023-07-16,INR,155959.82,0,4417.7,18,28072.77,188450.29,Rejected,Unpaid,None,Manual Entry,2023-06-16T00:00:00Z,EMP009,2023-06-22,Passed,,93.9,INV-01148.pdf,Ready for payment.
1149,INVREC01149,INV-01149,PO-2023-1429,PO1429,VEND046,Lenovo Group Limited,2023-06-26,2023-07-26,INR,155959.82,0,4417.7,18,28072.77,188450.29,Paid,Paid,2023-07-13,OCR Workflow,2023-06-26T00:00:00Z,EMP014,2023-06-30,Passed,,98.6,INV-01149.pdf,Matched successfully against PO.
1150,INVREC01150,INV-01150,PO-2023-0788,PO0788,VEND068,Securitas AB,2023-09-02,2023-10-17,EUR,11667.79,468.43,0,20,2333.56,14001.35,Paid,Paid,2023-09-04,System Integration,2023-09-02T00:00:00Z,EMP014,2023-09-04,Passed,,88.4,INV-01150.pdf,Ready for payment.
1151,INVREC01151,INV-01151,PO-2024-0076,PO0076,VEND038,Penske Logistics,2024-12-07,2024-12-07,SEK,343195.91,0,633.58,20,68639.18,412468.67,Paid,Paid,2024-12-07,Manual Entry,2024-12-07T00:00:00Z,EMP017,2024-12-14,Passed,,94.8,INV-01151.pdf,Invoice under review.
1152,INVREC01152,INV-01152,PO-2023-0390,PO0390,VEND088,Makita Corporation,2023-09-10,2023-10-10,CHF,238134.64,10479.49,0,10,23813.46,261948.1,Paid,Paid,2023-09-13,OCR Workflow,2023-09-10T00:00:00Z,EMP035,2023-09-15,Passed,,91.1,INV-01152.pdf,Payment pending approval.
1153,INVREC01153,INV-01153,PO-2025-1392,PO1392,VEND042,"VMware, Inc.",2025-04-16,2025-05-16,SEK,221686.56,4761.08,0,18,39903.58,261590.14,Rejected,Unpaid,None,Manual Entry,2025-04-16T00:00:00Z,EMP010,2025-04-19,Passed,,93.9,INV-01153.pdf,Matched successfully against PO.
1154,INVREC01154,INV-01154,PO-2025-0315,PO0315,VEND004,Dell Technologies,2025-11-14,2025-11-14,CHF,272108.26,0,422.59,20,54421.65,326952.5,Rejected,Unpaid,None,OCR Workflow,2025-11-14T00:00:00Z,EMP003,2025-11-20,Passed,,86.4,INV-01154.pdf,Ready for payment.
1155,INVREC01155,INV-01155,PO-2026-0491,PO0491,VEND086,W.W. Grainger International,2026-04-10,2026-05-25,EUR,313342.98,0,2950.55,20,62668.6,378962.13,Paid,Paid,2026-04-11,OCR Workflow,2026-04-10T00:00:00Z,EMP003,2026-04-11,Passed,,96.2,INV-01155.pdf,Ready for payment.
1156,INVREC01156,INV-01156,PO-2024-0354,PO0354,VEND015,Best Buy Corp,2024-12-11,2025-01-10,INR,122214.94,0,2753.74,5,6110.75,131079.43,Paid,Paid,2024-12-29,Manual Entry,2024-12-11T00:00:00Z,EMP014,2024-12-15,Passed,,87.5,INV-01156.pdf,Matched successfully against PO.
1157,INVREC01157,INV-01157,PO-2023-0145,PO0145,VEND009,Office Furniture World,2023-07-26,2023-08-10,USD,487254.08,5163.38,0,18,87705.73,574959.81,Paid,Paid,2023-08-02,System Integration,2023-07-26T00:00:00Z,EMP023,2023-07-28,Passed,,96.4,INV-01157.pdf,Payment pending approval.
1158,INVREC01158,INV-01158,PO-2024-1418,PO1418,VEND071,Waste Management Inc.,2024-10-31,2024-12-30,EUR,215578.28,0,2474.53,18,38804.09,256856.9,Paid,Paid,2024-11-12,Manual Entry,2024-10-31T00:00:00Z,EMP007,2024-11-03,Passed,,96.3,INV-01158.pdf,Invoice under review.
1159,INVREC01159,INV-01159,PO-2023-0985,PO0985,VEND065,Sodexo S.A.,2023-02-22,2023-04-23,INR,49330.91,638.09,2920.4,5,2466.55,54717.86,Paid,Paid,2023-02-27,Manual Entry,2023-02-22T00:00:00Z,EMP039,2023-02-23,Passed,,95.7,INV-01159.pdf,Matched successfully against PO.
1160,INVREC01160,INV-01160,PO-2024-1170,PO1170,VEND055,Deloitte & Touche LLP,2024-07-06,2024-09-04,EUR,165863.61,0,0,18,29855.45,195719.06,Paid,Paid,2024-07-22,OCR Workflow,2024-07-06T00:00:00Z,EMP034,2024-07-12,Passed,,99,INV-01160.pdf,Three-way match completed.
1161,INVREC01161,INV-01161,PO-2024-0311,PO0311,VEND013,Quick Logistics,2024-07-08,2024-09-06,GBP,102939.92,0,1980.19,5,5147,110067.11,Paid,Paid,2024-07-20,Manual Entry,2024-07-08T00:00:00Z,EMP023,2024-07-09,Passed,,88.6,INV-01161.pdf,Invoice under review.
1162,INVREC01162,INV-01162,PO-2023-0836,PO0836,VEND032,UPS Supply Chain Solutions,2023-12-28,2023-12-28,EUR,493360.15,15997,3211.12,18,88804.83,585376.1,Paid,Paid,2023-12-28,Manual Entry,2023-12-28T00:00:00Z,EMP017,2024-01-04,Passed,,95.7,INV-01162.pdf,Invoice under review.
1163,INVREC01163,INV-01163,PO-2024-0257,PO0257,VEND059,McKinsey & Company,2024-04-19,2024-06-18,CHF,370591.31,13585.75,4974.07,18,66706.44,442271.82,Rejected,Unpaid,None,OCR Workflow,2024-04-19T00:00:00Z,EMP008,2024-04-24,Passed,,87.6,INV-01163.pdf,Ready for payment.
1164,INVREC01164,INV-01164,PO-2026-0289,PO0289,VEND071,Waste Management Inc.,2026-04-16,2026-05-16,EUR,442608.56,4688.33,4427.39,20,88521.71,535557.66,Rejected,Unpaid,None,System Integration,2026-04-16T00:00:00Z,EMP010,2026-04-19,Passed,,93,INV-01164.pdf,Three-way match completed.
1165,INVREC01165,INV-01165,PO-2024-1370,PO1370,VEND054,"FTI Consulting, Inc.",2024-05-10,2024-07-09,USD,286450.19,0,0,10,28645.02,315095.21,Paid,Paid,2024-05-22,System Integration,2024-05-10T00:00:00Z,EMP021,2024-05-13,Passed,,90.9,INV-01165.pdf,Matched successfully against PO.
1166,INVREC01166,INV-01166,PO-2023-0284,PO0284,VEND059,McKinsey & Company,2023-12-11,2024-01-25,CHF,340021.14,0,1126.3,5,17001.06,358148.5,Paid,Paid,2023-12-12,System Integration,2023-12-11T00:00:00Z,EMP028,2023-12-18,Passed,,97,INV-01166.pdf,Invoice under review.
1167,INVREC01167,INV-01167,PO-2024-1451,PO1451,VEND010,Tech Solutions Ltd,2024-08-26,2024-09-25,USD,190345.71,4441.52,4498.79,5,9517.29,204361.79,Paid,Paid,2024-08-31,OCR Workflow,2024-08-26T00:00:00Z,EMP032,2024-08-27,Passed,,96.5,INV-01167.pdf,Ready for payment.
1168,INVREC01168,INV-01168,PO-2024-0590,PO0590,VEND077,Spectrum Business,2024-11-30,2024-12-30,SEK,143599.96,0,0,10,14360,157959.96,Paid,Paid,2024-12-08,Manual Entry,2024-11-30T00:00:00Z,EMP030,2024-12-03,Passed,,95.9,INV-01168.pdf,Three-way match completed.
1169,INVREC01169,INV-01169,PO-2025-0704,PO0704,VEND075,T-Mobile for Business,2026-01-13,2026-02-12,GBP,15920.28,542.89,208.37,10,1592.03,17720.68,Paid,Paid,2026-01-22,OCR Workflow,2026-01-13T00:00:00Z,EMP016,2026-01-19,Passed,,95.9,INV-01169.pdf,Ready for payment.
1170,INVREC01170,INV-01170,PO-2025-0595,PO0595,VEND099,Bridgestone Americas,2025-05-31,2025-06-30,USD,224469.76,0,2885.09,20,44893.95,272248.8,Paid,Paid,2025-06-10,Manual Entry,2025-05-31T00:00:00Z,EMP040,2025-06-07,Passed,,91,INV-01170.pdf,Payment pending approval.
1171,INVREC01171,INV-01171,PO-2024-0666,PO0666,VEND093,Regal Beloit Corporation,2024-01-31,2024-03-01,CHF,108641.89,4165.59,3040.03,18,19555.54,131237.46,Paid,Paid,2024-02-18,Manual Entry,2024-01-31T00:00:00Z,EMP021,2024-02-01,Passed,,94.6,INV-01171.pdf,Ready for payment.
1172,INVREC01172,INV-01172,PO-2025-0866,PO0866,VEND038,Penske Logistics,2025-10-11,2025-11-10,SEK,199495.13,5329.28,0,5,9974.76,209469.89,Rejected,Unpaid,None,Manual Entry,2025-10-11T00:00:00Z,EMP008,2025-10-15,Passed,,96.2,INV-01172.pdf,Invoice under review.
1173,INVREC01173,INV-01173,PO-2025-0857,PO0857,VEND001,ABCD & CO,2025-04-03,2025-05-03,SEK,107729.85,0,1619.78,20,21545.97,130895.6,Rejected,Unpaid,None,Manual Entry,2025-04-03T00:00:00Z,EMP034,2025-04-04,Passed,,93.4,INV-01173.pdf,Invoice under review.
1174,INVREC01174,INV-01174,PO-2025-0082,PO0082,VEND095,SKF Group,2025-11-25,2025-12-10,GBP,138757.69,0,0,5,6937.88,145695.57,Paid,Paid,2025-11-26,Manual Entry,2025-11-25T00:00:00Z,EMP017,2025-11-29,Passed,,97.7,INV-01174.pdf,Three-way match completed.
1175,INVREC01175,INV-01175,PO-2024-0261,PO0261,VEND036,Kuehne + Nagel,2024-12-03,2025-01-17,INR,335551.65,0,0,10,33555.17,369106.82,Pending,Unpaid,None,System Integration,2024-12-03T00:00:00Z,None,None,Pending Approval,,96.7,INV-01175.pdf,Matched successfully against PO.
1176,INVREC01176,INV-01176,PO-2023-1245,PO1245,VEND073,AT&T Business,2023-06-02,2023-07-02,SEK,467088.38,0,2395.23,5,23354.42,492838.03,Rejected,Unpaid,None,System Integration,2023-06-02T00:00:00Z,EMP003,2023-06-05,Passed,,91,INV-01176.pdf,Invoice under review.
1177,INVREC01177,INV-01177,PO-2023-0772,PO0772,VEND100,ZF Friedrichshafen AG,2023-10-06,2023-11-20,USD,222056.55,2758.25,4717.63,5,11102.83,237877.01,Paid,Paid,2023-10-07,Manual Entry,2023-10-06T00:00:00Z,EMP036,2023-10-08,Passed,,88.1,INV-01177.pdf,Matched successfully against PO.
1178,INVREC01178,INV-01178,PO-2026-0487,PO0487,VEND005,Microsoft Corporation,2026-12-02,2026-12-02,SEK,321463.97,10506.93,0,5,16073.2,337537.17,Paid,Paid,2026-12-02,OCR Workflow,2026-12-02T00:00:00Z,EMP040,2026-12-06,Passed,,95.3,INV-01178.pdf,Matched successfully against PO.
1179,INVREC01179,INV-01179,PO-2023-0074,PO0074,VEND029,Rockwell Automation,2024-01-10,2024-02-09,USD,173127.88,0,1027.27,10,17312.79,191467.94,Paid,Paid,2024-01-27,OCR Workflow,2024-01-10T00:00:00Z,EMP035,2024-01-12,Passed,,86.2,INV-01179.pdf,Three-way match completed.
1180,INVREC01180,INV-01180,PO-2025-0992,PO0992,VEND062,Accenture PLC,2025-04-14,2025-05-14,USD,194114.89,0,0,10,19411.49,213526.38,Paid,Paid,2025-04-24,System Integration,2025-04-14T00:00:00Z,EMP034,2025-04-17,Passed,,89.2,INV-01180.pdf,Invoice under review.
1181,INVREC01181,INV-01181,PO-2026-0365,PO0365,VEND083,MSC Industrial Direct,2026-03-23,2026-04-22,SEK,73564.03,3658.58,3513.15,5,3678.2,80755.38,Paid,Paid,2026-04-11,OCR Workflow,2026-03-23T00:00:00Z,EMP032,2026-03-27,Passed,,89.7,INV-01181.pdf,Ready for payment.
1182,INVREC01182,INV-01182,PO-2023-0901,PO0901,VEND069,ADT Inc.,2023-12-31,2024-01-30,EUR,384771.55,0,893.83,0,0,385665.38,Paid,Paid,2024-01-19,OCR Workflow,2023-12-31T00:00:00Z,EMP040,2024-01-06,Passed,,90,INV-01182.pdf,Invoice under review.
1183,INVREC01183,INV-01183,PO-2026-1442,PO1442,VEND004,Dell Technologies,2026-01-28,2026-02-27,CHF,48251.67,0,1449.56,20,9650.33,59351.56,Paid,Paid,2026-02-12,OCR Workflow,2026-01-28T00:00:00Z,EMP023,2026-02-04,Passed,,89.7,INV-01183.pdf,Invoice under review.
1184,INVREC01184,INV-01184,PO-2023-0080,PO0080,VEND018,Summit Systems,2023-11-16,2023-12-16,EUR,89398.75,0,0,5,4469.94,93868.69,Paid,Paid,2023-11-27,Manual Entry,2023-11-16T00:00:00Z,EMP001,2023-11-18,Passed,,89.6,INV-01184.pdf,Three-way match completed.
1185,INVREC01185,INV-01185,PO-2026-0148,PO0148,VEND006,Amazon Business,2026-12-10,2026-12-25,SEK,260096.55,0,1376.63,18,46817.38,308290.56,Paid,Paid,2026-12-17,Manual Entry,2026-12-10T00:00:00Z,EMP019,2026-12-11,Passed,,92.4,INV-01185.pdf,Payment pending approval.
1186,INVREC01186,INV-01186,PO-2026-0385,PO0385,VEND078,Cintas Corporation,2026-03-29,2026-03-29,USD,250414.22,0,0,5,12520.71,262934.93,Paid,Paid,2026-03-29,Manual Entry,2026-03-29T00:00:00Z,EMP033,2026-04-01,Passed,,90.6,INV-01186.pdf,Three-way match completed.
1187,INVREC01187,INV-01187,PO-2023-0188,PO0188,VEND037,Atlas Air Worldwide,2023-07-04,2023-09-02,CHF,274283.11,4988.85,0,0,0,274283.11,Paid,Paid,2023-07-06,OCR Workflow,2023-07-04T00:00:00Z,EMP011,2023-07-09,Passed,,98.5,INV-01187.pdf,Three-way match completed.
1188,INVREC01188,INV-01188,PO-2024-0929,PO0929,VEND039,Oracle Corporation,2024-05-24,2024-07-23,CHF,101325.02,1609.53,0,20,20265,121590.02,Paid,Paid,2024-05-30,System Integration,2024-05-24T00:00:00Z,EMP005,2024-05-25,Passed,,94.5,INV-01188.pdf,Three-way match completed.
1189,INVREC01189,INV-01189,PO-2024-0172,PO0172,VEND025,ABB Ltd,2024-05-13,2024-07-12,GBP,357303.23,0,1826.53,18,64314.58,423444.34,Rejected,Unpaid,None,Manual Entry,2024-05-13T00:00:00Z,EMP032,2024-05-16,Passed,,96,INV-01189.pdf,Invoice under review.
1190,INVREC01190,INV-01190,PO-2025-0007,PO0007,VEND034,C.H. Robinson Worldwide,2026-01-04,2026-03-05,SEK,47220.45,1190.9,500.07,20,9444.09,57164.61,Paid,Paid,2026-01-08,OCR Workflow,2026-01-04T00:00:00Z,EMP016,2026-01-10,Passed,,97.3,INV-01190.pdf,Three-way match completed.
1191,INVREC01191,INV-01191,PO-2024-1360,PO1360,VEND012,Elite Services,2024-09-05,2024-10-20,SEK,130687.96,0,3563.61,10,13068.8,147320.37,Paid,Paid,2024-09-12,OCR Workflow,2024-09-05T00:00:00Z,EMP011,2024-09-07,Passed,,85.9,INV-01191.pdf,Invoice under review.
1192,INVREC01192,INV-01192,PO-2025-1072,PO1072,VEND091,Ingersoll Rand,2025-10-13,2025-10-13,GBP,114649.75,0,2052.91,18,20636.96,137339.62,Paid,Paid,2025-10-13,Manual Entry,2025-10-13T00:00:00Z,EMP034,2025-10-20,Passed,,92.8,INV-01192.pdf,Payment pending approval.
1193,INVREC01193,INV-01193,PO-2026-0505,PO0505,VEND002,Samira Hadid,2026-07-04,2026-08-03,INR,45967.86,990.9,0,18,8274.21,54242.07,Rejected,Unpaid,None,Manual Entry,2026-07-04T00:00:00Z,EMP013,2026-07-06,Passed,,87.8,INV-01193.pdf,Payment pending approval.
1194,INVREC01194,INV-01194,PO-2025-1282,PO1282,VEND048,Cummins Inc.,2025-05-13,2025-07-12,EUR,131448.47,4081.64,2615.62,0,0,134064.09,Paid,Paid,2025-05-19,System Integration,2025-05-13T00:00:00Z,EMP031,2025-05-19,Passed,,87.9,INV-01194.pdf,Ready for payment.
1195,INVREC01195,INV-01195,PO-2024-1437,PO1437,VEND092,Baldor Electric Company,2024-04-26,2024-05-11,CHF,28401.02,631.74,0,18,5112.18,33513.2,Paid,Paid,2024-05-10,System Integration,2024-04-26T00:00:00Z,EMP033,2024-04-28,Passed,,89.2,INV-01195.pdf,Payment pending approval.
1196,INVREC01196,INV-01196,PO-2024-0643,PO0643,VEND026,General Electric,2024-07-06,2024-08-05,SEK,108340.39,0,0,0,0,108340.39,Paid,Paid,2024-07-12,System Integration,2024-07-06T00:00:00Z,EMP007,2024-07-11,Passed,,93.3,INV-01196.pdf,Three-way match completed.
1197,INVREC01197,INV-01197,PO-2025-1322,PO1322,VEND026,General Electric,2025-05-12,2025-05-27,SEK,214009.45,0,3766.78,10,21400.94,239177.17,Paid,Paid,2025-05-21,System Integration,2025-05-12T00:00:00Z,EMP032,2025-05-15,Passed,,91.3,INV-01197.pdf,Invoice under review.
1198,INVREC01198,INV-01198,PO-2023-1243,PO1243,VEND061,Bain & Company,2023-01-13,2023-01-13,INR,473939.95,0,1006.7,20,94787.99,569734.64,Paid,Paid,2023-01-13,Manual Entry,2023-01-13T00:00:00Z,EMP038,2023-01-17,Passed,,92.8,INV-01198.pdf,Payment pending approval.
1199,INVREC01199,INV-01199,PO-2026-0797,PO0797,VEND089,DeWalt Industrial Tool Co.,2027-01-09,2027-01-09,INR,424420.39,0,4564.43,18,76395.67,505380.49,Paid,Paid,2027-01-09,OCR Workflow,2027-01-09T00:00:00Z,EMP001,2027-01-12,Passed,,86.2,INV-01199.pdf,Payment pending approval.
1200,INVREC01200,INV-01200,PO-2023-0690,PO0690,VEND016,New Horizons,2023-04-12,2023-04-27,GBP,93911.77,0,2940.21,10,9391.18,106243.16,Paid,Paid,2023-04-14,OCR Workflow,2023-04-12T00:00:00Z,EMP040,2023-04-16,Passed,,91.2,INV-01200.pdf,Payment pending approval.
1201,INVREC01201,INV-01201,PO-2026-0028,PO0028,VEND019,Vanguard Tech,2026-06-28,2026-06-28,USD,361546.71,0,1958.09,10,36154.67,399659.47,Paid,Paid,2026-06-28,OCR Workflow,2026-06-28T00:00:00Z,EMP018,2026-07-02,Passed,,85.2,INV-01201.pdf,Three-way match completed.
1202,INVREC01202,INV-01202,PO-2023-0414,PO0414,VEND010,Tech Solutions Ltd,2023-09-09,2023-10-09,USD,452550.35,0,0,5,22627.52,475177.87,Paid,Paid,2023-09-21,Manual Entry,2023-09-09T00:00:00Z,EMP005,2023-09-11,Passed,,92.8,INV-01202.pdf,Payment pending approval.
1203,INVREC01203,INV-01203,PO-2023-1426,PO1426,VEND084,McMaster-Carr,2023-08-07,2023-09-21,GBP,379512.22,15487.95,4406.62,0,0,383918.84,Paid,Paid,2023-08-08,Manual Entry,2023-08-07T00:00:00Z,EMP018,2023-08-13,Passed,,97.8,INV-01203.pdf,Matched successfully against PO.
1204,INVREC01204,INV-01204,PO-2023-0979,PO0979,VEND033,Maersk Line,2023-06-05,2023-06-20,SEK,257771.82,0,146.84,18,46398.93,304317.59,Paid,Paid,2023-06-16,Manual Entry,2023-06-05T00:00:00Z,EMP039,2023-06-11,Passed,,98.4,INV-01204.pdf,Invoice under review.
1205,INVREC01205,INV-01205,PO-2023-1206,PO1206,VEND066,Jones Lang LaSalle,2023-01-26,2023-02-25,CHF,373428.32,3959.83,2309.47,5,18671.42,394409.21,Paid,Paid,2023-02-05,OCR Workflow,2023-01-26T00:00:00Z,EMP009,2023-02-01,Passed,,92.1,INV-01205.pdf,Ready for payment.
1206,INVREC01206,INV-01206,PO-2024-1428,PO1428,VEND071,Waste Management Inc.,2024-04-19,2024-05-19,EUR,285900.07,5963.11,0,5,14295,300195.07,Paid,Paid,2024-04-24,Manual Entry,2024-04-19T00:00:00Z,EMP019,2024-04-20,Passed,,88.3,INV-01206.pdf,Matched successfully against PO.
1207,INVREC01207,INV-01207,PO-2023-0232,PO0232,VEND098,Michelin North America,2023-06-13,2023-08-12,USD,429733.59,0,1106.75,10,42973.36,473813.7,Paid,Paid,2023-06-18,System Integration,2023-06-13T00:00:00Z,EMP007,2023-06-16,Passed,,91.6,INV-01207.pdf,Matched successfully against PO.
1208,INVREC01208,INV-01208,PO-2025-1272,PO1272,VEND043,Cisco Systems Inc.,2025-02-02,2025-02-17,GBP,367594.48,13726.75,0,10,36759.45,404353.93,Paid,Paid,2025-02-16,OCR Workflow,2025-02-02T00:00:00Z,EMP037,2025-02-05,Passed,,87.8,INV-01208.pdf,Invoice under review.
1209,INVREC01209,INV-01209,PO-2026-1076,PO1076,VEND010,Tech Solutions Ltd,2026-01-31,2026-03-02,USD,22400.42,0,1367.31,0,0,23767.73,Paid,Paid,2026-02-02,System Integration,2026-01-31T00:00:00Z,EMP032,2026-02-07,Passed,,95.2,INV-01209.pdf,Three-way match completed.
1210,INVREC01210,INV-01210,PO-2023-0427,PO0427,VEND064,Aramark Corporation,2023-10-31,2023-12-30,EUR,131170.29,5949.33,1720.19,10,13117.03,146007.51,Rejected,Unpaid,None,OCR Workflow,2023-10-31T00:00:00Z,EMP024,2023-11-07,Passed,,87.7,INV-01210.pdf,Invoice under review.
1211,INVREC01211,INV-01211,PO-2023-1439,PO1439,VEND034,C.H. Robinson Worldwide,2023-07-11,2023-07-26,SEK,339431.78,0,0,20,67886.36,407318.14,Rejected,Unpaid,None,Manual Entry,2023-07-11T00:00:00Z,EMP002,2023-07-12,Passed,,87.4,INV-01211.pdf,Three-way match completed.
1212,INVREC01212,INV-01212,PO-2023-0266,PO0266,VEND005,Microsoft Corporation,2023-02-09,2023-03-11,SEK,151424.67,5147.71,0,10,15142.47,166567.14,Paid,Paid,2023-02-22,OCR Workflow,2023-02-09T00:00:00Z,EMP001,2023-02-16,Passed,,85.2,INV-01212.pdf,Invoice under review.
1213,INVREC01213,INV-01213,PO-2026-0609,PO0609,VEND015,Best Buy Corp,2026-02-12,2026-03-14,INR,205561.32,7405.28,4332.53,0,0,209893.85,Paid,Paid,2026-02-25,Manual Entry,2026-02-12T00:00:00Z,EMP018,2026-02-19,Passed,,85.7,INV-01213.pdf,Three-way match completed.
1214,INVREC01214,INV-01214,PO-2025-1433,PO1433,VEND026,General Electric,2025-09-16,2025-11-15,SEK,259982.73,0,0,0,0,259982.73,Rejected,Unpaid,None,Manual Entry,2025-09-16T00:00:00Z,EMP013,2025-09-19,Passed,,88.2,INV-01214.pdf,Matched successfully against PO.
1215,INVREC01215,INV-01215,PO-2024-0837,PO0837,VEND040,SAP SE,2024-04-07,2024-04-07,INR,255331.11,0,0,20,51066.22,306397.33,Paid,Paid,2024-04-07,OCR Workflow,2024-04-07T00:00:00Z,EMP027,2024-04-13,Passed,,87.3,INV-01215.pdf,Three-way match completed.
1216,INVREC01216,INV-01216,PO-2025-0623,PO0623,VEND060,Boston Consulting Group,2025-03-07,2025-04-21,SEK,445967.83,0,0,5,22298.39,468266.22,Paid,Paid,2025-03-15,Manual Entry,2025-03-07T00:00:00Z,EMP013,2025-03-12,Passed,,95.4,INV-01216.pdf,Invoice under review.
1217,INVREC01217,INV-01217,PO-2024-0766,PO0766,VEND022,Siemens AG,2024-01-23,2024-02-22,USD,368733.28,0,0,5,18436.66,387169.94,Paid,Paid,2024-02-06,Manual Entry,2024-01-23T00:00:00Z,EMP006,2024-01-30,Passed,,89.6,INV-01217.pdf,Matched successfully against PO.
1218,INVREC01218,INV-01218,PO-2024-0749,PO0749,VEND015,Best Buy Corp,2024-07-08,2024-08-07,INR,267914.8,12077.67,0,5,13395.74,281310.54,Paid,Paid,2024-07-09,Manual Entry,2024-07-08T00:00:00Z,EMP008,2024-07-14,Passed,,96.1,INV-01218.pdf,Invoice under review.
1219,INVREC01219,INV-01219,PO-2026-0473,PO0473,VEND005,Microsoft Corporation,2026-10-24,2026-11-23,SEK,15922.42,0,0,18,2866.04,18788.46,Paid,Paid,2026-11-04,OCR Workflow,2026-10-24T00:00:00Z,EMP036,2026-10-29,Passed,,86.7,INV-01219.pdf,Three-way match completed.
1220,INVREC01220,INV-01220,PO-2023-0451,PO0451,VEND084,McMaster-Carr,2023-07-07,2023-07-22,GBP,35160.04,0,208.44,5,1758,37126.48,Paid,Paid,2023-07-20,System Integration,2023-07-07T00:00:00Z,EMP027,2023-07-10,Passed,,94.5,INV-01220.pdf,Matched successfully against PO.
1221,INVREC01221,INV-01221,PO-2025-1450,PO1450,VEND100,ZF Friedrichshafen AG,2025-08-24,2025-09-23,USD,185118.91,0,4045.83,18,33321.4,222486.14,Rejected,Unpaid,None,Manual Entry,2025-08-24T00:00:00Z,None,None,Rejected,Invoice amount mismatch,90.7,INV-01221.pdf,Three-way match completed.
1222,INVREC01222,INV-01222,PO-2026-0635,PO0635,VEND073,AT&T Business,2026-03-28,2026-03-28,SEK,122870.55,0,4998.97,0,0,127869.52,Paid,Paid,2026-03-28,Manual Entry,2026-03-28T00:00:00Z,EMP032,2026-03-31,Passed,,98.7,INV-01222.pdf,Payment pending approval.
1223,INVREC01223,INV-01223,PO-2025-0857,PO0857,VEND001,ABCD & CO,2025-04-05,2025-05-05,SEK,107729.85,0,1619.78,20,21545.97,130895.6,Paid,Paid,2025-04-18,Manual Entry,2025-04-05T00:00:00Z,EMP002,2025-04-08,Passed,,88.5,INV-01223.pdf,Ready for payment.
1224,INVREC01224,INV-01224,PO-2023-0826,PO0826,VEND081,Kimberly-Clark Professional,2023-09-28,2023-10-28,SEK,42574.07,1054.04,916.43,5,2128.7,45619.2,Rejected,Unpaid,None,OCR Workflow,2023-09-28T00:00:00Z,EMP035,2023-10-02,Passed,,94.3,INV-01224.pdf,Ready for payment.
1225,INVREC01225,INV-01225,PO-2025-0714,PO0714,VEND061,Bain & Company,2025-09-29,2025-10-29,INR,112664.41,0,374.01,18,20279.59,133318.01,Paid,Paid,2025-10-06,System Integration,2025-09-29T00:00:00Z,EMP004,2025-10-06,Passed,,85.8,INV-01225.pdf,Invoice under review.
1226,INVREC01226,INV-01226,PO-2024-0291,PO0291,VEND043,Cisco Systems Inc.,2024-09-28,2024-10-28,GBP,183443.65,4070.28,4435.25,18,33019.86,220898.76,Paid,Paid,2024-10-10,System Integration,2024-09-28T00:00:00Z,EMP029,2024-10-01,Passed,,91.8,INV-01226.pdf,Three-way match completed.
1227,INVREC01227,INV-01227,PO-2024-1325,PO1325,VEND052,Moody's Analytics,2024-12-22,2025-01-21,GBP,79937.18,0,3589.31,18,14388.69,97915.18,Paid,Paid,2024-12-28,Manual Entry,2024-12-22T00:00:00Z,EMP021,2024-12-26,Passed,,97.5,INV-01227.pdf,Three-way match completed.
1228,INVREC01228,INV-01228,PO-2024-0052,PO0052,VEND061,Bain & Company,2024-05-27,2024-06-11,INR,35157.16,0,0,20,7031.43,42188.59,Paid,Paid,2024-06-04,System Integration,2024-05-27T00:00:00Z,EMP028,2024-05-28,Passed,,96.4,INV-01228.pdf,Payment pending approval.
1229,INVREC01229,INV-01229,PO-2026-1020,PO1020,VEND032,UPS Supply Chain Solutions,2026-02-26,2026-02-26,EUR,94268.99,0,2641.4,18,16968.42,113878.81,Paid,Paid,2026-02-26,System Integration,2026-02-26T00:00:00Z,EMP011,2026-03-05,Passed,,92.3,INV-01229.pdf,Matched successfully against PO.
1230,INVREC01230,INV-01230,PO-2026-0548,PO0548,VEND089,DeWalt Industrial Tool Co.,2026-05-30,2026-07-29,INR,217451.89,8151.28,1665.47,20,43490.38,262607.74,Paid,Paid,2026-06-09,Manual Entry,2026-05-30T00:00:00Z,EMP004,2026-06-01,Passed,,85.6,INV-01230.pdf,Three-way match completed.
1231,INVREC01231,INV-01231,PO-2026-0013,PO0013,VEND040,SAP SE,2026-06-17,2026-07-17,INR,255901.83,12381.41,1106.1,18,46062.33,303070.26,Paid,Paid,2026-06-19,System Integration,2026-06-17T00:00:00Z,EMP016,2026-06-23,Passed,,89,INV-01231.pdf,Three-way match completed.
1232,INVREC01232,INV-01232,PO-2023-1290,PO1290,VEND019,Vanguard Tech,2023-03-31,2023-04-30,USD,477348.41,10307.85,0,10,47734.84,525083.25,Rejected,Unpaid,None,OCR Workflow,2023-03-31T00:00:00Z,EMP031,2023-04-04,Passed,,99.8,INV-01232.pdf,Three-way match completed.
1233,INVREC01233,INV-01233,PO-2024-0167,PO0167,VEND004,Dell Technologies,2024-08-17,2024-09-16,CHF,484532.18,17317.32,0,10,48453.22,532985.4,Paid,Paid,2024-08-18,OCR Workflow,2024-08-17T00:00:00Z,EMP004,2024-08-20,Passed,,94.1,INV-01233.pdf,Ready for payment.
1234,INVREC01234,INV-01234,PO-2025-1435,PO1435,VEND053,S&P Global Inc.,2025-11-27,2025-12-27,SEK,42536.79,0,0,0,0,42536.79,Rejected,Unpaid,None,Manual Entry,2025-11-27T00:00:00Z,EMP006,2025-11-30,Passed,,94.7,INV-01234.pdf,Matched successfully against PO.
1235,INVREC01235,INV-01235,PO-2025-0034,PO0034,VEND073,AT&T Business,2025-02-18,2025-03-05,SEK,43742.4,873.59,0,5,2187.12,45929.52,Rejected,Unpaid,None,OCR Workflow,2025-02-18T00:00:00Z,EMP040,2025-02-22,Passed,,91.2,INV-01235.pdf,Payment pending approval.
1236,INVREC01236,INV-01236,PO-2023-0727,PO0727,VEND075,T-Mobile for Business,2023-05-31,2023-07-30,GBP,287768.76,0,0,20,57553.75,345322.51,Paid,Paid,2023-06-14,OCR Workflow,2023-05-31T00:00:00Z,EMP018,2023-06-05,Passed,,93.2,INV-01236.pdf,Payment pending approval.
1237,INVREC01237,INV-01237,PO-2023-1439,PO1439,VEND034,C.H. Robinson Worldwide,2023-07-25,2023-08-09,SEK,339431.78,16970.78,0,20,67886.36,407318.14,Paid,Paid,2023-08-04,Manual Entry,2023-07-25T00:00:00Z,EMP030,2023-07-27,Passed,,88.6,INV-01237.pdf,Payment pending approval.
1238,INVREC01238,INV-01238,PO-2024-0086,PO0086,VEND086,W.W. Grainger International,2024-02-26,2024-03-27,EUR,496876.89,0,0,20,99375.38,596252.27,Paid,Paid,2024-03-01,Manual Entry,2024-02-26T00:00:00Z,EMP040,2024-02-28,Passed,,99.1,INV-01238.pdf,Payment pending approval.
1239,INVREC01239,INV-01239,PO-2024-0583,PO0583,VEND074,Verizon Business Group,2024-08-17,2024-08-17,EUR,44579.86,1803.01,0,5,2228.99,46808.85,Paid,Paid,2024-08-17,OCR Workflow,2024-08-17T00:00:00Z,EMP016,2024-08-21,Passed,,89.8,INV-01239.pdf,Ready for payment.
1240,INVREC01240,INV-01240,PO-2025-1298,PO1298,VEND069,ADT Inc.,2025-08-09,2025-08-24,EUR,339947.81,0,3408.04,10,33994.78,377350.63,Paid,Paid,2025-08-15,System Integration,2025-08-09T00:00:00Z,EMP015,2025-08-14,Passed,,85.8,INV-01240.pdf,Invoice under review.
1241,INVREC01241,INV-01241,PO-2025-0930,PO0930,VEND091,Ingersoll Rand,2025-04-06,2025-05-21,GBP,225936.3,5128.23,0,20,45187.26,271123.56,Paid,Paid,2025-04-10,OCR Workflow,2025-04-06T00:00:00Z,EMP022,2025-04-07,Passed,,92.5,INV-01241.pdf,Three-way match completed.
1242,INVREC01242,INV-01242,PO-2025-0578,PO0578,VEND001,ABCD & CO,2025-03-28,2025-05-12,SEK,388315.3,0,0,10,38831.53,427146.83,Rejected,Unpaid,None,Manual Entry,2025-03-28T00:00:00Z,EMP027,2025-04-04,Passed,,96,INV-01242.pdf,Invoice under review.
1243,INVREC01243,INV-01243,PO-2025-0239,PO0239,VEND100,ZF Friedrichshafen AG,2025-02-11,2025-02-26,USD,58855.57,0,0,5,2942.78,61798.35,Paid,Paid,2025-02-23,OCR Workflow,2025-02-11T00:00:00Z,EMP032,2025-02-17,Passed,,90.9,INV-01243.pdf,Invoice under review.
1244,INVREC01244,INV-01244,PO-2023-0814,PO0814,VEND055,Deloitte & Touche LLP,2023-07-01,2023-07-31,EUR,312480.3,0,0,20,62496.06,374976.36,Paid,Paid,2023-07-04,System Integration,2023-07-01T00:00:00Z,EMP017,2023-07-08,Passed,,98.6,INV-01244.pdf,Matched successfully against PO.
1245,INVREC01245,INV-01245,PO-2026-0238,PO0238,VEND025,ABB Ltd,2026-10-29,2026-12-28,GBP,106565.41,0,138.9,5,5328.27,112032.58,Paid,Paid,2026-10-30,System Integration,2026-10-29T00:00:00Z,EMP001,2026-11-01,Passed,,94.1,INV-01245.pdf,Three-way match completed.
1246,INVREC01246,INV-01246,PO-2024-0872,PO0872,VEND080,Ecolab Inc.,2024-11-23,2024-12-23,INR,284608.77,0,1638.77,20,56921.75,343169.29,Pending,Unpaid,None,OCR Workflow,2024-11-23T00:00:00Z,None,None,Pending Approval,,93.6,INV-01246.pdf,Ready for payment.
1247,INVREC01247,INV-01247,PO-2023-1179,PO1179,VEND006,Amazon Business,2023-02-24,2023-03-26,SEK,281021.31,0,3120.73,20,56204.26,340346.3,Paid,Paid,2023-02-25,OCR Workflow,2023-02-24T00:00:00Z,EMP001,2023-03-03,Passed,,95.1,INV-01247.pdf,Ready for payment.
1248,INVREC01248,INV-01248,PO-2025-0155,PO0155,VEND078,Cintas Corporation,2025-04-29,2025-05-29,USD,472454.41,8762.42,0,18,85041.79,557496.2,Paid,Paid,2025-05-09,System Integration,2025-04-29T00:00:00Z,EMP026,2025-04-30,Passed,,85.5,INV-01248.pdf,Invoice under review.
1249,INVREC01249,INV-01249,PO-2025-1219,PO1219,VEND038,Penske Logistics,2025-03-31,2025-04-30,SEK,336625.01,0,2594.78,0,0,339219.79,Paid,Paid,2025-04-01,OCR Workflow,2025-03-31T00:00:00Z,EMP035,2025-04-01,Passed,,86.7,INV-01249.pdf,Payment pending approval.
1250,INVREC01250,INV-01250,PO-2026-0231,PO0231,VEND033,Maersk Line,2026-05-05,2026-06-04,SEK,451982.98,0,0,5,22599.15,474582.13,Paid,Paid,2026-05-09,OCR Workflow,2026-05-05T00:00:00Z,EMP012,2026-05-09,Passed,,92.6,INV-01250.pdf,Ready for payment.
1251,INVREC01251,INV-01251,PO-2024-0693,PO0693,VEND020,Alpha Industries,2024-10-26,2024-12-10,SEK,433530.81,0,3866.33,18,78035.55,515432.69,Paid,Paid,2024-11-03,OCR Workflow,2024-10-26T00:00:00Z,EMP030,2024-10-29,Passed,,85.3,INV-01251.pdf,Three-way match completed.
1252,INVREC01252,INV-01252,PO-2025-0696,PO0696,VEND068,Securitas AB,2025-10-11,2025-11-10,EUR,417186.71,0,4014.85,18,75093.61,496295.17,Paid,Paid,2025-10-18,Manual Entry,2025-10-11T00:00:00Z,EMP034,2025-10-18,Passed,,97.3,INV-01252.pdf,Payment pending approval.
1253,INVREC01253,INV-01253,PO-2023-0150,PO0150,VEND013,Quick Logistics,2023-12-19,2024-01-18,GBP,456363.15,0,0,10,45636.32,501999.47,Paid,Paid,2023-12-21,System Integration,2023-12-19T00:00:00Z,EMP024,2023-12-23,Passed,,94.3,INV-01253.pdf,Matched successfully against PO.
1254,INVREC01254,INV-01254,PO-2023-0790,PO0790,VEND075,T-Mobile for Business,2023-05-10,2023-06-09,GBP,358697.41,0,0,5,17934.87,376632.28,Paid,Paid,2023-05-15,Manual Entry,2023-05-10T00:00:00Z,EMP027,2023-05-13,Passed,,90,INV-01254.pdf,Ready for payment.
1255,INVREC01255,INV-01255,PO-2025-0755,PO0755,VEND100,ZF Friedrichshafen AG,2025-12-14,2026-02-12,USD,257049.63,0,2191.48,10,25704.96,284946.07,Paid,Paid,2026-01-03,Manual Entry,2025-12-14T00:00:00Z,EMP005,2025-12-20,Passed,,88.6,INV-01255.pdf,Invoice under review.
1256,INVREC01256,INV-01256,PO-2023-0494,PO0494,VEND038,Penske Logistics,2023-02-20,2023-02-20,SEK,470752.01,0,0,18,84735.36,555487.37,Paid,Paid,2023-02-20,System Integration,2023-02-20T00:00:00Z,EMP020,2023-02-27,Passed,,87.3,INV-01256.pdf,Three-way match completed.
1257,INVREC01257,INV-01257,PO-2023-1362,PO1362,VEND051,Thomson Reuters,2023-06-04,2023-08-03,USD,194497.62,0,1036.99,5,9724.88,205259.49,Paid,Paid,2023-06-05,OCR Workflow,2023-06-04T00:00:00Z,EMP025,2023-06-05,Passed,,88.1,INV-01257.pdf,Three-way match completed.
1258,INVREC01258,INV-01258,PO-2023-0284,PO0284,VEND059,McKinsey & Company,2023-11-27,2024-01-11,CHF,340021.14,10341,1126.3,5,17001.06,358148.5,Paid,Paid,2023-12-05,Manual Entry,2023-11-27T00:00:00Z,EMP024,2023-11-30,Passed,,88.8,INV-01258.pdf,Ready for payment.
1259,INVREC01259,INV-01259,PO-2026-0854,PO0854,VEND019,Vanguard Tech,2026-11-29,2026-12-29,USD,462321,0,0,20,92464.2,554785.2,Paid,Paid,2026-12-01,OCR Workflow,2026-11-29T00:00:00Z,EMP020,2026-12-06,Passed,,97.5,INV-01259.pdf,Invoice under review.
1260,INVREC01260,INV-01260,PO-2023-0133,PO0133,VEND021,Johnson Controls,2023-01-08,2023-03-09,USD,453862.38,0,0,10,45386.24,499248.62,Paid,Paid,2023-01-21,OCR Workflow,2023-01-08T00:00:00Z,EMP032,2023-01-10,Passed,,98.3,INV-01260.pdf,Payment pending approval.
1261,INVREC01261,INV-01261,PO-2023-0566,PO0566,VEND062,Accenture PLC,2023-09-19,2023-11-18,USD,499613.87,6756.99,2638.99,5,24980.69,527233.55,Pending,Unpaid,None,Manual Entry,2023-09-19T00:00:00Z,None,None,Pending Approval,,98.3,INV-01261.pdf,Three-way match completed.
1262,INVREC01262,INV-01262,PO-2026-1091,PO1091,VEND012,Elite Services,2026-11-05,2027-01-04,SEK,345984.03,13812.39,3467.81,5,17299.2,366751.04,Paid,Paid,2026-11-11,Manual Entry,2026-11-05T00:00:00Z,EMP014,2026-11-09,Passed,,99.4,INV-01262.pdf,Ready for payment.
1263,INVREC01263,INV-01263,PO-2026-1386,PO1386,VEND045,Hewlett Packard Enterprise,2026-03-16,2026-04-15,CHF,44514.59,0,3125.68,0,0,47640.27,Paid,Paid,2026-03-20,OCR Workflow,2026-03-16T00:00:00Z,EMP012,2026-03-21,Passed,,90.1,INV-01263.pdf,Invoice under review.
1264,INVREC01264,INV-01264,PO-2026-1457,PO1457,VEND043,Cisco Systems Inc.,2026-02-17,2026-02-17,GBP,163702.04,5187.7,0,5,8185.1,171887.14,Paid,Paid,2026-02-17,Manual Entry,2026-02-17T00:00:00Z,EMP039,2026-02-23,Passed,,94.8,INV-01264.pdf,Matched successfully against PO.
1265,INVREC01265,INV-01265,PO-2023-1488,PO1488,VEND095,SKF Group,2023-08-17,2023-10-01,GBP,330856.66,0,3300.91,18,59554.2,393711.77,Paid,Paid,2023-09-04,OCR Workflow,2023-08-17T00:00:00Z,EMP011,2023-08-20,Passed,,89.7,INV-01265.pdf,Invoice under review.
1266,INVREC01266,INV-01266,PO-2026-0987,PO0987,VEND056,PricewaterhouseCoopers LLP,2026-09-22,2026-11-21,EUR,315947.51,6642.94,1316.47,5,15797.38,333061.36,Paid,Paid,2026-09-25,OCR Workflow,2026-09-22T00:00:00Z,EMP018,2026-09-24,Passed,,99.3,INV-01266.pdf,Ready for payment.
1267,INVREC01267,INV-01267,PO-2025-1409,PO1409,VEND088,Makita Corporation,2025-05-23,2025-06-22,CHF,64239.75,3136.17,0,0,0,64239.75,Paid,Paid,2025-06-05,Manual Entry,2025-05-23T00:00:00Z,EMP010,2025-05-28,Passed,,94.8,INV-01267.pdf,Three-way match completed.
1268,INVREC01268,INV-01268,PO-2023-0277,PO0277,VEND027,Honeywell International,2023-09-17,2023-11-01,SEK,170048.83,0,4662.03,10,17004.88,191715.74,Paid,Paid,2023-09-30,System Integration,2023-09-17T00:00:00Z,EMP032,2023-09-21,Passed,,86.5,INV-01268.pdf,Payment pending approval.
1269,INVREC01269,INV-01269,PO-2024-1328,PO1328,VEND058,KPMG LLP,2024-01-07,2024-02-06,GBP,176003.11,0,0,10,17600.31,193603.42,Paid,Paid,2024-01-20,System Integration,2024-01-07T00:00:00Z,EMP019,2024-01-10,Passed,,93.1,INV-01269.pdf,Invoice under review.
1270,INVREC01270,INV-01270,PO-2025-0479,PO0479,VEND013,Quick Logistics,2025-10-03,2025-10-18,GBP,384017.7,0,0,0,0,384017.7,Paid,Paid,2025-10-07,Manual Entry,2025-10-03T00:00:00Z,EMP011,2025-10-05,Passed,,89.5,INV-01270.pdf,Matched successfully against PO.
1271,INVREC01271,INV-01271,PO-2023-0619,PO0619,VEND099,Bridgestone Americas,2023-02-02,2023-03-04,USD,113496.33,0,1340.96,20,22699.27,137536.56,Paid,Paid,2023-02-21,OCR Workflow,2023-02-02T00:00:00Z,EMP016,2023-02-04,Passed,,91.1,INV-01271.pdf,Invoice under review.
1272,INVREC01272,INV-01272,PO-2026-0327,PO0327,VEND042,"VMware, Inc.",2026-05-07,2026-06-06,SEK,87052.01,0,534.76,10,8705.2,96291.97,Paid,Paid,2026-05-08,OCR Workflow,2026-05-07T00:00:00Z,EMP015,2026-05-14,Passed,,87.1,INV-01272.pdf,Three-way match completed.
1273,INVREC01273,INV-01273,PO-2023-1177,PO1177,VEND051,Thomson Reuters,2023-02-06,2023-02-21,USD,25515,602.76,3422.76,0,0,28937.76,Paid,Paid,2023-02-19,System Integration,2023-02-06T00:00:00Z,EMP007,2023-02-09,Passed,,85.4,INV-01273.pdf,Three-way match completed.
1274,INVREC01274,INV-01274,PO-2023-0916,PO0916,VEND091,Ingersoll Rand,2023-05-19,2023-06-18,GBP,424240.8,0,0,10,42424.08,466664.88,Rejected,Unpaid,None,System Integration,2023-05-19T00:00:00Z,EMP025,2023-05-23,Passed,,86,INV-01274.pdf,Three-way match completed.
1275,INVREC01275,INV-01275,PO-2024-0171,PO0171,VEND009,Office Furniture World,2025-01-10,2025-03-11,USD,67483.15,2321.82,1192.43,0,0,68675.58,Paid,Paid,2025-01-18,System Integration,2025-01-10T00:00:00Z,EMP036,2025-01-14,Passed,,93.8,INV-01275.pdf,Matched successfully against PO.
1276,INVREC01276,INV-01276,PO-2023-0188,PO0188,VEND037,Atlas Air Worldwide,2023-07-04,2023-09-02,CHF,274283.11,0,0,0,0,274283.11,Paid,Paid,2023-07-14,OCR Workflow,2023-07-04T00:00:00Z,EMP033,2023-07-09,Passed,,96.6,INV-01276.pdf,Ready for payment.
1277,INVREC01277,INV-01277,PO-2023-0920,PO0920,VEND012,Elite Services,2023-04-13,2023-04-13,SEK,464014.67,0,0,20,92802.93,556817.6,Paid,Paid,2023-04-13,OCR Workflow,2023-04-13T00:00:00Z,EMP017,2023-04-20,Passed,,88.1,INV-01277.pdf,Three-way match completed.
1278,INVREC01278,INV-01278,PO-2025-0081,PO0081,VEND052,Moody's Analytics,2025-12-02,2026-01-01,GBP,431021.97,0,0,18,77583.95,508605.92,Paid,Paid,2025-12-09,OCR Workflow,2025-12-02T00:00:00Z,EMP031,2025-12-04,Passed,,97.4,INV-01278.pdf,Invoice under review.
1279,INVREC01279,INV-01279,PO-2025-0062,PO0062,VEND033,Maersk Line,2025-11-12,2026-01-11,SEK,476620.8,0,0,10,47662.08,524282.88,Paid,Paid,2025-11-24,System Integration,2025-11-12T00:00:00Z,EMP035,2025-11-13,Passed,,96.8,INV-01279.pdf,Payment pending approval.
1280,INVREC01280,INV-01280,PO-2024-0633,PO0633,VEND002,Samira Hadid,2024-09-29,2024-11-28,INR,13225.35,224,4199.9,20,2645.07,20070.32,Rejected,Unpaid,None,System Integration,2024-09-29T00:00:00Z,EMP003,2024-10-04,Passed,,86.7,INV-01280.pdf,Matched successfully against PO.
1281,INVREC01281,INV-01281,PO-2025-1276,PO1276,VEND064,Aramark Corporation,2025-08-03,2025-09-17,EUR,329470.8,16217.45,0,18,59304.74,388775.54,Pending,Unpaid,None,System Integration,2025-08-03T00:00:00Z,None,None,Pending Approval,,86.6,INV-01281.pdf,Ready for payment.
1282,INVREC01282,INV-01282,PO-2026-0926,PO0926,VEND025,ABB Ltd,2026-08-24,2026-10-08,GBP,413541.29,0,4272.35,5,20677.06,438490.7,Paid,Paid,2026-09-02,System Integration,2026-08-24T00:00:00Z,EMP006,2026-08-31,Passed,,93,INV-01282.pdf,Matched successfully against PO.
1283,INVREC01283,INV-01283,PO-2026-0822,PO0822,VEND036,Kuehne + Nagel,2026-08-21,2026-09-20,INR,117966.96,0,2207.78,18,21234.05,141408.79,Paid,Paid,2026-09-03,OCR Workflow,2026-08-21T00:00:00Z,EMP009,2026-08-24,Passed,,87.8,INV-01283.pdf,Ready for payment.
1284,INVREC01284,INV-01284,PO-2025-1095,PO1095,VEND084,McMaster-Carr,2025-09-15,2025-10-15,GBP,433368.44,10595.74,0,10,43336.84,476705.28,Paid,Paid,2025-10-02,OCR Workflow,2025-09-15T00:00:00Z,EMP036,2025-09-16,Passed,,95.5,INV-01284.pdf,Ready for payment.
1285,INVREC01285,INV-01285,PO-2025-0526,PO0526,VEND089,DeWalt Industrial Tool Co.,2026-01-01,2026-02-15,INR,109650.86,3309.1,0,10,10965.09,120615.95,Paid,Paid,2026-01-06,Manual Entry,2026-01-01T00:00:00Z,EMP019,2026-01-03,Passed,,97.6,INV-01285.pdf,Three-way match completed.
1286,INVREC01286,INV-01286,PO-2026-1474,PO1474,VEND068,Securitas AB,2026-07-20,2026-09-03,EUR,265873.74,0,1960.39,0,0,267834.13,Paid,Paid,2026-07-31,Manual Entry,2026-07-20T00:00:00Z,EMP026,2026-07-26,Passed,,98.2,INV-01286.pdf,Payment pending approval.
1287,INVREC01287,INV-01287,PO-2023-0470,PO0470,VEND026,General Electric,2023-04-26,2023-04-26,SEK,61307.28,0,4233.89,18,11035.31,76576.48,Paid,Paid,2023-04-26,OCR Workflow,2023-04-26T00:00:00Z,EMP037,2023-04-30,Passed,,85.4,INV-01287.pdf,Invoice under review.
1288,INVREC01288,INV-01288,PO-2025-0107,PO0107,VEND020,Alpha Industries,2025-06-25,2025-07-25,SEK,474839.87,0,0,20,94967.97,569807.84,Paid,Paid,2025-07-07,OCR Workflow,2025-06-25T00:00:00Z,EMP014,2025-06-28,Passed,,89.1,INV-01288.pdf,Ready for payment.
1289,INVREC01289,INV-01289,PO-2026-1315,PO1315,VEND021,Johnson Controls,2026-02-19,2026-02-19,USD,467928.55,0,308.53,20,93585.71,561822.79,Rejected,Unpaid,None,System Integration,2026-02-19T00:00:00Z,EMP028,2026-02-25,Passed,,96.4,INV-01289.pdf,Three-way match completed.
1290,INVREC01290,INV-01290,PO-2024-1141,PO1141,VEND015,Best Buy Corp,2024-05-27,2024-06-26,INR,397663.85,0,4335.63,18,71579.49,473578.97,Rejected,Unpaid,None,OCR Workflow,2024-05-27T00:00:00Z,EMP003,2024-05-29,Passed,,95,INV-01290.pdf,Invoice under review.
1291,INVREC01291,INV-01291,PO-2024-0079,PO0079,VEND074,Verizon Business Group,2024-12-29,2025-01-28,EUR,223165.91,0,0,18,40169.86,263335.77,Paid,Paid,2025-01-07,Manual Entry,2024-12-29T00:00:00Z,EMP024,2025-01-03,Passed,,93.3,INV-01291.pdf,Three-way match completed.
1292,INVREC01292,INV-01292,PO-2023-0396,PO0396,VEND097,Goodyear Tire & Rubber,2023-02-04,2023-03-06,GBP,286350.19,0,4061.73,5,14317.51,304729.43,Rejected,Unpaid,None,OCR Workflow,2023-02-04T00:00:00Z,EMP014,2023-02-09,Passed,,99.4,INV-01292.pdf,Payment pending approval.
1293,INVREC01293,INV-01293,PO-2025-0625,PO0625,VEND095,SKF Group,2025-06-26,2025-07-26,GBP,56636.04,0,4233.71,5,2831.8,63701.55,Paid,Paid,2025-06-27,System Integration,2025-06-26T00:00:00Z,EMP031,2025-06-29,Passed,,99.9,INV-01293.pdf,Three-way match completed.
1294,INVREC01294,INV-01294,PO-2025-1050,PO1050,VEND080,Ecolab Inc.,2025-07-07,2025-08-06,INR,327150.26,0,1227.28,10,32715.03,361092.57,Paid,Paid,2025-07-18,System Integration,2025-07-07T00:00:00Z,EMP007,2025-07-09,Passed,,95.9,INV-01294.pdf,Payment pending approval.
1295,INVREC01295,INV-01295,PO-2023-0549,PO0549,VEND049,Parker Hannifin Corporation,2023-05-15,2023-06-14,USD,443543.51,8787.8,1944.9,10,44354.35,489842.76,Paid,Paid,2023-05-25,OCR Workflow,2023-05-15T00:00:00Z,EMP008,2023-05-21,Passed,,85.7,INV-01295.pdf,Matched successfully against PO.
1296,INVREC01296,INV-01296,PO-2025-1025,PO1025,VEND071,Waste Management Inc.,2025-02-06,2025-02-06,EUR,268873.09,12481.98,0,18,48397.16,317270.25,Paid,Paid,2025-02-06,OCR Workflow,2025-02-06T00:00:00Z,EMP039,2025-02-12,Passed,,92,INV-01296.pdf,Payment pending approval.
1297,INVREC01297,INV-01297,PO-2024-0561,PO0561,VEND012,Elite Services,2024-05-02,2024-06-16,SEK,79744.63,981.61,0,18,14354.03,94098.66,Paid,Paid,2024-05-07,OCR Workflow,2024-05-02T00:00:00Z,EMP019,2024-05-08,Passed,,93,INV-01297.pdf,Three-way match completed.
1298,INVREC01298,INV-01298,PO-2025-1314,PO1314,VEND095,SKF Group,2025-06-06,2025-07-06,GBP,228173.79,0,0,0,0,228173.79,Paid,Paid,2025-06-22,Manual Entry,2025-06-06T00:00:00Z,EMP031,2025-06-09,Passed,,88,INV-01298.pdf,Matched successfully against PO.
1299,INVREC01299,INV-01299,PO-2025-0623,PO0623,VEND060,Boston Consulting Group,2025-03-07,2025-04-21,SEK,445967.83,0,0,5,22298.39,468266.22,Rejected,Unpaid,None,Manual Entry,2025-03-07T00:00:00Z,EMP017,2025-03-09,Passed,,88.3,INV-01299.pdf,Invoice under review.
1300,INVREC01300,INV-01300,PO-2025-0869,PO0869,VEND063,McDonald's Corporate,2025-07-30,2025-09-13,EUR,98793.94,0,0,0,0,98793.94,Pending,Unpaid,None,OCR Workflow,2025-07-30T00:00:00Z,None,None,Pending Approval,,97.4,INV-01300.pdf,Invoice under review.
1301,INVREC01301,INV-01301,PO-2026-0860,PO0860,VEND093,Regal Beloit Corporation,2026-09-29,2026-11-13,CHF,113600.73,2114.88,3868.07,20,22720.15,140188.95,Paid,Paid,2026-10-03,System Integration,2026-09-29T00:00:00Z,EMP032,2026-10-06,Passed,,99.1,INV-01301.pdf,Payment pending approval.
1302,INVREC01302,INV-01302,PO-2024-1147,PO1147,VEND094,Timken Company,2025-01-01,2025-03-02,SEK,195349.06,0,702.82,0,0,196051.88,Paid,Paid,2025-01-15,System Integration,2025-01-01T00:00:00Z,EMP016,2025-01-03,Passed,,88.4,INV-01302.pdf,Invoice under review.
1303,INVREC01303,INV-01303,PO-2025-0728,PO0728,VEND065,Sodexo S.A.,2025-01-31,2025-03-02,INR,186074.53,0,0,20,37214.91,223289.44,Paid,Paid,2025-02-03,OCR Workflow,2025-01-31T00:00:00Z,EMP040,2025-02-03,Passed,,97.3,INV-01303.pdf,Payment pending approval.
1304,INVREC01304,INV-01304,PO-2023-1344,PO1344,VEND003,IMPORTING COMPANY,2023-08-11,2023-09-10,GBP,251524.21,6089.63,0,0,0,251524.21,Paid,Paid,2023-08-31,OCR Workflow,2023-08-11T00:00:00Z,EMP016,2023-08-12,Passed,,88.1,INV-01304.pdf,Three-way match completed.
1305,INVREC01305,INV-01305,PO-2023-0686,PO0686,VEND042,"VMware, Inc.",2023-01-21,2023-03-22,SEK,216516.84,0,4594.79,18,38973.03,260084.66,Paid,Paid,2023-01-24,OCR Workflow,2023-01-21T00:00:00Z,EMP037,2023-01-26,Passed,,93.6,INV-01305.pdf,Payment pending approval.
1306,INVREC01306,INV-01306,PO-2024-1113,PO1113,VEND023,Caterpillar Inc.,2024-03-24,2024-04-23,INR,212727.61,0,2780.82,10,21272.76,236781.19,Paid,Paid,2024-03-27,System Integration,2024-03-24T00:00:00Z,EMP003,2024-03-26,Passed,,95.2,INV-01306.pdf,Invoice under review.
1307,INVREC01307,INV-01307,PO-2024-0834,PO0834,VEND026,General Electric,2024-06-04,2024-06-04,SEK,383355.65,0,0,5,19167.78,402523.43,Pending,Unpaid,None,System Integration,2024-06-04T00:00:00Z,None,None,Pending Approval,,89.3,INV-01307.pdf,Matched successfully against PO.
1308,INVREC01308,INV-01308,PO-2023-0798,PO0798,VEND051,Thomson Reuters,2023-03-26,2023-04-25,USD,339912.26,0,2219.52,0,0,342131.78,Paid,Paid,2023-04-02,System Integration,2023-03-26T00:00:00Z,EMP039,2023-04-01,Passed,,86,INV-01308.pdf,Payment pending approval.
1309,INVREC01309,INV-01309,PO-2023-0673,PO0673,VEND054,"FTI Consulting, Inc.",2023-11-26,2023-12-26,USD,212242.37,0,4127.32,20,42448.47,258818.16,Paid,Paid,2023-12-10,System Integration,2023-11-26T00:00:00Z,EMP006,2023-11-30,Passed,,90.2,INV-01309.pdf,Matched successfully against PO.
1310,INVREC01310,INV-01310,PO-2023-1052,PO1052,VEND082,Grainger Inc.,2023-05-21,2023-06-20,GBP,263365.3,9369.46,2482.96,20,52673.06,318521.32,Paid,Paid,2023-05-30,Manual Entry,2023-05-21T00:00:00Z,EMP008,2023-05-24,Passed,,98.5,INV-01310.pdf,Three-way match completed.
1311,INVREC01311,INV-01311,PO-2023-0986,PO0986,VEND093,Regal Beloit Corporation,2023-12-04,2024-01-03,CHF,229130.08,0,2785.67,10,22913.01,254828.76,Paid,Paid,2023-12-20,System Integration,2023-12-04T00:00:00Z,EMP013,2023-12-10,Passed,,93.9,INV-01311.pdf,Matched successfully against PO.
1312,INVREC01312,INV-01312,PO-2024-0161,PO0161,VEND046,Lenovo Group Limited,2024-05-27,2024-07-26,INR,104272.27,2761.31,4354.73,10,10427.23,119054.23,Rejected,Unpaid,None,Manual Entry,2024-05-27T00:00:00Z,EMP020,2024-05-31,Passed,,94.9,INV-01312.pdf,Invoice under review.
1313,INVREC01313,INV-01313,PO-2024-0677,PO0677,VEND084,McMaster-Carr,2024-08-08,2024-09-22,GBP,240235.91,0,0,5,12011.8,252247.71,Paid,Paid,2024-08-22,System Integration,2024-08-08T00:00:00Z,EMP034,2024-08-09,Passed,,90.5,INV-01313.pdf,Invoice under review.
1314,INVREC01314,INV-01314,PO-2023-0772,PO0772,VEND100,ZF Friedrichshafen AG,2023-09-23,2023-11-07,USD,222056.55,6975.21,4717.63,5,11102.83,237877.01,Paid,Paid,2023-09-30,OCR Workflow,2023-09-23T00:00:00Z,EMP008,2023-09-30,Passed,,85.2,INV-01314.pdf,Matched successfully against PO.
1315,INVREC01315,INV-01315,PO-2026-0822,PO0822,VEND036,Kuehne + Nagel,2026-08-26,2026-09-25,INR,117966.96,0,2207.78,18,21234.05,141408.79,Rejected,Unpaid,None,Manual Entry,2026-08-26T00:00:00Z,EMP032,2026-09-01,Passed,,96,INV-01315.pdf,Invoice under review.
1316,INVREC01316,INV-01316,PO-2026-1099,PO1099,VEND027,Honeywell International,2026-05-17,2026-06-16,SEK,140925.9,0,0,5,7046.3,147972.2,Rejected,Unpaid,None,OCR Workflow,2026-05-17T00:00:00Z,EMP017,2026-05-20,Passed,,88.5,INV-01316.pdf,Three-way match completed.
1317,INVREC01317,INV-01317,PO-2024-1257,PO1257,VEND028,Emerson Electric Co.,2024-09-25,2024-09-25,INR,467484.1,0,0,5,23374.21,490858.31,Paid,Paid,2024-09-25,OCR Workflow,2024-09-25T00:00:00Z,EMP014,2024-10-01,Passed,,85.2,INV-01317.pdf,Three-way match completed.
1318,INVREC01318,INV-01318,PO-2026-0178,PO0178,VEND071,Waste Management Inc.,2027-01-01,2027-01-31,EUR,391334.15,0,0,18,70440.15,461774.3,Paid,Paid,2027-01-17,Manual Entry,2027-01-01T00:00:00Z,EMP028,2027-01-07,Passed,,89.7,INV-01318.pdf,Three-way match completed.
1319,INVREC01319,INV-01319,PO-2026-0964,PO0964,VEND025,ABB Ltd,2026-03-19,2026-05-18,GBP,64363.36,0,1052.76,20,12872.67,78288.79,Paid,Paid,2026-04-08,System Integration,2026-03-19T00:00:00Z,EMP013,2026-03-23,Passed,,93.8,INV-01319.pdf,Invoice under review.
1320,INVREC01320,INV-01320,PO-2023-0015,PO0015,VEND043,Cisco Systems Inc.,2023-11-29,2023-12-29,GBP,339689.48,11506.04,0,5,16984.47,356673.95,Pending,Unpaid,None,OCR Workflow,2023-11-29T00:00:00Z,None,None,Pending Approval,,91.7,INV-01320.pdf,Ready for payment.
1321,INVREC01321,INV-01321,PO-2025-0809,PO0809,VEND074,Verizon Business Group,2025-08-19,2025-09-18,EUR,178283.88,7038.64,0,10,17828.39,196112.27,Rejected,Unpaid,None,OCR Workflow,2025-08-19T00:00:00Z,EMP031,2025-08-22,Passed,,88,INV-01321.pdf,Ready for payment.
1322,INVREC01322,INV-01322,PO-2025-0875,PO0875,VEND061,Bain & Company,2025-01-19,2025-02-03,INR,454139.24,0,0,18,81745.06,535884.3,Paid,Paid,2025-01-24,Manual Entry,2025-01-19T00:00:00Z,EMP031,2025-01-20,Passed,,95.4,INV-01322.pdf,Matched successfully against PO.
1323,INVREC01323,INV-01323,PO-2023-1317,PO1317,VEND087,Hilti Corporation,2023-12-22,2024-01-06,CHF,342419.61,0,3358.3,18,61635.53,407413.44,Paid,Paid,2023-12-28,OCR Workflow,2023-12-22T00:00:00Z,EMP037,2023-12-24,Passed,,88.1,INV-01323.pdf,Invoice under review.
1324,INVREC01324,INV-01324,PO-2026-0793,PO0793,VEND017,Pinnacle Partners,2026-09-27,2026-11-26,CHF,480028.7,7069.55,0,5,24001.44,504030.14,Paid,Paid,2026-10-01,System Integration,2026-09-27T00:00:00Z,EMP004,2026-10-02,Passed,,95.7,INV-01324.pdf,Three-way match completed.
1325,INVREC01325,INV-01325,PO-2026-1060,PO1060,VEND090,Snap-on Incorporated,2026-07-13,2026-08-12,GBP,264372.76,0,0,20,52874.55,317247.31,Pending,Unpaid,None,Manual Entry,2026-07-13T00:00:00Z,None,None,Pending Approval,,87.7,INV-01325.pdf,Ready for payment.
1326,INVREC01326,INV-01326,PO-2025-0680,PO0680,VEND021,Johnson Controls,2025-11-24,2025-12-09,USD,37506.02,0,0,10,3750.6,41256.62,Paid,Paid,2025-12-09,System Integration,2025-11-24T00:00:00Z,EMP002,2025-11-25,Passed,,88.9,INV-01326.pdf,Ready for payment.
1327,INVREC01327,INV-01327,PO-2023-0790,PO0790,VEND075,T-Mobile for Business,2023-05-15,2023-06-14,GBP,358697.41,0,0,5,17934.87,376632.28,Rejected,Unpaid,None,System Integration,2023-05-15T00:00:00Z,EMP019,2023-05-19,Passed,,94.2,INV-01327.pdf,Matched successfully against PO.
1328,INVREC01328,INV-01328,PO-2025-1119,PO1119,VEND005,Microsoft Corporation,2025-12-26,2026-02-09,SEK,47879.58,0,3961.33,5,2393.98,54234.89,Paid,Paid,2026-01-10,Manual Entry,2025-12-26T00:00:00Z,EMP006,2025-12-27,Passed,,93.6,INV-01328.pdf,Three-way match completed.
1329,INVREC01329,INV-01329,PO-2026-0476,PO0476,VEND065,Sodexo S.A.,2026-10-23,2026-12-22,INR,65601.8,0,0,18,11808.32,77410.12,Paid,Paid,2026-10-24,System Integration,2026-10-23T00:00:00Z,EMP006,2026-10-25,Passed,,91.3,INV-01329.pdf,Invoice under review.
1330,INVREC01330,INV-01330,PO-2026-0175,PO0175,VEND095,SKF Group,2026-10-05,2026-10-05,GBP,494546.41,8193.49,4164.38,18,89018.35,587729.14,Paid,Paid,2026-10-05,OCR Workflow,2026-10-05T00:00:00Z,EMP016,2026-10-06,Passed,,92,INV-01330.pdf,Ready for payment.
1331,INVREC01331,INV-01331,PO-2023-1193,PO1193,VEND046,Lenovo Group Limited,2023-02-25,2023-04-26,INR,123124.16,0,3539.08,18,22162.35,148825.59,Paid,Paid,2023-03-14,System Integration,2023-02-25T00:00:00Z,EMP006,2023-02-26,Passed,,85.2,INV-01331.pdf,Ready for payment.
1332,INVREC01332,INV-01332,PO-2026-0874,PO0874,VEND075,T-Mobile for Business,2026-02-07,2026-02-22,GBP,96898.74,0,0,20,19379.75,116278.49,Paid,Paid,2026-02-15,System Integration,2026-02-07T00:00:00Z,EMP032,2026-02-12,Passed,,95.8,INV-01332.pdf,Three-way match completed.
1333,INVREC01333,INV-01333,PO-2026-0359,PO0359,VEND047,Apple Inc.,2026-03-10,2026-03-25,GBP,199799.25,6895.08,2916.41,20,39959.85,242675.51,Pending,Unpaid,None,System Integration,2026-03-10T00:00:00Z,None,None,Pending Approval,,89.2,INV-01333.pdf,Matched successfully against PO.
1334,INVREC01334,INV-01334,PO-2026-0605,PO0605,VEND042,"VMware, Inc.",2026-03-07,2026-04-21,SEK,449042.98,0,962.9,0,0,450005.88,Paid,Paid,2026-03-14,OCR Workflow,2026-03-07T00:00:00Z,EMP033,2026-03-12,Passed,,96.6,INV-01334.pdf,Matched successfully against PO.
1335,INVREC01335,INV-01335,PO-2025-1070,PO1070,VEND064,Aramark Corporation,2025-06-07,2025-06-22,EUR,45728.78,0,4757.94,10,4572.88,55059.6,Paid,Paid,2025-06-16,System Integration,2025-06-07T00:00:00Z,EMP023,2025-06-09,Passed,,94.1,INV-01335.pdf,Three-way match completed.
1336,INVREC01336,INV-01336,PO-2023-1476,PO1476,VEND049,Parker Hannifin Corporation,2023-11-13,2024-01-12,USD,349800.05,0,0,18,62964.01,412764.06,Paid,Paid,2023-11-20,OCR Workflow,2023-11-13T00:00:00Z,EMP001,2023-11-18,Passed,,89.4,INV-01336.pdf,Ready for payment.
1337,INVREC01337,INV-01337,PO-2025-0620,PO0620,VEND090,Snap-on Incorporated,2025-07-08,2025-08-07,GBP,150816.35,0,0,10,15081.64,165897.99,Rejected,Unpaid,None,OCR Workflow,2025-07-08T00:00:00Z,EMP037,2025-07-09,Passed,,85.1,INV-01337.pdf,Three-way match completed.
1338,INVREC01338,INV-01338,PO-2023-0098,PO0098,VEND030,Bosch Rexroth AG,2023-10-07,2023-11-06,CHF,335391.51,0,0,20,67078.3,402469.81,Paid,Paid,2023-10-20,Manual Entry,2023-10-07T00:00:00Z,EMP006,2023-10-10,Passed,,90.7,INV-01338.pdf,Matched successfully against PO.
1339,INVREC01339,INV-01339,PO-2025-0464,PO0464,VEND045,Hewlett Packard Enterprise,2025-03-24,2025-05-23,CHF,326013.65,0,0,0,0,326013.65,Paid,Paid,2025-03-26,System Integration,2025-03-24T00:00:00Z,EMP010,2025-03-30,Passed,,98.3,INV-01339.pdf,Three-way match completed.
1340,INVREC01340,INV-01340,PO-2026-0049,PO0049,VEND031,FedEx Corporation,2026-09-03,2026-10-03,SEK,276691.04,0,2719.55,10,27669.1,307079.69,Rejected,Unpaid,None,OCR Workflow,2026-09-03T00:00:00Z,EMP023,2026-09-09,Passed,,89.8,INV-01340.pdf,Ready for payment.
1341,INVREC01341,INV-01341,PO-2024-0110,PO0110,VEND086,W.W. Grainger International,2024-01-28,2024-02-12,EUR,26346,0,0,10,2634.6,28980.6,Rejected,Unpaid,None,System Integration,2024-01-28T00:00:00Z,EMP037,2024-01-31,Passed,,97.4,INV-01341.pdf,Payment pending approval.
1342,INVREC01342,INV-01342,PO-2026-1427,PO1427,VEND014,Modern Office Co,2026-08-27,2026-09-26,USD,289875.53,0,0,0,0,289875.53,Paid,Paid,2026-09-06,System Integration,2026-08-27T00:00:00Z,EMP018,2026-09-02,Passed,,86.1,INV-01342.pdf,Matched successfully against PO.
1343,INVREC01343,INV-01343,PO-2024-0404,PO0404,VEND079,UniFirst Corporation,2024-07-17,2024-08-01,USD,54081.27,1806.68,362.46,10,5408.13,59851.86,Paid,Paid,2024-07-22,OCR Workflow,2024-07-17T00:00:00Z,EMP001,2024-07-21,Passed,,87.4,INV-01343.pdf,Invoice under review.
1344,INVREC01344,INV-01344,PO-2023-1461,PO1461,VEND033,Maersk Line,2023-10-07,2023-10-22,SEK,407462,7927.4,0,10,40746.2,448208.2,Paid,Paid,2023-10-16,System Integration,2023-10-07T00:00:00Z,EMP009,2023-10-09,Passed,,87.5,INV-01344.pdf,Three-way match completed.
1345,INVREC01345,INV-01345,PO-2026-1251,PO1251,VEND089,DeWalt Industrial Tool Co.,2026-08-19,2026-09-03,INR,398303.84,0,0,0,0,398303.84,Rejected,Unpaid,None,Manual Entry,2026-08-19T00:00:00Z,EMP014,2026-08-23,Passed,,98.7,INV-01345.pdf,Three-way match completed.
1346,INVREC01346,INV-01346,PO-2025-0352,PO0352,VEND099,Bridgestone Americas,2025-04-05,2025-04-05,USD,36442.39,1610.89,0,20,7288.48,43730.87,Paid,Paid,2025-04-05,Manual Entry,2025-04-05T00:00:00Z,EMP034,2025-04-06,Passed,,89.3,INV-01346.pdf,Matched successfully against PO.
1347,INVREC01347,INV-01347,PO-2025-1318,PO1318,VEND069,ADT Inc.,2025-03-25,2025-03-25,EUR,210564.44,0,0,5,10528.22,221092.66,Paid,Paid,2025-03-25,Manual Entry,2025-03-25T00:00:00Z,EMP008,2025-03-31,Passed,,90.3,INV-01347.pdf,Three-way match completed.
1348,INVREC01348,INV-01348,PO-2025-0135,PO0135,VEND020,Alpha Industries,2025-05-20,2025-06-19,SEK,305608.58,0,0,18,55009.54,360618.12,Paid,Paid,2025-05-26,OCR Workflow,2025-05-20T00:00:00Z,EMP033,2025-05-22,Passed,,98.8,INV-01348.pdf,Matched successfully against PO.
1349,INVREC01349,INV-01349,PO-2024-0092,PO0092,VEND097,Goodyear Tire & Rubber,2024-06-30,2024-07-15,GBP,327283.7,8861.66,0,5,16364.18,343647.88,Paid,Paid,2024-07-14,OCR Workflow,2024-06-30T00:00:00Z,EMP016,2024-07-03,Passed,,86.8,INV-01349.pdf,Ready for payment.
1350,INVREC01350,INV-01350,PO-2024-1443,PO1443,VEND062,Accenture PLC,2024-11-21,2025-01-20,USD,21933.49,1072.76,0,18,3948.03,25881.52,Paid,Paid,2024-11-25,OCR Workflow,2024-11-21T00:00:00Z,EMP002,2024-11-26,Passed,,85.6,INV-01350.pdf,Payment pending approval.
1351,INVREC01351,INV-01351,PO-2026-1498,PO1498,VEND082,Grainger Inc.,2026-11-13,2026-11-13,GBP,168343.68,0,0,20,33668.74,202012.42,Rejected,Unpaid,None,Manual Entry,2026-11-13T00:00:00Z,EMP005,2026-11-19,Passed,,91.1,INV-01351.pdf,Invoice under review.
1352,INVREC01352,INV-01352,PO-2023-0686,PO0686,VEND042,"VMware, Inc.",2023-02-16,2023-04-17,SEK,216516.84,4059.9,4594.79,18,38973.03,260084.66,Paid,Paid,2023-02-25,OCR Workflow,2023-02-16T00:00:00Z,EMP018,2023-02-20,Passed,,94.7,INV-01352.pdf,Three-way match completed.
1353,INVREC01353,INV-01353,PO-2026-1066,PO1066,VEND096,Gates Corporation,2026-10-18,2026-12-17,EUR,492278.72,0,0,20,98455.74,590734.46,Paid,Paid,2026-10-22,System Integration,2026-10-18T00:00:00Z,EMP008,2026-10-22,Passed,,91,INV-01353.pdf,Matched successfully against PO.
1354,INVREC01354,INV-01354,PO-2025-0517,PO0517,VEND080,Ecolab Inc.,2025-07-26,2025-08-25,INR,125890.77,2697.24,0,18,22660.34,148551.11,Paid,Paid,2025-08-06,OCR Workflow,2025-07-26T00:00:00Z,EMP023,2025-07-31,Passed,,90.2,INV-01354.pdf,Matched successfully against PO.
1355,INVREC01355,INV-01355,PO-2023-0898,PO0898,VEND041,Salesforce.com Inc.,2023-06-04,2023-07-19,GBP,98788.92,0,0,5,4939.45,103728.37,Rejected,Unpaid,None,Manual Entry,2023-06-04T00:00:00Z,EMP015,2023-06-05,Passed,,90.5,INV-01355.pdf,Payment pending approval.
1356,INVREC01356,INV-01356,PO-2026-0537,PO0537,VEND048,Cummins Inc.,2026-10-25,2026-12-24,EUR,210646.08,0,546.98,0,0,211193.06,Rejected,Unpaid,None,System Integration,2026-10-25T00:00:00Z,EMP031,2026-10-30,Passed,,94.3,INV-01356.pdf,Matched successfully against PO.
1357,INVREC01357,INV-01357,PO-2025-1448,PO1448,VEND060,Boston Consulting Group,2025-09-13,2025-11-12,SEK,408822.12,0,0,0,0,408822.12,Paid,Paid,2025-10-01,OCR Workflow,2025-09-13T00:00:00Z,EMP027,2025-09-19,Passed,,97.6,INV-01357.pdf,Three-way match completed.
1358,INVREC01358,INV-01358,PO-2024-0550,PO0550,VEND090,Snap-on Incorporated,2024-11-09,2025-01-08,GBP,419272.63,10643.81,1438.98,10,41927.26,462638.87,Paid,Paid,2024-11-26,Manual Entry,2024-11-09T00:00:00Z,EMP028,2024-11-12,Passed,,91.4,INV-01358.pdf,Invoice under review.
1359,INVREC01359,INV-01359,PO-2025-0751,PO0751,VEND085,Fastenal Company,2025-11-23,2025-12-23,SEK,184028.48,6386.65,2870.25,20,36805.7,223704.43,Paid,Paid,2025-12-10,OCR Workflow,2025-11-23T00:00:00Z,EMP010,2025-11-26,Passed,,94.9,INV-01359.pdf,Matched successfully against PO.
1360,INVREC01360,INV-01360,PO-2025-0781,PO0781,VEND064,Aramark Corporation,2025-07-13,2025-08-12,EUR,193677.37,0,0,5,9683.87,203361.24,Pending,Unpaid,None,OCR Workflow,2025-07-13T00:00:00Z,None,None,Pending Approval,,89.6,INV-01360.pdf,Three-way match completed.
1361,INVREC01361,INV-01361,PO-2023-0297,PO0297,VEND075,T-Mobile for Business,2023-04-30,2023-05-30,GBP,277197.65,0,0,0,0,277197.65,Paid,Paid,2023-05-04,System Integration,2023-04-30T00:00:00Z,EMP001,2023-05-06,Passed,,95.5,INV-01361.pdf,Three-way match completed.
1362,INVREC01362,INV-01362,PO-2023-0810,PO0810,VEND088,Makita Corporation,2023-10-19,2023-11-18,CHF,332078.84,0,0,18,59774.19,391853.03,Paid,Paid,2023-10-31,Manual Entry,2023-10-19T00:00:00Z,EMP011,2023-10-25,Passed,,91.7,INV-01362.pdf,Payment pending approval.
1363,INVREC01363,INV-01363,PO-2025-0228,PO0228,VEND036,Kuehne + Nagel,2025-10-26,2025-11-25,INR,461717.04,0,0,0,0,461717.04,Rejected,Unpaid,None,System Integration,2025-10-26T00:00:00Z,EMP040,2025-10-27,Passed,,99.4,INV-01363.pdf,Invoice under review.
1364,INVREC01364,INV-01364,PO-2026-0954,PO0954,VEND037,Atlas Air Worldwide,2026-09-27,2026-10-27,CHF,75481.87,0,1121.39,10,7548.19,84151.45,Rejected,Unpaid,None,OCR Workflow,2026-09-27T00:00:00Z,EMP040,2026-10-03,Passed,,87.6,INV-01364.pdf,Payment pending approval.
1365,INVREC01365,INV-01365,PO-2026-1176,PO1176,VEND020,Alpha Industries,2026-10-03,2026-11-02,SEK,308538.35,0,0,10,30853.83,339392.18,Paid,Paid,2026-10-17,OCR Workflow,2026-10-03T00:00:00Z,EMP009,2026-10-10,Passed,,93.8,INV-01365.pdf,Matched successfully against PO.
1366,INVREC01366,INV-01366,PO-2023-0832,PO0832,VEND079,UniFirst Corporation,2023-09-22,2023-10-07,USD,269488.58,12901.04,0,10,26948.86,296437.44,Pending,Unpaid,None,OCR Workflow,2023-09-22T00:00:00Z,None,None,Pending Approval,,98.2,INV-01366.pdf,Matched successfully against PO.
1367,INVREC01367,INV-01367,PO-2024-0134,PO0134,VEND078,Cintas Corporation,2024-05-28,2024-06-27,USD,87354.7,0,0,5,4367.73,91722.43,Paid,Paid,2024-06-01,Manual Entry,2024-05-28T00:00:00Z,EMP028,2024-05-31,Passed,,88.6,INV-01367.pdf,Three-way match completed.
1368,INVREC01368,INV-01368,PO-2025-0958,PO0958,VEND085,Fastenal Company,2025-04-19,2025-05-19,SEK,225951.67,9238.05,0,0,0,225951.67,Paid,Paid,2025-04-27,Manual Entry,2025-04-19T00:00:00Z,EMP034,2025-04-20,Passed,,89.8,INV-01368.pdf,Ready for payment.
1369,INVREC01369,INV-01369,PO-2026-0371,PO0371,VEND033,Maersk Line,2026-07-19,2026-08-18,SEK,41517.11,0,0,10,4151.71,45668.82,Paid,Paid,2026-07-26,OCR Workflow,2026-07-19T00:00:00Z,EMP017,2026-07-26,Passed,,94.2,INV-01369.pdf,Three-way match completed.
1370,INVREC01370,INV-01370,PO-2024-0251,PO0251,VEND018,Summit Systems,2024-04-15,2024-04-15,EUR,62819.82,0,0,10,6281.98,69101.8,Rejected,Unpaid,None,System Integration,2024-04-15T00:00:00Z,EMP023,2024-04-17,Passed,,88.2,INV-01370.pdf,Payment pending approval.
1371,INVREC01371,INV-01371,PO-2023-0223,PO0223,VEND095,SKF Group,2023-03-19,2023-04-18,GBP,26547.76,0,2872.52,0,0,29420.28,Paid,Paid,2023-04-06,Manual Entry,2023-03-19T00:00:00Z,EMP025,2023-03-22,Passed,,97.5,INV-01371.pdf,Matched successfully against PO.
1372,INVREC01372,INV-01372,PO-2025-0589,PO0589,VEND088,Makita Corporation,2025-10-11,2025-10-26,CHF,124362.59,0,1549.69,10,12436.26,138348.54,Paid,Paid,2025-10-22,System Integration,2025-10-11T00:00:00Z,EMP006,2025-10-18,Passed,,87.1,INV-01372.pdf,Three-way match completed.
1373,INVREC01373,INV-01373,PO-2026-1389,PO1389,VEND067,"CBRE Group, Inc.",2026-10-09,2026-11-08,EUR,493114.27,6030.72,0,10,49311.43,542425.7,Rejected,Unpaid,None,System Integration,2026-10-09T00:00:00Z,EMP029,2026-10-14,Passed,,87,INV-01373.pdf,Matched successfully against PO.
1374,INVREC01374,INV-01374,PO-2024-0658,PO0658,VEND051,Thomson Reuters,2024-07-02,2024-07-02,USD,223773.61,0,0,18,40279.25,264052.86,Pending,Unpaid,None,Manual Entry,2024-07-02T00:00:00Z,None,None,Pending Approval,,96.7,INV-01374.pdf,Invoice under review.
1375,INVREC01375,INV-01375,PO-2024-1473,PO1473,VEND046,Lenovo Group Limited,2024-01-30,2024-01-30,INR,320595.39,7256.92,0,10,32059.54,352654.93,Rejected,Unpaid,None,Manual Entry,2024-01-30T00:00:00Z,EMP008,2024-01-31,Passed,,95.1,INV-01375.pdf,Payment pending approval.
1376,INVREC01376,INV-01376,PO-2025-0627,PO0627,VEND023,Caterpillar Inc.,2025-11-13,2025-12-13,INR,475831.41,11655.15,0,0,0,475831.41,Paid,Paid,2025-11-24,Manual Entry,2025-11-13T00:00:00Z,EMP023,2025-11-17,Passed,,97.3,INV-01376.pdf,Matched successfully against PO.
1377,INVREC01377,INV-01377,PO-2025-1258,PO1258,VEND005,Microsoft Corporation,2025-05-01,2025-05-31,SEK,226350.33,0,0,18,40743.06,267093.39,Paid,Paid,2025-05-04,OCR Workflow,2025-05-01T00:00:00Z,EMP017,2025-05-08,Passed,,96.6,INV-01377.pdf,Matched successfully against PO.
1378,INVREC01378,INV-01378,PO-2026-0179,PO0179,VEND078,Cintas Corporation,2026-07-13,2026-07-13,USD,281293.64,6899.66,3885.87,18,50632.86,335812.37,Paid,Paid,2026-07-13,System Integration,2026-07-13T00:00:00Z,EMP007,2026-07-15,Passed,,85.4,INV-01378.pdf,Three-way match completed.
1379,INVREC01379,INV-01379,PO-2024-0066,PO0066,VEND053,S&P Global Inc.,2024-12-24,2025-01-23,SEK,191749.69,0,4022.59,5,9587.48,205359.76,Rejected,Unpaid,None,System Integration,2024-12-24T00:00:00Z,EMP037,2024-12-25,Passed,,99.5,INV-01379.pdf,Payment pending approval.
1380,INVREC01380,INV-01380,PO-2026-1407,PO1407,VEND030,Bosch Rexroth AG,2026-03-18,2026-04-02,CHF,205323.55,5313.82,0,5,10266.18,215589.73,Paid,Paid,2026-03-21,System Integration,2026-03-18T00:00:00Z,EMP040,2026-03-25,Passed,,91.7,INV-01380.pdf,Ready for payment.
1381,INVREC01381,INV-01381,PO-2025-0038,PO0038,VEND037,Atlas Air Worldwide,2025-05-24,2025-07-08,CHF,51044.22,1262.8,0,20,10208.84,61253.06,Pending,Unpaid,None,Manual Entry,2025-05-24T00:00:00Z,None,None,Pending Approval,,98.8,INV-01381.pdf,Matched successfully against PO.
1382,INVREC01382,INV-01382,PO-2026-1287,PO1287,VEND031,FedEx Corporation,2027-01-26,2027-02-10,SEK,240038.52,0,1541.99,0,0,241580.51,Paid,Paid,2027-02-02,OCR Workflow,2027-01-26T00:00:00Z,EMP032,2027-02-01,Passed,,99.3,INV-01382.pdf,Payment pending approval.
1383,INVREC01383,INV-01383,PO-2024-0931,PO0931,VEND025,ABB Ltd,2024-12-28,2025-01-12,GBP,296589.77,0,0,18,53386.16,349975.93,Paid,Paid,2025-01-03,OCR Workflow,2024-12-28T00:00:00Z,EMP004,2024-12-30,Passed,,98,INV-01383.pdf,Ready for payment.
1384,INVREC01384,INV-01384,PO-2023-0278,PO0278,VEND083,MSC Industrial Direct,2023-03-27,2023-05-26,SEK,308572.36,9387.5,4431.58,20,61714.47,374718.41,Paid,Paid,2023-04-10,System Integration,2023-03-27T00:00:00Z,EMP001,2023-03-31,Passed,,94.4,INV-01384.pdf,Invoice under review.
1385,INVREC01385,INV-01385,PO-2023-0101,PO0101,VEND069,ADT Inc.,2023-12-19,2024-02-17,EUR,373298.75,0,0,5,18664.94,391963.69,Paid,Paid,2023-12-31,OCR Workflow,2023-12-19T00:00:00Z,EMP016,2023-12-26,Passed,,87.6,INV-01385.pdf,Payment pending approval.
1386,INVREC01386,INV-01386,PO-2023-0324,PO0324,VEND011,Global Supplies Inc,2023-03-01,2023-03-16,SEK,156216.08,3269.14,0,5,7810.8,164026.88,Paid,Paid,2023-03-04,System Integration,2023-03-01T00:00:00Z,EMP006,2023-03-03,Passed,,98.5,INV-01386.pdf,Invoice under review.
1387,INVREC01387,INV-01387,PO-2025-0539,PO0539,VEND055,Deloitte & Touche LLP,2025-09-24,2025-11-23,EUR,155006.75,0,1310.27,10,15500.67,171817.69,Paid,Paid,2025-10-04,System Integration,2025-09-24T00:00:00Z,EMP013,2025-09-26,Passed,,90.8,INV-01387.pdf,Payment pending approval.
1388,INVREC01388,INV-01388,PO-2024-0876,PO0876,VEND039,Oracle Corporation,2025-01-09,2025-02-08,CHF,381596.67,17538.64,0,18,68687.4,450284.07,Paid,Paid,2025-01-13,Manual Entry,2025-01-09T00:00:00Z,EMP016,2025-01-10,Passed,,89.3,INV-01388.pdf,Invoice under review.
1389,INVREC01389,INV-01389,PO-2023-0914,PO0914,VEND090,Snap-on Incorporated,2023-07-29,2023-08-13,GBP,396037.96,12908.43,0,0,0,396037.96,Paid,Paid,2023-08-13,System Integration,2023-07-29T00:00:00Z,EMP040,2023-08-01,Passed,,85.2,INV-01389.pdf,Ready for payment.
1390,INVREC01390,INV-01390,PO-2026-0448,PO0448,VEND041,Salesforce.com Inc.,2026-02-24,2026-04-25,GBP,96103.81,0,0,18,17298.69,113402.5,Paid,Paid,2026-03-13,Manual Entry,2026-02-24T00:00:00Z,EMP012,2026-02-27,Passed,,90.2,INV-01390.pdf,Invoice under review.
1391,INVREC01391,INV-01391,PO-2024-0679,PO0679,VEND006,Amazon Business,2024-03-22,2024-05-06,SEK,414719.22,10443.79,0,18,74649.46,489368.68,Paid,Paid,2024-04-01,System Integration,2024-03-22T00:00:00Z,EMP004,2024-03-25,Passed,,93.6,INV-01391.pdf,Three-way match completed.
1392,INVREC01392,INV-01392,PO-2026-1297,PO1297,VEND005,Microsoft Corporation,2026-12-13,2026-12-28,SEK,269698.69,0,0,0,0,269698.69,Paid,Paid,2026-12-27,System Integration,2026-12-13T00:00:00Z,EMP012,2026-12-17,Passed,,87.7,INV-01392.pdf,Ready for payment.
1393,INVREC01393,INV-01393,PO-2026-1114,PO1114,VEND017,Pinnacle Partners,2026-08-23,2026-10-07,CHF,278577.33,0,0,18,50143.92,328721.25,Paid,Paid,2026-09-10,Manual Entry,2026-08-23T00:00:00Z,EMP020,2026-08-24,Passed,,89.8,INV-01393.pdf,Ready for payment.
1394,INVREC01394,INV-01394,PO-2026-1053,PO1053,VEND042,"VMware, Inc.",2026-04-13,2026-04-28,SEK,359195.11,5908.92,1773.36,20,71839.02,432807.49,Paid,Paid,2026-04-16,Manual Entry,2026-04-13T00:00:00Z,EMP024,2026-04-16,Passed,,89.8,INV-01394.pdf,Ready for payment.
1395,INVREC01395,INV-01395,PO-2023-1337,PO1337,VEND005,Microsoft Corporation,2023-07-10,2023-07-25,SEK,228164.41,0,0,18,41069.59,269234,Paid,Paid,2023-07-11,System Integration,2023-07-10T00:00:00Z,EMP024,2023-07-12,Passed,,87.1,INV-01395.pdf,Invoice under review.
1396,INVREC01396,INV-01396,PO-2025-0254,PO0254,VEND051,Thomson Reuters,2025-11-29,2025-12-29,USD,406210.67,9486.43,3876.43,10,40621.07,450708.17,Paid,Paid,2025-12-14,Manual Entry,2025-11-29T00:00:00Z,EMP019,2025-12-02,Passed,,90.3,INV-01396.pdf,Payment pending approval.
1397,INVREC01397,INV-01397,PO-2025-0406,PO0406,VEND058,KPMG LLP,2025-12-03,2026-01-02,GBP,58471.28,0,0,18,10524.83,68996.11,Paid,Paid,2025-12-18,OCR Workflow,2025-12-03T00:00:00Z,EMP016,2025-12-07,Passed,,94.7,INV-01397.pdf,Matched successfully against PO.
1398,INVREC01398,INV-01398,PO-2023-1173,PO1173,VEND060,Boston Consulting Group,2023-07-30,2023-09-28,SEK,213942.87,6627.64,0,20,42788.57,256731.44,Rejected,Unpaid,None,OCR Workflow,2023-07-30T00:00:00Z,EMP022,2023-08-02,Passed,,97.1,INV-01398.pdf,Ready for payment.
1399,INVREC01399,INV-01399,PO-2024-0340,PO0340,VEND010,Tech Solutions Ltd,2024-04-20,2024-06-04,USD,154115.32,0,0,18,27740.76,181856.08,Paid,Paid,2024-04-21,Manual Entry,2024-04-20T00:00:00Z,EMP033,2024-04-22,Passed,,90.9,INV-01399.pdf,Invoice under review.
1400,INVREC01400,INV-01400,PO-2023-1225,PO1225,VEND074,Verizon Business Group,2024-01-14,2024-02-13,EUR,367869.71,12264.96,0,20,73573.94,441443.65,Rejected,Unpaid,None,System Integration,2024-01-14T00:00:00Z,EMP039,2024-01-21,Passed,,93.5,INV-01400.pdf,Payment pending approval.
1401,INVREC01401,INV-01401,PO-2026-0729,PO0729,VEND017,Pinnacle Partners,2026-04-09,2026-05-24,CHF,481436.87,0,2557.73,20,96287.37,580281.97,Paid,Paid,2026-04-27,Manual Entry,2026-04-09T00:00:00Z,EMP036,2026-04-15,Passed,,90.8,INV-01401.pdf,Invoice under review.
1402,INVREC01402,INV-01402,PO-2023-0442,PO0442,VEND071,Waste Management Inc.,2023-10-06,2023-11-05,EUR,75347.15,3664.19,588.26,10,7534.72,83470.13,Paid,Paid,2023-10-09,System Integration,2023-10-06T00:00:00Z,EMP015,2023-10-09,Passed,,90.6,INV-01402.pdf,Ready for payment.
1403,INVREC01403,INV-01403,PO-2025-0184,PO0184,VEND059,McKinsey & Company,2025-03-12,2025-05-11,CHF,175517.24,0,0,0,0,175517.24,Pending,Unpaid,None,Manual Entry,2025-03-12T00:00:00Z,None,None,Pending Approval,,98.8,INV-01403.pdf,Ready for payment.
1404,INVREC01404,INV-01404,PO-2026-0648,PO0648,VEND023,Caterpillar Inc.,2026-12-21,2027-01-20,INR,496085.94,12288.95,0,5,24804.3,520890.24,Rejected,Unpaid,None,System Integration,2026-12-21T00:00:00Z,EMP023,2026-12-27,Passed,,86.9,INV-01404.pdf,Three-way match completed.
1405,INVREC01405,INV-01405,PO-2025-0908,PO0908,VEND085,Fastenal Company,2025-04-22,2025-05-22,SEK,201267.55,0,0,18,36228.16,237495.71,Paid,Paid,2025-05-12,System Integration,2025-04-22T00:00:00Z,EMP016,2025-04-23,Passed,,93.1,INV-01405.pdf,Invoice under review.
1406,INVREC01406,INV-01406,PO-2026-0719,PO0719,VEND054,"FTI Consulting, Inc.",2026-09-06,2026-09-21,USD,487295.67,0,1126.41,5,24364.78,512786.86,Paid,Paid,2026-09-10,System Integration,2026-09-06T00:00:00Z,EMP022,2026-09-09,Passed,,86.4,INV-01406.pdf,Three-way match completed.
1407,INVREC01407,INV-01407,PO-2025-1318,PO1318,VEND069,ADT Inc.,2025-03-20,2025-03-20,EUR,210564.44,0,0,5,10528.22,221092.66,Paid,Paid,2025-03-20,OCR Workflow,2025-03-20T00:00:00Z,EMP039,2025-03-21,Passed,,89.6,INV-01407.pdf,Matched successfully against PO.
1408,INVREC01408,INV-01408,PO-2024-0968,PO0968,VEND068,Securitas AB,2024-04-03,2024-06-02,EUR,334520.82,4731.28,4747.67,10,33452.08,372720.57,Rejected,Unpaid,None,Manual Entry,2024-04-03T00:00:00Z,EMP034,2024-04-04,Passed,,87.6,INV-01408.pdf,Ready for payment.
1409,INVREC01409,INV-01409,PO-2023-0423,PO0423,VEND078,Cintas Corporation,2023-05-20,2023-06-19,USD,123856.22,0,0,18,22294.12,146150.34,Paid,Paid,2023-05-21,Manual Entry,2023-05-20T00:00:00Z,EMP009,2023-05-22,Passed,,94.8,INV-01409.pdf,Ready for payment.
1410,INVREC01410,INV-01410,PO-2023-0859,PO0859,VEND023,Caterpillar Inc.,2023-11-09,2023-11-24,INR,164018,0,4346.05,0,0,168364.05,Rejected,Unpaid,None,OCR Workflow,2023-11-09T00:00:00Z,EMP039,2023-11-15,Passed,,92.4,INV-01410.pdf,Invoice under review.
1411,INVREC01411,INV-01411,PO-2023-1149,PO1149,VEND045,Hewlett Packard Enterprise,2023-10-02,2023-12-01,CHF,290525.93,11157.32,0,5,14526.3,305052.23,Pending,Unpaid,None,OCR Workflow,2023-10-02T00:00:00Z,None,None,Pending Approval,,90.1,INV-01411.pdf,Three-way match completed.
1412,INVREC01412,INV-01412,PO-2023-0721,PO0721,VEND068,Securitas AB,2023-04-14,2023-05-14,EUR,277101.65,10472.84,4029.4,10,27710.17,308841.22,Paid,Paid,2023-04-19,Manual Entry,2023-04-14T00:00:00Z,EMP013,2023-04-20,Passed,,85.7,INV-01412.pdf,Payment pending approval.
1413,INVREC01413,INV-01413,PO-2023-1485,PO1485,VEND057,Ernst & Young LLP,2023-11-22,2023-12-07,INR,255193.74,6449.55,0,18,45934.87,301128.61,Paid,Paid,2023-12-03,OCR Workflow,2023-11-22T00:00:00Z,EMP013,2023-11-27,Passed,,99.1,INV-01413.pdf,Matched successfully against PO.
1414,INVREC01414,INV-01414,PO-2023-0920,PO0920,VEND012,Elite Services,2023-03-28,2023-03-28,SEK,464014.67,22870.26,0,20,92802.93,556817.6,Rejected,Unpaid,None,OCR Workflow,2023-03-28T00:00:00Z,None,None,Rejected,Missing PO reference,87.5,INV-01414.pdf,Matched successfully against PO.
1415,INVREC01415,INV-01415,PO-2026-0209,PO0209,VEND053,S&P Global Inc.,2026-05-23,2026-06-22,SEK,494954,0,0,10,49495.4,544449.4,Paid,Paid,2026-06-04,OCR Workflow,2026-05-23T00:00:00Z,EMP020,2026-05-27,Passed,,89.5,INV-01415.pdf,Three-way match completed.
1416,INVREC01416,INV-01416,PO-2024-0311,PO0311,VEND013,Quick Logistics,2024-07-05,2024-09-03,GBP,102939.92,0,1980.19,5,5147,110067.11,Pending,Unpaid,None,System Integration,2024-07-05T00:00:00Z,None,None,Pending Approval,,97.6,INV-01416.pdf,Invoice under review.
1417,INVREC01417,INV-01417,PO-2026-1182,PO1182,VEND013,Quick Logistics,2026-12-02,2027-01-31,GBP,171869.11,0,0,18,30936.44,202805.55,Paid,Paid,2026-12-09,OCR Workflow,2026-12-02T00:00:00Z,EMP033,2026-12-04,Passed,,91.6,INV-01417.pdf,Invoice under review.
1418,INVREC01418,INV-01418,PO-2024-0162,PO0162,VEND059,McKinsey & Company,2024-09-05,2024-09-05,CHF,383613.05,0,0,0,0,383613.05,Paid,Paid,2024-09-05,OCR Workflow,2024-09-05T00:00:00Z,EMP034,2024-09-08,Passed,,95.7,INV-01418.pdf,Ready for payment.
1419,INVREC01419,INV-01419,PO-2023-1172,PO1172,VEND022,Siemens AG,2024-01-01,2024-01-31,USD,228526.75,0,4481.24,18,41134.82,274142.81,Paid,Paid,2024-01-14,Manual Entry,2024-01-01T00:00:00Z,EMP032,2024-01-06,Passed,,91.2,INV-01419.pdf,Invoice under review.
1420,INVREC01420,INV-01420,PO-2024-0834,PO0834,VEND026,General Electric,2024-06-15,2024-06-15,SEK,383355.65,0,0,5,19167.78,402523.43,Pending,Unpaid,None,OCR Workflow,2024-06-15T00:00:00Z,None,None,Pending Approval,,85.2,INV-01420.pdf,Invoice under review.
1421,INVREC01421,INV-01421,PO-2023-0695,PO0695,VEND088,Makita Corporation,2023-12-17,2024-01-31,CHF,334966.24,0,0,10,33496.62,368462.86,Paid,Paid,2024-01-06,Manual Entry,2023-12-17T00:00:00Z,EMP038,2023-12-20,Passed,,85.1,INV-01421.pdf,Payment pending approval.
1422,INVREC01422,INV-01422,PO-2026-1133,PO1133,VEND079,UniFirst Corporation,2026-10-21,2026-11-20,USD,290798.83,10421.5,0,20,58159.77,348958.6,Paid,Paid,2026-11-04,Manual Entry,2026-10-21T00:00:00Z,EMP032,2026-10-25,Passed,,98,INV-01422.pdf,Three-way match completed.
1423,INVREC01423,INV-01423,PO-2023-1057,PO1057,VEND061,Bain & Company,2023-10-14,2023-11-13,INR,28810.23,0,4797.21,0,0,33607.44,Rejected,Unpaid,None,Manual Entry,2023-10-14T00:00:00Z,EMP035,2023-10-16,Passed,,94.1,INV-01423.pdf,Ready for payment.
1424,INVREC01424,INV-01424,PO-2026-0499,PO0499,VEND051,Thomson Reuters,2026-05-04,2026-06-03,USD,339272.08,0,3208.9,20,67854.42,410335.4,Paid,Paid,2026-05-16,OCR Workflow,2026-05-04T00:00:00Z,EMP021,2026-05-05,Passed,,91.3,INV-01424.pdf,Matched successfully against PO.
1425,INVREC01425,INV-01425,PO-2026-1343,PO1343,VEND019,Vanguard Tech,2026-08-01,2026-08-31,USD,137173.46,3339.5,0,0,0,137173.46,Paid,Paid,2026-08-12,System Integration,2026-08-01T00:00:00Z,EMP006,2026-08-03,Passed,,96.8,INV-01425.pdf,Ready for payment.
1426,INVREC01426,INV-01426,PO-2025-0061,PO0061,VEND042,"VMware, Inc.",2025-05-28,2025-07-27,SEK,486960.04,21514.25,0,5,24348,511308.04,Paid,Paid,2025-06-11,Manual Entry,2025-05-28T00:00:00Z,EMP018,2025-05-30,Passed,,95.2,INV-01426.pdf,Payment pending approval.
1427,INVREC01427,INV-01427,PO-2025-0625,PO0625,VEND095,SKF Group,2025-07-21,2025-08-20,GBP,56636.04,592.38,4233.71,5,2831.8,63701.55,Rejected,Unpaid,None,OCR Workflow,2025-07-21T00:00:00Z,EMP013,2025-07-22,Passed,,90,INV-01427.pdf,Payment pending approval.
1428,INVREC01428,INV-01428,PO-2024-0291,PO0291,VEND043,Cisco Systems Inc.,2024-09-24,2024-10-24,GBP,183443.65,2449.78,4435.25,18,33019.86,220898.76,Paid,Paid,2024-10-05,Manual Entry,2024-09-24T00:00:00Z,EMP020,2024-09-28,Passed,,90.4,INV-01428.pdf,Ready for payment.
1429,INVREC01429,INV-01429,PO-2026-0703,PO0703,VEND040,SAP SE,2026-02-08,2026-02-23,INR,203120.28,0,2073.22,0,0,205193.5,Pending,Unpaid,None,OCR Workflow,2026-02-08T00:00:00Z,None,None,Pending Approval,,85.3,INV-01429.pdf,Ready for payment.
1430,INVREC01430,INV-01430,PO-2025-0963,PO0963,VEND024,Schneider Electric,2025-06-20,2025-08-19,USD,272911.74,0,0,18,49124.11,322035.85,Paid,Paid,2025-07-02,System Integration,2025-06-20T00:00:00Z,EMP004,2025-06-22,Passed,,98.9,INV-01430.pdf,Payment pending approval.
1431,INVREC01431,INV-01431,PO-2025-0287,PO0287,VEND097,Goodyear Tire & Rubber,2025-09-27,2025-10-27,GBP,92356.24,0,0,20,18471.25,110827.49,Paid,Paid,2025-10-11,System Integration,2025-09-27T00:00:00Z,EMP017,2025-10-04,Passed,,97.5,INV-01431.pdf,Three-way match completed.
1432,INVREC01432,INV-01432,PO-2024-0344,PO0344,VEND024,Schneider Electric,2024-11-23,2024-12-08,USD,37342.04,1717.49,0,20,7468.41,44810.45,Rejected,Unpaid,None,Manual Entry,2024-11-23T00:00:00Z,EMP024,2024-11-30,Passed,,96.5,INV-01432.pdf,Payment pending approval.
1433,INVREC01433,INV-01433,PO-2026-1452,PO1452,VEND091,Ingersoll Rand,2026-11-21,2026-12-21,GBP,274520.83,6380.84,843.18,0,0,275364.01,Paid,Paid,2026-12-09,Manual Entry,2026-11-21T00:00:00Z,EMP025,2026-11-28,Passed,,85,INV-01433.pdf,Matched successfully against PO.
1434,INVREC01434,INV-01434,PO-2024-1016,PO1016,VEND017,Pinnacle Partners,2024-06-06,2024-07-21,CHF,21013.41,0,0,18,3782.41,24795.82,Rejected,Unpaid,None,System Integration,2024-06-06T00:00:00Z,EMP032,2024-06-12,Passed,,92.4,INV-01434.pdf,Invoice under review.
1435,INVREC01435,INV-01435,PO-2026-1012,PO1012,VEND087,Hilti Corporation,2026-01-13,2026-01-13,CHF,135675.94,0,0,10,13567.59,149243.53,Paid,Paid,2026-01-13,Manual Entry,2026-01-13T00:00:00Z,EMP019,2026-01-14,Passed,,96.8,INV-01435.pdf,Invoice under review.
1436,INVREC01436,INV-01436,PO-2023-0626,PO0626,VEND059,McKinsey & Company,2023-05-07,2023-07-06,CHF,65958.74,2391.71,0,10,6595.87,72554.61,Paid,Paid,2023-05-13,OCR Workflow,2023-05-07T00:00:00Z,EMP026,2023-05-14,Passed,,87.2,INV-01436.pdf,Matched successfully against PO.
1437,INVREC01437,INV-01437,PO-2023-1397,PO1397,VEND066,Jones Lang LaSalle,2023-09-05,2023-11-04,CHF,68363.9,1696.08,0,18,12305.5,80669.4,Paid,Paid,2023-09-18,Manual Entry,2023-09-05T00:00:00Z,EMP036,2023-09-08,Passed,,86.9,INV-01437.pdf,Matched successfully against PO.
1438,INVREC01438,INV-01438,PO-2026-0925,PO0925,VEND100,ZF Friedrichshafen AG,2026-02-22,2026-03-24,USD,95418.76,2520.9,1508.11,20,19083.75,116010.62,Paid,Paid,2026-03-02,System Integration,2026-02-22T00:00:00Z,EMP031,2026-02-25,Passed,,95.7,INV-01438.pdf,Payment pending approval.
1439,INVREC01439,INV-01439,PO-2024-0056,PO0056,VEND023,Caterpillar Inc.,2024-12-08,2025-01-22,INR,270244.48,4765.82,3016.75,5,13512.22,286773.45,Pending,Unpaid,None,System Integration,2024-12-08T00:00:00Z,None,None,Pending Approval,,87.9,INV-01439.pdf,Matched successfully against PO.
1440,INVREC01440,INV-01440,PO-2026-1343,PO1343,VEND019,Vanguard Tech,2026-08-02,2026-09-01,USD,137173.46,0,0,0,0,137173.46,Paid,Paid,2026-08-08,System Integration,2026-08-02T00:00:00Z,EMP010,2026-08-05,Passed,,92.4,INV-01440.pdf,Payment pending approval.
1441,INVREC01441,INV-01441,PO-2024-1019,PO1019,VEND092,Baldor Electric Company,2024-04-14,2024-05-14,CHF,407345,10903.93,1790.72,18,73322.1,482457.82,Paid,Paid,2024-04-22,Manual Entry,2024-04-14T00:00:00Z,EMP005,2024-04-15,Passed,,99.2,INV-01441.pdf,Ready for payment.
1442,INVREC01442,INV-01442,PO-2024-0889,PO0889,VEND067,"CBRE Group, Inc.",2024-12-11,2025-01-10,EUR,233767.67,0,0,0,0,233767.67,Paid,Paid,2024-12-14,System Integration,2024-12-11T00:00:00Z,EMP035,2024-12-13,Passed,,98.2,INV-01442.pdf,Payment pending approval.
1443,INVREC01443,INV-01443,PO-2025-1095,PO1095,VEND084,McMaster-Carr,2025-08-30,2025-09-29,GBP,433368.44,0,0,10,43336.84,476705.28,Paid,Paid,2025-09-07,System Integration,2025-08-30T00:00:00Z,EMP028,2025-09-05,Passed,,90.8,INV-01443.pdf,Matched successfully against PO.
1444,INVREC01444,INV-01444,PO-2025-0891,PO0891,VEND045,Hewlett Packard Enterprise,2025-03-01,2025-03-01,CHF,432529.33,17181.53,4689.45,18,77855.28,515074.06,Paid,Paid,2025-03-01,OCR Workflow,2025-03-01T00:00:00Z,EMP001,2025-03-02,Passed,,89.8,INV-01444.pdf,Ready for payment.
1445,INVREC01445,INV-01445,PO-2026-0795,PO0795,VEND025,ABB Ltd,2026-11-02,2026-12-02,GBP,387255.21,0,1175.24,10,38725.52,427155.97,Paid,Paid,2026-11-03,Manual Entry,2026-11-02T00:00:00Z,EMP003,2026-11-05,Passed,,93,INV-01445.pdf,Matched successfully against PO.
1446,INVREC01446,INV-01446,PO-2023-1465,PO1465,VEND085,Fastenal Company,2023-12-26,2024-01-25,SEK,325607.31,0,0,20,65121.46,390728.77,Paid,Paid,2024-01-04,System Integration,2023-12-26T00:00:00Z,EMP013,2023-12-31,Passed,,91.5,INV-01446.pdf,Payment pending approval.
1447,INVREC01447,INV-01447,PO-2024-0533,PO0533,VEND062,Accenture PLC,2024-07-06,2024-09-04,USD,480183.54,0,4281.73,0,0,484465.27,Rejected,Unpaid,None,OCR Workflow,2024-07-06T00:00:00Z,EMP006,2024-07-12,Passed,,88,INV-01447.pdf,Ready for payment.
1448,INVREC01448,INV-01448,PO-2025-0083,PO0083,VEND027,Honeywell International,2025-11-10,2025-12-10,SEK,260218.87,0,3361.48,10,26021.89,289602.24,Rejected,Unpaid,None,OCR Workflow,2025-11-10T00:00:00Z,EMP011,2025-11-15,Passed,,88.5,INV-01448.pdf,Ready for payment.
1449,INVREC01449,INV-01449,PO-2024-0766,PO0766,VEND022,Siemens AG,2024-01-14,2024-02-13,USD,368733.28,0,0,5,18436.66,387169.94,Paid,Paid,2024-01-21,Manual Entry,2024-01-14T00:00:00Z,EMP029,2024-01-18,Passed,,99.2,INV-01449.pdf,Ready for payment.
1450,INVREC01450,INV-01450,PO-2023-1458,PO1458,VEND055,Deloitte & Touche LLP,2023-01-08,2023-03-09,EUR,474071.76,0,0,10,47407.18,521478.94,Rejected,Unpaid,None,System Integration,2023-01-08T00:00:00Z,EMP001,2023-01-10,Passed,,87.3,INV-01450.pdf,Matched successfully against PO.
1451,INVREC01451,INV-01451,PO-2026-0126,PO0126,VEND052,Moody's Analytics,2026-04-04,2026-05-04,GBP,50616.52,0,0,0,0,50616.52,Paid,Paid,2026-04-23,OCR Workflow,2026-04-04T00:00:00Z,EMP007,2026-04-06,Passed,,92.2,INV-01451.pdf,Payment pending approval.
1452,INVREC01452,INV-01452,PO-2023-0357,PO0357,VEND069,ADT Inc.,2023-09-04,2023-10-04,EUR,262571.89,3692.94,0,5,13128.59,275700.48,Paid,Paid,2023-09-13,Manual Entry,2023-09-04T00:00:00Z,EMP014,2023-09-09,Passed,,86.4,INV-01452.pdf,Payment pending approval.
1453,INVREC01453,INV-01453,PO-2024-1421,PO1421,VEND090,Snap-on Incorporated,2024-12-31,2025-01-30,GBP,136425.76,5429.36,0,20,27285.15,163710.91,Paid,Paid,2025-01-10,OCR Workflow,2024-12-31T00:00:00Z,EMP039,2025-01-07,Passed,,95.3,INV-01453.pdf,Three-way match completed.
1454,INVREC01454,INV-01454,PO-2023-0923,PO0923,VEND091,Ingersoll Rand,2023-05-02,2023-07-01,GBP,482552.82,20106.46,2939.47,18,86859.51,572351.8,Pending,Unpaid,None,System Integration,2023-05-02T00:00:00Z,None,None,Pending Approval,,95.7,INV-01454.pdf,Three-way match completed.
1455,INVREC01455,INV-01455,PO-2026-1457,PO1457,VEND043,Cisco Systems Inc.,2026-02-21,2026-02-21,GBP,163702.04,0,0,5,8185.1,171887.14,Rejected,Unpaid,None,System Integration,2026-02-21T00:00:00Z,EMP015,2026-02-28,Passed,,99.7,INV-01455.pdf,Matched successfully against PO.
1456,INVREC01456,INV-01456,PO-2024-1353,PO1353,VEND045,Hewlett Packard Enterprise,2024-08-02,2024-08-02,CHF,437175.37,0,2668.83,0,0,439844.2,Paid,Paid,2024-08-02,Manual Entry,2024-08-02T00:00:00Z,EMP024,2024-08-06,Passed,,90,INV-01456.pdf,Ready for payment.
1457,INVREC01457,INV-01457,PO-2025-0739,PO0739,VEND001,ABCD & CO,2025-07-20,2025-08-19,SEK,429810.23,0,0,20,85962.05,515772.28,Pending,Unpaid,None,OCR Workflow,2025-07-20T00:00:00Z,None,None,Pending Approval,,94.6,INV-01457.pdf,Invoice under review.
1458,INVREC01458,INV-01458,PO-2024-1108,PO1108,VEND044,IBM Corporation,2024-02-12,2024-02-27,SEK,430922.45,0,0,20,86184.49,517106.94,Rejected,Unpaid,None,Manual Entry,2024-02-12T00:00:00Z,EMP020,2024-02-13,Passed,,95.4,INV-01458.pdf,Matched successfully against PO.
1459,INVREC01459,INV-01459,PO-2024-0099,PO0099,VEND094,Timken Company,2024-02-09,2024-02-09,SEK,195423.2,0,4589.41,20,39084.64,239097.25,Rejected,Unpaid,None,Manual Entry,2024-02-09T00:00:00Z,EMP024,2024-02-16,Passed,,99.2,INV-01459.pdf,Ready for payment.
1460,INVREC01460,INV-01460,PO-2025-1131,PO1131,VEND093,Regal Beloit Corporation,2025-11-25,2025-12-25,CHF,432097.31,9921.49,0,0,0,432097.31,Paid,Paid,2025-11-27,OCR Workflow,2025-11-25T00:00:00Z,EMP030,2025-11-28,Passed,,91.4,INV-01460.pdf,Ready for payment.
1461,INVREC01461,INV-01461,PO-2026-0761,PO0761,VEND023,Caterpillar Inc.,2026-01-16,2026-03-17,INR,480752.8,0,279.17,18,86535.5,567567.47,Rejected,Unpaid,None,System Integration,2026-01-16T00:00:00Z,EMP034,2026-01-18,Passed,,93.8,INV-01461.pdf,Matched successfully against PO.
1462,INVREC01462,INV-01462,PO-2026-0761,PO0761,VEND023,Caterpillar Inc.,2026-01-20,2026-03-21,INR,480752.8,0,279.17,18,86535.5,567567.47,Paid,Paid,2026-01-24,OCR Workflow,2026-01-20T00:00:00Z,EMP040,2026-01-22,Passed,,96.8,INV-01462.pdf,Matched successfully against PO.
1463,INVREC01463,INV-01463,PO-2026-1287,PO1287,VEND031,FedEx Corporation,2026-12-30,2027-01-14,SEK,240038.52,3683.26,1541.99,0,0,241580.51,Pending,Unpaid,None,Manual Entry,2026-12-30T00:00:00Z,None,None,Pending Approval,,88.6,INV-01463.pdf,Three-way match completed.
1464,INVREC01464,INV-01464,PO-2023-0722,PO0722,VEND075,T-Mobile for Business,2023-03-16,2023-03-31,GBP,106700.97,0,3440.05,20,21340.19,131481.21,Paid,Paid,2023-03-25,OCR Workflow,2023-03-16T00:00:00Z,EMP022,2023-03-17,Passed,,89.4,INV-01464.pdf,Payment pending approval.
1465,INVREC01465,INV-01465,PO-2023-0294,PO0294,VEND092,Baldor Electric Company,2023-02-22,2023-03-09,CHF,284470.12,0,0,18,51204.62,335674.74,Paid,Paid,2023-03-02,System Integration,2023-02-22T00:00:00Z,EMP020,2023-03-01,Passed,,85.7,INV-01465.pdf,Matched successfully against PO.
1466,INVREC01466,INV-01466,PO-2025-0018,PO0018,VEND025,ABB Ltd,2025-02-05,2025-03-22,GBP,104640.63,3262.64,0,0,0,104640.63,Rejected,Unpaid,None,System Integration,2025-02-05T00:00:00Z,EMP007,2025-02-09,Passed,,94.5,INV-01466.pdf,Invoice under review.
1467,INVREC01467,INV-01467,PO-2025-0141,PO0141,VEND051,Thomson Reuters,2025-11-03,2025-12-03,USD,351600.55,10851.84,1373.12,18,63288.1,416261.77,Paid,Paid,2025-11-18,OCR Workflow,2025-11-03T00:00:00Z,EMP022,2025-11-04,Passed,,98.3,INV-01467.pdf,Matched successfully against PO.
1468,INVREC01468,INV-01468,PO-2025-1119,PO1119,VEND005,Microsoft Corporation,2025-12-16,2026-01-30,SEK,47879.58,0,3961.33,5,2393.98,54234.89,Paid,Paid,2025-12-19,OCR Workflow,2025-12-16T00:00:00Z,EMP020,2025-12-21,Passed,,93.4,INV-01468.pdf,Matched successfully against PO.
1469,INVREC01469,INV-01469,PO-2023-0825,PO0825,VEND041,Salesforce.com Inc.,2023-03-25,2023-04-09,GBP,241543.76,0,3415.93,5,12077.19,257036.88,Paid,Paid,2023-03-30,OCR Workflow,2023-03-25T00:00:00Z,EMP012,2023-03-30,Passed,,99.8,INV-01469.pdf,Ready for payment.
1470,INVREC01470,INV-01470,PO-2024-0504,PO0504,VEND091,Ingersoll Rand,2024-12-31,2024-12-31,GBP,67298.41,724.69,3779.53,20,13459.68,84537.62,Rejected,Unpaid,None,System Integration,2024-12-31T00:00:00Z,EMP020,2025-01-07,Passed,,96.3,INV-01470.pdf,Three-way match completed.
1471,INVREC01471,INV-01471,PO-2024-1141,PO1141,VEND015,Best Buy Corp,2024-06-13,2024-07-13,INR,397663.85,0,4335.63,18,71579.49,473578.97,Pending,Unpaid,None,OCR Workflow,2024-06-13T00:00:00Z,None,None,Pending Approval,,92.2,INV-01471.pdf,Matched successfully against PO.
1472,INVREC01472,INV-01472,PO-2024-1248,PO1248,VEND038,Penske Logistics,2025-01-07,2025-02-06,SEK,326625.83,4444.36,3924.21,18,58792.65,389342.69,Paid,Paid,2025-01-11,Manual Entry,2025-01-07T00:00:00Z,EMP037,2025-01-11,Passed,,96.3,INV-01472.pdf,Payment pending approval.
1473,INVREC01473,INV-01473,PO-2025-1077,PO1077,VEND023,Caterpillar Inc.,2025-11-29,2025-11-29,INR,465422.1,9901.99,2784.32,10,46542.21,514748.63,Paid,Paid,2025-11-29,System Integration,2025-11-29T00:00:00Z,EMP028,2025-12-05,Passed,,96.7,INV-01473.pdf,Matched successfully against PO.
1474,INVREC01474,INV-01474,PO-2025-0367,PO0367,VEND065,Sodexo S.A.,2025-06-27,2025-08-26,INR,466250.26,0,0,18,83925.05,550175.31,Rejected,Unpaid,None,OCR Workflow,2025-06-27T00:00:00Z,EMP002,2025-06-29,Passed,,86.2,INV-01474.pdf,Matched successfully against PO.
1475,INVREC01475,INV-01475,PO-2023-0788,PO0788,VEND068,Securitas AB,2023-08-25,2023-10-09,EUR,11667.79,0,0,20,2333.56,14001.35,Pending,Unpaid,None,OCR Workflow,2023-08-25T00:00:00Z,None,None,Pending Approval,,92.7,INV-01475.pdf,Three-way match completed.
1476,INVREC01476,INV-01476,PO-2023-0451,PO0451,VEND084,McMaster-Carr,2023-06-29,2023-07-14,GBP,35160.04,616.84,208.44,5,1758,37126.48,Paid,Paid,2023-07-10,OCR Workflow,2023-06-29T00:00:00Z,EMP036,2023-07-02,Passed,,88.1,INV-01476.pdf,Matched successfully against PO.
1477,INVREC01477,INV-01477,PO-2026-0370,PO0370,VEND060,Boston Consulting Group,2026-03-24,2026-05-08,SEK,256457.07,0,937.98,0,0,257395.05,Rejected,Unpaid,None,OCR Workflow,2026-03-24T00:00:00Z,EMP010,2026-03-28,Passed,,91.8,INV-01477.pdf,Payment pending approval.
1478,INVREC01478,INV-01478,PO-2025-0564,PO0564,VEND084,McMaster-Carr,2025-06-03,2025-07-03,GBP,241960.05,8314.05,4212.3,20,48392.01,294564.36,Paid,Paid,2025-06-05,OCR Workflow,2025-06-03T00:00:00Z,EMP022,2025-06-06,Passed,,96,INV-01478.pdf,Ready for payment.
1479,INVREC01479,INV-01479,PO-2025-0102,PO0102,VEND057,Ernst & Young LLP,2025-11-06,2025-12-06,INR,424792.37,0,1902.2,18,76462.63,503157.2,Paid,Paid,2025-11-11,Manual Entry,2025-11-06T00:00:00Z,EMP019,2025-11-12,Passed,,96.4,INV-01479.pdf,Three-way match completed.
1480,INVREC01480,INV-01480,PO-2024-0624,PO0624,VEND012,Elite Services,2024-11-27,2024-12-12,SEK,462557.91,0,0,10,46255.79,508813.7,Paid,Paid,2024-12-04,OCR Workflow,2024-11-27T00:00:00Z,EMP039,2024-12-01,Passed,,99.8,INV-01480.pdf,Ready for payment.
1481,INVREC01481,INV-01481,PO-2023-0454,PO0454,VEND091,Ingersoll Rand,2023-09-14,2023-10-14,GBP,112327.96,0,0,20,22465.59,134793.55,Rejected,Unpaid,None,System Integration,2023-09-14T00:00:00Z,EMP002,2023-09-17,Passed,,97.5,INV-01481.pdf,Invoice under review.
1482,INVREC01482,INV-01482,PO-2025-0429,PO0429,VEND044,IBM Corporation,2026-01-21,2026-03-07,SEK,153867.28,0,0,18,27696.11,181563.39,Paid,Paid,2026-01-27,OCR Workflow,2026-01-21T00:00:00Z,EMP007,2026-01-23,Passed,,91.6,INV-01482.pdf,Invoice under review.
1483,INVREC01483,INV-01483,PO-2025-0833,PO0833,VEND030,Bosch Rexroth AG,2025-12-02,2025-12-02,CHF,64873.7,0,1106.05,18,11677.27,77657.02,Rejected,Unpaid,None,Manual Entry,2025-12-02T00:00:00Z,EMP012,2025-12-09,Passed,,94.9,INV-01483.pdf,Matched successfully against PO.
1484,INVREC01484,INV-01484,PO-2023-0549,PO0549,VEND049,Parker Hannifin Corporation,2023-05-10,2023-06-09,USD,443543.51,4580.54,1944.9,10,44354.35,489842.76,Rejected,Unpaid,None,OCR Workflow,2023-05-10T00:00:00Z,EMP014,2023-05-15,Passed,,98.3,INV-01484.pdf,Payment pending approval.
1485,INVREC01485,INV-01485,PO-2023-0213,PO0213,VEND008,DHL Express,2023-08-17,2023-09-16,INR,212582.12,0,4333.07,0,0,216915.19,Paid,Paid,2023-09-02,OCR Workflow,2023-08-17T00:00:00Z,EMP039,2023-08-24,Passed,,92.7,INV-01485.pdf,Ready for payment.
1486,INVREC01486,INV-01486,PO-2023-1485,PO1485,VEND057,Ernst & Young LLP,2023-12-02,2023-12-17,INR,255193.74,0,0,18,45934.87,301128.61,Paid,Paid,2023-12-09,Manual Entry,2023-12-02T00:00:00Z,EMP011,2023-12-06,Passed,,94.2,INV-01486.pdf,Ready for payment.
1487,INVREC01487,INV-01487,PO-2026-0956,PO0956,VEND015,Best Buy Corp,2026-10-18,2026-11-17,INR,355507.4,9301.24,0,20,71101.48,426608.88,Rejected,Unpaid,None,Manual Entry,2026-10-18T00:00:00Z,EMP014,2026-10-25,Passed,,94,INV-01487.pdf,Invoice under review.
1488,INVREC01488,INV-01488,PO-2024-0344,PO0344,VEND024,Schneider Electric,2024-11-22,2024-12-07,USD,37342.04,0,0,20,7468.41,44810.45,Paid,Paid,2024-11-29,OCR Workflow,2024-11-22T00:00:00Z,EMP013,2024-11-25,Passed,,99.3,INV-01488.pdf,Three-way match completed.
1489,INVREC01489,INV-01489,PO-2023-0143,PO0143,VEND096,Gates Corporation,2023-11-09,2023-12-24,EUR,40915.51,0,0,20,8183.1,49098.61,Paid,Paid,2023-11-18,System Integration,2023-11-09T00:00:00Z,EMP021,2023-11-10,Passed,,97.3,INV-01489.pdf,Payment pending approval.
1490,INVREC01490,INV-01490,PO-2025-0589,PO0589,VEND088,Makita Corporation,2025-10-09,2025-10-24,CHF,124362.59,5026.84,1549.69,10,12436.26,138348.54,Paid,Paid,2025-10-10,OCR Workflow,2025-10-09T00:00:00Z,EMP009,2025-10-11,Passed,,89.4,INV-01490.pdf,Payment pending approval.
1491,INVREC01491,INV-01491,PO-2024-0171,PO0171,VEND009,Office Furniture World,2024-12-12,2025-02-10,USD,67483.15,0,1192.43,0,0,68675.58,Paid,Paid,2024-12-16,System Integration,2024-12-12T00:00:00Z,EMP029,2024-12-19,Passed,,92.4,INV-01491.pdf,Three-way match completed.
1492,INVREC01492,INV-01492,PO-2025-0395,PO0395,VEND055,Deloitte & Touche LLP,2025-08-31,2025-08-31,EUR,201008.56,0,0,0,0,201008.56,Rejected,Unpaid,None,Manual Entry,2025-08-31T00:00:00Z,EMP012,2025-09-04,Passed,,85.9,INV-01492.pdf,Matched successfully against PO.
1493,INVREC01493,INV-01493,PO-2025-1272,PO1272,VEND043,Cisco Systems Inc.,2025-02-09,2025-02-24,GBP,367594.48,0,0,10,36759.45,404353.93,Paid,Paid,2025-02-17,System Integration,2025-02-09T00:00:00Z,EMP010,2025-02-12,Passed,,86.9,INV-01493.pdf,Invoice under review.
1494,INVREC01494,INV-01494,PO-2025-1031,PO1031,VEND018,Summit Systems,2025-09-24,2025-10-24,EUR,14085.97,420.93,1891.83,10,1408.6,17386.4,Rejected,Unpaid,None,System Integration,2025-09-24T00:00:00Z,EMP008,2025-09-28,Passed,,87.2,INV-01494.pdf,Ready for payment.
1495,INVREC01495,INV-01495,PO-2023-1128,PO1128,VEND006,Amazon Business,2023-06-28,2023-08-27,SEK,138004.49,0,1622.04,5,6900.22,146526.75,Paid,Paid,2023-07-05,OCR Workflow,2023-06-28T00:00:00Z,EMP001,2023-06-29,Passed,,93.2,INV-01495.pdf,Matched successfully against PO.
1496,INVREC01496,INV-01496,PO-2024-1108,PO1108,VEND044,IBM Corporation,2024-02-12,2024-02-27,SEK,430922.45,15739.41,0,20,86184.49,517106.94,Paid,Paid,2024-02-14,Manual Entry,2024-02-12T00:00:00Z,EMP038,2024-02-16,Passed,,93,INV-01496.pdf,Payment pending approval.
1497,INVREC01497,INV-01497,PO-2024-0711,PO0711,VEND008,DHL Express,2024-07-19,2024-08-18,INR,287481.39,0,4726.41,0,0,292207.8,Rejected,Unpaid,None,OCR Workflow,2024-07-19T00:00:00Z,EMP034,2024-07-21,Passed,,85.6,INV-01497.pdf,Ready for payment.
1498,INVREC01498,INV-01498,PO-2023-0512,PO0512,VEND034,C.H. Robinson Worldwide,2024-01-06,2024-02-05,SEK,73994.36,1203.47,4035.07,18,13318.98,91348.41,Paid,Paid,2024-01-08,Manual Entry,2024-01-06T00:00:00Z,EMP028,2024-01-09,Passed,,90.2,INV-01498.pdf,Ready for payment.
1499,INVREC01499,INV-01499,PO-2023-0157,PO0157,VEND039,Oracle Corporation,2023-02-23,2023-03-10,CHF,156196.94,0,0,18,28115.45,184312.39,Paid,Paid,2023-02-24,System Integration,2023-02-23T00:00:00Z,EMP023,2023-02-25,Passed,,99.5,INV-01499.pdf,Matched successfully against PO.
1500,INVREC01500,INV-01500,PO-2023-0559,PO0559,VEND023,Caterpillar Inc.,2023-05-24,2023-06-23,INR,96930.03,0,0,5,4846.5,101776.53,Paid,Paid,2023-06-11,OCR Workflow,2023-05-24T00:00:00Z,EMP004,2023-05-25,Passed,,88.3,INV-01500.pdf,Ready for payment.
1501,INVREC01501,INV-01501,PO-2025-1415,PO1415,VEND033,Maersk Line,2025-12-21,2026-01-20,SEK,197642.95,4717.75,2244.05,20,39528.59,239415.59,Pending,Unpaid,None,Manual Entry,2025-12-21T00:00:00Z,None,None,Pending Approval,,91.4,INV-01501.pdf,Three-way match completed.
1502,INVREC01502,INV-01502,PO-2026-1061,PO1061,VEND086,W.W. Grainger International,2026-04-26,2026-06-10,EUR,374029.67,12061.28,0,10,37402.97,411432.64,Paid,Paid,2026-05-14,OCR Workflow,2026-04-26T00:00:00Z,EMP017,2026-05-02,Passed,,89.4,INV-01502.pdf,Matched successfully against PO.
1503,INVREC01503,INV-01503,PO-2025-0035,PO0035,VEND097,Goodyear Tire & Rubber,2025-08-25,2025-09-09,GBP,401280.14,12051.41,2362.58,20,80256.03,483898.75,Paid,Paid,2025-09-08,OCR Workflow,2025-08-25T00:00:00Z,EMP008,2025-08-30,Passed,,96,INV-01503.pdf,Payment pending approval.
1504,INVREC01504,INV-01504,PO-2025-1030,PO1030,VEND053,S&P Global Inc.,2025-04-12,2025-05-12,SEK,260358.67,0,126.54,20,52071.73,312556.94,Paid,Paid,2025-04-13,Manual Entry,2025-04-12T00:00:00Z,EMP009,2025-04-16,Passed,,92.6,INV-01504.pdf,Payment pending approval.
1505,INVREC01505,INV-01505,PO-2025-0347,PO0347,VEND059,McKinsey & Company,2025-09-30,2025-11-14,CHF,148440.44,0,378.25,18,26719.28,175537.97,Paid,Paid,2025-10-14,OCR Workflow,2025-09-30T00:00:00Z,EMP007,2025-10-03,Passed,,92.4,INV-01505.pdf,Ready for payment.
1506,INVREC01506,INV-01506,PO-2024-1324,PO1324,VEND062,Accenture PLC,2024-04-29,2024-06-28,USD,460418.64,0,0,10,46041.86,506460.5,Paid,Paid,2024-05-14,OCR Workflow,2024-04-29T00:00:00Z,EMP027,2024-05-03,Passed,,96.7,INV-01506.pdf,Invoice under review.
1507,INVREC01507,INV-01507,PO-2026-1489,PO1489,VEND009,Office Furniture World,2026-10-24,2026-11-23,USD,151278.55,0,0,20,30255.71,181534.26,Paid,Paid,2026-11-06,System Integration,2026-10-24T00:00:00Z,EMP030,2026-10-29,Passed,,92,INV-01507.pdf,Three-way match completed.
1508,INVREC01508,INV-01508,PO-2024-0743,PO0743,VEND009,Office Furniture World,2024-08-15,2024-09-14,USD,415937,0,977.23,18,74868.66,491782.89,Paid,Paid,2024-08-21,OCR Workflow,2024-08-15T00:00:00Z,EMP020,2024-08-18,Passed,,89.1,INV-01508.pdf,Payment pending approval.
1509,INVREC01509,INV-01509,PO-2023-0185,PO0185,VEND091,Ingersoll Rand,2023-03-18,2023-03-18,GBP,126459.79,0,1372.53,0,0,127832.32,Paid,Paid,2023-03-18,Manual Entry,2023-03-18T00:00:00Z,EMP004,2023-03-23,Passed,,89.3,INV-01509.pdf,Invoice under review.
1510,INVREC01510,INV-01510,PO-2026-0984,PO0984,VEND006,Amazon Business,2026-05-14,2026-05-14,SEK,185898.41,7300.14,3704.57,10,18589.84,208192.82,Paid,Paid,2026-05-14,OCR Workflow,2026-05-14T00:00:00Z,EMP018,2026-05-15,Passed,,98.7,INV-01510.pdf,Invoice under review.
1511,INVREC01511,INV-01511,PO-2024-1257,PO1257,VEND028,Emerson Electric Co.,2024-10-07,2024-10-07,INR,467484.1,0,0,5,23374.21,490858.31,Paid,Paid,2024-10-07,Manual Entry,2024-10-07T00:00:00Z,EMP006,2024-10-11,Passed,,97.5,INV-01511.pdf,Matched successfully against PO.
1512,INVREC01512,INV-01512,PO-2026-0473,PO0473,VEND005,Microsoft Corporation,2026-10-19,2026-11-18,SEK,15922.42,0,0,18,2866.04,18788.46,Paid,Paid,2026-10-31,Manual Entry,2026-10-19T00:00:00Z,EMP002,2026-10-21,Passed,,90.7,INV-01512.pdf,Invoice under review.
1513,INVREC01513,INV-01513,PO-2026-0631,PO0631,VEND058,KPMG LLP,2026-02-01,2026-02-16,GBP,487095.13,0,0,5,24354.76,511449.89,Rejected,Unpaid,None,OCR Workflow,2026-02-01T00:00:00Z,EMP031,2026-02-07,Passed,,99.9,INV-01513.pdf,Invoice under review.
1514,INVREC01514,INV-01514,PO-2026-1035,PO1035,VEND085,Fastenal Company,2026-04-19,2026-06-03,SEK,362895.8,0,2663.05,10,36289.58,401848.43,Paid,Paid,2026-04-29,Manual Entry,2026-04-19T00:00:00Z,EMP003,2026-04-21,Passed,,96.1,INV-01514.pdf,Invoice under review.
1515,INVREC01515,INV-01515,PO-2026-0237,PO0237,VEND034,C.H. Robinson Worldwide,2026-04-07,2026-05-07,SEK,383181.08,0,63.08,18,68972.59,452216.75,Rejected,Unpaid,None,System Integration,2026-04-07T00:00:00Z,EMP034,2026-04-09,Passed,,86.4,INV-01515.pdf,Ready for payment.
1516,INVREC01516,INV-01516,PO-2025-0613,PO0613,VEND022,Siemens AG,2025-06-30,2025-08-29,USD,93315.23,0,3094.03,18,16796.74,113206,Paid,Paid,2025-07-20,System Integration,2025-06-30T00:00:00Z,EMP037,2025-07-06,Passed,,92.5,INV-01516.pdf,Invoice under review.
1517,INVREC01517,INV-01517,PO-2024-0525,PO0525,VEND059,McKinsey & Company,2024-07-27,2024-08-26,CHF,134460.23,0,181.1,0,0,134641.33,Rejected,Unpaid,None,Manual Entry,2024-07-27T00:00:00Z,EMP014,2024-07-31,Passed,,95.2,INV-01517.pdf,Three-way match completed.
1518,INVREC01518,INV-01518,PO-2025-1433,PO1433,VEND026,General Electric,2025-08-28,2025-10-27,SEK,259982.73,0,0,0,0,259982.73,Paid,Paid,2025-08-29,OCR Workflow,2025-08-28T00:00:00Z,EMP006,2025-09-01,Passed,,90.4,INV-01518.pdf,Invoice under review.
1519,INVREC01519,INV-01519,PO-2025-0165,PO0165,VEND041,Salesforce.com Inc.,2025-09-14,2025-10-29,GBP,479317.46,0,225.38,5,23965.87,503508.71,Paid,Paid,2025-09-19,Manual Entry,2025-09-14T00:00:00Z,EMP013,2025-09-15,Passed,,95.7,INV-01519.pdf,Payment pending approval.
1520,INVREC01520,INV-01520,PO-2026-1442,PO1442,VEND004,Dell Technologies,2026-01-16,2026-02-15,CHF,48251.67,0,1449.56,20,9650.33,59351.56,Paid,Paid,2026-01-21,Manual Entry,2026-01-16T00:00:00Z,EMP009,2026-01-20,Passed,,91.2,INV-01520.pdf,Invoice under review.
1521,INVREC01521,INV-01521,PO-2026-0957,PO0957,VEND002,Samira Hadid,2026-09-20,2026-10-20,INR,458518.04,11001.13,0,5,22925.9,481443.94,Pending,Unpaid,None,System Integration,2026-09-20T00:00:00Z,None,None,Pending Approval,,92,INV-01521.pdf,Payment pending approval.
1522,INVREC01522,INV-01522,PO-2024-0099,PO0099,VEND094,Timken Company,2024-02-12,2024-02-12,SEK,195423.2,2275.56,4589.41,20,39084.64,239097.25,Rejected,Unpaid,None,Manual Entry,2024-02-12T00:00:00Z,EMP016,2024-02-13,Passed,,87.3,INV-01522.pdf,Matched successfully against PO.
1523,INVREC01523,INV-01523,PO-2025-0035,PO0035,VEND097,Goodyear Tire & Rubber,2025-08-27,2025-09-11,GBP,401280.14,15491.11,2362.58,20,80256.03,483898.75,Paid,Paid,2025-09-05,OCR Workflow,2025-08-27T00:00:00Z,EMP025,2025-09-01,Passed,,93.9,INV-01523.pdf,Invoice under review.
1524,INVREC01524,INV-01524,PO-2026-0717,PO0717,VEND023,Caterpillar Inc.,2026-03-20,2026-04-19,INR,301937.82,0,1648.21,0,0,303586.03,Paid,Paid,2026-04-09,Manual Entry,2026-03-20T00:00:00Z,EMP006,2026-03-25,Passed,,92.3,INV-01524.pdf,Three-way match completed.
1525,INVREC01525,INV-01525,PO-2026-0222,PO0222,VEND041,Salesforce.com Inc.,2026-12-05,2027-01-04,GBP,394267.63,0,0,5,19713.38,413981.01,Paid,Paid,2026-12-14,Manual Entry,2026-12-05T00:00:00Z,EMP010,2026-12-07,Passed,,94.9,INV-01525.pdf,Invoice under review.
1526,INVREC01526,INV-01526,PO-2024-0895,PO0895,VEND061,Bain & Company,2024-07-18,2024-09-16,INR,319942.89,0,4661.2,10,31994.29,356598.38,Paid,Paid,2024-07-26,OCR Workflow,2024-07-18T00:00:00Z,EMP029,2024-07-24,Passed,,88,INV-01526.pdf,Invoice under review.
1527,INVREC01527,INV-01527,PO-2025-1314,PO1314,VEND095,SKF Group,2025-06-28,2025-07-28,GBP,228173.79,0,0,0,0,228173.79,Rejected,Unpaid,None,Manual Entry,2025-06-28T00:00:00Z,EMP013,2025-07-02,Passed,,99,INV-01527.pdf,Invoice under review.
1528,INVREC01528,INV-01528,PO-2023-0160,PO0160,VEND077,Spectrum Business,2023-08-21,2023-09-20,SEK,340691.59,0,3168.6,18,61324.49,405184.68,Paid,Paid,2023-08-25,System Integration,2023-08-21T00:00:00Z,EMP032,2023-08-26,Passed,,85.5,INV-01528.pdf,Matched successfully against PO.
1529,INVREC01529,INV-01529,PO-2026-1064,PO1064,VEND015,Best Buy Corp,2026-01-25,2026-02-24,INR,228829.15,7049.26,4906.63,5,11441.46,245177.24,Paid,Paid,2026-02-08,OCR Workflow,2026-01-25T00:00:00Z,EMP016,2026-01-29,Passed,,96.4,INV-01529.pdf,Matched successfully against PO.
1530,INVREC01530,INV-01530,PO-2026-0602,PO0602,VEND056,PricewaterhouseCoopers LLP,2026-04-15,2026-06-14,EUR,312788.8,0,4634.99,10,31278.88,348702.67,Paid,Paid,2026-05-04,Manual Entry,2026-04-15T00:00:00Z,EMP009,2026-04-20,Passed,,89.2,INV-01530.pdf,Payment pending approval.
1531,INVREC01531,INV-01531,PO-2025-0031,PO0031,VEND039,Oracle Corporation,2025-08-26,2025-09-25,CHF,271785.6,0,0,10,27178.56,298964.16,Paid,Paid,2025-09-04,Manual Entry,2025-08-26T00:00:00Z,EMP001,2025-08-30,Passed,,94.9,INV-01531.pdf,Payment pending approval.
1532,INVREC01532,INV-01532,PO-2024-1467,PO1467,VEND051,Thomson Reuters,2024-03-30,2024-05-14,USD,400758.02,5453.11,335.85,10,40075.8,441169.67,Paid,Paid,2024-04-18,System Integration,2024-03-30T00:00:00Z,EMP039,2024-04-03,Passed,,88.5,INV-01532.pdf,Matched successfully against PO.
1533,INVREC01533,INV-01533,PO-2025-0254,PO0254,VEND051,Thomson Reuters,2025-11-29,2025-12-29,USD,406210.67,0,3876.43,10,40621.07,450708.17,Paid,Paid,2025-12-19,Manual Entry,2025-11-29T00:00:00Z,EMP002,2025-12-03,Passed,,91.9,INV-01533.pdf,Ready for payment.
1534,INVREC01534,INV-01534,PO-2025-1413,PO1413,VEND083,MSC Industrial Direct,2025-06-17,2025-07-17,SEK,383809.88,0,0,5,19190.49,403000.37,Paid,Paid,2025-06-25,OCR Workflow,2025-06-17T00:00:00Z,EMP026,2025-06-21,Passed,,94.6,INV-01534.pdf,Payment pending approval.
1535,INVREC01535,INV-01535,PO-2023-1429,PO1429,VEND046,Lenovo Group Limited,2023-07-12,2023-08-11,INR,155959.82,0,4417.7,18,28072.77,188450.29,Rejected,Unpaid,None,System Integration,2023-07-12T00:00:00Z,EMP014,2023-07-18,Passed,,90.9,INV-01535.pdf,Payment pending approval.
1536,INVREC01536,INV-01536,PO-2023-0363,PO0363,VEND076,Comcast Business,2023-03-03,2023-03-18,GBP,294810,0,3184.66,20,58962,356956.66,Paid,Paid,2023-03-08,System Integration,2023-03-03T00:00:00Z,EMP018,2023-03-06,Passed,,94,INV-01536.pdf,Payment pending approval.
1537,INVREC01537,INV-01537,PO-2023-0132,PO0132,VEND032,UPS Supply Chain Solutions,2023-05-14,2023-05-14,EUR,341542.36,0,0,5,17077.12,358619.48,Paid,Paid,2023-05-14,System Integration,2023-05-14T00:00:00Z,EMP015,2023-05-17,Passed,,90.4,INV-01537.pdf,Payment pending approval.
1538,INVREC01538,INV-01538,PO-2024-0340,PO0340,VEND010,Tech Solutions Ltd,2024-04-17,2024-06-01,USD,154115.32,0,0,18,27740.76,181856.08,Paid,Paid,2024-04-18,Manual Entry,2024-04-17T00:00:00Z,EMP022,2024-04-20,Passed,,98.9,INV-01538.pdf,Three-way match completed.
1539,INVREC01539,INV-01539,PO-2026-0953,PO0953,VEND079,UniFirst Corporation,2026-03-22,2026-05-21,USD,377028.42,0,0,10,37702.84,414731.26,Paid,Paid,2026-03-27,System Integration,2026-03-22T00:00:00Z,EMP014,2026-03-29,Passed,,90.2,INV-01539.pdf,Ready for payment.
1540,INVREC01540,INV-01540,PO-2026-0373,PO0373,VEND086,W.W. Grainger International,2026-08-10,2026-09-24,EUR,181737.25,5273.96,0,5,9086.86,190824.11,Rejected,Unpaid,None,System Integration,2026-08-10T00:00:00Z,EMP022,2026-08-15,Passed,,87.9,INV-01540.pdf,Three-way match completed.
1541,INVREC01541,INV-01541,PO-2024-0311,PO0311,VEND013,Quick Logistics,2024-08-03,2024-10-02,GBP,102939.92,0,1980.19,5,5147,110067.11,Paid,Paid,2024-08-16,System Integration,2024-08-03T00:00:00Z,EMP013,2024-08-08,Passed,,99.2,INV-01541.pdf,Matched successfully against PO.
1542,INVREC01542,INV-01542,PO-2023-1476,PO1476,VEND049,Parker Hannifin Corporation,2023-11-18,2024-01-17,USD,349800.05,0,0,18,62964.01,412764.06,Paid,Paid,2023-11-28,System Integration,2023-11-18T00:00:00Z,EMP038,2023-11-21,Passed,,89.2,INV-01542.pdf,Matched successfully against PO.
1543,INVREC01543,INV-01543,PO-2026-0285,PO0285,VEND056,PricewaterhouseCoopers LLP,2026-01-28,2026-02-27,EUR,240450.66,0,149.81,20,48090.13,288690.6,Paid,Paid,2026-02-03,System Integration,2026-01-28T00:00:00Z,EMP033,2026-01-31,Passed,,95.1,INV-01543.pdf,Invoice under review.
1544,INVREC01544,INV-01544,PO-2023-0641,PO0641,VEND008,DHL Express,2023-09-02,2023-09-17,INR,472282.41,16935.53,4400.64,0,0,476683.05,Paid,Paid,2023-09-10,Manual Entry,2023-09-02T00:00:00Z,EMP015,2023-09-05,Passed,,88.1,INV-01544.pdf,Ready for payment.
1545,INVREC01545,INV-01545,PO-2026-0937,PO0937,VEND067,"CBRE Group, Inc.",2026-11-18,2026-11-18,EUR,399406.31,0,0,18,71893.14,471299.45,Paid,Paid,2026-11-18,Manual Entry,2026-11-18T00:00:00Z,EMP027,2026-11-19,Passed,,96.7,INV-01545.pdf,Payment pending approval.
1546,INVREC01546,INV-01546,PO-2023-1326,PO1326,VEND089,DeWalt Industrial Tool Co.,2023-04-20,2023-05-20,INR,320119.86,0,0,18,57621.57,377741.43,Paid,Paid,2023-05-01,System Integration,2023-04-20T00:00:00Z,EMP037,2023-04-26,Passed,,97.1,INV-01546.pdf,Payment pending approval.
1547,INVREC01547,INV-01547,PO-2024-0943,PO0943,VEND068,Securitas AB,2024-06-20,2024-07-20,EUR,338362.6,0,0,10,33836.26,372198.86,Paid,Paid,2024-07-10,System Integration,2024-06-20T00:00:00Z,EMP039,2024-06-27,Passed,,91.9,INV-01547.pdf,Ready for payment.
1548,INVREC01548,INV-01548,PO-2024-1250,PO1250,VEND096,Gates Corporation,2024-11-04,2025-01-03,EUR,253964.86,4186.89,2560.71,0,0,256525.57,Paid,Paid,2024-11-07,OCR Workflow,2024-11-04T00:00:00Z,EMP022,2024-11-05,Passed,,92.6,INV-01548.pdf,Invoice under review.
1549,INVREC01549,INV-01549,PO-2025-0202,PO0202,VEND017,Pinnacle Partners,2025-02-05,2025-03-22,CHF,478387.31,0,0,0,0,478387.31,Paid,Paid,2025-02-19,Manual Entry,2025-02-05T00:00:00Z,EMP024,2025-02-08,Passed,,87.8,INV-01549.pdf,Payment pending approval.
1550,INVREC01550,INV-01550,PO-2024-0711,PO0711,VEND008,DHL Express,2024-07-18,2024-08-17,INR,287481.39,0,4726.41,0,0,292207.8,Paid,Paid,2024-07-26,System Integration,2024-07-18T00:00:00Z,EMP037,2024-07-25,Passed,,99.3,INV-01550.pdf,Invoice under review.
1551,INVREC01551,INV-01551,PO-2026-0469,PO0469,VEND080,Ecolab Inc.,2027-01-25,2027-02-24,INR,306066.43,0,1087.12,10,30606.64,337760.19,Rejected,Unpaid,None,System Integration,2027-01-25T00:00:00Z,EMP033,2027-01-29,Passed,,94.4,INV-01551.pdf,Invoice under review.
1552,INVREC01552,INV-01552,PO-2023-1166,PO1166,VEND070,Tyco International,2023-07-23,2023-09-06,GBP,258907.58,0,2427.84,0,0,261335.42,Paid,Paid,2023-07-26,OCR Workflow,2023-07-23T00:00:00Z,EMP010,2023-07-25,Passed,,86.6,INV-01552.pdf,Matched successfully against PO.
1553,INVREC01553,INV-01553,PO-2023-0295,PO0295,VEND084,McMaster-Carr,2023-06-03,2023-06-18,GBP,60679.63,0,1332.21,18,10922.33,72934.17,Paid,Paid,2023-06-18,OCR Workflow,2023-06-03T00:00:00Z,EMP022,2023-06-10,Passed,,89,INV-01553.pdf,Matched successfully against PO.
1554,INVREC01554,INV-01554,PO-2023-0308,PO0308,VEND006,Amazon Business,2023-11-25,2023-12-25,SEK,382162.37,0,318.95,10,38216.24,420697.56,Paid,Paid,2023-12-15,OCR Workflow,2023-11-25T00:00:00Z,EMP002,2023-12-02,Passed,,94.3,INV-01554.pdf,Payment pending approval.
1555,INVREC01555,INV-01555,PO-2026-1133,PO1133,VEND079,UniFirst Corporation,2026-10-04,2026-11-03,USD,290798.83,0,0,20,58159.77,348958.6,Paid,Paid,2026-10-21,OCR Workflow,2026-10-04T00:00:00Z,EMP025,2026-10-11,Passed,,99,INV-01555.pdf,Matched successfully against PO.
1556,INVREC01556,INV-01556,PO-2025-0455,PO0455,VEND084,McMaster-Carr,2025-04-20,2025-05-20,GBP,449399.76,0,4060.96,18,80891.96,534352.68,Rejected,Unpaid,None,System Integration,2025-04-20T00:00:00Z,EMP017,2025-04-21,Passed,,88.2,INV-01556.pdf,Payment pending approval.
1557,INVREC01557,INV-01557,PO-2023-1103,PO1103,VEND091,Ingersoll Rand,2023-01-31,2023-03-02,GBP,305319.56,0,3338.07,5,15265.98,323923.61,Rejected,Unpaid,None,System Integration,2023-01-31T00:00:00Z,EMP006,2023-02-01,Passed,,91.4,INV-01557.pdf,Three-way match completed.
1558,INVREC01558,INV-01558,PO-2026-1267,PO1267,VEND094,Timken Company,2026-07-20,2026-09-18,SEK,429225.05,15391.48,0,5,21461.25,450686.3,Paid,Paid,2026-07-28,Manual Entry,2026-07-20T00:00:00Z,EMP029,2026-07-25,Passed,,91,INV-01558.pdf,Payment pending approval.
1559,INVREC01559,INV-01559,PO-2026-1331,PO1331,VEND017,Pinnacle Partners,2026-09-10,2026-10-25,CHF,282566.57,0,0,0,0,282566.57,Paid,Paid,2026-09-17,Manual Entry,2026-09-10T00:00:00Z,EMP027,2026-09-13,Passed,,98.1,INV-01559.pdf,Payment pending approval.
1560,INVREC01560,INV-01560,PO-2026-0144,PO0144,VEND025,ABB Ltd,2026-07-08,2026-08-07,GBP,341949.62,13426.17,2431.28,10,34194.96,378575.86,Rejected,Unpaid,None,OCR Workflow,2026-07-08T00:00:00Z,EMP021,2026-07-15,Passed,,91,INV-01560.pdf,Ready for payment.
1561,INVREC01561,INV-01561,PO-2025-0471,PO0471,VEND012,Elite Services,2025-11-15,2025-11-15,SEK,368263.39,0,0,10,36826.34,405089.73,Rejected,Unpaid,None,System Integration,2025-11-15T00:00:00Z,EMP025,2025-11-18,Passed,,89.2,INV-01561.pdf,Invoice under review.
1562,INVREC01562,INV-01562,PO-2026-1386,PO1386,VEND045,Hewlett Packard Enterprise,2026-03-28,2026-04-27,CHF,44514.59,0,3125.68,0,0,47640.27,Rejected,Unpaid,None,System Integration,2026-03-28T00:00:00Z,EMP002,2026-04-01,Passed,,96.2,INV-01562.pdf,Three-way match completed.
1563,INVREC01563,INV-01563,PO-2024-0759,PO0759,VEND007,Staples Inc.,2024-08-18,2024-10-02,EUR,357103.98,4037.62,4761.25,10,35710.4,397575.63,Paid,Paid,2024-08-24,System Integration,2024-08-18T00:00:00Z,EMP037,2024-08-20,Passed,,88.2,INV-01563.pdf,Matched successfully against PO.
1564,INVREC01564,INV-01564,PO-2023-0991,PO0991,VEND085,Fastenal Company,2023-04-09,2023-05-09,SEK,451128.5,4845.05,4442.5,18,81203.13,536774.13,Rejected,Unpaid,None,Manual Entry,2023-04-09T00:00:00Z,EMP013,2023-04-13,Passed,,97.2,INV-01564.pdf,Invoice under review.
1565,INVREC01565,INV-01565,PO-2024-0903,PO0903,VEND081,Kimberly-Clark Professional,2025-01-18,2025-01-18,SEK,469599.56,0,0,18,84527.92,554127.48,Paid,Paid,2025-01-18,OCR Workflow,2025-01-18T00:00:00Z,EMP014,2025-01-24,Passed,,97.8,INV-01565.pdf,Ready for payment.
1566,INVREC01566,INV-01566,PO-2026-0874,PO0874,VEND075,T-Mobile for Business,2026-02-12,2026-02-27,GBP,96898.74,0,0,20,19379.75,116278.49,Paid,Paid,2026-02-16,System Integration,2026-02-12T00:00:00Z,EMP024,2026-02-18,Passed,,87.9,INV-01566.pdf,Matched successfully against PO.
1567,INVREC01567,INV-01567,PO-2026-0602,PO0602,VEND056,PricewaterhouseCoopers LLP,2026-04-13,2026-06-12,EUR,312788.8,13619.77,4634.99,10,31278.88,348702.67,Pending,Unpaid,None,System Integration,2026-04-13T00:00:00Z,None,None,Pending Approval,,91.2,INV-01567.pdf,Invoice under review.
1568,INVREC01568,INV-01568,PO-2026-0975,PO0975,VEND066,Jones Lang LaSalle,2026-03-13,2026-04-27,CHF,85919.89,0,3737.37,18,15465.58,105122.84,Paid,Paid,2026-03-29,System Integration,2026-03-13T00:00:00Z,EMP005,2026-03-17,Passed,,86.3,INV-01568.pdf,Matched successfully against PO.
1569,INVREC01569,INV-01569,PO-2025-0007,PO0007,VEND034,C.H. Robinson Worldwide,2025-12-16,2026-02-14,SEK,47220.45,0,500.07,20,9444.09,57164.61,Paid,Paid,2025-12-25,System Integration,2025-12-16T00:00:00Z,EMP016,2025-12-22,Passed,,85.1,INV-01569.pdf,Ready for payment.
1570,INVREC01570,INV-01570,PO-2025-0521,PO0521,VEND037,Atlas Air Worldwide,2025-12-21,2026-01-20,CHF,132710.01,0,0,0,0,132710.01,Paid,Paid,2025-12-23,Manual Entry,2025-12-21T00:00:00Z,EMP006,2025-12-23,Passed,,95.4,INV-01570.pdf,Matched successfully against PO.
1571,INVREC01571,INV-01571,PO-2023-0721,PO0721,VEND068,Securitas AB,2023-04-15,2023-05-15,EUR,277101.65,0,4029.4,10,27710.17,308841.22,Paid,Paid,2023-05-05,System Integration,2023-04-15T00:00:00Z,EMP030,2023-04-19,Passed,,85.9,INV-01571.pdf,Invoice under review.
1572,INVREC01572,INV-01572,PO-2024-0561,PO0561,VEND012,Elite Services,2024-05-04,2024-06-18,SEK,79744.63,825.99,0,18,14354.03,94098.66,Paid,Paid,2024-05-13,OCR Workflow,2024-05-04T00:00:00Z,EMP006,2024-05-05,Passed,,96.8,INV-01572.pdf,Three-way match completed.
1573,INVREC01573,INV-01573,PO-2025-1293,PO1293,VEND079,UniFirst Corporation,2025-10-17,2025-11-16,USD,484501.38,17645.62,4057.4,18,87210.25,575769.03,Paid,Paid,2025-10-31,OCR Workflow,2025-10-17T00:00:00Z,EMP007,2025-10-18,Passed,,91.2,INV-01573.pdf,Ready for payment.
1574,INVREC01574,INV-01574,PO-2023-1101,PO1101,VEND020,Alpha Industries,2023-01-25,2023-02-09,SEK,269643.19,0,0,10,26964.32,296607.51,Paid,Paid,2023-01-26,Manual Entry,2023-01-25T00:00:00Z,EMP002,2023-01-27,Passed,,91,INV-01574.pdf,Matched successfully against PO.
1575,INVREC01575,INV-01575,PO-2024-1199,PO1199,VEND054,"FTI Consulting, Inc.",2024-12-13,2025-02-11,USD,226803.95,0,0,5,11340.2,238144.15,Rejected,Unpaid,None,OCR Workflow,2024-12-13T00:00:00Z,EMP007,2024-12-15,Passed,,90,INV-01575.pdf,Three-way match completed.
1576,INVREC01576,INV-01576,PO-2023-1200,PO1200,VEND100,ZF Friedrichshafen AG,2023-01-23,2023-03-09,USD,35361.32,774.83,0,20,7072.26,42433.58,Paid,Paid,2023-01-28,OCR Workflow,2023-01-23T00:00:00Z,EMP033,2023-01-28,Passed,,98.8,INV-01576.pdf,Payment pending approval.
1577,INVREC01577,INV-01577,PO-2025-1400,PO1400,VEND090,Snap-on Incorporated,2025-03-14,2025-04-13,GBP,51106.95,0,4558.62,18,9199.25,64864.82,Pending,Unpaid,None,OCR Workflow,2025-03-14T00:00:00Z,None,None,Pending Approval,,97.1,INV-01577.pdf,Payment pending approval.
1578,INVREC01578,INV-01578,PO-2025-0018,PO0018,VEND025,ABB Ltd,2025-01-19,2025-03-05,GBP,104640.63,0,0,0,0,104640.63,Paid,Paid,2025-02-07,System Integration,2025-01-19T00:00:00Z,EMP003,2025-01-25,Passed,,98.6,INV-01578.pdf,Matched successfully against PO.
1579,INVREC01579,INV-01579,PO-2024-0224,PO0224,VEND038,Penske Logistics,2024-09-22,2024-11-06,SEK,336182.39,8648.7,0,5,16809.12,352991.51,Pending,Unpaid,None,System Integration,2024-09-22T00:00:00Z,None,None,Pending Approval,,97.5,INV-01579.pdf,Matched successfully against PO.
1580,INVREC01580,INV-01580,PO-2023-0825,PO0825,VEND041,Salesforce.com Inc.,2023-03-01,2023-03-16,GBP,241543.76,2814.81,3415.93,5,12077.19,257036.88,Paid,Paid,2023-03-05,System Integration,2023-03-01T00:00:00Z,EMP009,2023-03-03,Passed,,92.2,INV-01580.pdf,Invoice under review.
1581,INVREC01581,INV-01581,PO-2025-1448,PO1448,VEND060,Boston Consulting Group,2025-08-29,2025-10-28,SEK,408822.12,14847.64,0,0,0,408822.12,Rejected,Unpaid,None,OCR Workflow,2025-08-29T00:00:00Z,EMP020,2025-09-05,Passed,,89.6,INV-01581.pdf,Payment pending approval.
1582,INVREC01582,INV-01582,PO-2024-0404,PO0404,VEND079,UniFirst Corporation,2024-07-06,2024-07-21,USD,54081.27,1020.31,362.46,10,5408.13,59851.86,Rejected,Unpaid,None,OCR Workflow,2024-07-06T00:00:00Z,EMP038,2024-07-12,Passed,,90.9,INV-01582.pdf,Invoice under review.
1583,INVREC01583,INV-01583,PO-2026-0975,PO0975,VEND066,Jones Lang LaSalle,2026-03-18,2026-05-02,CHF,85919.89,3108.42,3737.37,18,15465.58,105122.84,Paid,Paid,2026-03-19,OCR Workflow,2026-03-18T00:00:00Z,EMP003,2026-03-25,Passed,,98.7,INV-01583.pdf,Ready for payment.
1584,INVREC01584,INV-01584,PO-2024-0330,PO0330,VEND072,Republic Services,2024-07-30,2024-07-30,SEK,200049.43,0,0,20,40009.89,240059.32,Rejected,Unpaid,None,System Integration,2024-07-30T00:00:00Z,EMP003,2024-08-01,Passed,,94.9,INV-01584.pdf,Invoice under review.
1585,INVREC01585,INV-01585,PO-2026-0169,PO0169,VEND021,Johnson Controls,2026-03-12,2026-04-11,USD,496921.93,0,3972.19,10,49692.19,550586.31,Paid,Paid,2026-03-13,System Integration,2026-03-12T00:00:00Z,EMP025,2026-03-19,Passed,,88.3,INV-01585.pdf,Payment pending approval.
1586,INVREC01586,INV-01586,PO-2026-0893,PO0893,VEND025,ABB Ltd,2026-03-04,2026-03-19,GBP,343702.53,0,2551.1,0,0,346253.63,Paid,Paid,2026-03-13,Manual Entry,2026-03-04T00:00:00Z,EMP025,2026-03-09,Passed,,95.6,INV-01586.pdf,Invoice under review.
1587,INVREC01587,INV-01587,PO-2023-0841,PO0841,VEND084,McMaster-Carr,2023-05-23,2023-06-22,GBP,433469.43,17214.16,4767.13,20,86693.89,524930.45,Paid,Paid,2023-06-09,Manual Entry,2023-05-23T00:00:00Z,EMP031,2023-05-24,Passed,,85.8,INV-01587.pdf,Payment pending approval.
1588,INVREC01588,INV-01588,PO-2024-1248,PO1248,VEND038,Penske Logistics,2024-12-26,2025-01-25,SEK,326625.83,12083.75,3924.21,18,58792.65,389342.69,Paid,Paid,2025-01-05,Manual Entry,2024-12-26T00:00:00Z,EMP030,2024-12-30,Passed,,88.8,INV-01588.pdf,Matched successfully against PO.
1589,INVREC01589,INV-01589,PO-2026-1012,PO1012,VEND087,Hilti Corporation,2026-01-28,2026-01-28,CHF,135675.94,0,0,10,13567.59,149243.53,Rejected,Unpaid,None,Manual Entry,2026-01-28T00:00:00Z,EMP007,2026-01-30,Passed,,97.8,INV-01589.pdf,Matched successfully against PO.
1590,INVREC01590,INV-01590,PO-2023-1137,PO1137,VEND091,Ingersoll Rand,2023-07-27,2023-08-26,GBP,156045.08,0,338.39,5,7802.25,164185.72,Paid,Paid,2023-08-10,System Integration,2023-07-27T00:00:00Z,EMP028,2023-07-31,Passed,,93.7,INV-01590.pdf,Matched successfully against PO.
1591,INVREC01591,INV-01591,PO-2024-0043,PO0043,VEND024,Schneider Electric,2024-08-24,2024-09-23,USD,304624.32,0,0,10,30462.43,335086.75,Paid,Paid,2024-09-12,OCR Workflow,2024-08-24T00:00:00Z,EMP005,2024-08-25,Passed,,99.1,INV-01591.pdf,Invoice under review.
1592,INVREC01592,INV-01592,PO-2025-0490,PO0490,VEND034,C.H. Robinson Worldwide,2025-04-26,2025-05-26,SEK,258338.84,0,0,10,25833.88,284172.72,Rejected,Unpaid,None,OCR Workflow,2025-04-26T00:00:00Z,EMP005,2025-04-27,Passed,,89.2,INV-01592.pdf,Matched successfully against PO.
1593,INVREC01593,INV-01593,PO-2023-0764,PO0764,VEND005,Microsoft Corporation,2023-01-09,2023-02-08,SEK,377595.59,0,0,0,0,377595.59,Paid,Paid,2023-01-24,Manual Entry,2023-01-09T00:00:00Z,EMP039,2023-01-12,Passed,,89.9,INV-01593.pdf,Payment pending approval.
1594,INVREC01594,INV-01594,PO-2025-1413,PO1413,VEND083,MSC Industrial Direct,2025-06-25,2025-07-25,SEK,383809.88,0,0,5,19190.49,403000.37,Paid,Paid,2025-07-08,OCR Workflow,2025-06-25T00:00:00Z,EMP004,2025-07-01,Passed,,92.7,INV-01594.pdf,Invoice under review.
1595,INVREC01595,INV-01595,PO-2026-1406,PO1406,VEND043,Cisco Systems Inc.,2026-04-18,2026-05-18,GBP,372114.13,0,0,10,37211.41,409325.54,Paid,Paid,2026-04-25,System Integration,2026-04-18T00:00:00Z,EMP004,2026-04-19,Passed,,85.2,INV-01595.pdf,Ready for payment.
1596,INVREC01596,INV-01596,PO-2023-1145,PO1145,VEND031,FedEx Corporation,2023-09-18,2023-10-18,SEK,392209.66,0,1010.58,10,39220.97,432441.21,Paid,Paid,2023-09-22,OCR Workflow,2023-09-18T00:00:00Z,EMP030,2023-09-22,Passed,,95.8,INV-01596.pdf,Invoice under review.
1597,INVREC01597,INV-01597,PO-2023-1156,PO1156,VEND060,Boston Consulting Group,2023-10-20,2023-11-19,SEK,472382.29,19996.63,0,18,85028.81,557411.1,Pending,Unpaid,None,OCR Workflow,2023-10-20T00:00:00Z,None,None,Pending Approval,,85.7,INV-01597.pdf,Invoice under review.
1598,INVREC01598,INV-01598,PO-2023-0768,PO0768,VEND006,Amazon Business,2023-09-07,2023-09-07,SEK,192751.85,0,2278.67,5,9637.59,204668.11,Paid,Paid,2023-09-07,Manual Entry,2023-09-07T00:00:00Z,EMP035,2023-09-08,Passed,,96,INV-01598.pdf,Payment pending approval.
1599,INVREC01599,INV-01599,PO-2026-0560,PO0560,VEND070,Tyco International,2026-12-03,2027-01-17,GBP,11429.36,0,2353.07,10,1142.94,14925.37,Paid,Paid,2026-12-04,System Integration,2026-12-03T00:00:00Z,EMP006,2026-12-09,Passed,,85.9,INV-01599.pdf,Matched successfully against PO.
1600,INVREC01600,INV-01600,PO-2024-0968,PO0968,VEND068,Securitas AB,2024-04-24,2024-06-23,EUR,334520.82,0,4747.67,10,33452.08,372720.57,Paid,Paid,2024-05-10,System Integration,2024-04-24T00:00:00Z,EMP003,2024-04-26,Passed,,98.5,INV-01600.pdf,Invoice under review.
1601,INVREC01601,INV-01601,PO-2025-0367,PO0367,VEND065,Sodexo S.A.,2025-07-12,2025-09-10,INR,466250.26,21337.14,0,18,83925.05,550175.31,Paid,Paid,2025-07-30,System Integration,2025-07-12T00:00:00Z,EMP012,2025-07-18,Passed,,92.8,INV-01601.pdf,Ready for payment.
1602,INVREC01602,INV-01602,PO-2026-1378,PO1378,VEND040,SAP SE,2026-09-02,2026-10-17,INR,373971.93,0,2558.63,10,37397.19,413927.75,Rejected,Unpaid,None,Manual Entry,2026-09-02T00:00:00Z,EMP027,2026-09-05,Passed,,97.5,INV-01602.pdf,Ready for payment.
1603,INVREC01603,INV-01603,PO-2023-0199,PO0199,VEND046,Lenovo Group Limited,2023-08-03,2023-09-02,INR,367481.26,0,1978.56,0,0,369459.82,Paid,Paid,2023-08-22,Manual Entry,2023-08-03T00:00:00Z,EMP001,2023-08-10,Passed,,95.7,INV-01603.pdf,Matched successfully against PO.
1604,INVREC01604,INV-01604,PO-2025-1047,PO1047,VEND089,DeWalt Industrial Tool Co.,2025-06-30,2025-07-15,INR,468319.8,0,1304.66,0,0,469624.46,Pending,Unpaid,None,OCR Workflow,2025-06-30T00:00:00Z,None,None,Pending Approval,,86.3,INV-01604.pdf,Ready for payment.
1605,INVREC01605,INV-01605,PO-2025-1390,PO1390,VEND010,Tech Solutions Ltd,2025-04-13,2025-05-13,USD,120000.32,4702.52,0,20,24000.06,144000.38,Pending,Unpaid,None,Manual Entry,2025-04-13T00:00:00Z,None,None,Pending Approval,,88.3,INV-01605.pdf,Three-way match completed.
1606,INVREC01606,INV-01606,PO-2025-1483,PO1483,VEND026,General Electric,2025-08-11,2025-09-10,SEK,212182.99,0,1663.15,0,0,213846.14,Paid,Paid,2025-08-30,OCR Workflow,2025-08-11T00:00:00Z,EMP029,2025-08-12,Passed,,92.6,INV-01606.pdf,Invoice under review.
1607,INVREC01607,INV-01607,PO-2023-0408,PO0408,VEND037,Atlas Air Worldwide,2023-02-26,2023-03-28,CHF,328203.63,0,0,10,32820.36,361023.99,Rejected,Unpaid,None,Manual Entry,2023-02-26T00:00:00Z,EMP028,2023-02-27,Passed,,90.6,INV-01607.pdf,Matched successfully against PO.
1608,INVREC01608,INV-01608,PO-2023-0910,PO0910,VEND064,Aramark Corporation,2023-04-05,2023-04-05,EUR,127868.29,0,0,0,0,127868.29,Rejected,Unpaid,None,OCR Workflow,2023-04-05T00:00:00Z,None,None,Rejected,Invoice amount mismatch,96.6,INV-01608.pdf,Invoice under review.
1609,INVREC01609,INV-01609,PO-2023-0898,PO0898,VEND041,Salesforce.com Inc.,2023-05-27,2023-07-11,GBP,98788.92,0,0,5,4939.45,103728.37,Paid,Paid,2023-06-02,Manual Entry,2023-05-27T00:00:00Z,EMP034,2023-06-03,Passed,,96,INV-01609.pdf,Three-way match completed.
1610,INVREC01610,INV-01610,PO-2025-0229,PO0229,VEND004,Dell Technologies,2025-11-18,2025-12-03,CHF,399689.57,0,0,18,71944.12,471633.69,Paid,Paid,2025-11-27,OCR Workflow,2025-11-18T00:00:00Z,EMP036,2025-11-25,Passed,,89.6,INV-01610.pdf,Three-way match completed.
1611,INVREC01611,INV-01611,PO-2023-1063,PO1063,VEND033,Maersk Line,2023-07-13,2023-08-12,SEK,415056.22,0,0,5,20752.81,435809.03,Rejected,Unpaid,None,System Integration,2023-07-13T00:00:00Z,EMP019,2023-07-16,Passed,,92.6,INV-01611.pdf,Three-way match completed.
1612,INVREC01612,INV-01612,PO-2024-1320,PO1320,VEND098,Michelin North America,2024-11-29,2024-11-29,USD,442484.58,21716.47,0,10,44248.46,486733.04,Pending,Unpaid,None,Manual Entry,2024-11-29T00:00:00Z,None,None,Pending Approval,,96.4,INV-01612.pdf,Invoice under review.
1613,INVREC01613,INV-01613,PO-2023-0826,PO0826,VEND081,Kimberly-Clark Professional,2023-09-15,2023-10-15,SEK,42574.07,0,916.43,5,2128.7,45619.2,Paid,Paid,2023-09-24,System Integration,2023-09-15T00:00:00Z,EMP038,2023-09-21,Passed,,91.9,INV-01613.pdf,Three-way match completed.
1614,INVREC01614,INV-01614,PO-2024-1384,PO1384,VEND063,McDonald's Corporate,2024-12-22,2025-01-06,EUR,201913.12,0,0,20,40382.62,242295.74,Paid,Paid,2025-01-06,Manual Entry,2024-12-22T00:00:00Z,EMP020,2024-12-28,Passed,,90.5,INV-01614.pdf,Ready for payment.
1615,INVREC01615,INV-01615,PO-2024-1163,PO1163,VEND062,Accenture PLC,2024-02-22,2024-02-22,USD,297110.33,0,0,5,14855.52,311965.85,Paid,Paid,2024-02-22,Manual Entry,2024-02-22T00:00:00Z,EMP039,2024-02-25,Passed,,89.2,INV-01615.pdf,Matched successfully against PO.
1616,INVREC01616,INV-01616,PO-2024-0354,PO0354,VEND015,Best Buy Corp,2024-12-14,2025-01-13,INR,122214.94,0,2753.74,5,6110.75,131079.43,Pending,Unpaid,None,OCR Workflow,2024-12-14T00:00:00Z,None,None,Pending Approval,,93,INV-01616.pdf,Ready for payment.
1617,INVREC01617,INV-01617,PO-2024-1300,PO1300,VEND013,Quick Logistics,2024-04-11,2024-05-11,GBP,219384.89,0,0,0,0,219384.89,Paid,Paid,2024-04-18,System Integration,2024-04-11T00:00:00Z,EMP034,2024-04-13,Passed,,95.1,INV-01617.pdf,Invoice under review.
1618,INVREC01618,INV-01618,PO-2025-1422,PO1422,VEND041,Salesforce.com Inc.,2025-02-28,2025-03-15,GBP,42512,854.43,1141.78,10,4251.2,47904.98,Paid,Paid,2025-03-10,System Integration,2025-02-28T00:00:00Z,EMP022,2025-03-07,Passed,,99,INV-01618.pdf,Three-way match completed.
1619,INVREC01619,INV-01619,PO-2023-0901,PO0901,VEND069,ADT Inc.,2023-12-04,2024-01-03,EUR,384771.55,0,893.83,0,0,385665.38,Rejected,Unpaid,None,System Integration,2023-12-04T00:00:00Z,EMP025,2023-12-05,Passed,,85.4,INV-01619.pdf,Matched successfully against PO.
1620,INVREC01620,INV-01620,PO-2025-1295,PO1295,VEND087,Hilti Corporation,2025-09-14,2025-10-29,CHF,412311.09,10917.84,3183.44,10,41231.11,456725.64,Pending,Unpaid,None,OCR Workflow,2025-09-14T00:00:00Z,None,None,Pending Approval,,88.1,INV-01620.pdf,Payment pending approval.
1621,INVREC01621,INV-01621,PO-2023-0247,PO0247,VEND098,Michelin North America,2023-10-21,2023-11-20,USD,424578.09,10655.49,2350.98,0,0,426929.07,Paid,Paid,2023-11-08,OCR Workflow,2023-10-21T00:00:00Z,EMP028,2023-10-25,Passed,,92.8,INV-01621.pdf,Invoice under review.
1622,INVREC01622,INV-01622,PO-2025-0963,PO0963,VEND024,Schneider Electric,2025-06-05,2025-08-04,USD,272911.74,0,0,18,49124.11,322035.85,Paid,Paid,2025-06-21,Manual Entry,2025-06-05T00:00:00Z,EMP016,2025-06-08,Passed,,92.3,INV-01622.pdf,Payment pending approval.
1623,INVREC01623,INV-01623,PO-2023-0806,PO0806,VEND071,Waste Management Inc.,2024-01-24,2024-02-23,EUR,66813.41,0,1043.25,20,13362.68,81219.34,Paid,Paid,2024-01-31,OCR Workflow,2024-01-24T00:00:00Z,EMP036,2024-01-27,Passed,,98.1,INV-01623.pdf,Three-way match completed.
1624,INVREC01624,INV-01624,PO-2023-0494,PO0494,VEND038,Penske Logistics,2023-02-27,2023-02-27,SEK,470752.01,0,0,18,84735.36,555487.37,Paid,Paid,2023-02-27,System Integration,2023-02-27T00:00:00Z,EMP012,2023-03-04,Passed,,89.8,INV-01624.pdf,Three-way match completed.
1625,INVREC01625,INV-01625,PO-2026-1048,PO1048,VEND062,Accenture PLC,2026-02-14,2026-03-16,USD,272164.12,0,0,10,27216.41,299380.53,Paid,Paid,2026-02-23,OCR Workflow,2026-02-14T00:00:00Z,EMP009,2026-02-15,Passed,,97.3,INV-01625.pdf,Three-way match completed.
1626,INVREC01626,INV-01626,PO-2024-0009,PO0009,VEND038,Penske Logistics,2024-03-20,2024-03-20,SEK,254292.48,0,4332.89,0,0,258625.37,Paid,Paid,2024-03-20,Manual Entry,2024-03-20T00:00:00Z,EMP013,2024-03-23,Passed,,91.5,INV-01626.pdf,Ready for payment.
1627,INVREC01627,INV-01627,PO-2026-0886,PO0886,VEND089,DeWalt Industrial Tool Co.,2026-01-21,2026-01-21,INR,110847.57,2098.44,1436.73,5,5542.38,117826.68,Paid,Paid,2026-01-21,Manual Entry,2026-01-21T00:00:00Z,EMP025,2026-01-26,Passed,,99,INV-01627.pdf,Three-way match completed.
1628,INVREC01628,INV-01628,PO-2025-0105,PO0105,VEND042,"VMware, Inc.",2025-04-14,2025-04-29,SEK,88618.95,4133.37,86.77,10,8861.9,97567.62,Paid,Paid,2025-04-25,Manual Entry,2025-04-14T00:00:00Z,EMP020,2025-04-19,Passed,,99.4,INV-01628.pdf,Matched successfully against PO.
1629,INVREC01629,INV-01629,PO-2025-0007,PO0007,VEND034,C.H. Robinson Worldwide,2026-01-07,2026-03-08,SEK,47220.45,0,500.07,20,9444.09,57164.61,Paid,Paid,2026-01-16,System Integration,2026-01-07T00:00:00Z,EMP013,2026-01-12,Passed,,96.1,INV-01629.pdf,Three-way match completed.
1630,INVREC01630,INV-01630,PO-2023-0125,PO0125,VEND069,ADT Inc.,2023-09-28,2023-10-13,EUR,268046.09,0,0,5,13402.3,281448.39,Paid,Paid,2023-09-29,OCR Workflow,2023-09-28T00:00:00Z,EMP010,2023-10-01,Passed,,96.3,INV-01630.pdf,Three-way match completed.
1631,INVREC01631,INV-01631,PO-2023-1344,PO1344,VEND003,IMPORTING COMPANY,2023-08-29,2023-09-28,GBP,251524.21,6907.36,0,0,0,251524.21,Paid,Paid,2023-09-05,Manual Entry,2023-08-29T00:00:00Z,EMP016,2023-09-05,Passed,,92.6,INV-01631.pdf,Three-way match completed.
1632,INVREC01632,INV-01632,PO-2023-0805,PO0805,VEND001,ABCD & CO,2023-12-21,2024-01-05,SEK,184167.81,0,0,5,9208.39,193376.2,Paid,Paid,2023-12-27,System Integration,2023-12-21T00:00:00Z,EMP013,2023-12-26,Passed,,89.2,INV-01632.pdf,Payment pending approval.
1633,INVREC01633,INV-01633,PO-2023-0566,PO0566,VEND062,Accenture PLC,2023-09-07,2023-11-06,USD,499613.87,13227.59,2638.99,5,24980.69,527233.55,Rejected,Unpaid,None,Manual Entry,2023-09-07T00:00:00Z,EMP032,2023-09-14,Passed,,88.5,INV-01633.pdf,Invoice under review.
1634,INVREC01634,INV-01634,PO-2025-0082,PO0082,VEND095,SKF Group,2025-11-09,2025-11-24,GBP,138757.69,5571.18,0,5,6937.88,145695.57,Paid,Paid,2025-11-11,Manual Entry,2025-11-09T00:00:00Z,EMP011,2025-11-14,Passed,,90.1,INV-01634.pdf,Matched successfully against PO.
1635,INVREC01635,INV-01635,PO-2026-1274,PO1274,VEND042,"VMware, Inc.",2026-12-28,2027-01-27,SEK,251824.19,12011.55,0,10,25182.42,277006.61,Paid,Paid,2027-01-12,System Integration,2026-12-28T00:00:00Z,EMP025,2026-12-29,Passed,,91.5,INV-01635.pdf,Matched successfully against PO.
1636,INVREC01636,INV-01636,PO-2024-0583,PO0583,VEND074,Verizon Business Group,2024-08-31,2024-08-31,EUR,44579.86,0,0,5,2228.99,46808.85,Paid,Paid,2024-08-31,OCR Workflow,2024-08-31T00:00:00Z,EMP013,2024-09-01,Passed,,90.6,INV-01636.pdf,Ready for payment.
1637,INVREC01637,INV-01637,PO-2026-0237,PO0237,VEND034,C.H. Robinson Worldwide,2026-04-22,2026-05-22,SEK,383181.08,0,63.08,18,68972.59,452216.75,Paid,Paid,2026-05-06,Manual Entry,2026-04-22T00:00:00Z,EMP007,2026-04-26,Passed,,98.9,INV-01637.pdf,Invoice under review.
1638,INVREC01638,INV-01638,PO-2023-1335,PO1335,VEND002,Samira Hadid,2023-05-29,2023-05-29,INR,372739.09,0,0,10,37273.91,410013,Paid,Paid,2023-05-29,Manual Entry,2023-05-29T00:00:00Z,EMP038,2023-05-31,Passed,,85.8,INV-01638.pdf,Invoice under review.
1639,INVREC01639,INV-01639,PO-2024-1333,PO1333,VEND060,Boston Consulting Group,2024-06-16,2024-07-16,SEK,375100.6,0,2626.56,20,75020.12,452747.28,Paid,Paid,2024-06-26,System Integration,2024-06-16T00:00:00Z,EMP013,2024-06-17,Passed,,99,INV-01639.pdf,Invoice under review.
1640,INVREC01640,INV-01640,PO-2023-1002,PO1002,VEND064,Aramark Corporation,2023-10-22,2023-10-22,EUR,410985.05,12846.58,3922.91,10,41098.5,456006.46,Rejected,Unpaid,None,OCR Workflow,2023-10-22T00:00:00Z,None,None,Rejected,Missing PO reference,87.8,INV-01640.pdf,Invoice under review.
1641,INVREC01641,INV-01641,PO-2023-1438,PO1438,VEND098,Michelin North America,2023-05-19,2023-07-18,USD,482693.77,19827.64,4625.88,5,24134.69,511454.34,Paid,Paid,2023-05-29,System Integration,2023-05-19T00:00:00Z,EMP040,2023-05-22,Passed,,89.4,INV-01641.pdf,Ready for payment.
1642,INVREC01642,INV-01642,PO-2025-0462,PO0462,VEND057,Ernst & Young LLP,2025-12-03,2025-12-03,INR,489924.59,5932.19,0,5,24496.23,514420.82,Paid,Paid,2025-12-03,System Integration,2025-12-03T00:00:00Z,EMP026,2025-12-06,Passed,,94,INV-01642.pdf,Invoice under review.
1643,INVREC01643,INV-01643,PO-2025-0214,PO0214,VEND086,W.W. Grainger International,2026-01-05,2026-02-04,EUR,143916,4411.35,3306.96,0,0,147222.96,Paid,Paid,2026-01-07,Manual Entry,2026-01-05T00:00:00Z,EMP004,2026-01-09,Passed,,95.3,INV-01643.pdf,Ready for payment.
1644,INVREC01644,INV-01644,PO-2023-0493,PO0493,VEND097,Goodyear Tire & Rubber,2023-11-24,2024-01-08,GBP,146923.48,0,0,10,14692.35,161615.83,Paid,Paid,2023-12-01,Manual Entry,2023-11-24T00:00:00Z,EMP010,2023-12-01,Passed,,96.9,INV-01644.pdf,Invoice under review.
1645,INVREC01645,INV-01645,PO-2025-0464,PO0464,VEND045,Hewlett Packard Enterprise,2025-03-08,2025-05-07,CHF,326013.65,0,0,0,0,326013.65,Paid,Paid,2025-03-26,Manual Entry,2025-03-08T00:00:00Z,EMP015,2025-03-10,Passed,,94.3,INV-01645.pdf,Matched successfully against PO.
1646,INVREC01646,INV-01646,PO-2025-0532,PO0532,VEND037,Atlas Air Worldwide,2025-08-16,2025-09-15,CHF,85420.46,0,0,5,4271.02,89691.48,Paid,Paid,2025-08-18,OCR Workflow,2025-08-16T00:00:00Z,EMP040,2025-08-22,Passed,,94,INV-01646.pdf,Three-way match completed.
1647,INVREC01647,INV-01647,PO-2025-0595,PO0595,VEND099,Bridgestone Americas,2025-05-06,2025-06-05,USD,224469.76,0,2885.09,20,44893.95,272248.8,Paid,Paid,2025-05-13,Manual Entry,2025-05-06T00:00:00Z,EMP013,2025-05-09,Passed,,95.5,INV-01647.pdf,Matched successfully against PO.
1648,INVREC01648,INV-01648,PO-2025-0131,PO0131,VEND042,"VMware, Inc.",2025-03-10,2025-04-24,SEK,206545.59,0,2037.59,20,41309.12,249892.3,Paid,Paid,2025-03-27,System Integration,2025-03-10T00:00:00Z,EMP039,2025-03-11,Passed,,93.8,INV-01648.pdf,Three-way match completed.
1649,INVREC01649,INV-01649,PO-2025-0699,PO0699,VEND023,Caterpillar Inc.,2025-12-07,2026-01-21,INR,212070.17,10228.42,0,10,21207.02,233277.19,Paid,Paid,2025-12-15,OCR Workflow,2025-12-07T00:00:00Z,EMP026,2025-12-09,Passed,,94,INV-01649.pdf,Payment pending approval.
1650,INVREC01650,INV-01650,PO-2025-0236,PO0236,VEND048,Cummins Inc.,2025-06-22,2025-06-22,EUR,128146.41,0,0,0,0,128146.41,Paid,Paid,2025-06-22,Manual Entry,2025-06-22T00:00:00Z,EMP024,2025-06-23,Passed,,96.8,INV-01650.pdf,Ready for payment.
1651,INVREC01651,INV-01651,PO-2024-1268,PO1268,VEND020,Alpha Industries,2024-04-06,2024-05-06,SEK,344323.87,5091.41,0,10,34432.39,378756.26,Pending,Unpaid,None,OCR Workflow,2024-04-06T00:00:00Z,None,None,Pending Approval,,96.5,INV-01651.pdf,Matched successfully against PO.
1652,INVREC01652,INV-01652,PO-2026-0116,PO0116,VEND091,Ingersoll Rand,2026-07-06,2026-07-06,GBP,430863.38,0,0,18,77555.41,508418.79,Paid,Paid,2026-07-06,Manual Entry,2026-07-06T00:00:00Z,EMP005,2026-07-10,Passed,,97.8,INV-01652.pdf,Matched successfully against PO.
1653,INVREC01653,INV-01653,PO-2024-0349,PO0349,VEND087,Hilti Corporation,2024-11-14,2024-12-14,CHF,18788.47,525,2957.73,20,3757.69,25503.89,Paid,Paid,2024-11-28,Manual Entry,2024-11-14T00:00:00Z,EMP016,2024-11-21,Passed,,93.6,INV-01653.pdf,Ready for payment.
1654,INVREC01654,INV-01654,PO-2026-0874,PO0874,VEND075,T-Mobile for Business,2026-01-23,2026-02-07,GBP,96898.74,2241.16,0,20,19379.75,116278.49,Paid,Paid,2026-02-07,OCR Workflow,2026-01-23T00:00:00Z,EMP006,2026-01-29,Passed,,99.4,INV-01654.pdf,Three-way match completed.
1655,INVREC01655,INV-01655,PO-2023-0972,PO0972,VEND099,Bridgestone Americas,2024-01-20,2024-03-20,USD,331150.55,0,4501.57,5,16557.53,352209.65,Paid,Paid,2024-01-25,OCR Workflow,2024-01-20T00:00:00Z,EMP010,2024-01-25,Passed,,89.5,INV-01655.pdf,Three-way match completed.
1656,INVREC01656,INV-01656,PO-2025-1373,PO1373,VEND029,Rockwell Automation,2026-01-03,2026-01-03,USD,335681.32,0,0,0,0,335681.32,Paid,Paid,2026-01-03,OCR Workflow,2026-01-03T00:00:00Z,EMP026,2026-01-04,Passed,,88.8,INV-01656.pdf,Three-way match completed.
1657,INVREC01657,INV-01657,PO-2023-0426,PO0426,VEND084,McMaster-Carr,2023-06-05,2023-08-04,GBP,454258.13,0,1208.61,0,0,455466.74,Paid,Paid,2023-06-20,Manual Entry,2023-06-05T00:00:00Z,EMP034,2023-06-08,Passed,,99.4,INV-01657.pdf,Invoice under review.
1658,INVREC01658,INV-01658,PO-2026-0329,PO0329,VEND100,ZF Friedrichshafen AG,2026-07-20,2026-08-04,USD,172856.47,0,0,10,17285.65,190142.12,Paid,Paid,2026-07-29,OCR Workflow,2026-07-20T00:00:00Z,EMP001,2026-07-25,Passed,,95.1,INV-01658.pdf,Three-way match completed.
1659,INVREC01659,INV-01659,PO-2026-0385,PO0385,VEND078,Cintas Corporation,2026-04-02,2026-04-02,USD,250414.22,0,0,5,12520.71,262934.93,Paid,Paid,2026-04-02,Manual Entry,2026-04-02T00:00:00Z,EMP027,2026-04-08,Passed,,89.1,INV-01659.pdf,Three-way match completed.
1660,INVREC01660,INV-01660,PO-2025-0866,PO0866,VEND038,Penske Logistics,2025-10-24,2025-11-23,SEK,199495.13,0,0,5,9974.76,209469.89,Paid,Paid,2025-11-06,OCR Workflow,2025-10-24T00:00:00Z,EMP023,2025-10-28,Passed,,88,INV-01660.pdf,Ready for payment.
1661,INVREC01661,INV-01661,PO-2025-0287,PO0287,VEND097,Goodyear Tire & Rubber,2025-09-30,2025-10-30,GBP,92356.24,0,0,20,18471.25,110827.49,Paid,Paid,2025-10-08,System Integration,2025-09-30T00:00:00Z,EMP025,2025-10-07,Passed,,99.1,INV-01661.pdf,Payment pending approval.
1662,INVREC01662,INV-01662,PO-2025-0597,PO0597,VEND077,Spectrum Business,2025-10-04,2025-11-18,SEK,309619.77,4763.71,4589.06,18,55731.56,369940.39,Paid,Paid,2025-10-19,System Integration,2025-10-04T00:00:00Z,EMP001,2025-10-06,Passed,,88.5,INV-01662.pdf,Matched successfully against PO.
1663,INVREC01663,INV-01663,PO-2023-1396,PO1396,VEND055,Deloitte & Touche LLP,2023-02-25,2023-04-11,EUR,379624.08,18047.63,0,0,0,379624.08,Paid,Paid,2023-03-15,Manual Entry,2023-02-25T00:00:00Z,EMP035,2023-02-26,Passed,,93.2,INV-01663.pdf,Payment pending approval.
1664,INVREC01664,INV-01664,PO-2024-0056,PO0056,VEND023,Caterpillar Inc.,2024-12-13,2025-01-27,INR,270244.48,0,3016.75,5,13512.22,286773.45,Rejected,Unpaid,None,OCR Workflow,2024-12-13T00:00:00Z,EMP019,2024-12-17,Passed,,97,INV-01664.pdf,Invoice under review.
1665,INVREC01665,INV-01665,PO-2025-0704,PO0704,VEND075,T-Mobile for Business,2026-01-12,2026-02-11,GBP,15920.28,0,208.37,10,1592.03,17720.68,Paid,Paid,2026-01-19,OCR Workflow,2026-01-12T00:00:00Z,EMP015,2026-01-14,Passed,,92.7,INV-01665.pdf,Payment pending approval.
1666,INVREC01666,INV-01666,PO-2023-0689,PO0689,VEND100,ZF Friedrichshafen AG,2024-01-08,2024-02-07,USD,10082.27,0,0,0,0,10082.27,Paid,Paid,2024-01-17,OCR Workflow,2024-01-08T00:00:00Z,EMP021,2024-01-09,Passed,,96.9,INV-01666.pdf,Three-way match completed.
1667,INVREC01667,INV-01667,PO-2025-0411,PO0411,VEND023,Caterpillar Inc.,2025-08-10,2025-08-25,INR,357360.19,0,4475.25,18,64324.83,426160.27,Paid,Paid,2025-08-19,Manual Entry,2025-08-10T00:00:00Z,EMP014,2025-08-17,Passed,,95.3,INV-01667.pdf,Invoice under review.
1668,INVREC01668,INV-01668,PO-2026-0353,PO0353,VEND025,ABB Ltd,2026-12-02,2027-01-01,GBP,134156.55,0,0,20,26831.31,160987.86,Paid,Paid,2026-12-19,Manual Entry,2026-12-02T00:00:00Z,EMP004,2026-12-08,Passed,,87.7,INV-01668.pdf,Matched successfully against PO.
1669,INVREC01669,INV-01669,PO-2024-0743,PO0743,VEND009,Office Furniture World,2024-08-24,2024-09-23,USD,415937,0,977.23,18,74868.66,491782.89,Rejected,Unpaid,None,OCR Workflow,2024-08-24T00:00:00Z,EMP013,2024-08-29,Passed,,92,INV-01669.pdf,Matched successfully against PO.
1670,INVREC01670,INV-01670,PO-2026-1357,PO1357,VEND051,Thomson Reuters,2026-12-01,2027-01-15,USD,428484.03,0,3860.81,20,85696.81,518041.65,Paid,Paid,2026-12-18,OCR Workflow,2026-12-01T00:00:00Z,EMP008,2026-12-06,Passed,,99.8,INV-01670.pdf,Ready for payment.
1671,INVREC01671,INV-01671,PO-2024-1171,PO1171,VEND035,Expeditors International,2024-12-01,2024-12-31,GBP,498073.92,0,1258.21,0,0,499332.13,Paid,Paid,2024-12-14,OCR Workflow,2024-12-01T00:00:00Z,EMP017,2024-12-08,Passed,,85.2,INV-01671.pdf,Three-way match completed.
1672,INVREC01672,INV-01672,PO-2025-0699,PO0699,VEND023,Caterpillar Inc.,2025-12-14,2026-01-28,INR,212070.17,0,0,10,21207.02,233277.19,Paid,Paid,2025-12-16,Manual Entry,2025-12-14T00:00:00Z,EMP001,2025-12-21,Passed,,88.3,INV-01672.pdf,Invoice under review.
1673,INVREC01673,INV-01673,PO-2024-0099,PO0099,VEND094,Timken Company,2024-02-21,2024-02-21,SEK,195423.2,9631.74,4589.41,20,39084.64,239097.25,Pending,Unpaid,None,Manual Entry,2024-02-21T00:00:00Z,None,None,Pending Approval,,90.6,INV-01673.pdf,Three-way match completed.
1674,INVREC01674,INV-01674,PO-2024-1051,PO1051,VEND050,Festo AG & Co. KG,2024-12-20,2025-01-04,INR,22396.54,0,0,10,2239.65,24636.19,Pending,Unpaid,None,Manual Entry,2024-12-20T00:00:00Z,None,None,Pending Approval,,88.3,INV-01674.pdf,Matched successfully against PO.
1675,INVREC01675,INV-01675,PO-2025-0911,PO0911,VEND065,Sodexo S.A.,2025-11-29,2026-01-28,INR,444132.82,0,0,5,22206.64,466339.46,Paid,Paid,2025-12-12,System Integration,2025-11-29T00:00:00Z,EMP008,2025-12-05,Passed,,92.1,INV-01675.pdf,Ready for payment.
1676,INVREC01676,INV-01676,PO-2023-0218,PO0218,VEND044,IBM Corporation,2023-04-19,2023-06-18,SEK,19806.77,0,0,20,3961.35,23768.12,Rejected,Unpaid,None,OCR Workflow,2023-04-19T00:00:00Z,EMP014,2023-04-21,Passed,,94.5,INV-01676.pdf,Three-way match completed.
1677,INVREC01677,INV-01677,PO-2023-1058,PO1058,VEND087,Hilti Corporation,2023-06-01,2023-06-16,CHF,436799.23,0,1352.88,5,21839.96,459992.07,Rejected,Unpaid,None,System Integration,2023-06-01T00:00:00Z,EMP037,2023-06-06,Passed,,94.9,INV-01677.pdf,Matched successfully against PO.
1678,INVREC01678,INV-01678,PO-2024-0611,PO0611,VEND037,Atlas Air Worldwide,2025-01-17,2025-02-16,CHF,29671.51,456.39,0,20,5934.3,35605.81,Paid,Paid,2025-01-23,OCR Workflow,2025-01-17T00:00:00Z,EMP004,2025-01-21,Passed,,96.4,INV-01678.pdf,Matched successfully against PO.
1679,INVREC01679,INV-01679,PO-2025-0482,PO0482,VEND029,Rockwell Automation,2025-04-22,2025-04-22,USD,441078.82,14982.13,0,0,0,441078.82,Paid,Paid,2025-04-22,Manual Entry,2025-04-22T00:00:00Z,EMP024,2025-04-27,Passed,,91.4,INV-01679.pdf,Payment pending approval.
1680,INVREC01680,INV-01680,PO-2024-1304,PO1304,VEND078,Cintas Corporation,2024-07-08,2024-08-07,USD,263474.76,0,0,5,13173.74,276648.5,Paid,Paid,2024-07-18,OCR Workflow,2024-07-08T00:00:00Z,EMP015,2024-07-09,Passed,,87,INV-01680.pdf,Matched successfully against PO.
1681,INVREC01681,INV-01681,PO-2023-1237,PO1237,VEND087,Hilti Corporation,2023-12-13,2024-01-12,CHF,214594.66,0,183,20,42918.93,257696.59,Paid,Paid,2023-12-28,Manual Entry,2023-12-13T00:00:00Z,EMP005,2023-12-17,Passed,,91.6,INV-01681.pdf,Payment pending approval.
1682,INVREC01682,INV-01682,PO-2023-0646,PO0646,VEND075,T-Mobile for Business,2023-09-30,2023-09-30,GBP,19488,0,0,0,0,19488,Rejected,Unpaid,None,Manual Entry,2023-09-30T00:00:00Z,EMP006,2023-10-03,Passed,,88.8,INV-01682.pdf,Matched successfully against PO.
1683,INVREC01683,INV-01683,PO-2025-1493,PO1493,VEND011,Global Supplies Inc,2025-07-05,2025-08-04,SEK,420384.43,0,1685.27,18,75669.2,497738.9,Paid,Paid,2025-07-17,System Integration,2025-07-05T00:00:00Z,EMP020,2025-07-07,Passed,,93.8,INV-01683.pdf,Invoice under review.
1684,INVREC01684,INV-01684,PO-2026-0746,PO0746,VEND034,C.H. Robinson Worldwide,2026-04-30,2026-06-14,SEK,460356.04,0,0,18,82864.09,543220.13,Paid,Paid,2026-05-20,OCR Workflow,2026-04-30T00:00:00Z,EMP016,2026-05-07,Passed,,94.8,INV-01684.pdf,Invoice under review.
1685,INVREC01685,INV-01685,PO-2026-0017,PO0017,VEND100,ZF Friedrichshafen AG,2026-06-03,2026-07-03,USD,439004.32,0,1590.19,0,0,440594.51,Paid,Paid,2026-06-21,System Integration,2026-06-03T00:00:00Z,EMP027,2026-06-08,Passed,,94.6,INV-01685.pdf,Matched successfully against PO.
1686,INVREC01686,INV-01686,PO-2025-1374,PO1374,VEND008,DHL Express,2025-05-19,2025-07-03,INR,440498.82,15564.99,0,0,0,440498.82,Paid,Paid,2025-05-20,OCR Workflow,2025-05-19T00:00:00Z,EMP020,2025-05-24,Passed,,98.7,INV-01686.pdf,Three-way match completed.
1687,INVREC01687,INV-01687,PO-2023-0549,PO0549,VEND049,Parker Hannifin Corporation,2023-05-19,2023-06-18,USD,443543.51,8816.1,1944.9,10,44354.35,489842.76,Paid,Paid,2023-06-07,System Integration,2023-05-19T00:00:00Z,EMP040,2023-05-21,Passed,,99.3,INV-01687.pdf,Ready for payment.
1688,INVREC01688,INV-01688,PO-2026-1309,PO1309,VEND065,Sodexo S.A.,2026-04-29,2026-05-29,INR,400407.79,0,1740.01,10,40040.78,442188.58,Rejected,Unpaid,None,OCR Workflow,2026-04-29T00:00:00Z,EMP001,2026-05-05,Passed,,94.5,INV-01688.pdf,Payment pending approval.
1689,INVREC01689,INV-01689,PO-2023-0341,PO0341,VEND055,Deloitte & Touche LLP,2023-12-29,2023-12-29,EUR,96763.65,2579.14,1690.44,5,4838.18,103292.27,Paid,Paid,2023-12-29,OCR Workflow,2023-12-29T00:00:00Z,EMP013,2023-12-30,Passed,,96.1,INV-01689.pdf,Three-way match completed.
1690,INVREC01690,INV-01690,PO-2026-1033,PO1033,VEND044,IBM Corporation,2026-11-21,2026-11-21,SEK,66070.07,3110.75,2075.51,0,0,68145.58,Paid,Paid,2026-11-21,System Integration,2026-11-21T00:00:00Z,EMP029,2026-11-22,Passed,,95.7,INV-01690.pdf,Three-way match completed.
1691,INVREC01691,INV-01691,PO-2026-0437,PO0437,VEND043,Cisco Systems Inc.,2026-08-09,2026-10-08,GBP,36760.19,0,0,18,6616.83,43377.02,Paid,Paid,2026-08-21,System Integration,2026-08-09T00:00:00Z,EMP025,2026-08-14,Passed,,92.9,INV-01691.pdf,Matched successfully against PO.
1692,INVREC01692,INV-01692,PO-2025-0588,PO0588,VEND003,IMPORTING COMPANY,2025-08-21,2025-09-05,GBP,164341.63,0,3063.13,10,16434.16,183838.92,Paid,Paid,2025-08-22,System Integration,2025-08-21T00:00:00Z,EMP035,2025-08-28,Passed,,90.4,INV-01692.pdf,Ready for payment.
1693,INVREC01693,INV-01693,PO-2024-0629,PO0629,VEND045,Hewlett Packard Enterprise,2024-11-05,2024-12-05,CHF,20138.73,726.05,715.25,10,2013.87,22867.85,Paid,Paid,2024-11-20,System Integration,2024-11-05T00:00:00Z,EMP024,2024-11-09,Passed,,96,INV-01693.pdf,Ready for payment.
1694,INVREC01694,INV-01694,PO-2026-1027,PO1027,VEND060,Boston Consulting Group,2026-04-13,2026-05-13,SEK,264934.7,0,1388.07,10,26493.47,292816.24,Rejected,Unpaid,None,Manual Entry,2026-04-13T00:00:00Z,EMP007,2026-04-17,Passed,,91.7,INV-01694.pdf,Payment pending approval.
1695,INVREC01695,INV-01695,PO-2025-0585,PO0585,VEND085,Fastenal Company,2025-10-15,2025-11-14,SEK,327916.95,9974.62,0,18,59025.05,386942,Paid,Paid,2025-10-31,System Integration,2025-10-15T00:00:00Z,EMP021,2025-10-20,Passed,,86.7,INV-01695.pdf,Invoice under review.
1696,INVREC01696,INV-01696,PO-2023-0940,PO0940,VEND033,Maersk Line,2023-11-07,2023-12-07,SEK,297493.2,0,3353.9,0,0,300847.1,Paid,Paid,2023-11-22,System Integration,2023-11-07T00:00:00Z,EMP013,2023-11-10,Passed,,85.3,INV-01696.pdf,Ready for payment.
1697,INVREC01697,INV-01697,PO-2026-0370,PO0370,VEND060,Boston Consulting Group,2026-03-22,2026-05-06,SEK,256457.07,0,937.98,0,0,257395.05,Pending,Unpaid,None,OCR Workflow,2026-03-22T00:00:00Z,None,None,Pending Approval,,96.6,INV-01697.pdf,Three-way match completed.
1698,INVREC01698,INV-01698,PO-2025-0807,PO0807,VEND071,Waste Management Inc.,2025-10-25,2025-11-24,EUR,389170.39,0,261.46,10,38917.04,428348.89,Paid,Paid,2025-11-14,Manual Entry,2025-10-25T00:00:00Z,EMP038,2025-10-27,Passed,,86.2,INV-01698.pdf,Ready for payment.
1699,INVREC01699,INV-01699,PO-2026-0280,PO0280,VEND044,IBM Corporation,2026-06-12,2026-07-27,SEK,275631.44,0,0,0,0,275631.44,Paid,Paid,2026-06-21,System Integration,2026-06-12T00:00:00Z,EMP003,2026-06-16,Passed,,96.8,INV-01699.pdf,Payment pending approval.
1700,INVREC01700,INV-01700,PO-2023-1200,PO1200,VEND100,ZF Friedrichshafen AG,2023-02-17,2023-04-03,USD,35361.32,0,0,20,7072.26,42433.58,Pending,Unpaid,None,Manual Entry,2023-02-17T00:00:00Z,None,None,Pending Approval,,88.1,INV-01700.pdf,Three-way match completed.
1701,INVREC01701,INV-01701,PO-2026-0604,PO0604,VEND095,SKF Group,2026-11-30,2027-01-29,GBP,77684.89,0,0,0,0,77684.89,Rejected,Unpaid,None,Manual Entry,2026-11-30T00:00:00Z,EMP003,2026-12-03,Passed,,88,INV-01701.pdf,Three-way match completed.
1702,INVREC01702,INV-01702,PO-2023-1078,PO1078,VEND074,Verizon Business Group,2023-12-29,2024-01-13,EUR,149152.34,5233.86,0,20,29830.47,178982.81,Paid,Paid,2024-01-10,Manual Entry,2023-12-29T00:00:00Z,EMP027,2023-12-30,Passed,,99,INV-01702.pdf,Matched successfully against PO.
1703,INVREC01703,INV-01703,PO-2025-0578,PO0578,VEND001,ABCD & CO,2025-03-22,2025-05-06,SEK,388315.3,0,0,10,38831.53,427146.83,Paid,Paid,2025-03-30,System Integration,2025-03-22T00:00:00Z,EMP034,2025-03-28,Passed,,89.9,INV-01703.pdf,Three-way match completed.
1704,INVREC01704,INV-01704,PO-2026-1382,PO1382,VEND096,Gates Corporation,2026-05-24,2026-06-23,EUR,417720.97,0,741.71,10,41772.1,460234.78,Paid,Paid,2026-06-11,OCR Workflow,2026-05-24T00:00:00Z,EMP016,2026-05-30,Passed,,97.3,INV-01704.pdf,Matched successfully against PO.
1705,INVREC01705,INV-01705,PO-2024-0804,PO0804,VEND073,AT&T Business,2024-12-24,2025-01-23,SEK,460737.24,7048.66,2802.32,0,0,463539.56,Rejected,Unpaid,None,OCR Workflow,2024-12-24T00:00:00Z,None,None,Rejected,Missing PO reference,94.7,INV-01705.pdf,Matched successfully against PO.
1706,INVREC01706,INV-01706,PO-2025-1391,PO1391,VEND054,"FTI Consulting, Inc.",2025-08-22,2025-09-21,USD,265358.46,10696.18,0,18,47764.52,313122.98,Paid,Paid,2025-09-08,Manual Entry,2025-08-22T00:00:00Z,EMP014,2025-08-24,Passed,,90.3,INV-01706.pdf,Three-way match completed.
1707,INVREC01707,INV-01707,PO-2024-1277,PO1277,VEND050,Festo AG & Co. KG,2024-07-23,2024-09-21,INR,269757.54,0,0,18,48556.36,318313.9,Rejected,Unpaid,None,Manual Entry,2024-07-23T00:00:00Z,EMP002,2024-07-30,Passed,,92.6,INV-01707.pdf,Three-way match completed.
1708,INVREC01708,INV-01708,PO-2023-0734,PO0734,VEND027,Honeywell International,2024-01-03,2024-02-02,SEK,484784.17,0,3745.67,18,87261.15,575790.99,Paid,Paid,2024-01-07,System Integration,2024-01-03T00:00:00Z,EMP033,2024-01-06,Passed,,95.1,INV-01708.pdf,Invoice under review.
1709,INVREC01709,INV-01709,PO-2025-0593,PO0593,VEND034,C.H. Robinson Worldwide,2025-04-13,2025-05-13,SEK,454560.14,0,0,18,81820.83,536380.97,Paid,Paid,2025-04-24,Manual Entry,2025-04-13T00:00:00Z,EMP017,2025-04-16,Passed,,92.6,INV-01709.pdf,Invoice under review.
1710,INVREC01710,INV-01710,PO-2026-0271,PO0271,VEND076,Comcast Business,2026-09-18,2026-10-18,GBP,262204.19,0,2040.95,5,13110.21,277355.35,Paid,Paid,2026-09-28,Manual Entry,2026-09-18T00:00:00Z,EMP012,2026-09-19,Passed,,93.8,INV-01710.pdf,Ready for payment.
1711,INVREC01711,INV-01711,PO-2026-1280,PO1280,VEND043,Cisco Systems Inc.,2026-05-02,2026-06-01,GBP,499068.25,0,520.56,18,89832.29,589421.1,Rejected,Unpaid,None,System Integration,2026-05-02T00:00:00Z,None,None,Rejected,Missing PO reference,87.8,INV-01711.pdf,Matched successfully against PO.
1712,INVREC01712,INV-01712,PO-2024-0506,PO0506,VEND038,Penske Logistics,2024-10-12,2024-10-12,SEK,237735.23,0,0,10,23773.52,261508.75,Paid,Paid,2024-10-12,Manual Entry,2024-10-12T00:00:00Z,EMP030,2024-10-13,Passed,,91.9,INV-01712.pdf,Invoice under review.
1713,INVREC01713,INV-01713,PO-2023-1149,PO1149,VEND045,Hewlett Packard Enterprise,2023-09-23,2023-11-22,CHF,290525.93,0,0,5,14526.3,305052.23,Paid,Paid,2023-09-30,OCR Workflow,2023-09-23T00:00:00Z,EMP024,2023-09-25,Passed,,93.7,INV-01713.pdf,Invoice under review.
1714,INVREC01714,INV-01714,PO-2026-0961,PO0961,VEND025,ABB Ltd,2026-01-28,2026-02-12,GBP,191797.83,0,272.55,10,19179.78,211250.16,Paid,Paid,2026-01-31,Manual Entry,2026-01-28T00:00:00Z,EMP023,2026-02-02,Passed,,96.9,INV-01714.pdf,Matched successfully against PO.
1715,INVREC01715,INV-01715,PO-2023-0125,PO0125,VEND069,ADT Inc.,2023-09-20,2023-10-05,EUR,268046.09,5670.02,0,5,13402.3,281448.39,Rejected,Unpaid,None,System Integration,2023-09-20T00:00:00Z,EMP039,2023-09-26,Passed,,88.5,INV-01715.pdf,Ready for payment.
1716,INVREC01716,INV-01716,PO-2023-0402,PO0402,VEND025,ABB Ltd,2023-11-17,2023-12-17,GBP,73594.34,1430.12,2204.24,0,0,75798.58,Paid,Paid,2023-11-24,System Integration,2023-11-17T00:00:00Z,EMP027,2023-11-21,Passed,,92.2,INV-01716.pdf,Matched successfully against PO.
1717,INVREC01717,INV-01717,PO-2026-0717,PO0717,VEND023,Caterpillar Inc.,2026-04-10,2026-05-10,INR,301937.82,3607.25,1648.21,0,0,303586.03,Paid,Paid,2026-04-13,Manual Entry,2026-04-10T00:00:00Z,EMP028,2026-04-12,Passed,,93.4,INV-01717.pdf,Invoice under review.
1718,INVREC01718,INV-01718,PO-2024-0344,PO0344,VEND024,Schneider Electric,2024-10-27,2024-11-11,USD,37342.04,0,0,20,7468.41,44810.45,Rejected,Unpaid,None,Manual Entry,2024-10-27T00:00:00Z,EMP004,2024-11-03,Passed,,92.5,INV-01718.pdf,Ready for payment.
1719,INVREC01719,INV-01719,PO-2025-1409,PO1409,VEND088,Makita Corporation,2025-06-06,2025-07-06,CHF,64239.75,3029.06,0,0,0,64239.75,Paid,Paid,2025-06-18,System Integration,2025-06-06T00:00:00Z,EMP023,2025-06-11,Passed,,92.6,INV-01719.pdf,Invoice under review.
1720,INVREC01720,INV-01720,PO-2023-1466,PO1466,VEND005,Microsoft Corporation,2023-06-17,2023-07-17,SEK,31658.74,0,0,5,1582.94,33241.68,Paid,Paid,2023-06-26,System Integration,2023-06-17T00:00:00Z,EMP006,2023-06-18,Passed,,92.9,INV-01720.pdf,Matched successfully against PO.
1721,INVREC01721,INV-01721,PO-2024-0935,PO0935,VEND046,Lenovo Group Limited,2024-08-17,2024-08-17,INR,11218.61,0,2770.86,5,560.93,14550.4,Paid,Paid,2024-08-17,System Integration,2024-08-17T00:00:00Z,EMP023,2024-08-20,Passed,,98,INV-01721.pdf,Ready for payment.
1722,INVREC01722,INV-01722,PO-2024-0100,PO0100,VEND015,Best Buy Corp,2024-07-23,2024-07-23,INR,447370.94,0,804.97,5,22368.55,470544.46,Paid,Paid,2024-07-23,Manual Entry,2024-07-23T00:00:00Z,EMP019,2024-07-30,Passed,,94.5,INV-01722.pdf,Invoice under review.
1723,INVREC01723,INV-01723,PO-2026-0436,PO0436,VEND012,Elite Services,2026-09-28,2026-09-28,SEK,490779.34,18159.12,3005.69,5,24538.97,518324,Paid,Paid,2026-09-28,System Integration,2026-09-28T00:00:00Z,EMP038,2026-10-04,Passed,,99.2,INV-01723.pdf,Matched successfully against PO.
1724,INVREC01724,INV-01724,PO-2026-0948,PO0948,VEND006,Amazon Business,2026-04-04,2026-04-04,SEK,53690.75,0,0,5,2684.54,56375.29,Paid,Paid,2026-04-04,System Integration,2026-04-04T00:00:00Z,EMP020,2026-04-09,Passed,,87.2,INV-01724.pdf,Ready for payment.
1725,INVREC01725,INV-01725,PO-2026-0605,PO0605,VEND042,"VMware, Inc.",2026-03-01,2026-04-15,SEK,449042.98,0,962.9,0,0,450005.88,Pending,Unpaid,None,OCR Workflow,2026-03-01T00:00:00Z,None,None,Pending Approval,,91.5,INV-01725.pdf,Matched successfully against PO.
1726,INVREC01726,INV-01726,PO-2023-1173,PO1173,VEND060,Boston Consulting Group,2023-07-28,2023-09-26,SEK,213942.87,0,0,20,42788.57,256731.44,Paid,Paid,2023-08-14,OCR Workflow,2023-07-28T00:00:00Z,EMP035,2023-08-01,Passed,,99,INV-01726.pdf,Ready for payment.
1727,INVREC01727,INV-01727,PO-2023-0710,PO0710,VEND033,Maersk Line,2023-09-23,2023-11-07,SEK,188335.26,4695.5,1483.46,20,37667.05,227485.77,Rejected,Unpaid,None,System Integration,2023-09-23T00:00:00Z,EMP007,2023-09-29,Passed,,94.9,INV-01727.pdf,Ready for payment.
1728,INVREC01728,INV-01728,PO-2023-0050,PO0050,VEND058,KPMG LLP,2023-12-15,2024-01-14,GBP,305634.31,0,2171.54,5,15281.72,323087.57,Paid,Paid,2023-12-16,OCR Workflow,2023-12-15T00:00:00Z,EMP020,2023-12-20,Passed,,94.5,INV-01728.pdf,Matched successfully against PO.
1729,INVREC01729,INV-01729,PO-2024-0520,PO0520,VEND098,Michelin North America,2024-09-19,2024-11-03,USD,190494.01,0,4122.79,20,38098.8,232715.6,Paid,Paid,2024-10-05,System Integration,2024-09-19T00:00:00Z,EMP025,2024-09-24,Passed,,93.3,INV-01729.pdf,Ready for payment.
1730,INVREC01730,INV-01730,PO-2026-0120,PO0120,VEND020,Alpha Industries,2026-06-23,2026-07-23,SEK,430480.61,21095.53,4072.25,5,21524.03,456076.89,Paid,Paid,2026-07-09,OCR Workflow,2026-06-23T00:00:00Z,EMP024,2026-06-24,Passed,,90.8,INV-01730.pdf,Invoice under review.
1731,INVREC01731,INV-01731,PO-2023-0764,PO0764,VEND005,Microsoft Corporation,2023-01-30,2023-03-01,SEK,377595.59,12950.47,0,0,0,377595.59,Paid,Paid,2023-02-04,OCR Workflow,2023-01-30T00:00:00Z,EMP010,2023-02-02,Passed,,99.3,INV-01731.pdf,Three-way match completed.
1732,INVREC01732,INV-01732,PO-2023-0294,PO0294,VEND092,Baldor Electric Company,2023-02-20,2023-03-07,CHF,284470.12,0,0,18,51204.62,335674.74,Paid,Paid,2023-03-03,OCR Workflow,2023-02-20T00:00:00Z,EMP008,2023-02-24,Passed,,89.2,INV-01732.pdf,Ready for payment.
1733,INVREC01733,INV-01733,PO-2024-0417,PO0417,VEND064,Aramark Corporation,2024-06-17,2024-07-17,EUR,350401.64,0,3963.19,18,63072.3,417437.13,Paid,Paid,2024-07-07,System Integration,2024-06-17T00:00:00Z,EMP034,2024-06-23,Passed,,94.9,INV-01733.pdf,Matched successfully against PO.
1734,INVREC01734,INV-01734,PO-2025-0988,PO0988,VEND078,Cintas Corporation,2025-06-04,2025-08-03,USD,318212.19,9836.14,2191.03,10,31821.22,352224.44,Rejected,Unpaid,None,OCR Workflow,2025-06-04T00:00:00Z,EMP010,2025-06-10,Passed,,94.7,INV-01734.pdf,Invoice under review.
1735,INVREC01735,INV-01735,PO-2025-0958,PO0958,VEND085,Fastenal Company,2025-04-03,2025-05-03,SEK,225951.67,0,0,0,0,225951.67,Rejected,Unpaid,None,OCR Workflow,2025-04-03T00:00:00Z,EMP017,2025-04-04,Passed,,92.9,INV-01735.pdf,Matched successfully against PO.
1736,INVREC01736,INV-01736,PO-2024-0251,PO0251,VEND018,Summit Systems,2024-03-28,2024-03-28,EUR,62819.82,0,0,10,6281.98,69101.8,Paid,Paid,2024-03-28,OCR Workflow,2024-03-28T00:00:00Z,EMP036,2024-03-29,Passed,,93.9,INV-01736.pdf,Three-way match completed.
1737,INVREC01737,INV-01737,PO-2026-0880,PO0880,VEND012,Elite Services,2026-03-29,2026-04-28,SEK,102090.98,0,34.73,18,18376.38,120502.09,Paid,Paid,2026-04-17,OCR Workflow,2026-03-29T00:00:00Z,EMP007,2026-03-30,Passed,,90.9,INV-01737.pdf,Matched successfully against PO.
1738,INVREC01738,INV-01738,PO-2024-1500,PO1500,VEND090,Snap-on Incorporated,2024-02-28,2024-04-28,GBP,467369.8,0,4551.39,5,23368.49,495289.68,Rejected,Unpaid,None,System Integration,2024-02-28T00:00:00Z,EMP029,2024-03-06,Passed,,92.8,INV-01738.pdf,Three-way match completed.
1739,INVREC01739,INV-01739,PO-2024-0688,PO0688,VEND068,Securitas AB,2024-06-10,2024-06-10,EUR,130567.51,0,0,20,26113.5,156681.01,Rejected,Unpaid,None,System Integration,2024-06-10T00:00:00Z,EMP024,2024-06-17,Passed,,88.2,INV-01739.pdf,Invoice under review.
1740,INVREC01740,INV-01740,PO-2025-0567,PO0567,VEND060,Boston Consulting Group,2025-06-03,2025-06-18,SEK,444047.57,0,2427.57,10,44404.76,490879.9,Paid,Paid,2025-06-15,OCR Workflow,2025-06-03T00:00:00Z,EMP025,2025-06-05,Passed,,91.1,INV-01740.pdf,Three-way match completed.
1741,INVREC01741,INV-01741,PO-2023-0108,PO0108,VEND022,Siemens AG,2023-05-25,2023-06-24,USD,400282.08,0,2720.44,5,20014.1,423016.62,Paid,Paid,2023-05-27,Manual Entry,2023-05-25T00:00:00Z,EMP033,2023-05-26,Passed,,98,INV-01741.pdf,Ready for payment.
1742,INVREC01742,INV-01742,PO-2023-1334,PO1334,VEND056,PricewaterhouseCoopers LLP,2023-06-30,2023-08-29,EUR,468662.02,11370.57,0,5,23433.1,492095.12,Paid,Paid,2023-07-08,Manual Entry,2023-06-30T00:00:00Z,EMP027,2023-07-02,Passed,,92.2,INV-01742.pdf,Three-way match completed.
1743,INVREC01743,INV-01743,PO-2024-1235,PO1235,VEND075,T-Mobile for Business,2024-09-16,2024-10-16,GBP,285841.62,0,0,0,0,285841.62,Paid,Paid,2024-09-19,OCR Workflow,2024-09-16T00:00:00Z,EMP029,2024-09-19,Passed,,94.7,INV-01743.pdf,Matched successfully against PO.
1744,INVREC01744,INV-01744,PO-2025-1032,PO1032,VEND019,Vanguard Tech,2025-03-24,2025-04-23,USD,60632.91,1204.92,3296.42,10,6063.29,69992.62,Paid,Paid,2025-04-10,OCR Workflow,2025-03-24T00:00:00Z,EMP006,2025-03-29,Passed,,86.3,INV-01744.pdf,Three-way match completed.
1745,INVREC01745,INV-01745,PO-2023-0673,PO0673,VEND054,"FTI Consulting, Inc.",2023-12-10,2024-01-09,USD,212242.37,6031.72,4127.32,20,42448.47,258818.16,Paid,Paid,2023-12-30,System Integration,2023-12-10T00:00:00Z,EMP018,2023-12-15,Passed,,85.8,INV-01745.pdf,Ready for payment.
1746,INVREC01746,INV-01746,PO-2025-0699,PO0699,VEND023,Caterpillar Inc.,2025-12-05,2026-01-19,INR,212070.17,0,0,10,21207.02,233277.19,Rejected,Unpaid,None,Manual Entry,2025-12-05T00:00:00Z,EMP005,2025-12-09,Passed,,92.8,INV-01746.pdf,Matched successfully against PO.
1747,INVREC01747,INV-01747,PO-2024-0583,PO0583,VEND074,Verizon Business Group,2024-08-22,2024-08-22,EUR,44579.86,728.71,0,5,2228.99,46808.85,Paid,Paid,2024-08-22,System Integration,2024-08-22T00:00:00Z,EMP004,2024-08-23,Passed,,96,INV-01747.pdf,Ready for payment.
1748,INVREC01748,INV-01748,PO-2023-0363,PO0363,VEND076,Comcast Business,2023-03-11,2023-03-26,GBP,294810,0,3184.66,20,58962,356956.66,Paid,Paid,2023-03-13,Manual Entry,2023-03-11T00:00:00Z,EMP028,2023-03-14,Passed,,99.1,INV-01748.pdf,Invoice under review.
1749,INVREC01749,INV-01749,PO-2025-0934,PO0934,VEND077,Spectrum Business,2025-08-11,2025-09-10,SEK,285471.59,0,3690.9,10,28547.16,317709.65,Paid,Paid,2025-08-31,System Integration,2025-08-11T00:00:00Z,EMP039,2025-08-16,Passed,,88.9,INV-01749.pdf,Three-way match completed.
1750,INVREC01750,INV-01750,PO-2026-0956,PO0956,VEND015,Best Buy Corp,2026-10-26,2026-11-25,INR,355507.4,12478.25,0,20,71101.48,426608.88,Rejected,Unpaid,None,OCR Workflow,2026-10-26T00:00:00Z,EMP008,2026-10-31,Passed,,91.3,INV-01750.pdf,Matched successfully against PO.
1751,INVREC01751,INV-01751,PO-2026-0636,PO0636,VEND093,Regal Beloit Corporation,2026-10-15,2026-11-29,CHF,262647.28,0,1906.46,18,47276.51,311830.25,Paid,Paid,2026-10-24,OCR Workflow,2026-10-15T00:00:00Z,EMP018,2026-10-22,Passed,,87.7,INV-01751.pdf,Three-way match completed.
1752,INVREC01752,INV-01752,PO-2025-0885,PO0885,VEND093,Regal Beloit Corporation,2025-04-11,2025-05-11,CHF,406816.89,0,0,5,20340.84,427157.73,Paid,Paid,2025-04-30,OCR Workflow,2025-04-11T00:00:00Z,EMP034,2025-04-13,Passed,,92.7,INV-01752.pdf,Matched successfully against PO.
1753,INVREC01753,INV-01753,PO-2025-0377,PO0377,VEND073,AT&T Business,2026-01-16,2026-02-15,SEK,165639.89,1709.62,0,5,8281.99,173921.88,Paid,Paid,2026-01-23,System Integration,2026-01-16T00:00:00Z,EMP021,2026-01-21,Passed,,99.1,INV-01753.pdf,Ready for payment.
1754,INVREC01754,INV-01754,PO-2026-1442,PO1442,VEND004,Dell Technologies,2026-01-21,2026-02-20,CHF,48251.67,1159.23,1449.56,20,9650.33,59351.56,Paid,Paid,2026-01-28,Manual Entry,2026-01-21T00:00:00Z,EMP035,2026-01-27,Passed,,95.3,INV-01754.pdf,Ready for payment.
1755,INVREC01755,INV-01755,PO-2026-0491,PO0491,VEND086,W.W. Grainger International,2026-04-21,2026-06-05,EUR,313342.98,12520.77,2950.55,20,62668.6,378962.13,Paid,Paid,2026-04-25,OCR Workflow,2026-04-21T00:00:00Z,EMP026,2026-04-27,Passed,,90.1,INV-01755.pdf,Invoice under review.
1756,INVREC01756,INV-01756,PO-2026-0432,PO0432,VEND019,Vanguard Tech,2026-07-29,2026-08-28,USD,169778.51,0,0,0,0,169778.51,Paid,Paid,2026-08-11,OCR Workflow,2026-07-29T00:00:00Z,EMP019,2026-08-04,Passed,,96.5,INV-01756.pdf,Matched successfully against PO.
1757,INVREC01757,INV-01757,PO-2025-0202,PO0202,VEND017,Pinnacle Partners,2025-02-05,2025-03-22,CHF,478387.31,12033.35,0,0,0,478387.31,Paid,Paid,2025-02-07,System Integration,2025-02-05T00:00:00Z,EMP013,2025-02-06,Passed,,91.5,INV-01757.pdf,Three-way match completed.
1758,INVREC01758,INV-01758,PO-2024-0344,PO0344,VEND024,Schneider Electric,2024-11-25,2024-12-10,USD,37342.04,0,0,20,7468.41,44810.45,Paid,Paid,2024-12-03,System Integration,2024-11-25T00:00:00Z,EMP027,2024-11-30,Passed,,90.4,INV-01758.pdf,Invoice under review.
1759,INVREC01759,INV-01759,PO-2025-1272,PO1272,VEND043,Cisco Systems Inc.,2025-01-25,2025-02-09,GBP,367594.48,14037.56,0,10,36759.45,404353.93,Paid,Paid,2025-01-31,Manual Entry,2025-01-25T00:00:00Z,EMP039,2025-01-30,Passed,,88.5,INV-01759.pdf,Ready for payment.
1760,INVREC01760,INV-01760,PO-2023-1426,PO1426,VEND084,McMaster-Carr,2023-08-16,2023-09-30,GBP,379512.22,17499.13,4406.62,0,0,383918.84,Rejected,Unpaid,None,System Integration,2023-08-16T00:00:00Z,EMP028,2023-08-17,Passed,,90.7,INV-01760.pdf,Invoice under review.
1761,INVREC01761,INV-01761,PO-2025-0377,PO0377,VEND073,AT&T Business,2026-01-10,2026-02-09,SEK,165639.89,3808.97,0,5,8281.99,173921.88,Rejected,Unpaid,None,OCR Workflow,2026-01-10T00:00:00Z,EMP003,2026-01-15,Passed,,90.1,INV-01761.pdf,Ready for payment.
1762,INVREC01762,INV-01762,PO-2025-1483,PO1483,VEND026,General Electric,2025-07-29,2025-08-28,SEK,212182.99,0,1663.15,0,0,213846.14,Paid,Paid,2025-08-01,Manual Entry,2025-07-29T00:00:00Z,EMP011,2025-08-04,Passed,,99,INV-01762.pdf,Payment pending approval.
1763,INVREC01763,INV-01763,PO-2024-1352,PO1352,VEND060,Boston Consulting Group,2025-01-19,2025-02-03,SEK,17474.48,0,0,5,873.72,18348.2,Paid,Paid,2025-01-25,Manual Entry,2025-01-19T00:00:00Z,EMP021,2025-01-20,Passed,,93.8,INV-01763.pdf,Three-way match completed.
1764,INVREC01764,INV-01764,PO-2025-0221,PO0221,VEND080,Ecolab Inc.,2025-04-15,2025-04-15,INR,157863.76,4575.7,0,18,28415.48,186279.24,Rejected,Unpaid,None,OCR Workflow,2025-04-15T00:00:00Z,None,None,Rejected,Invoice amount mismatch,96,INV-01764.pdf,Invoice under review.
1765,INVREC01765,INV-01765,PO-2025-1174,PO1174,VEND031,FedEx Corporation,2025-02-12,2025-02-12,SEK,257760.25,0,0,0,0,257760.25,Paid,Paid,2025-02-12,OCR Workflow,2025-02-12T00:00:00Z,EMP036,2025-02-15,Passed,,85.4,INV-01765.pdf,Three-way match completed.
1766,INVREC01766,INV-01766,PO-2023-0218,PO0218,VEND044,IBM Corporation,2023-03-31,2023-05-30,SEK,19806.77,954.04,0,20,3961.35,23768.12,Rejected,Unpaid,None,OCR Workflow,2023-03-31T00:00:00Z,EMP012,2023-04-06,Passed,,88.9,INV-01766.pdf,Matched successfully against PO.
1767,INVREC01767,INV-01767,PO-2024-1163,PO1163,VEND062,Accenture PLC,2024-02-21,2024-02-21,USD,297110.33,0,0,5,14855.52,311965.85,Paid,Paid,2024-02-21,OCR Workflow,2024-02-21T00:00:00Z,EMP030,2024-02-24,Passed,,85,INV-01767.pdf,Invoice under review.
1768,INVREC01768,INV-01768,PO-2025-0530,PO0530,VEND074,Verizon Business Group,2025-06-11,2025-06-11,EUR,220908.06,0,0,10,22090.81,242998.87,Paid,Paid,2025-06-11,System Integration,2025-06-11T00:00:00Z,EMP032,2025-06-16,Passed,,99.6,INV-01768.pdf,Payment pending approval.
1769,INVREC01769,INV-01769,PO-2026-0293,PO0293,VEND001,ABCD & CO,2026-11-07,2026-11-22,SEK,454833.26,0,0,18,81869.99,536703.25,Rejected,Unpaid,None,Manual Entry,2026-11-07T00:00:00Z,EMP029,2026-11-11,Passed,,96,INV-01769.pdf,Ready for payment.
1770,INVREC01770,INV-01770,PO-2026-1176,PO1176,VEND020,Alpha Industries,2026-10-19,2026-11-18,SEK,308538.35,3359.86,0,10,30853.83,339392.18,Rejected,Unpaid,None,Manual Entry,2026-10-19T00:00:00Z,EMP003,2026-10-25,Passed,,92.8,INV-01770.pdf,Ready for payment.
1771,INVREC01771,INV-01771,PO-2026-0280,PO0280,VEND044,IBM Corporation,2026-06-16,2026-07-31,SEK,275631.44,8357.83,0,0,0,275631.44,Pending,Unpaid,None,System Integration,2026-06-16T00:00:00Z,None,None,Pending Approval,,89,INV-01771.pdf,Invoice under review.
1772,INVREC01772,INV-01772,PO-2026-0487,PO0487,VEND005,Microsoft Corporation,2026-11-06,2026-11-06,SEK,321463.97,0,0,5,16073.2,337537.17,Rejected,Unpaid,None,Manual Entry,2026-11-06T00:00:00Z,EMP016,2026-11-10,Passed,,97.6,INV-01772.pdf,Ready for payment.
1773,INVREC01773,INV-01773,PO-2024-0428,PO0428,VEND051,Thomson Reuters,2024-08-03,2024-09-17,USD,68015.16,0,0,18,12242.73,80257.89,Paid,Paid,2024-08-05,System Integration,2024-08-03T00:00:00Z,EMP025,2024-08-10,Passed,,97.6,INV-01773.pdf,Three-way match completed.
1774,INVREC01774,INV-01774,PO-2023-1429,PO1429,VEND046,Lenovo Group Limited,2023-07-13,2023-08-12,INR,155959.82,0,4417.7,18,28072.77,188450.29,Paid,Paid,2023-07-19,OCR Workflow,2023-07-13T00:00:00Z,EMP012,2023-07-16,Passed,,93.6,INV-01774.pdf,Three-way match completed.
1775,INVREC01775,INV-01775,PO-2025-0911,PO0911,VEND065,Sodexo S.A.,2025-12-23,2026-02-21,INR,444132.82,0,0,5,22206.64,466339.46,Paid,Paid,2026-01-02,System Integration,2025-12-23T00:00:00Z,EMP011,2025-12-24,Passed,,92.9,INV-01775.pdf,Ready for payment.
1776,INVREC01776,INV-01776,PO-2025-1293,PO1293,VEND079,UniFirst Corporation,2025-11-03,2025-12-03,USD,484501.38,18300.83,4057.4,18,87210.25,575769.03,Paid,Paid,2025-11-20,System Integration,2025-11-03T00:00:00Z,EMP004,2025-11-09,Passed,,85.5,INV-01776.pdf,Payment pending approval.
1777,INVREC01777,INV-01777,PO-2024-0099,PO0099,VEND094,Timken Company,2024-02-17,2024-02-17,SEK,195423.2,0,4589.41,20,39084.64,239097.25,Paid,Paid,2024-02-17,OCR Workflow,2024-02-17T00:00:00Z,EMP006,2024-02-19,Passed,,89.4,INV-01777.pdf,Invoice under review.
1778,INVREC01778,INV-01778,PO-2024-0687,PO0687,VEND040,SAP SE,2024-06-09,2024-06-24,INR,71219.11,0,0,18,12819.44,84038.55,Rejected,Unpaid,None,OCR Workflow,2024-06-09T00:00:00Z,EMP039,2024-06-14,Passed,,96.7,INV-01778.pdf,Payment pending approval.
1779,INVREC01779,INV-01779,PO-2023-0512,PO0512,VEND034,C.H. Robinson Worldwide,2024-01-02,2024-02-01,SEK,73994.36,0,4035.07,18,13318.98,91348.41,Paid,Paid,2024-01-19,System Integration,2024-01-02T00:00:00Z,EMP031,2024-01-06,Passed,,92,INV-01779.pdf,Invoice under review.
1780,INVREC01780,INV-01780,PO-2023-0737,PO0737,VEND018,Summit Systems,2023-09-15,2023-10-30,EUR,165229.14,5864.62,3689.37,18,29741.25,198659.76,Paid,Paid,2023-10-02,OCR Workflow,2023-09-15T00:00:00Z,EMP019,2023-09-22,Passed,,89.6,INV-01780.pdf,Ready for payment.
1781,INVREC01781,INV-01781,PO-2023-0187,PO0187,VEND097,Goodyear Tire & Rubber,2023-02-17,2023-04-18,GBP,350599.95,0,0,10,35060,385659.95,Paid,Paid,2023-02-21,OCR Workflow,2023-02-17T00:00:00Z,EMP017,2023-02-19,Passed,,90.7,INV-01781.pdf,Matched successfully against PO.
1782,INVREC01782,INV-01782,PO-2024-1405,PO1405,VEND087,Hilti Corporation,2024-02-16,2024-03-17,CHF,260458.81,0,2781.6,0,0,263240.41,Paid,Paid,2024-02-22,System Integration,2024-02-16T00:00:00Z,EMP002,2024-02-21,Passed,,89.1,INV-01782.pdf,Ready for payment.
1783,INVREC01783,INV-01783,PO-2024-0099,PO0099,VEND094,Timken Company,2024-02-16,2024-02-16,SEK,195423.2,0,4589.41,20,39084.64,239097.25,Rejected,Unpaid,None,OCR Workflow,2024-02-16T00:00:00Z,EMP005,2024-02-17,Passed,,91.8,INV-01783.pdf,Invoice under review.
1784,INVREC01784,INV-01784,PO-2024-0693,PO0693,VEND020,Alpha Industries,2024-11-08,2024-12-23,SEK,433530.81,0,3866.33,18,78035.55,515432.69,Paid,Paid,2024-11-09,OCR Workflow,2024-11-08T00:00:00Z,EMP032,2024-11-15,Passed,,97.2,INV-01784.pdf,Matched successfully against PO.
1785,INVREC01785,INV-01785,PO-2026-1186,PO1186,VEND006,Amazon Business,2026-12-30,2027-01-29,SEK,153181.54,3715.49,4742.65,5,7659.08,165583.27,Paid,Paid,2027-01-15,Manual Entry,2026-12-30T00:00:00Z,EMP001,2027-01-01,Passed,,96.8,INV-01785.pdf,Payment pending approval.
1786,INVREC01786,INV-01786,PO-2026-0555,PO0555,VEND092,Baldor Electric Company,2026-01-22,2026-02-21,CHF,95733.6,0,4872.3,20,19146.72,119752.62,Paid,Paid,2026-01-27,Manual Entry,2026-01-22T00:00:00Z,EMP039,2026-01-27,Passed,,85.9,INV-01786.pdf,Ready for payment.
1787,INVREC01787,INV-01787,PO-2025-0021,PO0021,VEND069,ADT Inc.,2025-04-13,2025-05-13,EUR,489572.18,0,0,5,24478.61,514050.79,Paid,Paid,2025-04-18,OCR Workflow,2025-04-13T00:00:00Z,EMP028,2025-04-14,Passed,,93.3,INV-01787.pdf,Matched successfully against PO.
1788,INVREC01788,INV-01788,PO-2024-0354,PO0354,VEND015,Best Buy Corp,2024-12-11,2025-01-10,INR,122214.94,4004.27,2753.74,5,6110.75,131079.43,Paid,Paid,2024-12-28,System Integration,2024-12-11T00:00:00Z,EMP038,2024-12-16,Passed,,92,INV-01788.pdf,Matched successfully against PO.
1789,INVREC01789,INV-01789,PO-2026-0389,PO0389,VEND017,Pinnacle Partners,2027-01-16,2027-02-15,CHF,294653.07,0,0,0,0,294653.07,Paid,Paid,2027-02-03,System Integration,2027-01-16T00:00:00Z,EMP004,2027-01-20,Passed,,92.8,INV-01789.pdf,Matched successfully against PO.
1790,INVREC01790,INV-01790,PO-2026-1121,PO1121,VEND061,Bain & Company,2026-04-08,2026-05-08,INR,372848.49,0,0,10,37284.85,410133.34,Paid,Paid,2026-04-12,Manual Entry,2026-04-08T00:00:00Z,EMP029,2026-04-14,Passed,,95.6,INV-01790.pdf,Three-way match completed.
1791,INVREC01791,INV-01791,PO-2023-0686,PO0686,VEND042,"VMware, Inc.",2023-02-14,2023-04-15,SEK,216516.84,0,4594.79,18,38973.03,260084.66,Paid,Paid,2023-02-19,Manual Entry,2023-02-14T00:00:00Z,EMP019,2023-02-21,Passed,,94.8,INV-01791.pdf,Three-way match completed.
1792,INVREC01792,INV-01792,PO-2023-0524,PO0524,VEND003,IMPORTING COMPANY,2023-04-06,2023-05-06,GBP,458093.46,0,3524.92,18,82456.82,544075.2,Paid,Paid,2023-04-19,Manual Entry,2023-04-06T00:00:00Z,EMP037,2023-04-08,Passed,,91.2,INV-01792.pdf,Three-way match completed.
1793,INVREC01793,INV-01793,PO-2025-0973,PO0973,VEND080,Ecolab Inc.,2025-09-09,2025-10-09,INR,320115.74,0,829.3,0,0,320945.04,Paid,Paid,2025-09-20,Manual Entry,2025-09-09T00:00:00Z,EMP026,2025-09-11,Passed,,90.4,INV-01793.pdf,Three-way match completed.
1794,INVREC01794,INV-01794,PO-2023-0782,PO0782,VEND071,Waste Management Inc.,2023-09-15,2023-09-15,EUR,215960.32,0,1690.05,18,38872.86,256523.23,Paid,Paid,2023-09-15,Manual Entry,2023-09-15T00:00:00Z,EMP012,2023-09-22,Passed,,95.2,INV-01794.pdf,Three-way match completed.
1795,INVREC01795,INV-01795,PO-2025-0655,PO0655,VEND098,Michelin North America,2025-09-12,2025-10-12,USD,383090.73,0,847.74,20,76618.15,460556.62,Paid,Paid,2025-10-02,Manual Entry,2025-09-12T00:00:00Z,EMP025,2025-09-16,Passed,,95.3,INV-01795.pdf,Matched successfully against PO.
1796,INVREC01796,INV-01796,PO-2023-0619,PO0619,VEND099,Bridgestone Americas,2023-02-06,2023-03-08,USD,113496.33,0,1340.96,20,22699.27,137536.56,Paid,Paid,2023-02-18,OCR Workflow,2023-02-06T00:00:00Z,EMP016,2023-02-09,Passed,,94.9,INV-01796.pdf,Payment pending approval.
1797,INVREC01797,INV-01797,PO-2024-1250,PO1250,VEND096,Gates Corporation,2024-11-18,2025-01-17,EUR,253964.86,0,2560.71,0,0,256525.57,Pending,Unpaid,None,OCR Workflow,2024-11-18T00:00:00Z,None,None,Pending Approval,,97.4,INV-01797.pdf,Payment pending approval.
1798,INVREC01798,INV-01798,PO-2023-1173,PO1173,VEND060,Boston Consulting Group,2023-07-06,2023-09-04,SEK,213942.87,4260.79,0,20,42788.57,256731.44,Paid,Paid,2023-07-22,Manual Entry,2023-07-06T00:00:00Z,EMP026,2023-07-07,Passed,,92.6,INV-01798.pdf,Payment pending approval.
1799,INVREC01799,INV-01799,PO-2024-0748,PO0748,VEND014,Modern Office Co,2024-10-27,2024-11-26,USD,345918.03,0,3518.75,5,17295.9,366732.68,Paid,Paid,2024-11-03,Manual Entry,2024-10-27T00:00:00Z,EMP001,2024-11-01,Passed,,97.8,INV-01799.pdf,Matched successfully against PO.
1800,INVREC01800,INV-01800,PO-2023-0489,PO0489,VEND097,Goodyear Tire & Rubber,2023-08-01,2023-09-30,GBP,305283.54,12921.05,242.86,0,0,305526.4,Paid,Paid,2023-08-17,Manual Entry,2023-08-01T00:00:00Z,EMP027,2023-08-03,Passed,,86.8,INV-01800.pdf,Three-way match completed.
1801,INVREC01801,INV-01801,PO-2026-1389,PO1389,VEND067,"CBRE Group, Inc.",2026-09-14,2026-10-14,EUR,493114.27,0,0,10,49311.43,542425.7,Rejected,Unpaid,None,OCR Workflow,2026-09-14T00:00:00Z,EMP026,2026-09-16,Passed,,87,INV-01801.pdf,Three-way match completed.
1802,INVREC01802,INV-01802,PO-2025-0083,PO0083,VEND027,Honeywell International,2025-11-17,2025-12-17,SEK,260218.87,0,3361.48,10,26021.89,289602.24,Paid,Paid,2025-11-26,Manual Entry,2025-11-17T00:00:00Z,EMP016,2025-11-23,Passed,,92.4,INV-01802.pdf,Payment pending approval.
1803,INVREC01803,INV-01803,PO-2026-0430,PO0430,VEND070,Tyco International,2026-03-30,2026-04-29,GBP,87476.4,0,1972.92,10,8747.64,98196.96,Paid,Paid,2026-04-09,OCR Workflow,2026-03-30T00:00:00Z,EMP003,2026-04-02,Passed,,92.8,INV-01803.pdf,Ready for payment.
1804,INVREC01804,INV-01804,PO-2025-1190,PO1190,VEND091,Ingersoll Rand,2025-07-26,2025-08-25,GBP,262058.06,0,2987.12,20,52411.61,317456.79,Paid,Paid,2025-08-01,Manual Entry,2025-07-26T00:00:00Z,EMP013,2025-07-29,Passed,,93.9,INV-01804.pdf,Three-way match completed.
1805,INVREC01805,INV-01805,PO-2024-0260,PO0260,VEND093,Regal Beloit Corporation,2024-06-11,2024-06-26,CHF,448532.62,0,0,5,22426.63,470959.25,Paid,Paid,2024-06-25,OCR Workflow,2024-06-11T00:00:00Z,EMP005,2024-06-18,Passed,,91.1,INV-01805.pdf,Ready for payment.
1806,INVREC01806,INV-01806,PO-2023-0675,PO0675,VEND059,McKinsey & Company,2023-04-13,2023-05-28,CHF,134334.23,0,4431.61,20,26866.85,165632.69,Rejected,Unpaid,None,Manual Entry,2023-04-13T00:00:00Z,EMP006,2023-04-16,Passed,,97.8,INV-01806.pdf,Invoice under review.
1807,INVREC01807,INV-01807,PO-2024-0384,PO0384,VEND028,Emerson Electric Co.,2024-10-01,2024-11-30,INR,456398.45,0,233.56,0,0,456632.01,Paid,Paid,2024-10-10,System Integration,2024-10-01T00:00:00Z,EMP013,2024-10-08,Passed,,98.1,INV-01807.pdf,Matched successfully against PO.
1808,INVREC01808,INV-01808,PO-2023-0970,PO0970,VEND080,Ecolab Inc.,2023-10-08,2023-10-23,INR,154995.01,0,0,0,0,154995.01,Rejected,Unpaid,None,OCR Workflow,2023-10-08T00:00:00Z,EMP028,2023-10-15,Passed,,94.5,INV-01808.pdf,Invoice under review.
1809,INVREC01809,INV-01809,PO-2023-1466,PO1466,VEND005,Microsoft Corporation,2023-06-06,2023-07-06,SEK,31658.74,0,0,5,1582.94,33241.68,Paid,Paid,2023-06-15,OCR Workflow,2023-06-06T00:00:00Z,EMP007,2023-06-08,Passed,,94.5,INV-01809.pdf,Payment pending approval.
1810,INVREC01810,INV-01810,PO-2025-0745,PO0745,VEND055,Deloitte & Touche LLP,2025-02-12,2025-03-29,EUR,386917.05,0,0,10,38691.71,425608.76,Paid,Paid,2025-02-28,Manual Entry,2025-02-12T00:00:00Z,EMP035,2025-02-16,Passed,,87.5,INV-01810.pdf,Ready for payment.
1811,INVREC01811,INV-01811,PO-2024-0111,PO0111,VEND034,C.H. Robinson Worldwide,2024-04-18,2024-05-18,SEK,92694.79,0,0,10,9269.48,101964.27,Paid,Paid,2024-04-20,Manual Entry,2024-04-18T00:00:00Z,EMP021,2024-04-25,Passed,,95.4,INV-01811.pdf,Payment pending approval.
1812,INVREC01812,INV-01812,PO-2023-0314,PO0314,VEND017,Pinnacle Partners,2023-10-21,2023-12-05,CHF,150551.51,0,0,5,7527.58,158079.09,Paid,Paid,2023-11-03,System Integration,2023-10-21T00:00:00Z,EMP005,2023-10-24,Passed,,99.1,INV-01812.pdf,Matched successfully against PO.
1813,INVREC01813,INV-01813,PO-2026-0957,PO0957,VEND002,Samira Hadid,2026-09-26,2026-10-26,INR,458518.04,0,0,5,22925.9,481443.94,Rejected,Unpaid,None,Manual Entry,2026-09-26T00:00:00Z,EMP021,2026-09-27,Passed,,85,INV-01813.pdf,Three-way match completed.
1814,INVREC01814,INV-01814,PO-2026-0681,PO0681,VEND064,Aramark Corporation,2026-04-16,2026-06-15,EUR,187610.88,0,0,18,33769.96,221380.84,Paid,Paid,2026-04-19,OCR Workflow,2026-04-16T00:00:00Z,EMP036,2026-04-18,Passed,,93,INV-01814.pdf,Invoice under review.
1815,INVREC01815,INV-01815,PO-2026-0495,PO0495,VEND017,Pinnacle Partners,2026-12-15,2027-01-14,CHF,21264.65,0,0,0,0,21264.65,Rejected,Unpaid,None,System Integration,2026-12-15T00:00:00Z,EMP040,2026-12-18,Passed,,92.9,INV-01815.pdf,Matched successfully against PO.
1816,INVREC01816,INV-01816,PO-2024-0029,PO0029,VEND034,C.H. Robinson Worldwide,2024-08-18,2024-09-02,SEK,163127.49,6689.57,3853.5,0,0,166980.99,Rejected,Unpaid,None,OCR Workflow,2024-08-18T00:00:00Z,EMP020,2024-08-21,Passed,,85.4,INV-01816.pdf,Ready for payment.
1817,INVREC01817,INV-01817,PO-2024-1104,PO1104,VEND001,ABCD & CO,2024-12-30,2025-01-29,SEK,430691.89,10880.09,0,18,77524.54,508216.43,Paid,Paid,2025-01-03,System Integration,2024-12-30T00:00:00Z,EMP029,2025-01-01,Passed,,99.8,INV-01817.pdf,Ready for payment.
1818,INVREC01818,INV-01818,PO-2025-0204,PO0204,VEND031,FedEx Corporation,2025-12-14,2026-01-13,SEK,298846.29,7681.92,3864.74,0,0,302711.03,Rejected,Unpaid,None,System Integration,2025-12-14T00:00:00Z,EMP007,2025-12-17,Passed,,86.3,INV-01818.pdf,Invoice under review.
1819,INVREC01819,INV-01819,PO-2023-1167,PO1167,VEND082,Grainger Inc.,2023-09-19,2023-10-19,GBP,212840.5,5437.56,0,10,21284.05,234124.55,Paid,Paid,2023-10-02,OCR Workflow,2023-09-19T00:00:00Z,EMP031,2023-09-23,Passed,,93.6,INV-01819.pdf,Ready for payment.
1820,INVREC01820,INV-01820,PO-2026-0179,PO0179,VEND078,Cintas Corporation,2026-07-17,2026-07-17,USD,281293.64,5913.79,3885.87,18,50632.86,335812.37,Paid,Paid,2026-07-17,System Integration,2026-07-17T00:00:00Z,EMP018,2026-07-18,Passed,,85.4,INV-01820.pdf,Invoice under review.
1821,INVREC01821,INV-01821,PO-2023-0277,PO0277,VEND027,Honeywell International,2023-09-14,2023-10-29,SEK,170048.83,0,4662.03,10,17004.88,191715.74,Paid,Paid,2023-10-02,Manual Entry,2023-09-14T00:00:00Z,EMP001,2023-09-19,Passed,,93,INV-01821.pdf,Matched successfully against PO.
1822,INVREC01822,INV-01822,PO-2026-1027,PO1027,VEND060,Boston Consulting Group,2026-04-15,2026-05-15,SEK,264934.7,11937.29,1388.07,10,26493.47,292816.24,Rejected,Unpaid,None,OCR Workflow,2026-04-15T00:00:00Z,EMP004,2026-04-20,Passed,,86,INV-01822.pdf,Three-way match completed.
1823,INVREC01823,INV-01823,PO-2026-1146,PO1146,VEND080,Ecolab Inc.,2026-06-01,2026-07-31,INR,336220.31,0,0,18,60519.66,396739.97,Paid,Paid,2026-06-07,OCR Workflow,2026-06-01T00:00:00Z,EMP015,2026-06-06,Passed,,92.3,INV-01823.pdf,Payment pending approval.
1824,INVREC01824,INV-01824,PO-2026-0206,PO0206,VEND053,S&P Global Inc.,2026-09-15,2026-09-30,SEK,159976.35,0,0,0,0,159976.35,Rejected,Unpaid,None,System Integration,2026-09-15T00:00:00Z,EMP023,2026-09-17,Passed,,91.7,INV-01824.pdf,Ready for payment.
1825,INVREC01825,INV-01825,PO-2023-1238,PO1238,VEND016,New Horizons,2023-04-19,2023-05-19,GBP,416841.79,0,0,5,20842.09,437683.88,Rejected,Unpaid,None,Manual Entry,2023-04-19T00:00:00Z,EMP037,2023-04-21,Passed,,99.9,INV-01825.pdf,Three-way match completed.
1826,INVREC01826,INV-01826,PO-2026-0750,PO0750,VEND022,Siemens AG,2026-01-23,2026-03-24,USD,284314.91,0,0,5,14215.75,298530.66,Paid,Paid,2026-01-24,System Integration,2026-01-23T00:00:00Z,EMP005,2026-01-26,Passed,,97.8,INV-01826.pdf,Payment pending approval.
1827,INVREC01827,INV-01827,PO-2023-0601,PO0601,VEND051,Thomson Reuters,2024-01-02,2024-01-02,USD,347381.29,0,0,18,62528.63,409909.92,Paid,Paid,2024-01-02,System Integration,2024-01-02T00:00:00Z,EMP029,2024-01-07,Passed,,97.8,INV-01827.pdf,Matched successfully against PO.
1828,INVREC01828,INV-01828,PO-2023-0852,PO0852,VEND085,Fastenal Company,2023-09-02,2023-09-17,SEK,190232.15,2297.38,0,10,19023.22,209255.37,Paid,Paid,2023-09-04,OCR Workflow,2023-09-02T00:00:00Z,EMP003,2023-09-04,Passed,,93.9,INV-01828.pdf,Three-way match completed.
1829,INVREC01829,INV-01829,PO-2023-1067,PO1067,VEND091,Ingersoll Rand,2023-09-24,2023-10-24,GBP,142758.5,0,2195.4,0,0,144953.9,Paid,Paid,2023-10-08,System Integration,2023-09-24T00:00:00Z,EMP015,2023-09-28,Passed,,85.7,INV-01829.pdf,Ready for payment.
1830,INVREC01830,INV-01830,PO-2026-0355,PO0355,VEND036,Kuehne + Nagel,2026-09-27,2026-10-27,INR,494541.64,0,0,10,49454.16,543995.8,Rejected,Unpaid,None,Manual Entry,2026-09-27T00:00:00Z,EMP037,2026-10-04,Passed,,89.7,INV-01830.pdf,Ready for payment.
1831,INVREC01831,INV-01831,PO-2026-0090,PO0090,VEND048,Cummins Inc.,2026-11-17,2026-11-17,EUR,372311.87,0,0,0,0,372311.87,Paid,Paid,2026-11-17,Manual Entry,2026-11-17T00:00:00Z,EMP025,2026-11-18,Passed,,85.1,INV-01831.pdf,Matched successfully against PO.
1832,INVREC01832,INV-01832,PO-2023-0967,PO0967,VEND024,Schneider Electric,2023-11-27,2024-01-11,USD,148965.64,0,412.99,18,26813.82,176192.45,Rejected,Unpaid,None,System Integration,2023-11-27T00:00:00Z,EMP001,2023-11-30,Passed,,92.5,INV-01832.pdf,Three-way match completed.
1833,INVREC01833,INV-01833,PO-2026-1185,PO1185,VEND062,Accenture PLC,2026-09-20,2026-10-20,USD,164405.98,0,0,20,32881.2,197287.18,Paid,Paid,2026-09-30,System Integration,2026-09-20T00:00:00Z,EMP038,2026-09-23,Passed,,94.8,INV-01833.pdf,Matched successfully against PO.
1834,INVREC01834,INV-01834,PO-2025-0406,PO0406,VEND058,KPMG LLP,2025-11-29,2025-12-29,GBP,58471.28,1520.45,0,18,10524.83,68996.11,Paid,Paid,2025-12-16,Manual Entry,2025-11-29T00:00:00Z,EMP006,2025-12-05,Passed,,87.7,INV-01834.pdf,Three-way match completed.
1835,INVREC01835,INV-01835,PO-2024-0317,PO0317,VEND036,Kuehne + Nagel,2024-03-08,2024-04-07,INR,460904.99,0,12.03,10,46090.5,507007.52,Paid,Paid,2024-03-23,OCR Workflow,2024-03-08T00:00:00Z,EMP032,2024-03-09,Passed,,87.2,INV-01835.pdf,Payment pending approval.
1836,INVREC01836,INV-01836,PO-2023-0274,PO0274,VEND087,Hilti Corporation,2023-07-07,2023-08-06,CHF,414090.91,0,0,18,74536.36,488627.27,Rejected,Unpaid,None,Manual Entry,2023-07-07T00:00:00Z,EMP009,2023-07-13,Passed,,91.4,INV-01836.pdf,Matched successfully against PO.
1837,INVREC01837,INV-01837,PO-2025-0716,PO0716,VEND027,Honeywell International,2025-09-16,2025-09-16,SEK,109610.64,0,503.1,20,21922.13,132035.87,Rejected,Unpaid,None,Manual Entry,2025-09-16T00:00:00Z,EMP010,2025-09-21,Passed,,95.8,INV-01837.pdf,Ready for payment.
1838,INVREC01838,INV-01838,PO-2026-0609,PO0609,VEND015,Best Buy Corp,2026-02-07,2026-03-09,INR,205561.32,0,4332.53,0,0,209893.85,Paid,Paid,2026-02-12,System Integration,2026-02-07T00:00:00Z,EMP021,2026-02-09,Passed,,91.3,INV-01838.pdf,Payment pending approval.
1839,INVREC01839,INV-01839,PO-2023-0927,PO0927,VEND013,Quick Logistics,2023-04-24,2023-05-24,GBP,424189.98,0,0,20,84838,509027.98,Rejected,Unpaid,None,OCR Workflow,2023-04-24T00:00:00Z,EMP023,2023-04-30,Passed,,95.3,INV-01839.pdf,Payment pending approval.
1840,INVREC01840,INV-01840,PO-2024-1242,PO1242,VEND098,Michelin North America,2024-12-04,2025-02-02,USD,193176.77,0,2235.5,5,9658.84,205071.11,Paid,Paid,2024-12-11,Manual Entry,2024-12-04T00:00:00Z,EMP017,2024-12-05,Passed,,86.7,INV-01840.pdf,Ready for payment.
1841,INVREC01841,INV-01841,PO-2024-0501,PO0501,VEND096,Gates Corporation,2024-04-22,2024-05-22,EUR,284170.99,0,1056.94,0,0,285227.93,Paid,Paid,2024-05-02,Manual Entry,2024-04-22T00:00:00Z,EMP025,2024-04-26,Passed,,96,INV-01841.pdf,Matched successfully against PO.
1842,INVREC01842,INV-01842,PO-2024-1300,PO1300,VEND013,Quick Logistics,2024-04-28,2024-05-28,GBP,219384.89,0,0,0,0,219384.89,Paid,Paid,2024-04-30,OCR Workflow,2024-04-28T00:00:00Z,EMP001,2024-05-01,Passed,,86.4,INV-01842.pdf,Payment pending approval.
1843,INVREC01843,INV-01843,PO-2026-1251,PO1251,VEND089,DeWalt Industrial Tool Co.,2026-08-30,2026-09-14,INR,398303.84,0,0,0,0,398303.84,Paid,Paid,2026-09-09,Manual Entry,2026-08-30T00:00:00Z,EMP014,2026-09-04,Passed,,89.9,INV-01843.pdf,Invoice under review.
1844,INVREC01844,INV-01844,PO-2025-1092,PO1092,VEND053,S&P Global Inc.,2025-04-25,2025-06-09,SEK,475787.28,0,1101.85,10,47578.73,524467.86,Paid,Paid,2025-05-12,OCR Workflow,2025-04-25T00:00:00Z,EMP026,2025-04-27,Passed,,94.9,INV-01844.pdf,Invoice under review.
1845,INVREC01845,INV-01845,PO-2023-0914,PO0914,VEND090,Snap-on Incorporated,2023-08-06,2023-08-21,GBP,396037.96,6654.62,0,0,0,396037.96,Paid,Paid,2023-08-17,System Integration,2023-08-06T00:00:00Z,EMP018,2023-08-10,Passed,,91.2,INV-01845.pdf,Invoice under review.
1846,INVREC01846,INV-01846,PO-2026-1003,PO1003,VEND042,"VMware, Inc.",2026-02-26,2026-03-28,SEK,124939.94,0,1030.39,0,0,125970.33,Paid,Paid,2026-03-17,Manual Entry,2026-02-26T00:00:00Z,EMP022,2026-03-02,Passed,,99.1,INV-01846.pdf,Ready for payment.
1847,INVREC01847,INV-01847,PO-2026-0907,PO0907,VEND037,Atlas Air Worldwide,2026-11-02,2026-11-17,CHF,156750.64,0,2482.83,0,0,159233.47,Paid,Paid,2026-11-05,Manual Entry,2026-11-02T00:00:00Z,EMP030,2026-11-03,Passed,,97,INV-01847.pdf,Invoice under review.
1848,INVREC01848,INV-01848,PO-2023-0036,PO0036,VEND048,Cummins Inc.,2023-03-30,2023-05-14,EUR,31595.78,1303.13,3518.37,10,3159.58,38273.73,Paid,Paid,2023-03-31,OCR Workflow,2023-03-30T00:00:00Z,EMP033,2023-04-06,Passed,,95.6,INV-01848.pdf,Matched successfully against PO.
1849,INVREC01849,INV-01849,PO-2024-0543,PO0543,VEND078,Cintas Corporation,2024-02-01,2024-04-01,USD,353802.96,8171.05,0,10,35380.3,389183.26,Pending,Unpaid,None,OCR Workflow,2024-02-01T00:00:00Z,None,None,Pending Approval,,89.3,INV-01849.pdf,Invoice under review.
1850,INVREC01850,INV-01850,PO-2024-0374,PO0374,VEND024,Schneider Electric,2024-06-17,2024-07-17,USD,67586.9,0,0,10,6758.69,74345.59,Pending,Unpaid,None,System Integration,2024-06-17T00:00:00Z,None,None,Pending Approval,,86.8,INV-01850.pdf,Three-way match completed.
1851,INVREC01851,INV-01851,PO-2024-0040,PO0040,VEND009,Office Furniture World,2024-09-09,2024-09-09,USD,461561.01,0,0,0,0,461561.01,Paid,Paid,2024-09-09,OCR Workflow,2024-09-09T00:00:00Z,EMP029,2024-09-13,Passed,,95.9,INV-01851.pdf,Ready for payment.
1852,INVREC01852,INV-01852,PO-2023-0166,PO0166,VEND052,Moody's Analytics,2023-11-08,2023-12-08,GBP,476672.49,0,1029.39,10,47667.25,525369.13,Pending,Unpaid,None,OCR Workflow,2023-11-08T00:00:00Z,None,None,Pending Approval,,89.5,INV-01852.pdf,Payment pending approval.
1853,INVREC01853,INV-01853,PO-2026-0398,PO0398,VEND022,Siemens AG,2026-03-02,2026-04-01,USD,89927.36,0,871.18,20,17985.47,108784.01,Pending,Unpaid,None,System Integration,2026-03-02T00:00:00Z,None,None,Pending Approval,,86.1,INV-01853.pdf,Matched successfully against PO.
1854,INVREC01854,INV-01854,PO-2024-1112,PO1112,VEND007,Staples Inc.,2024-02-20,2024-03-21,EUR,102504.25,3596.87,0,10,10250.42,112754.67,Rejected,Unpaid,None,System Integration,2024-02-20T00:00:00Z,EMP035,2024-02-26,Passed,,85.6,INV-01854.pdf,Three-way match completed.
1855,INVREC01855,INV-01855,PO-2026-0946,PO0946,VEND036,Kuehne + Nagel,2026-02-24,2026-03-11,INR,395173.36,7880.74,0,20,79034.67,474208.03,Paid,Paid,2026-03-09,Manual Entry,2026-02-24T00:00:00Z,EMP028,2026-02-26,Passed,,98.8,INV-01855.pdf,Ready for payment.
1856,INVREC01856,INV-01856,PO-2025-0881,PO0881,VEND011,Global Supplies Inc,2025-11-28,2025-12-28,SEK,71333.27,0,0,10,7133.33,78466.6,Paid,Paid,2025-12-12,Manual Entry,2025-11-28T00:00:00Z,EMP016,2025-12-04,Passed,,90.4,INV-01856.pdf,Three-way match completed.
1857,INVREC01857,INV-01857,PO-2024-1141,PO1141,VEND015,Best Buy Corp,2024-06-08,2024-07-08,INR,397663.85,0,4335.63,18,71579.49,473578.97,Paid,Paid,2024-06-19,OCR Workflow,2024-06-08T00:00:00Z,EMP007,2024-06-10,Passed,,87.7,INV-01857.pdf,Matched successfully against PO.
1858,INVREC01858,INV-01858,PO-2026-0289,PO0289,VEND071,Waste Management Inc.,2026-04-17,2026-05-17,EUR,442608.56,0,4427.39,20,88521.71,535557.66,Paid,Paid,2026-04-28,OCR Workflow,2026-04-17T00:00:00Z,EMP019,2026-04-20,Passed,,93.5,INV-01858.pdf,Matched successfully against PO.
1859,INVREC01859,INV-01859,PO-2026-0668,PO0668,VEND026,General Electric,2026-09-21,2026-10-06,SEK,331109.24,0,0,18,59599.66,390708.9,Paid,Paid,2026-10-02,Manual Entry,2026-09-21T00:00:00Z,EMP014,2026-09-22,Passed,,94.1,INV-01859.pdf,Matched successfully against PO.
1860,INVREC01860,INV-01860,PO-2023-0920,PO0920,VEND012,Elite Services,2023-03-31,2023-03-31,SEK,464014.67,0,0,20,92802.93,556817.6,Paid,Paid,2023-03-31,Manual Entry,2023-03-31T00:00:00Z,EMP030,2023-04-06,Passed,,92.7,INV-01860.pdf,Payment pending approval.
1861,INVREC01861,INV-01861,PO-2023-1081,PO1081,VEND008,DHL Express,2023-10-03,2023-11-17,INR,100061.58,0,3116.49,20,20012.32,123190.39,Paid,Paid,2023-10-05,Manual Entry,2023-10-03T00:00:00Z,EMP007,2023-10-10,Passed,,98.5,INV-01861.pdf,Invoice under review.
1862,INVREC01862,INV-01862,PO-2024-1036,PO1036,VEND042,"VMware, Inc.",2024-09-06,2024-09-21,SEK,330780.15,0,534.2,0,0,331314.35,Paid,Paid,2024-09-18,Manual Entry,2024-09-06T00:00:00Z,EMP008,2024-09-09,Passed,,96,INV-01862.pdf,Payment pending approval.
1863,INVREC01863,INV-01863,PO-2024-0894,PO0894,VEND002,Samira Hadid,2024-03-04,2024-04-18,INR,277149.83,0,2358.21,0,0,279508.04,Rejected,Unpaid,None,System Integration,2024-03-04T00:00:00Z,EMP025,2024-03-06,Passed,,99.6,INV-01863.pdf,Three-way match completed.
1864,INVREC01864,INV-01864,PO-2023-0256,PO0256,VEND076,Comcast Business,2023-04-28,2023-04-28,GBP,469223.69,12485.16,4913.84,20,93844.74,567982.27,Paid,Paid,2023-04-28,System Integration,2023-04-28T00:00:00Z,EMP040,2023-05-05,Passed,,96.9,INV-01864.pdf,Matched successfully against PO.
1865,INVREC01865,INV-01865,PO-2025-0214,PO0214,VEND086,W.W. Grainger International,2025-12-24,2026-01-23,EUR,143916,0,3306.96,0,0,147222.96,Paid,Paid,2026-01-09,Manual Entry,2025-12-24T00:00:00Z,EMP037,2025-12-26,Passed,,86.7,INV-01865.pdf,Payment pending approval.
1866,INVREC01866,INV-01866,PO-2024-0262,PO0262,VEND057,Ernst & Young LLP,2024-03-30,2024-04-29,INR,225247.99,0,0,20,45049.6,270297.59,Paid,Paid,2024-04-06,System Integration,2024-03-30T00:00:00Z,EMP001,2024-04-05,Passed,,86.5,INV-01866.pdf,Payment pending approval.
1867,INVREC01867,INV-01867,PO-2025-1450,PO1450,VEND100,ZF Friedrichshafen AG,2025-08-20,2025-09-19,USD,185118.91,0,4045.83,18,33321.4,222486.14,Paid,Paid,2025-08-21,Manual Entry,2025-08-20T00:00:00Z,EMP037,2025-08-21,Passed,,89.4,INV-01867.pdf,Invoice under review.
1868,INVREC01868,INV-01868,PO-2023-0456,PO0456,VEND047,Apple Inc.,2023-08-23,2023-09-22,GBP,449957.9,0,0,10,44995.79,494953.69,Paid,Paid,2023-09-08,Manual Entry,2023-08-23T00:00:00Z,EMP006,2023-08-29,Passed,,93.8,INV-01868.pdf,Payment pending approval.
1869,INVREC01869,INV-01869,PO-2026-0210,PO0210,VEND088,Makita Corporation,2026-11-19,2026-12-19,CHF,391376.26,0,0,0,0,391376.26,Paid,Paid,2026-11-20,OCR Workflow,2026-11-19T00:00:00Z,EMP040,2026-11-21,Passed,,93,INV-01869.pdf,Invoice under review.
1870,INVREC01870,INV-01870,PO-2024-0349,PO0349,VEND087,Hilti Corporation,2024-11-20,2024-12-20,CHF,18788.47,0,2957.73,20,3757.69,25503.89,Rejected,Unpaid,None,OCR Workflow,2024-11-20T00:00:00Z,EMP009,2024-11-26,Passed,,88.7,INV-01870.pdf,Matched successfully against PO.
1871,INVREC01871,INV-01871,PO-2024-1323,PO1323,VEND006,Amazon Business,2024-07-27,2024-08-26,SEK,319241.05,5384.72,4032.74,18,57463.39,380737.18,Rejected,Unpaid,None,System Integration,2024-07-27T00:00:00Z,None,None,Rejected,Missing PO reference,86.7,INV-01871.pdf,Matched successfully against PO.
1872,INVREC01872,INV-01872,PO-2023-0606,PO0606,VEND039,Oracle Corporation,2023-06-13,2023-08-12,CHF,220316.62,0,1102.43,10,22031.66,243450.71,Paid,Paid,2023-06-20,OCR Workflow,2023-06-13T00:00:00Z,EMP009,2023-06-16,Passed,,86.8,INV-01872.pdf,Three-way match completed.
1873,INVREC01873,INV-01873,PO-2024-0872,PO0872,VEND080,Ecolab Inc.,2024-11-26,2024-12-26,INR,284608.77,0,1638.77,20,56921.75,343169.29,Paid,Paid,2024-12-10,Manual Entry,2024-11-26T00:00:00Z,EMP025,2024-11-29,Passed,,94.1,INV-01873.pdf,Payment pending approval.
1874,INVREC01874,INV-01874,PO-2025-1400,PO1400,VEND090,Snap-on Incorporated,2025-03-17,2025-04-16,GBP,51106.95,0,4558.62,18,9199.25,64864.82,Rejected,Unpaid,None,OCR Workflow,2025-03-17T00:00:00Z,None,None,Rejected,Missing PO reference,92.5,INV-01874.pdf,Payment pending approval.
1875,INVREC01875,INV-01875,PO-2024-0787,PO0787,VEND030,Bosch Rexroth AG,2024-03-03,2024-04-17,CHF,221452.15,0,4028.23,10,22145.22,247625.6,Paid,Paid,2024-03-18,Manual Entry,2024-03-03T00:00:00Z,EMP005,2024-03-06,Passed,,91.8,INV-01875.pdf,Payment pending approval.
1876,INVREC01876,INV-01876,PO-2023-0686,PO0686,VEND042,"VMware, Inc.",2023-02-07,2023-04-08,SEK,216516.84,0,4594.79,18,38973.03,260084.66,Paid,Paid,2023-02-27,OCR Workflow,2023-02-07T00:00:00Z,EMP021,2023-02-09,Passed,,99.7,INV-01876.pdf,Ready for payment.
1877,INVREC01877,INV-01877,PO-2024-0052,PO0052,VEND061,Bain & Company,2024-05-14,2024-05-29,INR,35157.16,0,0,20,7031.43,42188.59,Pending,Unpaid,None,OCR Workflow,2024-05-14T00:00:00Z,None,None,Pending Approval,,93.2,INV-01877.pdf,Payment pending approval.
1878,INVREC01878,INV-01878,PO-2023-1438,PO1438,VEND098,Michelin North America,2023-06-03,2023-08-02,USD,482693.77,0,4625.88,5,24134.69,511454.34,Paid,Paid,2023-06-22,OCR Workflow,2023-06-03T00:00:00Z,EMP037,2023-06-07,Passed,,87.1,INV-01878.pdf,Ready for payment.
1879,INVREC01879,INV-01879,PO-2024-0481,PO0481,VEND064,Aramark Corporation,2024-12-09,2025-02-07,EUR,463367,0,1132.2,10,46336.7,510835.9,Paid,Paid,2024-12-13,OCR Workflow,2024-12-09T00:00:00Z,EMP031,2024-12-16,Passed,,86.1,INV-01879.pdf,Payment pending approval.
1880,INVREC01880,INV-01880,PO-2023-0256,PO0256,VEND076,Comcast Business,2023-04-12,2023-04-12,GBP,469223.69,5824.29,4913.84,20,93844.74,567982.27,Paid,Paid,2023-04-12,System Integration,2023-04-12T00:00:00Z,EMP003,2023-04-18,Passed,,91.1,INV-01880.pdf,Matched successfully against PO.
1881,INVREC01881,INV-01881,PO-2026-1477,PO1477,VEND083,MSC Industrial Direct,2026-04-10,2026-06-09,SEK,102472.64,0,0,20,20494.53,122967.17,Paid,Paid,2026-04-12,Manual Entry,2026-04-10T00:00:00Z,EMP018,2026-04-13,Passed,,85.4,INV-01881.pdf,Three-way match completed.
1882,INVREC01882,INV-01882,PO-2024-0439,PO0439,VEND011,Global Supplies Inc,2024-07-05,2024-08-04,SEK,49718.49,0,0,20,9943.7,59662.19,Paid,Paid,2024-07-09,Manual Entry,2024-07-05T00:00:00Z,EMP001,2024-07-08,Passed,,93.6,INV-01882.pdf,Payment pending approval.
1883,INVREC01883,INV-01883,PO-2023-0785,PO0785,VEND019,Vanguard Tech,2023-11-23,2023-11-23,USD,492947.14,6411.63,0,10,49294.71,542241.85,Pending,Unpaid,None,System Integration,2023-11-23T00:00:00Z,None,None,Pending Approval,,87.9,INV-01883.pdf,Matched successfully against PO.
1884,INVREC01884,INV-01884,PO-2025-1448,PO1448,VEND060,Boston Consulting Group,2025-09-16,2025-11-15,SEK,408822.12,0,0,0,0,408822.12,Paid,Paid,2025-09-22,System Integration,2025-09-16T00:00:00Z,EMP009,2025-09-19,Passed,,87.8,INV-01884.pdf,Three-way match completed.
1885,INVREC01885,INV-01885,PO-2025-1072,PO1072,VEND091,Ingersoll Rand,2025-10-23,2025-10-23,GBP,114649.75,0,2052.91,18,20636.96,137339.62,Paid,Paid,2025-10-23,OCR Workflow,2025-10-23T00:00:00Z,EMP037,2025-10-28,Passed,,96.9,INV-01885.pdf,Matched successfully against PO.
1886,INVREC01886,INV-01886,PO-2025-0969,PO0969,VEND083,MSC Industrial Direct,2025-11-02,2025-12-02,SEK,228012.13,9344.23,4185.19,0,0,232197.32,Paid,Paid,2025-11-05,OCR Workflow,2025-11-02T00:00:00Z,EMP015,2025-11-07,Passed,,95.9,INV-01886.pdf,Three-way match completed.
1887,INVREC01887,INV-01887,PO-2023-0789,PO0789,VEND087,Hilti Corporation,2023-08-10,2023-09-24,CHF,149662.1,6534.36,0,5,7483.1,157145.2,Paid,Paid,2023-08-18,OCR Workflow,2023-08-10T00:00:00Z,EMP002,2023-08-12,Passed,,87.9,INV-01887.pdf,Invoice under review.
1888,INVREC01888,INV-01888,PO-2026-0746,PO0746,VEND034,C.H. Robinson Worldwide,2026-04-22,2026-06-06,SEK,460356.04,0,0,18,82864.09,543220.13,Paid,Paid,2026-05-09,System Integration,2026-04-22T00:00:00Z,EMP002,2026-04-25,Passed,,87.9,INV-01888.pdf,Ready for payment.
1889,INVREC01889,INV-01889,PO-2026-1188,PO1188,VEND045,Hewlett Packard Enterprise,2026-08-29,2026-09-28,CHF,398277.15,0,0,10,39827.71,438104.86,Paid,Paid,2026-09-02,System Integration,2026-08-29T00:00:00Z,EMP026,2026-09-05,Passed,,93.6,INV-01889.pdf,Payment pending approval.
1890,INVREC01890,INV-01890,PO-2025-0369,PO0369,VEND054,"FTI Consulting, Inc.",2026-01-11,2026-02-25,USD,258427.35,0,0,5,12921.37,271348.72,Paid,Paid,2026-01-26,Manual Entry,2026-01-11T00:00:00Z,EMP029,2026-01-12,Passed,,98.3,INV-01890.pdf,Invoice under review.
1891,INVREC01891,INV-01891,PO-2025-0249,PO0249,VEND061,Bain & Company,2025-07-25,2025-08-24,INR,476186.7,0,563.12,20,95237.34,571987.16,Paid,Paid,2025-08-08,System Integration,2025-07-25T00:00:00Z,EMP016,2025-07-31,Passed,,92.3,INV-01891.pdf,Ready for payment.
1892,INVREC01892,INV-01892,PO-2024-1277,PO1277,VEND050,Festo AG & Co. KG,2024-08-02,2024-10-01,INR,269757.54,0,0,18,48556.36,318313.9,Paid,Paid,2024-08-12,Manual Entry,2024-08-02T00:00:00Z,EMP031,2024-08-09,Passed,,86.4,INV-01892.pdf,Three-way match completed.
1893,INVREC01893,INV-01893,PO-2024-0291,PO0291,VEND043,Cisco Systems Inc.,2024-09-03,2024-10-03,GBP,183443.65,0,4435.25,18,33019.86,220898.76,Paid,Paid,2024-09-06,Manual Entry,2024-09-03T00:00:00Z,EMP035,2024-09-04,Passed,,96.7,INV-01893.pdf,Ready for payment.
1894,INVREC01894,INV-01894,PO-2026-0604,PO0604,VEND095,SKF Group,2026-12-06,2027-02-04,GBP,77684.89,0,0,0,0,77684.89,Paid,Paid,2026-12-22,Manual Entry,2026-12-06T00:00:00Z,EMP008,2026-12-10,Passed,,87.8,INV-01894.pdf,Invoice under review.
1895,INVREC01895,INV-01895,PO-2024-0267,PO0267,VEND071,Waste Management Inc.,2024-04-19,2024-04-19,EUR,434394.98,0,0,20,86879,521273.98,Paid,Paid,2024-04-19,OCR Workflow,2024-04-19T00:00:00Z,EMP008,2024-04-25,Passed,,87.9,INV-01895.pdf,Matched successfully against PO.
1896,INVREC01896,INV-01896,PO-2026-0956,PO0956,VEND015,Best Buy Corp,2026-10-24,2026-11-23,INR,355507.4,0,0,20,71101.48,426608.88,Paid,Paid,2026-11-09,Manual Entry,2026-10-24T00:00:00Z,EMP009,2026-10-29,Passed,,99.5,INV-01896.pdf,Payment pending approval.
1897,INVREC01897,INV-01897,PO-2025-0003,PO0003,VEND083,MSC Industrial Direct,2025-08-11,2025-08-26,SEK,338914.98,0,0,18,61004.7,399919.68,Paid,Paid,2025-08-26,Manual Entry,2025-08-11T00:00:00Z,EMP005,2025-08-17,Passed,,95.6,INV-01897.pdf,Invoice under review.
1898,INVREC01898,INV-01898,PO-2023-0737,PO0737,VEND018,Summit Systems,2023-09-09,2023-10-24,EUR,165229.14,0,3689.37,18,29741.25,198659.76,Paid,Paid,2023-09-29,System Integration,2023-09-09T00:00:00Z,EMP022,2023-09-15,Passed,,89.2,INV-01898.pdf,Matched successfully against PO.
1899,INVREC01899,INV-01899,PO-2025-0165,PO0165,VEND041,Salesforce.com Inc.,2025-09-26,2025-11-10,GBP,479317.46,0,225.38,5,23965.87,503508.71,Paid,Paid,2025-10-16,System Integration,2025-09-26T00:00:00Z,EMP004,2025-10-01,Passed,,86.1,INV-01899.pdf,Three-way match completed.
1900,INVREC01900,INV-01900,PO-2024-0701,PO0701,VEND016,New Horizons,2024-04-08,2024-06-07,GBP,487360.57,0,0,5,24368.03,511728.6,Paid,Paid,2024-04-25,Manual Entry,2024-04-08T00:00:00Z,EMP002,2024-04-13,Passed,,86.7,INV-01900.pdf,Payment pending approval.
1901,INVREC01901,INV-01901,PO-2023-1290,PO1290,VEND019,Vanguard Tech,2023-03-27,2023-04-26,USD,477348.41,0,0,10,47734.84,525083.25,Rejected,Unpaid,None,System Integration,2023-03-27T00:00:00Z,None,None,Rejected,Invoice amount mismatch,87.4,INV-01901.pdf,Three-way match completed.
1902,INVREC01902,INV-01902,PO-2026-0886,PO0886,VEND089,DeWalt Industrial Tool Co.,2026-02-03,2026-02-03,INR,110847.57,0,1436.73,5,5542.38,117826.68,Rejected,Unpaid,None,System Integration,2026-02-03T00:00:00Z,EMP036,2026-02-07,Passed,,90.5,INV-01902.pdf,Ready for payment.
1903,INVREC01903,INV-01903,PO-2026-0272,PO0272,VEND093,Regal Beloit Corporation,2026-12-14,2027-01-13,CHF,282165.8,0,0,5,14108.29,296274.09,Paid,Paid,2026-12-20,Manual Entry,2026-12-14T00:00:00Z,EMP012,2026-12-21,Passed,,87.6,INV-01903.pdf,Three-way match completed.
1904,INVREC01904,INV-01904,PO-2023-0638,PO0638,VEND022,Siemens AG,2023-06-03,2023-07-03,USD,27315.58,296.81,2207.74,0,0,29523.32,Paid,Paid,2023-06-22,System Integration,2023-06-03T00:00:00Z,EMP006,2023-06-10,Passed,,89.6,INV-01904.pdf,Payment pending approval.
1905,INVREC01905,INV-01905,PO-2024-1112,PO1112,VEND007,Staples Inc.,2024-03-07,2024-04-06,EUR,102504.25,2426.92,0,10,10250.42,112754.67,Paid,Paid,2024-03-14,System Integration,2024-03-07T00:00:00Z,EMP038,2024-03-12,Passed,,90.6,INV-01905.pdf,Three-way match completed.
1906,INVREC01906,INV-01906,PO-2023-0524,PO0524,VEND003,IMPORTING COMPANY,2023-03-08,2023-04-07,GBP,458093.46,0,3524.92,18,82456.82,544075.2,Paid,Paid,2023-03-16,OCR Workflow,2023-03-08T00:00:00Z,EMP013,2023-03-11,Passed,,86,INV-01906.pdf,Invoice under review.
1907,INVREC01907,INV-01907,PO-2025-1092,PO1092,VEND053,S&P Global Inc.,2025-04-24,2025-06-08,SEK,475787.28,0,1101.85,10,47578.73,524467.86,Paid,Paid,2025-05-07,OCR Workflow,2025-04-24T00:00:00Z,EMP024,2025-04-28,Passed,,98.9,INV-01907.pdf,Matched successfully against PO.
1908,INVREC01908,INV-01908,PO-2024-1108,PO1108,VEND044,IBM Corporation,2024-01-20,2024-02-04,SEK,430922.45,16795.99,0,20,86184.49,517106.94,Pending,Unpaid,None,Manual Entry,2024-01-20T00:00:00Z,None,None,Pending Approval,,99.2,INV-01908.pdf,Payment pending approval.
1909,INVREC01909,INV-01909,PO-2024-0307,PO0307,VEND034,C.H. Robinson Worldwide,2024-10-04,2024-12-03,SEK,263309.87,0,4461.36,20,52661.97,320433.2,Paid,Paid,2024-10-06,System Integration,2024-10-04T00:00:00Z,EMP005,2024-10-10,Passed,,90.2,INV-01909.pdf,Payment pending approval.
1910,INVREC01910,INV-01910,PO-2024-0060,PO0060,VEND065,Sodexo S.A.,2024-12-19,2025-01-03,INR,391231.04,0,0,0,0,391231.04,Paid,Paid,2025-01-02,Manual Entry,2024-12-19T00:00:00Z,EMP015,2024-12-23,Passed,,85.5,INV-01910.pdf,Ready for payment.
1911,INVREC01911,INV-01911,PO-2025-1221,PO1221,VEND067,"CBRE Group, Inc.",2025-04-10,2025-05-10,EUR,301074.14,0,1424.51,0,0,302498.65,Rejected,Unpaid,None,System Integration,2025-04-10T00:00:00Z,EMP022,2025-04-13,Passed,,87,INV-01911.pdf,Ready for payment.
1912,INVREC01912,INV-01912,PO-2024-1339,PO1339,VEND080,Ecolab Inc.,2024-05-18,2024-06-17,INR,306255.81,9273.03,120.35,10,30625.58,337001.74,Paid,Paid,2024-05-24,Manual Entry,2024-05-18T00:00:00Z,EMP009,2024-05-22,Passed,,97.1,INV-01912.pdf,Ready for payment.
1913,INVREC01913,INV-01913,PO-2025-1030,PO1030,VEND053,S&P Global Inc.,2025-04-07,2025-05-07,SEK,260358.67,6123.72,126.54,20,52071.73,312556.94,Rejected,Unpaid,None,System Integration,2025-04-07T00:00:00Z,EMP027,2025-04-11,Passed,,94.4,INV-01913.pdf,Matched successfully against PO.
1914,INVREC01914,INV-01914,PO-2024-0929,PO0929,VEND039,Oracle Corporation,2024-05-25,2024-07-24,CHF,101325.02,0,0,20,20265,121590.02,Paid,Paid,2024-06-03,Manual Entry,2024-05-25T00:00:00Z,EMP022,2024-05-31,Passed,,89.3,INV-01914.pdf,Payment pending approval.
1915,INVREC01915,INV-01915,PO-2024-1036,PO1036,VEND042,"VMware, Inc.",2024-08-17,2024-09-01,SEK,330780.15,13673.31,534.2,0,0,331314.35,Rejected,Unpaid,None,System Integration,2024-08-17T00:00:00Z,EMP033,2024-08-21,Passed,,86.2,INV-01915.pdf,Invoice under review.
1916,INVREC01916,INV-01916,PO-2023-0277,PO0277,VEND027,Honeywell International,2023-09-10,2023-10-25,SEK,170048.83,3161.34,4662.03,10,17004.88,191715.74,Paid,Paid,2023-09-21,System Integration,2023-09-10T00:00:00Z,EMP032,2023-09-16,Passed,,89.4,INV-01916.pdf,Three-way match completed.
1917,INVREC01917,INV-01917,PO-2023-1271,PO1271,VEND085,Fastenal Company,2024-01-15,2024-01-30,SEK,239559.48,0,0,0,0,239559.48,Rejected,Unpaid,None,OCR Workflow,2024-01-15T00:00:00Z,EMP006,2024-01-19,Passed,,89.9,INV-01917.pdf,Matched successfully against PO.
1918,INVREC01918,INV-01918,PO-2025-0589,PO0589,VEND088,Makita Corporation,2025-10-11,2025-10-26,CHF,124362.59,0,1549.69,10,12436.26,138348.54,Paid,Paid,2025-10-26,OCR Workflow,2025-10-11T00:00:00Z,EMP025,2025-10-17,Passed,,94.6,INV-01918.pdf,Three-way match completed.
1919,INVREC01919,INV-01919,PO-2024-0344,PO0344,VEND024,Schneider Electric,2024-11-24,2024-12-09,USD,37342.04,1243.09,0,20,7468.41,44810.45,Rejected,Unpaid,None,OCR Workflow,2024-11-24T00:00:00Z,None,None,Rejected,Invoice amount mismatch,87.4,INV-01919.pdf,Three-way match completed.
1920,INVREC01920,INV-01920,PO-2024-0153,PO0153,VEND071,Waste Management Inc.,2024-09-26,2024-11-10,EUR,471785.33,0,0,0,0,471785.33,Paid,Paid,2024-10-05,Manual Entry,2024-09-26T00:00:00Z,EMP023,2024-09-27,Passed,,92.5,INV-01920.pdf,Payment pending approval.
1921,INVREC01921,INV-01921,PO-2026-0560,PO0560,VEND070,Tyco International,2026-11-28,2027-01-12,GBP,11429.36,0,2353.07,10,1142.94,14925.37,Paid,Paid,2026-12-08,OCR Workflow,2026-11-28T00:00:00Z,EMP001,2026-12-03,Passed,,87,INV-01921.pdf,Matched successfully against PO.
1922,INVREC01922,INV-01922,PO-2023-1179,PO1179,VEND006,Amazon Business,2023-03-22,2023-04-21,SEK,281021.31,13930.21,3120.73,20,56204.26,340346.3,Paid,Paid,2023-03-29,Manual Entry,2023-03-22T00:00:00Z,EMP019,2023-03-26,Passed,,85.3,INV-01922.pdf,Ready for payment.
1923,INVREC01923,INV-01923,PO-2024-0632,PO0632,VEND040,SAP SE,2024-07-04,2024-09-02,INR,215945.51,0,3851.85,10,21594.55,241391.91,Paid,Paid,2024-07-24,Manual Entry,2024-07-04T00:00:00Z,EMP012,2024-07-07,Passed,,94.6,INV-01923.pdf,Three-way match completed.
1924,INVREC01924,INV-01924,PO-2026-0883,PO0883,VEND075,T-Mobile for Business,2026-10-24,2026-11-23,GBP,182222.35,0,0,18,32800.02,215022.37,Rejected,Unpaid,None,System Integration,2026-10-24T00:00:00Z,EMP035,2026-10-25,Passed,,94.5,INV-01924.pdf,Matched successfully against PO.
1925,INVREC01925,INV-01925,PO-2026-0008,PO0008,VEND057,Ernst & Young LLP,2026-12-04,2027-01-03,INR,387180.78,17254.9,0,10,38718.08,425898.86,Paid,Paid,2026-12-14,Manual Entry,2026-12-04T00:00:00Z,EMP021,2026-12-08,Passed,,88,INV-01925.pdf,Three-way match completed.
1926,INVREC01926,INV-01926,PO-2023-1123,PO1123,VEND070,Tyco International,2023-02-18,2023-03-20,GBP,482292.9,0,0,20,96458.58,578751.48,Paid,Paid,2023-02-21,OCR Workflow,2023-02-18T00:00:00Z,EMP012,2023-02-24,Passed,,94.3,INV-01926.pdf,Ready for payment.
1927,INVREC01927,INV-01927,PO-2025-0004,PO0004,VEND091,Ingersoll Rand,2025-09-25,2025-10-25,GBP,354663.37,0,0,10,35466.34,390129.71,Rejected,Unpaid,None,OCR Workflow,2025-09-25T00:00:00Z,EMP004,2025-09-28,Passed,,94.6,INV-01927.pdf,Ready for payment.
1928,INVREC01928,INV-01928,PO-2023-0295,PO0295,VEND084,McMaster-Carr,2023-05-31,2023-06-15,GBP,60679.63,1321.87,1332.21,18,10922.33,72934.17,Paid,Paid,2023-06-05,System Integration,2023-05-31T00:00:00Z,EMP009,2023-06-03,Passed,,91.8,INV-01928.pdf,Payment pending approval.
1929,INVREC01929,INV-01929,PO-2026-0577,PO0577,VEND048,Cummins Inc.,2026-07-05,2026-08-04,EUR,356381.91,0,3618.4,10,35638.19,395638.5,Paid,Paid,2026-07-08,OCR Workflow,2026-07-05T00:00:00Z,EMP007,2026-07-10,Passed,,92.8,INV-01929.pdf,Matched successfully against PO.
1930,INVREC01930,INV-01930,PO-2025-1322,PO1322,VEND026,General Electric,2025-06-02,2025-06-17,SEK,214009.45,0,3766.78,10,21400.94,239177.17,Paid,Paid,2025-06-08,OCR Workflow,2025-06-02T00:00:00Z,EMP017,2025-06-08,Passed,,99.4,INV-01930.pdf,Three-way match completed.
1931,INVREC01931,INV-01931,PO-2023-0736,PO0736,VEND004,Dell Technologies,2023-11-15,2023-11-30,CHF,390486.03,0,2992.41,18,70287.49,463765.93,Paid,Paid,2023-11-26,System Integration,2023-11-15T00:00:00Z,EMP019,2023-11-17,Passed,,91.5,INV-01931.pdf,Matched successfully against PO.
1932,INVREC01932,INV-01932,PO-2026-0178,PO0178,VEND071,Waste Management Inc.,2027-01-08,2027-02-07,EUR,391334.15,0,0,18,70440.15,461774.3,Paid,Paid,2027-01-24,Manual Entry,2027-01-08T00:00:00Z,EMP026,2027-01-09,Passed,,90.8,INV-01932.pdf,Invoice under review.
1933,INVREC01933,INV-01933,PO-2025-0579,PO0579,VEND039,Oracle Corporation,2025-02-22,2025-03-24,CHF,405353.8,10716,699.93,10,40535.38,446589.11,Paid,Paid,2025-02-25,OCR Workflow,2025-02-22T00:00:00Z,EMP011,2025-02-26,Passed,,93,INV-01933.pdf,Three-way match completed.
1934,INVREC01934,INV-01934,PO-2023-0187,PO0187,VEND097,Goodyear Tire & Rubber,2023-01-31,2023-04-01,GBP,350599.95,0,0,10,35060,385659.95,Paid,Paid,2023-02-20,OCR Workflow,2023-01-31T00:00:00Z,EMP019,2023-02-06,Passed,,93.5,INV-01934.pdf,Ready for payment.
1935,INVREC01935,INV-01935,PO-2024-0267,PO0267,VEND071,Waste Management Inc.,2024-04-15,2024-04-15,EUR,434394.98,5254.96,0,20,86879,521273.98,Rejected,Unpaid,None,Manual Entry,2024-04-15T00:00:00Z,EMP005,2024-04-21,Passed,,89.5,INV-01935.pdf,Ready for payment.
1936,INVREC01936,INV-01936,PO-2025-1306,PO1306,VEND076,Comcast Business,2025-11-09,2025-11-09,GBP,362809.27,16120.53,0,20,72561.85,435371.12,Paid,Paid,2025-11-09,System Integration,2025-11-09T00:00:00Z,EMP037,2025-11-16,Passed,,98.9,INV-01936.pdf,Invoice under review.
1937,INVREC01937,INV-01937,PO-2025-1047,PO1047,VEND089,DeWalt Industrial Tool Co.,2025-07-26,2025-08-10,INR,468319.8,10958.39,1304.66,0,0,469624.46,Paid,Paid,2025-07-30,OCR Workflow,2025-07-26T00:00:00Z,EMP028,2025-07-31,Passed,,95.6,INV-01937.pdf,Payment pending approval.
1938,INVREC01938,INV-01938,PO-2025-0875,PO0875,VEND061,Bain & Company,2025-01-17,2025-02-01,INR,454139.24,7855.02,0,18,81745.06,535884.3,Paid,Paid,2025-01-28,OCR Workflow,2025-01-17T00:00:00Z,EMP029,2025-01-18,Passed,,90.8,INV-01938.pdf,Matched successfully against PO.
1939,INVREC01939,INV-01939,PO-2026-1297,PO1297,VEND005,Microsoft Corporation,2026-12-18,2027-01-02,SEK,269698.69,0,0,0,0,269698.69,Paid,Paid,2026-12-19,System Integration,2026-12-18T00:00:00Z,EMP017,2026-12-24,Passed,,92.4,INV-01939.pdf,Three-way match completed.
1940,INVREC01940,INV-01940,PO-2026-1327,PO1327,VEND024,Schneider Electric,2026-12-25,2027-01-09,USD,97125.89,0,0,18,17482.66,114608.55,Paid,Paid,2027-01-08,System Integration,2026-12-25T00:00:00Z,EMP007,2026-12-28,Passed,,86,INV-01940.pdf,Three-way match completed.
1941,INVREC01941,INV-01941,PO-2026-0312,PO0312,VEND086,W.W. Grainger International,2026-03-26,2026-04-25,EUR,24781.01,446.33,0,10,2478.1,27259.11,Paid,Paid,2026-04-07,Manual Entry,2026-03-26T00:00:00Z,EMP007,2026-03-29,Passed,,93.7,INV-01941.pdf,Payment pending approval.
1942,INVREC01942,INV-01942,PO-2023-0400,PO0400,VEND034,C.H. Robinson Worldwide,2023-10-27,2023-11-26,SEK,190445.1,0,0,10,19044.51,209489.61,Paid,Paid,2023-11-14,OCR Workflow,2023-10-27T00:00:00Z,EMP036,2023-11-01,Passed,,98.3,INV-01942.pdf,Invoice under review.
1943,INVREC01943,INV-01943,PO-2026-1432,PO1432,VEND078,Cintas Corporation,2026-07-22,2026-07-22,USD,342690.19,0,1227.96,0,0,343918.15,Paid,Paid,2026-07-22,Manual Entry,2026-07-22T00:00:00Z,EMP016,2026-07-27,Passed,,86.8,INV-01943.pdf,Invoice under review.
1944,INVREC01944,INV-01944,PO-2026-0874,PO0874,VEND075,T-Mobile for Business,2026-01-20,2026-02-04,GBP,96898.74,0,0,20,19379.75,116278.49,Paid,Paid,2026-01-21,Manual Entry,2026-01-20T00:00:00Z,EMP018,2026-01-24,Passed,,90.4,INV-01944.pdf,Matched successfully against PO.
1945,INVREC01945,INV-01945,PO-2024-0291,PO0291,VEND043,Cisco Systems Inc.,2024-09-18,2024-10-18,GBP,183443.65,0,4435.25,18,33019.86,220898.76,Rejected,Unpaid,None,Manual Entry,2024-09-18T00:00:00Z,EMP017,2024-09-20,Passed,,90.1,INV-01945.pdf,Payment pending approval.
1946,INVREC01946,INV-01946,PO-2026-0516,PO0516,VEND010,Tech Solutions Ltd,2026-09-10,2026-09-10,USD,176251.94,6406.84,4050.14,10,17625.19,197927.27,Rejected,Unpaid,None,OCR Workflow,2026-09-10T00:00:00Z,EMP001,2026-09-17,Passed,,87.6,INV-01946.pdf,Invoice under review.
1947,INVREC01947,INV-01947,PO-2026-1022,PO1022,VEND026,General Electric,2026-08-10,2026-09-09,SEK,15694.94,0,34.02,20,3138.99,18867.95,Rejected,Unpaid,None,Manual Entry,2026-08-10T00:00:00Z,EMP029,2026-08-11,Passed,,97.1,INV-01947.pdf,Matched successfully against PO.
1948,INVREC01948,INV-01948,PO-2026-0562,PO0562,VEND090,Snap-on Incorporated,2026-01-09,2026-02-08,GBP,329999.37,10368.68,3657.2,5,16499.97,350156.54,Paid,Paid,2026-01-21,Manual Entry,2026-01-09T00:00:00Z,EMP009,2026-01-11,Passed,,96.6,INV-01948.pdf,Ready for payment.
1949,INVREC01949,INV-01949,PO-2025-0165,PO0165,VEND041,Salesforce.com Inc.,2025-09-20,2025-11-04,GBP,479317.46,0,225.38,5,23965.87,503508.71,Paid,Paid,2025-10-01,Manual Entry,2025-09-20T00:00:00Z,EMP027,2025-09-23,Passed,,88.6,INV-01949.pdf,Ready for payment.
1950,INVREC01950,INV-01950,PO-2026-1315,PO1315,VEND021,Johnson Controls,2026-02-24,2026-02-24,USD,467928.55,0,308.53,20,93585.71,561822.79,Paid,Paid,2026-02-24,System Integration,2026-02-24T00:00:00Z,EMP027,2026-02-25,Passed,,88.1,INV-01950.pdf,Ready for payment.
1951,INVREC01951,INV-01951,PO-2024-0868,PO0868,VEND090,Snap-on Incorporated,2024-10-21,2024-11-20,GBP,455207.03,0,0,5,22760.35,477967.38,Paid,Paid,2024-11-07,OCR Workflow,2024-10-21T00:00:00Z,EMP003,2024-10-24,Passed,,92.4,INV-01951.pdf,Three-way match completed.
1952,INVREC01952,INV-01952,PO-2026-0909,PO0909,VEND026,General Electric,2026-06-22,2026-07-22,SEK,223189.26,0,0,5,11159.46,234348.72,Pending,Unpaid,None,Manual Entry,2026-06-22T00:00:00Z,None,None,Pending Approval,,96.6,INV-01952.pdf,Ready for payment.
1953,INVREC01953,INV-01953,PO-2023-0016,PO0016,VEND092,Baldor Electric Company,2023-01-25,2023-02-24,CHF,459327.47,0,3650.85,0,0,462978.32,Paid,Paid,2023-02-10,OCR Workflow,2023-01-25T00:00:00Z,EMP032,2023-01-26,Passed,,91.1,INV-01953.pdf,Ready for payment.
1954,INVREC01954,INV-01954,PO-2026-1427,PO1427,VEND014,Modern Office Co,2026-09-02,2026-10-02,USD,289875.53,4475.72,0,0,0,289875.53,Paid,Paid,2026-09-15,Manual Entry,2026-09-02T00:00:00Z,EMP035,2026-09-08,Passed,,88.9,INV-01954.pdf,Payment pending approval.
1955,INVREC01955,INV-01955,PO-2023-0538,PO0538,VEND100,ZF Friedrichshafen AG,2023-05-26,2023-05-26,USD,364443.89,0,0,18,65599.9,430043.79,Paid,Paid,2023-05-26,Manual Entry,2023-05-26T00:00:00Z,EMP025,2023-05-29,Passed,,99.8,INV-01955.pdf,Invoice under review.
1956,INVREC01956,INV-01956,PO-2024-0766,PO0766,VEND022,Siemens AG,2024-01-11,2024-02-10,USD,368733.28,0,0,5,18436.66,387169.94,Rejected,Unpaid,None,Manual Entry,2024-01-11T00:00:00Z,EMP010,2024-01-18,Passed,,92,INV-01956.pdf,Ready for payment.
1957,INVREC01957,INV-01957,PO-2025-1161,PO1161,VEND019,Vanguard Tech,2025-03-27,2025-03-27,USD,177796.91,0,943.89,18,32003.44,210744.24,Rejected,Unpaid,None,Manual Entry,2025-03-27T00:00:00Z,EMP010,2025-03-31,Passed,,89.3,INV-01957.pdf,Matched successfully against PO.
1958,INVREC01958,INV-01958,PO-2025-0751,PO0751,VEND085,Fastenal Company,2025-11-15,2025-12-15,SEK,184028.48,0,2870.25,20,36805.7,223704.43,Paid,Paid,2025-11-28,System Integration,2025-11-15T00:00:00Z,EMP032,2025-11-17,Passed,,93.6,INV-01958.pdf,Ready for payment.
1959,INVREC01959,INV-01959,PO-2026-0854,PO0854,VEND019,Vanguard Tech,2026-11-06,2026-12-06,USD,462321,0,0,20,92464.2,554785.2,Paid,Paid,2026-11-26,System Integration,2026-11-06T00:00:00Z,EMP032,2026-11-08,Passed,,95,INV-01959.pdf,Matched successfully against PO.
1960,INVREC01960,INV-01960,PO-2024-0346,PO0346,VEND083,MSC Industrial Direct,2024-09-01,2024-10-31,SEK,172668.32,0,0,20,34533.66,207201.98,Paid,Paid,2024-09-18,System Integration,2024-09-01T00:00:00Z,EMP027,2024-09-02,Passed,,95,INV-01960.pdf,Matched successfully against PO.
1961,INVREC01961,INV-01961,PO-2023-0292,PO0292,VEND092,Baldor Electric Company,2023-04-27,2023-05-27,CHF,82354.34,0,3336.83,0,0,85691.17,Paid,Paid,2023-05-02,Manual Entry,2023-04-27T00:00:00Z,EMP007,2023-04-30,Passed,,89,INV-01961.pdf,Matched successfully against PO.
1962,INVREC01962,INV-01962,PO-2024-0404,PO0404,VEND079,UniFirst Corporation,2024-07-02,2024-07-17,USD,54081.27,0,362.46,10,5408.13,59851.86,Rejected,Unpaid,None,Manual Entry,2024-07-02T00:00:00Z,EMP025,2024-07-07,Passed,,93.3,INV-01962.pdf,Matched successfully against PO.
1963,INVREC01963,INV-01963,PO-2025-0106,PO0106,VEND061,Bain & Company,2025-07-18,2025-08-02,INR,284080.8,0,3627.76,20,56816.16,344524.72,Rejected,Unpaid,None,System Integration,2025-07-18T00:00:00Z,EMP031,2025-07-19,Passed,,94.8,INV-01963.pdf,Invoice under review.
1964,INVREC01964,INV-01964,PO-2026-0186,PO0186,VEND098,Michelin North America,2027-01-21,2027-03-22,USD,54917.35,0,2061.59,10,5491.73,62470.67,Rejected,Unpaid,None,System Integration,2027-01-21T00:00:00Z,None,None,Rejected,Invoice amount mismatch,96.6,INV-01964.pdf,Matched successfully against PO.
1965,INVREC01965,INV-01965,PO-2025-0021,PO0021,VEND069,ADT Inc.,2025-05-05,2025-06-04,EUR,489572.18,14915.94,0,5,24478.61,514050.79,Paid,Paid,2025-05-15,OCR Workflow,2025-05-05T00:00:00Z,EMP027,2025-05-10,Passed,,90.4,INV-01965.pdf,Matched successfully against PO.
1966,INVREC01966,INV-01966,PO-2024-1467,PO1467,VEND051,Thomson Reuters,2024-03-13,2024-04-27,USD,400758.02,14857.55,335.85,10,40075.8,441169.67,Paid,Paid,2024-03-16,Manual Entry,2024-03-13T00:00:00Z,EMP032,2024-03-17,Passed,,88.3,INV-01966.pdf,Invoice under review.
1967,INVREC01967,INV-01967,PO-2024-0694,PO0694,VEND089,DeWalt Industrial Tool Co.,2024-08-20,2024-10-04,INR,216703.11,0,728.51,5,10835.16,228266.78,Pending,Unpaid,None,OCR Workflow,2024-08-20T00:00:00Z,None,None,Pending Approval,,95.8,INV-01967.pdf,Matched successfully against PO.
1968,INVREC01968,INV-01968,PO-2023-1078,PO1078,VEND074,Verizon Business Group,2023-12-14,2023-12-29,EUR,149152.34,0,0,20,29830.47,178982.81,Rejected,Unpaid,None,System Integration,2023-12-14T00:00:00Z,EMP028,2023-12-15,Passed,,92.9,INV-01968.pdf,Payment pending approval.
1969,INVREC01969,INV-01969,PO-2026-1478,PO1478,VEND034,C.H. Robinson Worldwide,2026-12-27,2027-01-26,SEK,471112.75,0,0,10,47111.28,518224.03,Paid,Paid,2027-01-11,System Integration,2026-12-27T00:00:00Z,EMP013,2027-01-03,Passed,,95.4,INV-01969.pdf,Matched successfully against PO.
1970,INVREC01970,INV-01970,PO-2023-1476,PO1476,VEND049,Parker Hannifin Corporation,2023-12-02,2024-01-31,USD,349800.05,0,0,18,62964.01,412764.06,Paid,Paid,2023-12-11,System Integration,2023-12-02T00:00:00Z,EMP034,2023-12-08,Passed,,87,INV-01970.pdf,Invoice under review.
1971,INVREC01971,INV-01971,PO-2026-0272,PO0272,VEND093,Regal Beloit Corporation,2026-12-16,2027-01-15,CHF,282165.8,0,0,5,14108.29,296274.09,Paid,Paid,2027-01-02,Manual Entry,2026-12-16T00:00:00Z,EMP005,2026-12-19,Passed,,91.9,INV-01971.pdf,Matched successfully against PO.
1972,INVREC01972,INV-01972,PO-2026-1393,PO1393,VEND014,Modern Office Co,2026-04-03,2026-04-18,USD,366941.92,8744.47,0,0,0,366941.92,Paid,Paid,2026-04-18,OCR Workflow,2026-04-03T00:00:00Z,EMP023,2026-04-06,Passed,,90.3,INV-01972.pdf,Invoice under review.
1973,INVREC01973,INV-01973,PO-2026-1420,PO1420,VEND097,Goodyear Tire & Rubber,2026-12-16,2027-01-15,GBP,168750.84,0,0,10,16875.08,185625.92,Paid,Paid,2026-12-19,System Integration,2026-12-16T00:00:00Z,EMP024,2026-12-22,Passed,,88,INV-01973.pdf,Invoice under review.
1974,INVREC01974,INV-01974,PO-2026-0360,PO0360,VEND096,Gates Corporation,2026-05-16,2026-06-15,EUR,390374.4,15144.19,0,20,78074.88,468449.28,Paid,Paid,2026-05-29,Manual Entry,2026-05-16T00:00:00Z,EMP022,2026-05-20,Passed,,86,INV-01974.pdf,Invoice under review.
1975,INVREC01975,INV-01975,PO-2023-1101,PO1101,VEND020,Alpha Industries,2023-01-28,2023-02-12,SEK,269643.19,0,0,10,26964.32,296607.51,Paid,Paid,2023-02-02,Manual Entry,2023-01-28T00:00:00Z,EMP040,2023-02-01,Passed,,85.1,INV-01975.pdf,Payment pending approval.
1976,INVREC01976,INV-01976,PO-2026-1022,PO1022,VEND026,General Electric,2026-08-16,2026-09-15,SEK,15694.94,0,34.02,20,3138.99,18867.95,Paid,Paid,2026-08-26,Manual Entry,2026-08-16T00:00:00Z,EMP029,2026-08-22,Passed,,94.7,INV-01976.pdf,Invoice under review.
1977,INVREC01977,INV-01977,PO-2023-1127,PO1127,VEND089,DeWalt Industrial Tool Co.,2023-10-31,2023-12-15,INR,263644.51,0,3827.04,0,0,267471.55,Paid,Paid,2023-11-06,System Integration,2023-10-31T00:00:00Z,EMP035,2023-11-07,Passed,,92.9,INV-01977.pdf,Three-way match completed.
1978,INVREC01978,INV-01978,PO-2024-1472,PO1472,VEND014,Modern Office Co,2024-11-03,2024-11-03,USD,199587.17,0,0,20,39917.43,239504.6,Paid,Paid,2024-11-03,System Integration,2024-11-03T00:00:00Z,EMP031,2024-11-07,Passed,,95.3,INV-01978.pdf,Invoice under review.
1979,INVREC01979,INV-01979,PO-2024-0508,PO0508,VEND048,Cummins Inc.,2024-02-04,2024-04-04,EUR,403788.1,0,0,20,80757.62,484545.72,Paid,Paid,2024-02-24,System Integration,2024-02-04T00:00:00Z,EMP024,2024-02-06,Passed,,86.4,INV-01979.pdf,Invoice under review.
1980,INVREC01980,INV-01980,PO-2023-1362,PO1362,VEND051,Thomson Reuters,2023-06-07,2023-08-06,USD,194497.62,6116.52,1036.99,5,9724.88,205259.49,Paid,Paid,2023-06-11,System Integration,2023-06-07T00:00:00Z,EMP011,2023-06-14,Passed,,88.4,INV-01980.pdf,Payment pending approval.
1981,INVREC01981,INV-01981,PO-2023-1028,PO1028,VEND043,Cisco Systems Inc.,2023-04-26,2023-05-11,GBP,107422.43,0,0,20,21484.49,128906.92,Paid,Paid,2023-04-29,System Integration,2023-04-26T00:00:00Z,EMP008,2023-04-27,Passed,,85.7,INV-01981.pdf,Three-way match completed.
1982,INVREC01982,INV-01982,PO-2023-0832,PO0832,VEND079,UniFirst Corporation,2023-10-06,2023-10-21,USD,269488.58,0,0,10,26948.86,296437.44,Rejected,Unpaid,None,Manual Entry,2023-10-06T00:00:00Z,EMP008,2023-10-12,Passed,,94.7,INV-01982.pdf,Three-way match completed.
1983,INVREC01983,INV-01983,PO-2026-0422,PO0422,VEND036,Kuehne + Nagel,2026-07-24,2026-07-24,INR,38841.78,0,0,5,1942.09,40783.87,Pending,Unpaid,None,Manual Entry,2026-07-24T00:00:00Z,None,None,Pending Approval,,97,INV-01983.pdf,Payment pending approval.
1984,INVREC01984,INV-01984,PO-2025-0919,PO0919,VEND003,IMPORTING COMPANY,2025-09-17,2025-11-01,GBP,380550.02,0,4719.85,0,0,385269.87,Paid,Paid,2025-09-20,OCR Workflow,2025-09-17T00:00:00Z,EMP032,2025-09-21,Passed,,91.2,INV-01984.pdf,Matched successfully against PO.
1985,INVREC01985,INV-01985,PO-2024-0787,PO0787,VEND030,Bosch Rexroth AG,2024-02-24,2024-04-09,CHF,221452.15,8619.84,4028.23,10,22145.22,247625.6,Paid,Paid,2024-03-04,Manual Entry,2024-02-24T00:00:00Z,EMP037,2024-03-01,Passed,,86.2,INV-01985.pdf,Payment pending approval.
1986,INVREC01986,INV-01986,PO-2025-1132,PO1132,VEND099,Bridgestone Americas,2025-07-09,2025-08-08,USD,445724.08,0,0,5,22286.2,468010.28,Paid,Paid,2025-07-14,System Integration,2025-07-09T00:00:00Z,EMP034,2025-07-13,Passed,,91.1,INV-01986.pdf,Three-way match completed.
1987,INVREC01987,INV-01987,PO-2024-1051,PO1051,VEND050,Festo AG & Co. KG,2024-12-03,2024-12-18,INR,22396.54,0,0,10,2239.65,24636.19,Paid,Paid,2024-12-05,System Integration,2024-12-03T00:00:00Z,EMP012,2024-12-06,Passed,,99.8,INV-01987.pdf,Payment pending approval.
1988,INVREC01988,INV-01988,PO-2023-0400,PO0400,VEND034,C.H. Robinson Worldwide,2023-10-17,2023-11-16,SEK,190445.1,0,0,10,19044.51,209489.61,Paid,Paid,2023-10-30,System Integration,2023-10-17T00:00:00Z,EMP014,2023-10-22,Passed,,95.7,INV-01988.pdf,Invoice under review.
1989,INVREC01989,INV-01989,PO-2023-0843,PO0843,VEND056,PricewaterhouseCoopers LLP,2023-08-13,2023-08-13,EUR,217625.8,0,0,10,21762.58,239388.38,Paid,Paid,2023-08-13,System Integration,2023-08-13T00:00:00Z,EMP030,2023-08-19,Passed,,90.3,INV-01989.pdf,Three-way match completed.
1990,INVREC01990,INV-01990,PO-2023-0047,PO0047,VEND073,AT&T Business,2023-11-12,2023-11-27,SEK,10256.89,0,2257.22,0,0,12514.11,Paid,Paid,2023-11-17,System Integration,2023-11-12T00:00:00Z,EMP005,2023-11-17,Passed,,89.2,INV-01990.pdf,Invoice under review.
1991,INVREC01991,INV-01991,PO-2026-0465,PO0465,VEND066,Jones Lang LaSalle,2027-01-10,2027-02-24,CHF,408540.68,0,2389.91,0,0,410930.59,Paid,Paid,2027-01-25,System Integration,2027-01-10T00:00:00Z,EMP035,2027-01-16,Passed,,86.5,INV-01991.pdf,Ready for payment.
1992,INVREC01992,INV-01992,PO-2023-0158,PO0158,VEND013,Quick Logistics,2024-01-06,2024-01-06,GBP,269858.55,0,1407.18,10,26985.85,298251.58,Rejected,Unpaid,None,OCR Workflow,2024-01-06T00:00:00Z,EMP014,2024-01-12,Passed,,86.5,INV-01992.pdf,Three-way match completed.
1993,INVREC01993,INV-01993,PO-2026-0975,PO0975,VEND066,Jones Lang LaSalle,2026-03-11,2026-04-25,CHF,85919.89,0,3737.37,18,15465.58,105122.84,Paid,Paid,2026-03-14,OCR Workflow,2026-03-11T00:00:00Z,EMP016,2026-03-15,Passed,,92.2,INV-01993.pdf,Payment pending approval.
1994,INVREC01994,INV-01994,PO-2026-1315,PO1315,VEND021,Johnson Controls,2026-02-11,2026-02-11,USD,467928.55,12395.41,308.53,20,93585.71,561822.79,Paid,Paid,2026-02-11,OCR Workflow,2026-02-11T00:00:00Z,EMP003,2026-02-15,Passed,,92.1,INV-01994.pdf,Three-way match completed.
1995,INVREC01995,INV-01995,PO-2023-1476,PO1476,VEND049,Parker Hannifin Corporation,2023-11-15,2024-01-14,USD,349800.05,14510.78,0,18,62964.01,412764.06,Rejected,Unpaid,None,OCR Workflow,2023-11-15T00:00:00Z,EMP017,2023-11-21,Passed,,86.5,INV-01995.pdf,Ready for payment.
1996,INVREC01996,INV-01996,PO-2026-0516,PO0516,VEND010,Tech Solutions Ltd,2026-09-10,2026-09-10,USD,176251.94,0,4050.14,10,17625.19,197927.27,Paid,Paid,2026-09-10,System Integration,2026-09-10T00:00:00Z,EMP003,2026-09-11,Passed,,97.6,INV-01996.pdf,Three-way match completed.
1997,INVREC01997,INV-01997,PO-2026-0527,PO0527,VEND099,Bridgestone Americas,2026-10-11,2026-11-10,USD,279538.44,0,2564.19,5,13976.92,296079.55,Paid,Paid,2026-10-31,OCR Workflow,2026-10-11T00:00:00Z,EMP037,2026-10-18,Passed,,86.4,INV-01997.pdf,Ready for payment.
1998,INVREC01998,INV-01998,PO-2025-0084,PO0084,VEND083,MSC Industrial Direct,2025-08-12,2025-09-26,SEK,224037.54,0,0,5,11201.88,235239.42,Paid,Paid,2025-08-28,Manual Entry,2025-08-12T00:00:00Z,EMP035,2025-08-18,Passed,,92,INV-01998.pdf,Ready for payment.
1999,INVREC01999,INV-01999,PO-2023-0742,PO0742,VEND080,Ecolab Inc.,2023-02-01,2023-02-01,INR,187514.7,0,0,18,33752.65,221267.35,Paid,Paid,2023-02-01,OCR Workflow,2023-02-01T00:00:00Z,EMP025,2023-02-02,Passed,,92.2,INV-01999.pdf,Three-way match completed.
2000,INVREC02000,INV-02000,PO-2023-1207,PO1207,VEND076,Comcast Business,2023-03-10,2023-03-25,GBP,314274.17,0,2391,0,0,316665.17,Paid,Paid,2023-03-19,System Integration,2023-03-10T00:00:00Z,EMP006,2023-03-16,Passed,,94,INV-02000.pdf,Payment pending approval.
2001,INVREC02001,INV-02001,PO-2025-0165,PO0165,VEND041,Salesforce.com Inc.,2025-09-14,2025-10-29,GBP,479317.46,21210.86,225.38,5,23965.87,503508.71,Pending,Unpaid,None,System Integration,2025-09-14T00:00:00Z,None,None,Pending Approval,,93.9,INV-02001.pdf,Three-way match completed.
2002,INVREC02002,INV-02002,PO-2026-0248,PO0248,VEND080,Ecolab Inc.,2026-04-24,2026-05-24,INR,40477.19,0,1394.19,20,8095.44,49966.82,Paid,Paid,2026-04-27,Manual Entry,2026-04-24T00:00:00Z,EMP035,2026-04-29,Passed,,91.7,INV-02002.pdf,Ready for payment.
2003,INVREC02003,INV-02003,PO-2024-0055,PO0055,VEND023,Caterpillar Inc.,2024-09-22,2024-10-07,INR,27179.48,334.07,0,10,2717.95,29897.43,Paid,Paid,2024-10-05,Manual Entry,2024-09-22T00:00:00Z,EMP001,2024-09-28,Passed,,85.5,INV-02003.pdf,Matched successfully against PO.
2004,INVREC02004,INV-02004,PO-2024-0706,PO0706,VEND068,Securitas AB,2024-10-17,2024-12-16,EUR,193565.56,2722.95,240.51,5,9678.28,203484.35,Paid,Paid,2024-11-04,Manual Entry,2024-10-17T00:00:00Z,EMP004,2024-10-20,Passed,,87.9,INV-02004.pdf,Matched successfully against PO.
2005,INVREC02005,INV-02005,PO-2026-1343,PO1343,VEND019,Vanguard Tech,2026-07-20,2026-08-19,USD,137173.46,5850.45,0,0,0,137173.46,Paid,Paid,2026-07-22,OCR Workflow,2026-07-20T00:00:00Z,EMP002,2026-07-22,Passed,,93.5,INV-02005.pdf,Invoice under review.
2006,INVREC02006,INV-02006,PO-2023-0754,PO0754,VEND086,W.W. Grainger International,2023-01-30,2023-03-16,EUR,288697.76,0,2703.18,18,51965.6,343366.54,Paid,Paid,2023-02-19,System Integration,2023-01-30T00:00:00Z,EMP012,2023-02-02,Passed,,87.9,INV-02006.pdf,Payment pending approval.
2007,INVREC02007,INV-02007,PO-2026-1014,PO1014,VEND066,Jones Lang LaSalle,2026-02-01,2026-02-01,CHF,48458.67,0,1227.17,5,2422.93,52108.77,Paid,Paid,2026-02-01,System Integration,2026-02-01T00:00:00Z,EMP003,2026-02-02,Passed,,86.6,INV-02007.pdf,Matched successfully against PO.
2008,INVREC02008,INV-02008,PO-2024-0748,PO0748,VEND014,Modern Office Co,2024-11-02,2024-12-02,USD,345918.03,13591.46,3518.75,5,17295.9,366732.68,Paid,Paid,2024-11-11,Manual Entry,2024-11-02T00:00:00Z,EMP006,2024-11-09,Passed,,86,INV-02008.pdf,Matched successfully against PO.
2009,INVREC02009,INV-02009,PO-2024-0776,PO0776,VEND024,Schneider Electric,2024-06-07,2024-06-07,USD,274958.19,0,0,18,49492.47,324450.66,Paid,Paid,2024-06-07,System Integration,2024-06-07T00:00:00Z,EMP034,2024-06-09,Passed,,86.6,INV-02009.pdf,Matched successfully against PO.
2010,INVREC02010,INV-02010,PO-2023-0788,PO0788,VEND068,Securitas AB,2023-08-31,2023-10-15,EUR,11667.79,562.77,0,20,2333.56,14001.35,Paid,Paid,2023-09-19,System Integration,2023-08-31T00:00:00Z,EMP025,2023-09-05,Passed,,97.8,INV-02010.pdf,Three-way match completed.
2011,INVREC02011,INV-02011,PO-2026-0863,PO0863,VEND005,Microsoft Corporation,2026-01-22,2026-03-08,SEK,76565.27,0,313.8,18,13781.75,90660.82,Pending,Unpaid,None,OCR Workflow,2026-01-22T00:00:00Z,None,None,Pending Approval,,85.6,INV-02011.pdf,Matched successfully against PO.
2012,INVREC02012,INV-02012,PO-2023-0080,PO0080,VEND018,Summit Systems,2023-11-22,2023-12-22,EUR,89398.75,0,0,5,4469.94,93868.69,Rejected,Unpaid,None,System Integration,2023-11-22T00:00:00Z,EMP011,2023-11-26,Passed,,86.8,INV-02012.pdf,Matched successfully against PO.
2013,INVREC02013,INV-02013,PO-2026-0343,PO0343,VEND056,PricewaterhouseCoopers LLP,2026-09-20,2026-10-20,EUR,333763,16593.56,3053.36,0,0,336816.36,Rejected,Unpaid,None,OCR Workflow,2026-09-20T00:00:00Z,EMP031,2026-09-24,Passed,,91,INV-02013.pdf,Invoice under review.
2014,INVREC02014,INV-02014,PO-2026-0999,PO0999,VEND002,Samira Hadid,2026-10-30,2026-12-14,INR,298323.83,0,0,5,14916.19,313240.02,Paid,Paid,2026-11-02,OCR Workflow,2026-10-30T00:00:00Z,EMP010,2026-11-03,Passed,,86,INV-02014.pdf,Three-way match completed.
2015,INVREC02015,INV-02015,PO-2025-1456,PO1456,VEND045,Hewlett Packard Enterprise,2025-02-01,2025-03-03,CHF,178877.4,0,0,0,0,178877.4,Paid,Paid,2025-02-04,Manual Entry,2025-02-01T00:00:00Z,EMP014,2025-02-07,Passed,,93.4,INV-02015.pdf,Invoice under review.
2016,INVREC02016,INV-02016,PO-2023-1220,PO1220,VEND033,Maersk Line,2023-10-09,2023-11-08,SEK,263579.66,0,3443.63,18,47444.34,314467.63,Paid,Paid,2023-10-13,Manual Entry,2023-10-09T00:00:00Z,EMP035,2023-10-10,Passed,,96.6,INV-02016.pdf,Ready for payment.
2017,INVREC02017,INV-02017,PO-2023-1238,PO1238,VEND016,New Horizons,2023-04-21,2023-05-21,GBP,416841.79,0,0,5,20842.09,437683.88,Pending,Unpaid,None,OCR Workflow,2023-04-21T00:00:00Z,None,None,Pending Approval,,88.2,INV-02017.pdf,Payment pending approval.
2018,INVREC02018,INV-02018,PO-2026-1109,PO1109,VEND047,Apple Inc.,2026-06-06,2026-07-21,GBP,47437.45,588.52,1701.2,5,2371.87,51510.52,Paid,Paid,2026-06-11,OCR Workflow,2026-06-06T00:00:00Z,EMP011,2026-06-08,Passed,,99.2,INV-02018.pdf,Ready for payment.
2019,INVREC02019,INV-02019,PO-2023-0806,PO0806,VEND071,Waste Management Inc.,2024-01-25,2024-02-24,EUR,66813.41,0,1043.25,20,13362.68,81219.34,Paid,Paid,2024-02-13,System Integration,2024-01-25T00:00:00Z,EMP005,2024-01-29,Passed,,96.6,INV-02019.pdf,Ready for payment.
2020,INVREC02020,INV-02020,PO-2023-0619,PO0619,VEND099,Bridgestone Americas,2023-02-10,2023-03-12,USD,113496.33,4188.71,1340.96,20,22699.27,137536.56,Rejected,Unpaid,None,Manual Entry,2023-02-10T00:00:00Z,None,None,Rejected,Missing PO reference,88,INV-02020.pdf,Matched successfully against PO.
2021,INVREC02021,INV-02021,PO-2023-0852,PO0852,VEND085,Fastenal Company,2023-09-08,2023-09-23,SEK,190232.15,7532.71,0,10,19023.22,209255.37,Paid,Paid,2023-09-20,System Integration,2023-09-08T00:00:00Z,EMP015,2023-09-15,Passed,,85.2,INV-02021.pdf,Payment pending approval.
2022,INVREC02022,INV-02022,PO-2025-0801,PO0801,VEND055,Deloitte & Touche LLP,2025-02-12,2025-04-13,EUR,189109.26,0,646.12,18,34039.67,223795.05,Paid,Paid,2025-02-17,System Integration,2025-02-12T00:00:00Z,EMP024,2025-02-18,Passed,,89.2,INV-02022.pdf,Ready for payment.
2023,INVREC02023,INV-02023,PO-2023-0195,PO0195,VEND044,IBM Corporation,2023-11-30,2023-12-30,SEK,93226.02,0,0,18,16780.68,110006.7,Paid,Paid,2023-12-05,Manual Entry,2023-11-30T00:00:00Z,EMP001,2023-12-03,Passed,,88.7,INV-02023.pdf,Ready for payment.
2024,INVREC02024,INV-02024,PO-2025-0981,PO0981,VEND037,Atlas Air Worldwide,2025-06-17,2025-07-17,CHF,344509.77,7564.39,0,10,34450.98,378960.75,Paid,Paid,2025-06-28,OCR Workflow,2025-06-17T00:00:00Z,EMP021,2025-06-24,Passed,,96,INV-02024.pdf,Ready for payment.
2025,INVREC02025,INV-02025,PO-2026-1475,PO1475,VEND047,Apple Inc.,2026-08-26,2026-09-25,GBP,431449.08,0,0,10,43144.91,474593.99,Paid,Paid,2026-09-03,System Integration,2026-08-26T00:00:00Z,EMP010,2026-08-30,Passed,,95.6,INV-02025.pdf,Matched successfully against PO.
2026,INVREC02026,INV-02026,PO-2024-1226,PO1226,VEND094,Timken Company,2024-06-11,2024-07-11,SEK,367579.78,0,3750.16,20,73515.96,444845.9,Paid,Paid,2024-06-21,OCR Workflow,2024-06-11T00:00:00Z,EMP014,2024-06-13,Passed,,88.4,INV-02026.pdf,Payment pending approval.
2027,INVREC02027,INV-02027,PO-2024-0834,PO0834,VEND026,General Electric,2024-06-14,2024-06-14,SEK,383355.65,0,0,5,19167.78,402523.43,Paid,Paid,2024-06-14,OCR Workflow,2024-06-14T00:00:00Z,EMP018,2024-06-18,Passed,,99.1,INV-02027.pdf,Three-way match completed.
2028,INVREC02028,INV-02028,PO-2026-0210,PO0210,VEND088,Makita Corporation,2026-12-10,2027-01-09,CHF,391376.26,0,0,0,0,391376.26,Rejected,Unpaid,None,System Integration,2026-12-10T00:00:00Z,EMP008,2026-12-12,Passed,,87.8,INV-02028.pdf,Three-way match completed.
2029,INVREC02029,INV-02029,PO-2023-0223,PO0223,VEND095,SKF Group,2023-04-04,2023-05-04,GBP,26547.76,0,2872.52,0,0,29420.28,Paid,Paid,2023-04-08,Manual Entry,2023-04-04T00:00:00Z,EMP033,2023-04-05,Passed,,88.2,INV-02029.pdf,Payment pending approval.
2030,INVREC02030,INV-02030,PO-2024-1169,PO1169,VEND096,Gates Corporation,2024-01-06,2024-02-05,EUR,293326.56,0,0,20,58665.31,351991.87,Paid,Paid,2024-01-16,OCR Workflow,2024-01-06T00:00:00Z,EMP003,2024-01-13,Passed,,97.8,INV-02030.pdf,Three-way match completed.
2031,INVREC02031,INV-02031,PO-2024-0960,PO0960,VEND095,SKF Group,2024-07-19,2024-08-18,GBP,167800.29,0,77.78,10,16780.03,184658.1,Rejected,Unpaid,None,OCR Workflow,2024-07-19T00:00:00Z,EMP033,2024-07-21,Passed,,86.5,INV-02031.pdf,Payment pending approval.
2032,INVREC02032,INV-02032,PO-2026-0139,PO0139,VEND012,Elite Services,2026-05-22,2026-06-21,SEK,289989.59,3283.68,1084.72,10,28998.96,320073.27,Paid,Paid,2026-06-05,Manual Entry,2026-05-22T00:00:00Z,EMP011,2026-05-27,Passed,,96.7,INV-02032.pdf,Invoice under review.
2033,INVREC02033,INV-02033,PO-2023-0936,PO0936,VEND025,ABB Ltd,2023-10-05,2023-11-04,GBP,382102.23,0,2479.48,0,0,384581.71,Paid,Paid,2023-10-25,OCR Workflow,2023-10-05T00:00:00Z,EMP004,2023-10-09,Passed,,87.2,INV-02033.pdf,Payment pending approval.
2034,INVREC02034,INV-02034,PO-2024-1278,PO1278,VEND100,ZF Friedrichshafen AG,2024-07-23,2024-09-21,USD,313052.66,0,334.15,20,62610.53,375997.34,Paid,Paid,2024-08-01,OCR Workflow,2024-07-23T00:00:00Z,EMP039,2024-07-25,Passed,,93.5,INV-02034.pdf,Ready for payment.
2035,INVREC02035,INV-02035,PO-2025-0062,PO0062,VEND033,Maersk Line,2025-10-26,2025-12-25,SEK,476620.8,0,0,10,47662.08,524282.88,Paid,Paid,2025-11-08,OCR Workflow,2025-10-26T00:00:00Z,EMP025,2025-11-02,Passed,,86.7,INV-02035.pdf,Three-way match completed.
2036,INVREC02036,INV-02036,PO-2024-1231,PO1231,VEND037,Atlas Air Worldwide,2024-03-23,2024-05-22,CHF,382105.71,7448.75,0,18,68779.03,450884.74,Paid,Paid,2024-04-04,Manual Entry,2024-03-23T00:00:00Z,EMP011,2024-03-28,Passed,,85.8,INV-02036.pdf,Matched successfully against PO.
2037,INVREC02037,INV-02037,PO-2025-0696,PO0696,VEND068,Securitas AB,2025-09-18,2025-10-18,EUR,417186.71,9451.49,4014.85,18,75093.61,496295.17,Paid,Paid,2025-09-23,OCR Workflow,2025-09-18T00:00:00Z,EMP002,2025-09-25,Passed,,90,INV-02037.pdf,Ready for payment.
2038,INVREC02038,INV-02038,PO-2024-0838,PO0838,VEND049,Parker Hannifin Corporation,2024-10-19,2024-11-18,USD,474050.77,0,0,0,0,474050.77,Paid,Paid,2024-10-31,OCR Workflow,2024-10-19T00:00:00Z,EMP031,2024-10-25,Passed,,88.8,INV-02038.pdf,Payment pending approval.
2039,INVREC02039,INV-02039,PO-2026-0215,PO0215,VEND050,Festo AG & Co. KG,2026-07-10,2026-07-10,INR,293532.38,0,0,0,0,293532.38,Paid,Paid,2026-07-10,OCR Workflow,2026-07-10T00:00:00Z,EMP039,2026-07-13,Passed,,99.5,INV-02039.pdf,Matched successfully against PO.
2040,INVREC02040,INV-02040,PO-2026-0495,PO0495,VEND017,Pinnacle Partners,2026-12-26,2027-01-25,CHF,21264.65,0,0,0,0,21264.65,Rejected,Unpaid,None,OCR Workflow,2026-12-26T00:00:00Z,EMP037,2026-12-28,Passed,,93.4,INV-02040.pdf,Ready for payment.
2041,INVREC02041,INV-02041,PO-2023-1017,PO1017,VEND084,McMaster-Carr,2024-01-15,2024-03-15,GBP,396550.2,0,4048.21,10,39655.02,440253.43,Paid,Paid,2024-01-28,OCR Workflow,2024-01-15T00:00:00Z,EMP037,2024-01-16,Passed,,87.4,INV-02041.pdf,Invoice under review.
2042,INVREC02042,INV-02042,PO-2026-1475,PO1475,VEND047,Apple Inc.,2026-09-05,2026-10-05,GBP,431449.08,17008.36,0,10,43144.91,474593.99,Paid,Paid,2026-09-22,OCR Workflow,2026-09-05T00:00:00Z,EMP039,2026-09-07,Passed,,87.4,INV-02042.pdf,Ready for payment.
2043,INVREC02043,INV-02043,PO-2026-0465,PO0465,VEND066,Jones Lang LaSalle,2027-01-16,2027-03-02,CHF,408540.68,17652.08,2389.91,0,0,410930.59,Rejected,Unpaid,None,OCR Workflow,2027-01-16T00:00:00Z,EMP033,2027-01-21,Passed,,85.3,INV-02043.pdf,Payment pending approval.
2044,INVREC02044,INV-02044,PO-2026-0103,PO0103,VEND098,Michelin North America,2026-05-27,2026-07-11,USD,17491.45,715.46,2889.83,5,874.57,21255.85,Paid,Paid,2026-06-13,Manual Entry,2026-05-27T00:00:00Z,EMP033,2026-06-02,Passed,,88,INV-02044.pdf,Three-way match completed.
2045,INVREC02045,INV-02045,PO-2026-0399,PO0399,VEND052,Moody's Analytics,2026-05-01,2026-05-01,GBP,429931.91,0,1911.87,20,85986.38,517830.16,Paid,Paid,2026-05-01,OCR Workflow,2026-05-01T00:00:00Z,EMP026,2026-05-05,Passed,,88.5,INV-02045.pdf,Ready for payment.
2046,INVREC02046,INV-02046,PO-2026-0668,PO0668,VEND026,General Electric,2026-09-20,2026-10-05,SEK,331109.24,5460.49,0,18,59599.66,390708.9,Rejected,Unpaid,None,OCR Workflow,2026-09-20T00:00:00Z,EMP017,2026-09-25,Passed,,85.4,INV-02046.pdf,Invoice under review.
2047,INVREC02047,INV-02047,PO-2023-0078,PO0078,VEND070,Tyco International,2023-07-28,2023-09-11,GBP,16638.59,0,3260.07,0,0,19898.66,Rejected,Unpaid,None,OCR Workflow,2023-07-28T00:00:00Z,EMP004,2023-08-04,Passed,,96.5,INV-02047.pdf,Ready for payment.
2048,INVREC02048,INV-02048,PO-2023-0923,PO0923,VEND091,Ingersoll Rand,2023-05-25,2023-07-24,GBP,482552.82,0,2939.47,18,86859.51,572351.8,Rejected,Unpaid,None,System Integration,2023-05-25T00:00:00Z,EMP013,2023-05-31,Passed,,94.9,INV-02048.pdf,Payment pending approval.
2049,INVREC02049,INV-02049,PO-2024-0665,PO0665,VEND081,Kimberly-Clark Professional,2024-11-19,2024-12-04,SEK,407843.2,0,907.99,5,20392.16,429143.35,Rejected,Unpaid,None,Manual Entry,2024-11-19T00:00:00Z,EMP040,2024-11-23,Passed,,87.4,INV-02049.pdf,Payment pending approval.
2050,INVREC02050,INV-02050,PO-2026-0181,PO0181,VEND052,Moody's Analytics,2026-05-01,2026-06-30,GBP,264898.62,0,32.58,5,13244.93,278176.13,Paid,Paid,2026-05-15,System Integration,2026-05-01T00:00:00Z,EMP039,2026-05-05,Passed,,87,INV-02050.pdf,Payment pending approval.
2051,INVREC02051,INV-02051,PO-2023-1151,PO1151,VEND016,New Horizons,2023-04-25,2023-05-25,GBP,264952.01,5828.38,3192.11,0,0,268144.12,Rejected,Unpaid,None,OCR Workflow,2023-04-25T00:00:00Z,EMP012,2023-04-27,Passed,,86.2,INV-02051.pdf,Invoice under review.
2052,INVREC02052,INV-02052,PO-2025-0348,PO0348,VEND023,Caterpillar Inc.,2025-10-12,2025-11-11,INR,385936.11,0,0,10,38593.61,424529.72,Paid,Paid,2025-10-26,Manual Entry,2025-10-12T00:00:00Z,EMP029,2025-10-14,Passed,,95.6,INV-02052.pdf,Invoice under review.
2053,INVREC02053,INV-02053,PO-2023-0841,PO0841,VEND084,McMaster-Carr,2023-05-10,2023-06-09,GBP,433469.43,0,4767.13,20,86693.89,524930.45,Paid,Paid,2023-05-12,Manual Entry,2023-05-10T00:00:00Z,EMP020,2023-05-13,Passed,,86.6,INV-02053.pdf,Payment pending approval.
2054,INVREC02054,INV-02054,PO-2024-0563,PO0563,VEND051,Thomson Reuters,2024-05-17,2024-06-16,USD,57993.78,0,4014.16,10,5799.38,67807.32,Paid,Paid,2024-05-23,Manual Entry,2024-05-17T00:00:00Z,EMP040,2024-05-24,Passed,,85.8,INV-02054.pdf,Three-way match completed.
2055,INVREC02055,INV-02055,PO-2024-0461,PO0461,VEND045,Hewlett Packard Enterprise,2024-05-30,2024-06-29,CHF,128726.48,0,2645.35,10,12872.65,144244.48,Paid,Paid,2024-06-13,System Integration,2024-05-30T00:00:00Z,EMP028,2024-06-03,Passed,,98.7,INV-02055.pdf,Ready for payment.
2056,INVREC02056,INV-02056,PO-2024-1440,PO1440,VEND049,Parker Hannifin Corporation,2025-01-10,2025-02-09,USD,483847.13,0,0,5,24192.36,508039.49,Paid,Paid,2025-01-20,Manual Entry,2025-01-10T00:00:00Z,EMP020,2025-01-17,Passed,,88.2,INV-02056.pdf,Invoice under review.
2057,INVREC02057,INV-02057,PO-2025-1270,PO1270,VEND016,New Horizons,2025-10-12,2025-10-12,GBP,67045.03,0,4287.18,10,6704.5,78036.71,Pending,Unpaid,None,OCR Workflow,2025-10-12T00:00:00Z,None,None,Pending Approval,,89.6,INV-02057.pdf,Invoice under review.
2058,INVREC02058,INV-02058,PO-2025-1392,PO1392,VEND042,"VMware, Inc.",2025-04-13,2025-05-13,SEK,221686.56,8818.42,0,18,39903.58,261590.14,Paid,Paid,2025-05-01,Manual Entry,2025-04-13T00:00:00Z,EMP031,2025-04-20,Passed,,95.6,INV-02058.pdf,Invoice under review.
2059,INVREC02059,INV-02059,PO-2025-1009,PO1009,VEND088,Makita Corporation,2025-08-06,2025-10-05,CHF,41619.82,0,0,10,4161.98,45781.8,Paid,Paid,2025-08-11,Manual Entry,2025-08-06T00:00:00Z,EMP007,2025-08-09,Passed,,91.1,INV-02059.pdf,Payment pending approval.
2060,INVREC02060,INV-02060,PO-2025-0930,PO0930,VEND091,Ingersoll Rand,2025-04-15,2025-05-30,GBP,225936.3,0,0,20,45187.26,271123.56,Paid,Paid,2025-04-22,OCR Workflow,2025-04-15T00:00:00Z,EMP023,2025-04-17,Passed,,88.9,INV-02060.pdf,Three-way match completed.
2061,INVREC02061,INV-02061,PO-2024-0941,PO0941,VEND054,"FTI Consulting, Inc.",2024-07-14,2024-08-28,USD,177262.12,0,4093.18,20,35452.42,216807.72,Paid,Paid,2024-07-22,Manual Entry,2024-07-14T00:00:00Z,EMP009,2024-07-21,Passed,,99.7,INV-02061.pdf,Invoice under review.
2062,INVREC02062,INV-02062,PO-2024-0010,PO0010,VEND004,Dell Technologies,2024-02-25,2024-04-10,CHF,335034.4,0,1659.28,18,60306.19,396999.87,Paid,Paid,2024-03-15,Manual Entry,2024-02-25T00:00:00Z,EMP003,2024-03-01,Passed,,86,INV-02062.pdf,Invoice under review.
2063,INVREC02063,INV-02063,PO-2026-0839,PO0839,VEND088,Makita Corporation,2026-12-26,2027-01-25,CHF,340678.11,0,2478.17,10,34067.81,377224.09,Paid,Paid,2027-01-07,Manual Entry,2026-12-26T00:00:00Z,EMP017,2026-12-28,Passed,,92.1,INV-02063.pdf,Matched successfully against PO.
2064,INVREC02064,INV-02064,PO-2023-0227,PO0227,VEND052,Moody's Analytics,2023-03-30,2023-05-29,GBP,70109.64,0,0,20,14021.93,84131.57,Paid,Paid,2023-04-19,Manual Entry,2023-03-30T00:00:00Z,EMP038,2023-04-04,Passed,,92.5,INV-02064.pdf,Matched successfully against PO.
2065,INVREC02065,INV-02065,PO-2023-1317,PO1317,VEND087,Hilti Corporation,2023-11-29,2023-12-14,CHF,342419.61,0,3358.3,18,61635.53,407413.44,Paid,Paid,2023-12-11,OCR Workflow,2023-11-29T00:00:00Z,EMP014,2023-12-05,Passed,,89.2,INV-02065.pdf,Invoice under review.
2066,INVREC02066,INV-02066,PO-2024-0250,PO0250,VEND093,Regal Beloit Corporation,2024-07-15,2024-09-13,CHF,240297.68,5485.75,0,20,48059.54,288357.22,Rejected,Unpaid,None,OCR Workflow,2024-07-15T00:00:00Z,EMP025,2024-07-19,Passed,,85.2,INV-02066.pdf,Ready for payment.
2067,INVREC02067,INV-02067,PO-2026-1012,PO1012,VEND087,Hilti Corporation,2026-01-23,2026-01-23,CHF,135675.94,0,0,10,13567.59,149243.53,Paid,Paid,2026-01-23,Manual Entry,2026-01-23T00:00:00Z,EMP031,2026-01-24,Passed,,91.6,INV-02067.pdf,Ready for payment.
2068,INVREC02068,INV-02068,PO-2024-0543,PO0543,VEND078,Cintas Corporation,2024-02-01,2024-04-01,USD,353802.96,0,0,10,35380.3,389183.26,Rejected,Unpaid,None,System Integration,2024-02-01T00:00:00Z,EMP007,2024-02-08,Passed,,86,INV-02068.pdf,Matched successfully against PO.
2069,INVREC02069,INV-02069,PO-2023-1335,PO1335,VEND002,Samira Hadid,2023-06-10,2023-06-10,INR,372739.09,0,0,10,37273.91,410013,Paid,Paid,2023-06-10,Manual Entry,2023-06-10T00:00:00Z,EMP031,2023-06-16,Passed,,86.2,INV-02069.pdf,Invoice under review.
2070,INVREC02070,INV-02070,PO-2026-0463,PO0463,VEND047,Apple Inc.,2026-05-12,2026-06-11,GBP,419334.53,0,0,10,41933.45,461267.98,Paid,Paid,2026-05-15,System Integration,2026-05-12T00:00:00Z,EMP025,2026-05-14,Passed,,90.6,INV-02070.pdf,Payment pending approval.
2071,INVREC02071,INV-02071,PO-2023-0676,PO0676,VEND065,Sodexo S.A.,2023-02-25,2023-03-27,INR,216585.08,0,3461.75,5,10829.25,230876.08,Pending,Unpaid,None,Manual Entry,2023-02-25T00:00:00Z,None,None,Pending Approval,,89.9,INV-02071.pdf,Three-way match completed.
2072,INVREC02072,INV-02072,PO-2023-0738,PO0738,VEND074,Verizon Business Group,2023-05-29,2023-06-28,EUR,380768.43,0,0,0,0,380768.43,Paid,Paid,2023-06-16,Manual Entry,2023-05-29T00:00:00Z,EMP029,2023-06-04,Passed,,94.6,INV-02072.pdf,Payment pending approval.
2073,INVREC02073,INV-02073,PO-2024-0171,PO0171,VEND009,Office Furniture World,2025-01-06,2025-03-07,USD,67483.15,0,1192.43,0,0,68675.58,Paid,Paid,2025-01-22,OCR Workflow,2025-01-06T00:00:00Z,EMP037,2025-01-13,Passed,,87.7,INV-02073.pdf,Invoice under review.
2074,INVREC02074,INV-02074,PO-2024-0666,PO0666,VEND093,Regal Beloit Corporation,2024-01-03,2024-02-02,CHF,108641.89,0,3040.03,18,19555.54,131237.46,Rejected,Unpaid,None,Manual Entry,2024-01-03T00:00:00Z,EMP008,2024-01-10,Passed,,94.9,INV-02074.pdf,Ready for payment.
2075,INVREC02075,INV-02075,PO-2026-1463,PO1463,VEND033,Maersk Line,2026-07-12,2026-07-27,SEK,12004.4,0,0,10,1200.44,13204.84,Paid,Paid,2026-07-26,OCR Workflow,2026-07-12T00:00:00Z,EMP004,2026-07-17,Passed,,87,INV-02075.pdf,Payment pending approval.
2076,INVREC02076,INV-02076,PO-2026-1291,PO1291,VEND077,Spectrum Business,2027-01-02,2027-03-03,SEK,24050.15,0,0,5,1202.51,25252.66,Rejected,Unpaid,None,OCR Workflow,2027-01-02T00:00:00Z,EMP020,2027-01-05,Passed,,86.8,INV-02076.pdf,Three-way match completed.
2077,INVREC02077,INV-02077,PO-2023-1366,PO1366,VEND034,C.H. Robinson Worldwide,2023-10-15,2023-10-15,SEK,232410.5,9724.15,2455.28,5,11620.52,246486.3,Paid,Paid,2023-10-15,System Integration,2023-10-15T00:00:00Z,EMP018,2023-10-17,Passed,,87.9,INV-02077.pdf,Invoice under review.
2078,INVREC02078,INV-02078,PO-2024-1431,PO1431,VEND034,C.H. Robinson Worldwide,2024-07-07,2024-07-22,SEK,96413,0,3598.13,20,19282.6,119293.73,Paid,Paid,2024-07-22,Manual Entry,2024-07-07T00:00:00Z,EMP011,2024-07-12,Passed,,96.4,INV-02078.pdf,Invoice under review.
2079,INVREC02079,INV-02079,PO-2025-1094,PO1094,VEND085,Fastenal Company,2025-03-11,2025-05-10,SEK,336635.02,0,137.99,18,60594.3,397367.31,Pending,Unpaid,None,OCR Workflow,2025-03-11T00:00:00Z,None,None,Pending Approval,,90.2,INV-02079.pdf,Matched successfully against PO.
2080,INVREC02080,INV-02080,PO-2024-1304,PO1304,VEND078,Cintas Corporation,2024-06-19,2024-07-19,USD,263474.76,0,0,5,13173.74,276648.5,Pending,Unpaid,None,OCR Workflow,2024-06-19T00:00:00Z,None,None,Pending Approval,,91.9,INV-02080.pdf,Invoice under review.
2081,INVREC02081,INV-02081,PO-2023-0524,PO0524,VEND003,IMPORTING COMPANY,2023-03-24,2023-04-23,GBP,458093.46,0,3524.92,18,82456.82,544075.2,Pending,Unpaid,None,System Integration,2023-03-24T00:00:00Z,None,None,Pending Approval,,97.8,INV-02081.pdf,Payment pending approval.
2082,INVREC02082,INV-02082,PO-2023-0331,PO0331,VEND007,Staples Inc.,2023-03-21,2023-04-20,EUR,441501.76,0,0,5,22075.09,463576.85,Rejected,Unpaid,None,OCR Workflow,2023-03-21T00:00:00Z,EMP016,2023-03-27,Passed,,96.3,INV-02082.pdf,Three-way match completed.
2083,INVREC02083,INV-02083,PO-2024-1244,PO1244,VEND028,Emerson Electric Co.,2024-09-11,2024-10-11,INR,143246.41,5020.67,3086.8,5,7162.32,153495.53,Rejected,Unpaid,None,System Integration,2024-09-11T00:00:00Z,EMP022,2024-09-16,Passed,,88.5,INV-02083.pdf,Three-way match completed.
2084,INVREC02084,INV-02084,PO-2023-1417,PO1417,VEND082,Grainger Inc.,2023-11-15,2024-01-14,GBP,120812.37,0,0,0,0,120812.37,Paid,Paid,2023-11-29,OCR Workflow,2023-11-15T00:00:00Z,EMP021,2023-11-20,Passed,,98.7,INV-02084.pdf,Invoice under review.
2085,INVREC02085,INV-02085,PO-2026-0703,PO0703,VEND040,SAP SE,2026-01-28,2026-02-12,INR,203120.28,0,2073.22,0,0,205193.5,Rejected,Unpaid,None,System Integration,2026-01-28T00:00:00Z,EMP024,2026-02-04,Passed,,88.7,INV-02085.pdf,Payment pending approval.
2086,INVREC02086,INV-02086,PO-2025-1069,PO1069,VEND003,IMPORTING COMPANY,2025-09-07,2025-10-07,GBP,134059.9,0,1691.78,0,0,135751.68,Paid,Paid,2025-09-20,OCR Workflow,2025-09-07T00:00:00Z,EMP028,2025-09-14,Passed,,97.4,INV-02086.pdf,Invoice under review.
2087,INVREC02087,INV-02087,PO-2023-0117,PO0117,VEND074,Verizon Business Group,2023-09-24,2023-09-24,EUR,252177.92,0,0,10,25217.79,277395.71,Paid,Paid,2023-09-24,Manual Entry,2023-09-24T00:00:00Z,EMP010,2023-09-28,Passed,,93.8,INV-02087.pdf,Invoice under review.
2088,INVREC02088,INV-02088,PO-2024-1358,PO1358,VEND050,Festo AG & Co. KG,2024-12-27,2025-01-26,INR,88931.41,0,0,18,16007.65,104939.06,Paid,Paid,2025-01-08,OCR Workflow,2024-12-27T00:00:00Z,EMP012,2024-12-28,Passed,,88.4,INV-02088.pdf,Ready for payment.
2089,INVREC02089,INV-02089,PO-2023-0273,PO0273,VEND066,Jones Lang LaSalle,2023-07-08,2023-07-08,CHF,210813.05,0,4516.17,18,37946.35,253275.57,Paid,Paid,2023-07-08,System Integration,2023-07-08T00:00:00Z,EMP037,2023-07-14,Passed,,97.1,INV-02089.pdf,Three-way match completed.
2090,INVREC02090,INV-02090,PO-2024-0941,PO0941,VEND054,"FTI Consulting, Inc.",2024-06-21,2024-08-05,USD,177262.12,4730.07,4093.18,20,35452.42,216807.72,Paid,Paid,2024-07-05,OCR Workflow,2024-06-21T00:00:00Z,EMP026,2024-06-22,Passed,,93.2,INV-02090.pdf,Ready for payment.
2091,INVREC02091,INV-02091,PO-2023-1220,PO1220,VEND033,Maersk Line,2023-10-07,2023-11-06,SEK,263579.66,0,3443.63,18,47444.34,314467.63,Rejected,Unpaid,None,System Integration,2023-10-07T00:00:00Z,EMP037,2023-10-10,Passed,,99.6,INV-02091.pdf,Invoice under review.
2092,INVREC02092,INV-02092,PO-2026-0499,PO0499,VEND051,Thomson Reuters,2026-05-02,2026-06-01,USD,339272.08,0,3208.9,20,67854.42,410335.4,Pending,Unpaid,None,OCR Workflow,2026-05-02T00:00:00Z,None,None,Pending Approval,,98.8,INV-02092.pdf,Matched successfully against PO.
2093,INVREC02093,INV-02093,PO-2026-1287,PO1287,VEND031,FedEx Corporation,2027-01-15,2027-01-30,SEK,240038.52,4160.54,1541.99,0,0,241580.51,Rejected,Unpaid,None,Manual Entry,2027-01-15T00:00:00Z,EMP003,2027-01-16,Passed,,89.6,INV-02093.pdf,Matched successfully against PO.
2094,INVREC02094,INV-02094,PO-2023-1172,PO1172,VEND022,Siemens AG,2023-12-28,2024-01-27,USD,228526.75,0,4481.24,18,41134.82,274142.81,Paid,Paid,2024-01-08,System Integration,2023-12-28T00:00:00Z,EMP005,2024-01-03,Passed,,89.5,INV-02094.pdf,Invoice under review.
2095,INVREC02095,INV-02095,PO-2024-0590,PO0590,VEND077,Spectrum Business,2024-12-15,2025-01-14,SEK,143599.96,5202.52,0,10,14360,157959.96,Paid,Paid,2025-01-01,OCR Workflow,2024-12-15T00:00:00Z,EMP032,2024-12-16,Passed,,85.9,INV-02095.pdf,Invoice under review.
2096,INVREC02096,INV-02096,PO-2023-1482,PO1482,VEND018,Summit Systems,2023-07-01,2023-07-01,EUR,446414.78,0,0,5,22320.74,468735.52,Paid,Paid,2023-07-01,System Integration,2023-07-01T00:00:00Z,EMP031,2023-07-03,Passed,,88.5,INV-02096.pdf,Invoice under review.
2097,INVREC02097,INV-02097,PO-2024-0364,PO0364,VEND055,Deloitte & Touche LLP,2024-12-27,2025-01-26,EUR,309343.01,0,0,10,30934.3,340277.31,Pending,Unpaid,None,OCR Workflow,2024-12-27T00:00:00Z,None,None,Pending Approval,,92,INV-02097.pdf,Matched successfully against PO.
2098,INVREC02098,INV-02098,PO-2026-1389,PO1389,VEND067,"CBRE Group, Inc.",2026-10-03,2026-11-02,EUR,493114.27,0,0,10,49311.43,542425.7,Rejected,Unpaid,None,OCR Workflow,2026-10-03T00:00:00Z,EMP027,2026-10-06,Passed,,92.3,INV-02098.pdf,Ready for payment.
2099,INVREC02099,INV-02099,PO-2023-0418,PO0418,VEND066,Jones Lang LaSalle,2023-08-03,2023-09-17,CHF,67023.53,0,0,10,6702.35,73725.88,Rejected,Unpaid,None,OCR Workflow,2023-08-03T00:00:00Z,EMP034,2023-08-07,Passed,,96.2,INV-02099.pdf,Invoice under review.
2100,INVREC02100,INV-02100,PO-2025-1367,PO1367,VEND014,Modern Office Co,2025-01-24,2025-03-25,USD,472467.64,0,1878.68,10,47246.76,521593.08,Rejected,Unpaid,None,System Integration,2025-01-24T00:00:00Z,EMP001,2025-01-28,Passed,,96.4,INV-02100.pdf,Three-way match completed.
2101,INVREC02101,INV-02101,PO-2026-0636,PO0636,VEND093,Regal Beloit Corporation,2026-10-26,2026-12-10,CHF,262647.28,2802.49,1906.46,18,47276.51,311830.25,Paid,Paid,2026-11-14,Manual Entry,2026-10-26T00:00:00Z,EMP020,2026-11-01,Passed,,88.4,INV-02101.pdf,Three-way match completed.
2102,INVREC02102,INV-02102,PO-2023-1101,PO1101,VEND020,Alpha Industries,2023-01-28,2023-02-12,SEK,269643.19,0,0,10,26964.32,296607.51,Paid,Paid,2023-02-11,OCR Workflow,2023-01-28T00:00:00Z,EMP011,2023-02-01,Passed,,88.1,INV-02102.pdf,Three-way match completed.
2103,INVREC02103,INV-02103,PO-2024-0077,PO0077,VEND087,Hilti Corporation,2024-04-15,2024-05-15,CHF,89560.41,0,1055.62,0,0,90616.03,Paid,Paid,2024-04-22,System Integration,2024-04-15T00:00:00Z,EMP018,2024-04-17,Passed,,93.3,INV-02103.pdf,Ready for payment.
2104,INVREC02104,INV-02104,PO-2023-0882,PO0882,VEND029,Rockwell Automation,2023-02-08,2023-02-23,USD,421133.05,0,4984.64,0,0,426117.69,Paid,Paid,2023-02-10,OCR Workflow,2023-02-08T00:00:00Z,EMP029,2023-02-10,Passed,,95,INV-02104.pdf,Payment pending approval.
2105,INVREC02105,INV-02105,PO-2023-0524,PO0524,VEND003,IMPORTING COMPANY,2023-04-01,2023-05-01,GBP,458093.46,8620.65,3524.92,18,82456.82,544075.2,Paid,Paid,2023-04-15,OCR Workflow,2023-04-01T00:00:00Z,EMP014,2023-04-06,Passed,,93.1,INV-02105.pdf,Ready for payment.
2106,INVREC02106,INV-02106,PO-2024-1263,PO1263,VEND029,Rockwell Automation,2024-06-30,2024-06-30,USD,303793.51,8073.8,2512.41,10,30379.35,336685.27,Paid,Paid,2024-06-30,System Integration,2024-06-30T00:00:00Z,EMP029,2024-07-06,Passed,,90.3,INV-02106.pdf,Matched successfully against PO.
2107,INVREC02107,INV-02107,PO-2024-1007,PO1007,VEND057,Ernst & Young LLP,2024-02-12,2024-02-27,INR,317673.22,0,2968.1,5,15883.66,336524.98,Paid,Paid,2024-02-23,Manual Entry,2024-02-12T00:00:00Z,EMP003,2024-02-15,Passed,,92.3,INV-02107.pdf,Matched successfully against PO.
2108,INVREC02108,INV-02108,PO-2026-1359,PO1359,VEND098,Michelin North America,2026-08-10,2026-08-10,USD,240246.42,0,2029.35,18,43244.36,285520.13,Paid,Paid,2026-08-10,System Integration,2026-08-10T00:00:00Z,EMP003,2026-08-14,Passed,,92.6,INV-02108.pdf,Three-way match completed.
2109,INVREC02109,INV-02109,PO-2025-0464,PO0464,VEND045,Hewlett Packard Enterprise,2025-03-30,2025-05-29,CHF,326013.65,0,0,0,0,326013.65,Paid,Paid,2025-04-16,OCR Workflow,2025-03-30T00:00:00Z,EMP002,2025-04-06,Passed,,99.8,INV-02109.pdf,Ready for payment.
2110,INVREC02110,INV-02110,PO-2024-0903,PO0903,VEND081,Kimberly-Clark Professional,2025-01-08,2025-01-08,SEK,469599.56,0,0,18,84527.92,554127.48,Paid,Paid,2025-01-08,OCR Workflow,2025-01-08T00:00:00Z,EMP020,2025-01-14,Passed,,95.9,INV-02110.pdf,Ready for payment.
2111,INVREC02111,INV-02111,PO-2024-0481,PO0481,VEND064,Aramark Corporation,2024-12-15,2025-02-13,EUR,463367,0,1132.2,10,46336.7,510835.9,Paid,Paid,2024-12-23,System Integration,2024-12-15T00:00:00Z,EMP027,2024-12-20,Passed,,86.1,INV-02111.pdf,Three-way match completed.
2112,INVREC02112,INV-02112,PO-2025-0249,PO0249,VEND061,Bain & Company,2025-07-29,2025-08-28,INR,476186.7,12738.61,563.12,20,95237.34,571987.16,Paid,Paid,2025-08-10,System Integration,2025-07-29T00:00:00Z,EMP035,2025-08-03,Passed,,98,INV-02112.pdf,Invoice under review.
2113,INVREC02113,INV-02113,PO-2025-1430,PO1430,VEND051,Thomson Reuters,2025-06-20,2025-07-05,USD,175821.18,6019.15,476.32,0,0,176297.5,Paid,Paid,2025-07-04,System Integration,2025-06-20T00:00:00Z,EMP011,2025-06-21,Passed,,92,INV-02113.pdf,Three-way match completed.
2114,INVREC02114,INV-02114,PO-2024-0903,PO0903,VEND081,Kimberly-Clark Professional,2025-01-12,2025-01-12,SEK,469599.56,0,0,18,84527.92,554127.48,Rejected,Unpaid,None,OCR Workflow,2025-01-12T00:00:00Z,EMP016,2025-01-17,Passed,,94.9,INV-02114.pdf,Ready for payment.
2115,INVREC02115,INV-02115,PO-2026-0681,PO0681,VEND064,Aramark Corporation,2026-05-06,2026-07-05,EUR,187610.88,0,0,18,33769.96,221380.84,Rejected,Unpaid,None,OCR Workflow,2026-05-06T00:00:00Z,EMP023,2026-05-07,Passed,,94.4,INV-02115.pdf,Three-way match completed.
2116,INVREC02116,INV-02116,PO-2026-0603,PO0603,VEND010,Tech Solutions Ltd,2026-04-27,2026-05-12,USD,302224.97,0,0,18,54400.49,356625.46,Paid,Paid,2026-05-01,System Integration,2026-04-27T00:00:00Z,EMP007,2026-05-02,Passed,,98.8,INV-02116.pdf,Matched successfully against PO.
2117,INVREC02117,INV-02117,PO-2026-1212,PO1212,VEND057,Ernst & Young LLP,2026-06-02,2026-06-02,INR,125253.22,0,0,0,0,125253.22,Paid,Paid,2026-06-02,System Integration,2026-06-02T00:00:00Z,EMP024,2026-06-05,Passed,,87.4,INV-02117.pdf,Matched successfully against PO.
2118,INVREC02118,INV-02118,PO-2025-1433,PO1433,VEND026,General Electric,2025-08-31,2025-10-30,SEK,259982.73,0,0,0,0,259982.73,Rejected,Unpaid,None,System Integration,2025-08-31T00:00:00Z,None,None,Rejected,Invoice amount mismatch,90.5,INV-02118.pdf,Matched successfully against PO.
2119,INVREC02119,INV-02119,PO-2023-1179,PO1179,VEND006,Amazon Business,2023-03-10,2023-04-09,SEK,281021.31,0,3120.73,20,56204.26,340346.3,Rejected,Unpaid,None,Manual Entry,2023-03-10T00:00:00Z,EMP023,2023-03-11,Passed,,97.4,INV-02119.pdf,Payment pending approval.
2120,INVREC02120,INV-02120,PO-2023-0451,PO0451,VEND084,McMaster-Carr,2023-07-01,2023-07-16,GBP,35160.04,0,208.44,5,1758,37126.48,Paid,Paid,2023-07-15,Manual Entry,2023-07-01T00:00:00Z,EMP032,2023-07-06,Passed,,87.6,INV-02120.pdf,Ready for payment.
2121,INVREC02121,INV-02121,PO-2024-0525,PO0525,VEND059,McKinsey & Company,2024-07-29,2024-08-28,CHF,134460.23,0,181.1,0,0,134641.33,Paid,Paid,2024-08-18,Manual Entry,2024-07-29T00:00:00Z,EMP012,2024-08-03,Passed,,85.6,INV-02121.pdf,Payment pending approval.
2122,INVREC02122,INV-02122,PO-2026-1121,PO1121,VEND061,Bain & Company,2026-04-26,2026-05-26,INR,372848.49,8566.22,0,10,37284.85,410133.34,Paid,Paid,2026-05-01,Manual Entry,2026-04-26T00:00:00Z,EMP033,2026-04-28,Passed,,89.2,INV-02122.pdf,Three-way match completed.
2123,INVREC02123,INV-02123,PO-2026-0398,PO0398,VEND022,Siemens AG,2026-02-15,2026-03-17,USD,89927.36,3992.31,871.18,20,17985.47,108784.01,Paid,Paid,2026-03-03,OCR Workflow,2026-02-15T00:00:00Z,EMP039,2026-02-22,Passed,,93.5,INV-02123.pdf,Three-way match completed.
2124,INVREC02124,INV-02124,PO-2025-0704,PO0704,VEND075,T-Mobile for Business,2026-01-11,2026-02-10,GBP,15920.28,0,208.37,10,1592.03,17720.68,Paid,Paid,2026-01-21,System Integration,2026-01-11T00:00:00Z,EMP035,2026-01-18,Passed,,87.4,INV-02124.pdf,Invoice under review.
2125,INVREC02125,INV-02125,PO-2025-0866,PO0866,VEND038,Penske Logistics,2025-10-26,2025-11-25,SEK,199495.13,0,0,5,9974.76,209469.89,Pending,Unpaid,None,Manual Entry,2025-10-26T00:00:00Z,None,None,Pending Approval,,98.7,INV-02125.pdf,Payment pending approval.
2126,INVREC02126,INV-02126,PO-2024-1473,PO1473,VEND046,Lenovo Group Limited,2024-01-26,2024-01-26,INR,320595.39,9634.53,0,10,32059.54,352654.93,Paid,Paid,2024-01-26,System Integration,2024-01-26T00:00:00Z,EMP033,2024-01-30,Passed,,97.7,INV-02126.pdf,Matched successfully against PO.
2127,INVREC02127,INV-02127,PO-2024-0943,PO0943,VEND068,Securitas AB,2024-05-29,2024-06-28,EUR,338362.6,4401.94,0,10,33836.26,372198.86,Paid,Paid,2024-06-08,System Integration,2024-05-29T00:00:00Z,EMP009,2024-06-04,Passed,,97.7,INV-02127.pdf,Matched successfully against PO.
2128,INVREC02128,INV-02128,PO-2024-1278,PO1278,VEND100,ZF Friedrichshafen AG,2024-07-05,2024-09-03,USD,313052.66,0,334.15,20,62610.53,375997.34,Pending,Unpaid,None,Manual Entry,2024-07-05T00:00:00Z,None,None,Pending Approval,,89.9,INV-02128.pdf,Ready for payment.
2129,INVREC02129,INV-02129,PO-2023-1385,PO1385,VEND012,Elite Services,2023-09-07,2023-09-07,SEK,492679.49,0,0,10,49267.95,541947.44,Paid,Paid,2023-09-07,OCR Workflow,2023-09-07T00:00:00Z,EMP015,2023-09-14,Passed,,93.4,INV-02129.pdf,Three-way match completed.
2130,INVREC02130,INV-02130,PO-2026-0181,PO0181,VEND052,Moody's Analytics,2026-05-09,2026-07-08,GBP,264898.62,5294.21,32.58,5,13244.93,278176.13,Paid,Paid,2026-05-10,System Integration,2026-05-09T00:00:00Z,EMP034,2026-05-15,Passed,,87.9,INV-02130.pdf,Ready for payment.
2131,INVREC02131,INV-02131,PO-2024-0330,PO0330,VEND072,Republic Services,2024-08-12,2024-08-12,SEK,200049.43,7091.24,0,20,40009.89,240059.32,Paid,Paid,2024-08-12,System Integration,2024-08-12T00:00:00Z,EMP025,2024-08-15,Passed,,88,INV-02131.pdf,Matched successfully against PO.
2132,INVREC02132,INV-02132,PO-2025-0680,PO0680,VEND021,Johnson Controls,2025-11-23,2025-12-08,USD,37506.02,1120.73,0,10,3750.6,41256.62,Paid,Paid,2025-11-25,Manual Entry,2025-11-23T00:00:00Z,EMP012,2025-11-26,Passed,,97.7,INV-02132.pdf,Ready for payment.
2133,INVREC02133,INV-02133,PO-2026-1097,PO1097,VEND029,Rockwell Automation,2026-02-16,2026-03-18,USD,147958.1,0,0,0,0,147958.1,Paid,Paid,2026-02-23,OCR Workflow,2026-02-16T00:00:00Z,EMP017,2026-02-21,Passed,,96.8,INV-02133.pdf,Three-way match completed.
2134,INVREC02134,INV-02134,PO-2025-0588,PO0588,VEND003,IMPORTING COMPANY,2025-07-26,2025-08-10,GBP,164341.63,4949.89,3063.13,10,16434.16,183838.92,Paid,Paid,2025-08-02,System Integration,2025-07-26T00:00:00Z,EMP026,2025-08-02,Passed,,92,INV-02134.pdf,Matched successfully against PO.
2135,INVREC02135,INV-02135,PO-2026-1492,PO1492,VEND074,Verizon Business Group,2026-08-25,2026-09-24,EUR,228167.14,0,1231.35,20,45633.43,275031.92,Paid,Paid,2026-08-31,Manual Entry,2026-08-25T00:00:00Z,EMP030,2026-08-28,Passed,,99.8,INV-02135.pdf,Matched successfully against PO.
2136,INVREC02136,INV-02136,PO-2024-0161,PO0161,VEND046,Lenovo Group Limited,2024-05-17,2024-07-16,INR,104272.27,1987.78,4354.73,10,10427.23,119054.23,Paid,Paid,2024-06-06,Manual Entry,2024-05-17T00:00:00Z,EMP033,2024-05-22,Passed,,96.4,INV-02136.pdf,Invoice under review.
2137,INVREC02137,INV-02137,PO-2024-0009,PO0009,VEND038,Penske Logistics,2024-03-10,2024-03-10,SEK,254292.48,3765.51,4332.89,0,0,258625.37,Paid,Paid,2024-03-10,Manual Entry,2024-03-10T00:00:00Z,EMP026,2024-03-11,Passed,,88.7,INV-02137.pdf,Ready for payment.
2138,INVREC02138,INV-02138,PO-2026-1331,PO1331,VEND017,Pinnacle Partners,2026-08-14,2026-09-28,CHF,282566.57,0,0,0,0,282566.57,Paid,Paid,2026-08-23,Manual Entry,2026-08-14T00:00:00Z,EMP006,2026-08-17,Passed,,89.7,INV-02138.pdf,Payment pending approval.
2139,INVREC02139,INV-02139,PO-2025-0296,PO0296,VEND098,Michelin North America,2025-04-02,2025-05-02,USD,416844.26,13611.58,521.6,10,41684.43,459050.29,Paid,Paid,2025-04-21,System Integration,2025-04-02T00:00:00Z,EMP001,2025-04-06,Passed,,99.1,INV-02139.pdf,Invoice under review.
2140,INVREC02140,INV-02140,PO-2024-0250,PO0250,VEND093,Regal Beloit Corporation,2024-07-07,2024-09-05,CHF,240297.68,7505.22,0,20,48059.54,288357.22,Rejected,Unpaid,None,OCR Workflow,2024-07-07T00:00:00Z,EMP037,2024-07-10,Passed,,99.7,INV-02140.pdf,Ready for payment.
2141,INVREC02141,INV-02141,PO-2023-0850,PO0850,VEND028,Emerson Electric Co.,2023-04-29,2023-05-14,INR,452759.87,0,0,5,22637.99,475397.86,Rejected,Unpaid,None,Manual Entry,2023-04-29T00:00:00Z,EMP014,2023-04-30,Passed,,93.9,INV-02141.pdf,Payment pending approval.
2142,INVREC02142,INV-02142,PO-2026-0304,PO0304,VEND086,W.W. Grainger International,2026-12-14,2027-01-13,EUR,108535.19,0,0,5,5426.76,113961.95,Pending,Unpaid,None,Manual Entry,2026-12-14T00:00:00Z,None,None,Pending Approval,,97.3,INV-02142.pdf,Ready for payment.
2143,INVREC02143,INV-02143,PO-2024-0484,PO0484,VEND098,Michelin North America,2024-11-06,2024-11-21,USD,342045.55,14988.4,3592.36,18,61568.2,407206.11,Rejected,Unpaid,None,System Integration,2024-11-06T00:00:00Z,EMP024,2024-11-07,Passed,,88,INV-02143.pdf,Invoice under review.
2144,INVREC02144,INV-02144,PO-2023-0994,PO0994,VEND008,DHL Express,2023-09-23,2023-11-22,INR,82427.03,0,48.98,20,16485.41,98961.42,Rejected,Unpaid,None,System Integration,2023-09-23T00:00:00Z,None,None,Rejected,Missing PO reference,85.2,INV-02144.pdf,Payment pending approval.
2145,INVREC02145,INV-02145,PO-2024-0011,PO0011,VEND011,Global Supplies Inc,2024-02-29,2024-03-30,SEK,293874,0,0,5,14693.7,308567.7,Paid,Paid,2024-03-09,OCR Workflow,2024-02-29T00:00:00Z,EMP031,2024-03-02,Passed,,87.8,INV-02145.pdf,Matched successfully against PO.
2146,INVREC02146,INV-02146,PO-2026-0570,PO0570,VEND012,Elite Services,2026-07-19,2026-09-17,SEK,210785.2,0,0,20,42157.04,252942.24,Paid,Paid,2026-07-20,System Integration,2026-07-19T00:00:00Z,EMP040,2026-07-26,Passed,,97.5,INV-02146.pdf,Ready for payment.
2147,INVREC02147,INV-02147,PO-2023-0393,PO0393,VEND003,IMPORTING COMPANY,2023-09-29,2023-10-29,GBP,181541.91,0,2281.87,10,18154.19,201977.97,Paid,Paid,2023-10-09,OCR Workflow,2023-09-29T00:00:00Z,EMP004,2023-10-03,Passed,,99.9,INV-02147.pdf,Invoice under review.
2148,INVREC02148,INV-02148,PO-2024-1235,PO1235,VEND075,T-Mobile for Business,2024-08-18,2024-09-17,GBP,285841.62,9479.62,0,0,0,285841.62,Paid,Paid,2024-08-24,OCR Workflow,2024-08-18T00:00:00Z,EMP016,2024-08-20,Passed,,92.8,INV-02148.pdf,Three-way match completed.
2149,INVREC02149,INV-02149,PO-2024-0569,PO0569,VEND022,Siemens AG,2024-10-19,2024-11-18,USD,334075.91,0,0,5,16703.8,350779.71,Paid,Paid,2024-11-03,OCR Workflow,2024-10-19T00:00:00Z,EMP008,2024-10-24,Passed,,86.2,INV-02149.pdf,Payment pending approval.
2150,INVREC02150,INV-02150,PO-2025-1367,PO1367,VEND014,Modern Office Co,2025-02-20,2025-04-21,USD,472467.64,15319.91,1878.68,10,47246.76,521593.08,Paid,Paid,2025-03-01,Manual Entry,2025-02-20T00:00:00Z,EMP036,2025-02-24,Passed,,92,INV-02150.pdf,Three-way match completed.
2151,INVREC02151,INV-02151,PO-2023-0710,PO0710,VEND033,Maersk Line,2023-09-05,2023-10-20,SEK,188335.26,0,1483.46,20,37667.05,227485.77,Paid,Paid,2023-09-21,System Integration,2023-09-05T00:00:00Z,EMP013,2023-09-06,Passed,,94.5,INV-02151.pdf,Three-way match completed.
2152,INVREC02152,INV-02152,PO-2026-0280,PO0280,VEND044,IBM Corporation,2026-06-10,2026-07-25,SEK,275631.44,4741.15,0,0,0,275631.44,Paid,Paid,2026-06-11,OCR Workflow,2026-06-10T00:00:00Z,EMP033,2026-06-16,Passed,,96.6,INV-02152.pdf,Invoice under review.
2153,INVREC02153,INV-02153,PO-2025-1174,PO1174,VEND031,FedEx Corporation,2025-02-08,2025-02-08,SEK,257760.25,0,0,0,0,257760.25,Paid,Paid,2025-02-08,System Integration,2025-02-08T00:00:00Z,EMP028,2025-02-10,Passed,,99.8,INV-02153.pdf,Matched successfully against PO.
2154,INVREC02154,INV-02154,PO-2026-0603,PO0603,VEND010,Tech Solutions Ltd,2026-04-30,2026-05-15,USD,302224.97,7076.99,0,18,54400.49,356625.46,Paid,Paid,2026-05-06,Manual Entry,2026-04-30T00:00:00Z,EMP028,2026-05-01,Passed,,88.7,INV-02154.pdf,Invoice under review.
2155,INVREC02155,INV-02155,PO-2023-1341,PO1341,VEND086,W.W. Grainger International,2023-04-30,2023-06-29,EUR,324313.82,11977.8,766.14,10,32431.38,357511.34,Rejected,Unpaid,None,Manual Entry,2023-04-30T00:00:00Z,EMP009,2023-05-04,Passed,,98.9,INV-02155.pdf,Invoice under review.
2156,INVREC02156,INV-02156,PO-2023-1317,PO1317,VEND087,Hilti Corporation,2023-12-02,2023-12-17,CHF,342419.61,12902.05,3358.3,18,61635.53,407413.44,Rejected,Unpaid,None,System Integration,2023-12-02T00:00:00Z,EMP037,2023-12-09,Passed,,94.8,INV-02156.pdf,Invoice under review.
2157,INVREC02157,INV-02157,PO-2024-0167,PO0167,VEND004,Dell Technologies,2024-09-12,2024-10-12,CHF,484532.18,0,0,10,48453.22,532985.4,Paid,Paid,2024-09-23,OCR Workflow,2024-09-12T00:00:00Z,EMP036,2024-09-18,Passed,,85.8,INV-02157.pdf,Matched successfully against PO.
2158,INVREC02158,INV-02158,PO-2026-1361,PO1361,VEND068,Securitas AB,2026-10-04,2026-11-03,EUR,91435.28,0,0,20,18287.06,109722.34,Rejected,Unpaid,None,OCR Workflow,2026-10-04T00:00:00Z,None,None,Rejected,Invoice amount mismatch,91.7,INV-02158.pdf,Matched successfully against PO.
2159,INVREC02159,INV-02159,PO-2023-0390,PO0390,VEND088,Makita Corporation,2023-09-18,2023-10-18,CHF,238134.64,0,0,10,23813.46,261948.1,Paid,Paid,2023-09-22,Manual Entry,2023-09-18T00:00:00Z,EMP002,2023-09-19,Passed,,85.5,INV-02159.pdf,Invoice under review.
2160,INVREC02160,INV-02160,PO-2026-0271,PO0271,VEND076,Comcast Business,2026-09-25,2026-10-25,GBP,262204.19,0,2040.95,5,13110.21,277355.35,Paid,Paid,2026-10-13,System Integration,2026-09-25T00:00:00Z,EMP012,2026-09-26,Passed,,92.9,INV-02160.pdf,Matched successfully against PO.
2161,INVREC02161,INV-02161,PO-2025-1292,PO1292,VEND015,Best Buy Corp,2025-12-04,2026-01-18,INR,45818.15,0,0,10,4581.81,50399.96,Paid,Paid,2025-12-12,Manual Entry,2025-12-04T00:00:00Z,EMP021,2025-12-09,Passed,,88.7,INV-02161.pdf,Ready for payment.
2162,INVREC02162,INV-02162,PO-2026-0924,PO0924,VEND086,W.W. Grainger International,2026-05-01,2026-05-31,EUR,344118.15,8017.23,0,20,68823.63,412941.78,Paid,Paid,2026-05-07,OCR Workflow,2026-05-01T00:00:00Z,EMP023,2026-05-02,Passed,,96.7,INV-02162.pdf,Matched successfully against PO.
2163,INVREC02163,INV-02163,PO-2025-1423,PO1423,VEND004,Dell Technologies,2025-11-05,2025-11-20,CHF,91303.28,0,0,5,4565.16,95868.44,Paid,Paid,2025-11-17,OCR Workflow,2025-11-05T00:00:00Z,EMP006,2025-11-11,Passed,,99.6,INV-02163.pdf,Ready for payment.
2164,INVREC02164,INV-02164,PO-2024-0259,PO0259,VEND025,ABB Ltd,2024-01-24,2024-02-23,GBP,107787.56,4362,0,0,0,107787.56,Rejected,Unpaid,None,Manual Entry,2024-01-24T00:00:00Z,EMP003,2024-01-29,Passed,,85.7,INV-02164.pdf,Three-way match completed.
2165,INVREC02165,INV-02165,PO-2023-0470,PO0470,VEND026,General Electric,2023-05-04,2023-05-04,SEK,61307.28,0,4233.89,18,11035.31,76576.48,Paid,Paid,2023-05-04,OCR Workflow,2023-05-04T00:00:00Z,EMP006,2023-05-08,Passed,,87.9,INV-02165.pdf,Payment pending approval.
2166,INVREC02166,INV-02166,PO-2024-1486,PO1486,VEND043,Cisco Systems Inc.,2024-04-18,2024-05-18,GBP,189595.92,5625.14,0,5,9479.8,199075.72,Paid,Paid,2024-04-25,OCR Workflow,2024-04-18T00:00:00Z,EMP036,2024-04-22,Passed,,97.2,INV-02166.pdf,Ready for payment.
2167,INVREC02167,INV-02167,PO-2025-0328,PO0328,VEND039,Oracle Corporation,2025-06-29,2025-08-28,CHF,119542.28,3453.53,3915,10,11954.23,135411.51,Paid,Paid,2025-07-15,Manual Entry,2025-06-29T00:00:00Z,EMP026,2025-06-30,Passed,,91.5,INV-02167.pdf,Three-way match completed.
2168,INVREC02168,INV-02168,PO-2024-1236,PO1236,VEND012,Elite Services,2024-05-06,2024-05-21,SEK,313740.36,0,0,18,56473.26,370213.62,Rejected,Unpaid,None,Manual Entry,2024-05-06T00:00:00Z,EMP027,2024-05-11,Passed,,92.6,INV-02168.pdf,Matched successfully against PO.
2169,INVREC02169,INV-02169,PO-2026-0582,PO0582,VEND069,ADT Inc.,2026-08-25,2026-10-24,EUR,430542.07,7122.39,0,0,0,430542.07,Paid,Paid,2026-08-31,OCR Workflow,2026-08-25T00:00:00Z,EMP001,2026-08-26,Passed,,95.6,INV-02169.pdf,Matched successfully against PO.
2170,INVREC02170,INV-02170,PO-2023-0736,PO0736,VEND004,Dell Technologies,2023-10-20,2023-11-04,CHF,390486.03,18174.92,2992.41,18,70287.49,463765.93,Rejected,Unpaid,None,Manual Entry,2023-10-20T00:00:00Z,EMP031,2023-10-24,Passed,,93.7,INV-02170.pdf,Invoice under review.
2171,INVREC02171,INV-02171,PO-2023-0423,PO0423,VEND078,Cintas Corporation,2023-05-18,2023-06-17,USD,123856.22,0,0,18,22294.12,146150.34,Pending,Unpaid,None,Manual Entry,2023-05-18T00:00:00Z,None,None,Pending Approval,,91,INV-02171.pdf,Three-way match completed.
2172,INVREC02172,INV-02172,PO-2023-0675,PO0675,VEND059,McKinsey & Company,2023-04-07,2023-05-22,CHF,134334.23,0,4431.61,20,26866.85,165632.69,Paid,Paid,2023-04-20,System Integration,2023-04-07T00:00:00Z,EMP028,2023-04-10,Passed,,87.8,INV-02172.pdf,Matched successfully against PO.
2173,INVREC02173,INV-02173,PO-2026-0800,PO0800,VEND017,Pinnacle Partners,2026-06-19,2026-06-19,CHF,234366.96,0,2902.8,10,23436.7,260706.46,Paid,Paid,2026-06-19,Manual Entry,2026-06-19T00:00:00Z,EMP017,2026-06-20,Passed,,99.2,INV-02173.pdf,Ready for payment.
2174,INVREC02174,INV-02174,PO-2023-0753,PO0753,VEND048,Cummins Inc.,2023-09-10,2023-10-25,EUR,216357.83,9765.76,1729.12,20,43271.57,261358.52,Paid,Paid,2023-09-22,OCR Workflow,2023-09-10T00:00:00Z,EMP029,2023-09-15,Passed,,99.3,INV-02174.pdf,Ready for payment.
2175,INVREC02175,INV-02175,PO-2025-0328,PO0328,VEND039,Oracle Corporation,2025-06-27,2025-08-26,CHF,119542.28,0,3915,10,11954.23,135411.51,Paid,Paid,2025-07-17,Manual Entry,2025-06-27T00:00:00Z,EMP031,2025-06-30,Passed,,98,INV-02175.pdf,Payment pending approval.
2176,INVREC02176,INV-02176,PO-2025-1069,PO1069,VEND003,IMPORTING COMPANY,2025-08-22,2025-09-21,GBP,134059.9,0,1691.78,0,0,135751.68,Rejected,Unpaid,None,OCR Workflow,2025-08-22T00:00:00Z,EMP027,2025-08-25,Passed,,98.2,INV-02176.pdf,Payment pending approval.
2177,INVREC02177,INV-02177,PO-2023-1177,PO1177,VEND051,Thomson Reuters,2023-01-18,2023-02-02,USD,25515,1228.93,3422.76,0,0,28937.76,Rejected,Unpaid,None,OCR Workflow,2023-01-18T00:00:00Z,EMP017,2023-01-21,Passed,,98.5,INV-02177.pdf,Ready for payment.
2178,INVREC02178,INV-02178,PO-2025-0290,PO0290,VEND068,Securitas AB,2025-05-06,2025-07-05,EUR,148212.91,5064.52,0,18,26678.32,174891.23,Paid,Paid,2025-05-19,System Integration,2025-05-06T00:00:00Z,EMP034,2025-05-11,Passed,,88.8,INV-02178.pdf,Invoice under review.
2179,INVREC02179,INV-02179,PO-2025-1356,PO1356,VEND087,Hilti Corporation,2025-01-27,2025-02-26,CHF,432938.6,9254.08,2458.3,10,43293.86,478690.76,Paid,Paid,2025-02-14,Manual Entry,2025-01-27T00:00:00Z,EMP031,2025-01-29,Passed,,91.3,INV-02179.pdf,Payment pending approval.
2180,INVREC02180,INV-02180,PO-2023-0145,PO0145,VEND009,Office Furniture World,2023-07-13,2023-07-28,USD,487254.08,0,0,18,87705.73,574959.81,Paid,Paid,2023-07-27,Manual Entry,2023-07-13T00:00:00Z,EMP003,2023-07-16,Passed,,91.5,INV-02180.pdf,Payment pending approval.
2181,INVREC02181,INV-02181,PO-2023-0994,PO0994,VEND008,DHL Express,2023-10-07,2023-12-06,INR,82427.03,0,48.98,20,16485.41,98961.42,Paid,Paid,2023-10-10,Manual Entry,2023-10-07T00:00:00Z,EMP022,2023-10-11,Passed,,88.6,INV-02181.pdf,Three-way match completed.
2182,INVREC02182,INV-02182,PO-2024-0838,PO0838,VEND049,Parker Hannifin Corporation,2024-10-01,2024-10-31,USD,474050.77,0,0,0,0,474050.77,Paid,Paid,2024-10-02,System Integration,2024-10-01T00:00:00Z,EMP020,2024-10-04,Passed,,94.1,INV-02182.pdf,Invoice under review.
2183,INVREC02183,INV-02183,PO-2024-0435,PO0435,VEND100,ZF Friedrichshafen AG,2024-03-11,2024-03-11,USD,304184.67,0,0,10,30418.47,334603.14,Paid,Paid,2024-03-11,Manual Entry,2024-03-11T00:00:00Z,EMP038,2024-03-17,Passed,,94.5,INV-02183.pdf,Invoice under review.
2184,INVREC02184,INV-02184,PO-2025-0735,PO0735,VEND068,Securitas AB,2025-05-14,2025-06-13,EUR,292444.97,4679.1,0,0,0,292444.97,Paid,Paid,2025-05-19,OCR Workflow,2025-05-14T00:00:00Z,EMP008,2025-05-20,Passed,,89,INV-02184.pdf,Three-way match completed.
2185,INVREC02185,INV-02185,PO-2026-0216,PO0216,VEND080,Ecolab Inc.,2026-02-21,2026-03-23,INR,292049.23,0,4711.61,18,52568.86,349329.7,Paid,Paid,2026-03-04,OCR Workflow,2026-02-21T00:00:00Z,EMP029,2026-02-26,Passed,,95.7,INV-02185.pdf,Three-way match completed.
2186,INVREC02186,INV-02186,PO-2026-1111,PO1111,VEND040,SAP SE,2026-02-27,2026-02-27,INR,94977.64,0,4693.1,5,4748.88,104419.62,Rejected,Unpaid,None,Manual Entry,2026-02-27T00:00:00Z,None,None,Rejected,Invoice amount mismatch,94.5,INV-02186.pdf,Matched successfully against PO.
2187,INVREC02187,INV-02187,PO-2026-1427,PO1427,VEND014,Modern Office Co,2026-09-05,2026-10-05,USD,289875.53,8976.56,0,0,0,289875.53,Paid,Paid,2026-09-19,System Integration,2026-09-05T00:00:00Z,EMP023,2026-09-07,Passed,,86,INV-02187.pdf,Invoice under review.
2188,INVREC02188,INV-02188,PO-2025-0696,PO0696,VEND068,Securitas AB,2025-10-03,2025-11-02,EUR,417186.71,13061.34,4014.85,18,75093.61,496295.17,Paid,Paid,2025-10-10,Manual Entry,2025-10-03T00:00:00Z,EMP009,2025-10-10,Passed,,95.5,INV-02188.pdf,Matched successfully against PO.
2189,INVREC02189,INV-02189,PO-2026-0617,PO0617,VEND057,Ernst & Young LLP,2026-10-29,2026-11-28,INR,21050.82,1032.34,931.42,18,3789.15,25771.39,Rejected,Unpaid,None,OCR Workflow,2026-10-29T00:00:00Z,EMP032,2026-10-31,Passed,,93.4,INV-02189.pdf,Invoice under review.
2190,INVREC02190,INV-02190,PO-2025-0182,PO0182,VEND057,Ernst & Young LLP,2025-10-17,2025-11-16,INR,357855.81,0,0,20,71571.16,429426.97,Paid,Paid,2025-10-27,OCR Workflow,2025-10-17T00:00:00Z,EMP021,2025-10-24,Passed,,85.1,INV-02190.pdf,Three-way match completed.
2191,INVREC02191,INV-02191,PO-2026-0615,PO0615,VEND059,McKinsey & Company,2026-05-06,2026-06-05,CHF,159831.03,4037.53,0,5,7991.55,167822.58,Rejected,Unpaid,None,System Integration,2026-05-06T00:00:00Z,EMP028,2026-05-13,Passed,,94.6,INV-02191.pdf,Invoice under review.
2192,INVREC02192,INV-02192,PO-2026-0206,PO0206,VEND053,S&P Global Inc.,2026-08-28,2026-09-12,SEK,159976.35,0,0,0,0,159976.35,Paid,Paid,2026-09-08,System Integration,2026-08-28T00:00:00Z,EMP012,2026-09-01,Passed,,92.1,INV-02192.pdf,Ready for payment.
2193,INVREC02193,INV-02193,PO-2024-0827,PO0827,VEND041,Salesforce.com Inc.,2024-08-16,2024-09-30,GBP,160836.22,0,0,5,8041.81,168878.03,Paid,Paid,2024-08-27,System Integration,2024-08-16T00:00:00Z,EMP006,2024-08-23,Passed,,87.1,INV-02193.pdf,Payment pending approval.
2194,INVREC02194,INV-02194,PO-2025-1240,PO1240,VEND012,Elite Services,2025-09-08,2025-11-07,SEK,101414.37,3541.95,29.95,5,5070.72,106515.04,Paid,Paid,2025-09-19,System Integration,2025-09-08T00:00:00Z,EMP024,2025-09-11,Passed,,95.7,INV-02194.pdf,Invoice under review.
2195,INVREC02195,INV-02195,PO-2026-0008,PO0008,VEND057,Ernst & Young LLP,2026-12-21,2027-01-20,INR,387180.78,0,0,10,38718.08,425898.86,Paid,Paid,2026-12-29,OCR Workflow,2026-12-21T00:00:00Z,EMP033,2026-12-25,Passed,,93.4,INV-02195.pdf,Payment pending approval.
2196,INVREC02196,INV-02196,PO-2026-1313,PO1313,VEND089,DeWalt Industrial Tool Co.,2026-05-06,2026-06-05,INR,119330.4,5152.94,0,10,11933.04,131263.44,Paid,Paid,2026-05-21,OCR Workflow,2026-05-06T00:00:00Z,EMP035,2026-05-11,Passed,,96.1,INV-02196.pdf,Ready for payment.
2197,INVREC02197,INV-02197,PO-2026-0370,PO0370,VEND060,Boston Consulting Group,2026-03-08,2026-04-22,SEK,256457.07,0,937.98,0,0,257395.05,Paid,Paid,2026-03-13,Manual Entry,2026-03-08T00:00:00Z,EMP005,2026-03-11,Passed,,91.5,INV-02197.pdf,Three-way match completed.
2198,INVREC02198,INV-02198,PO-2025-0792,PO0792,VEND011,Global Supplies Inc,2025-09-02,2025-10-02,SEK,252686.92,0,0,0,0,252686.92,Paid,Paid,2025-09-09,Manual Entry,2025-09-02T00:00:00Z,EMP039,2025-09-09,Passed,,97.3,INV-02198.pdf,Ready for payment.
2199,INVREC02199,INV-02199,PO-2026-0902,PO0902,VEND002,Samira Hadid,2026-02-28,2026-03-15,INR,278619.73,6612.21,1205.29,0,0,279825.02,Paid,Paid,2026-03-03,Manual Entry,2026-02-28T00:00:00Z,EMP040,2026-03-05,Passed,,87.1,INV-02199.pdf,Ready for payment.
2200,INVREC02200,INV-02200,PO-2026-1355,PO1355,VEND005,Microsoft Corporation,2026-07-27,2026-08-26,SEK,432654.84,4365.01,0,18,77877.87,510532.71,Paid,Paid,2026-08-04,System Integration,2026-07-27T00:00:00Z,EMP023,2026-08-02,Passed,,89.7,INV-02200.pdf,Invoice under review.
2201,INVREC02201,INV-02201,PO-2025-0996,PO0996,VEND013,Quick Logistics,2025-07-01,2025-07-01,GBP,258306.29,3340.62,0,10,25830.63,284136.92,Paid,Paid,2025-07-01,Manual Entry,2025-07-01T00:00:00Z,EMP018,2025-07-07,Passed,,87.8,INV-02201.pdf,Three-way match completed.
2202,INVREC02202,INV-02202,PO-2024-1044,PO1044,VEND097,Goodyear Tire & Rubber,2024-04-30,2024-05-30,GBP,296781.71,13702.93,139.48,5,14839.09,311760.28,Rejected,Unpaid,None,Manual Entry,2024-04-30T00:00:00Z,EMP004,2024-05-01,Passed,,98.4,INV-02202.pdf,Ready for payment.
2203,INVREC02203,INV-02203,PO-2025-1448,PO1448,VEND060,Boston Consulting Group,2025-08-22,2025-10-21,SEK,408822.12,0,0,0,0,408822.12,Rejected,Unpaid,None,Manual Entry,2025-08-22T00:00:00Z,EMP017,2025-08-29,Passed,,97.7,INV-02203.pdf,Invoice under review.
2204,INVREC02204,INV-02204,PO-2024-1248,PO1248,VEND038,Penske Logistics,2024-12-29,2025-01-28,SEK,326625.83,0,3924.21,18,58792.65,389342.69,Rejected,Unpaid,None,OCR Workflow,2024-12-29T00:00:00Z,EMP033,2025-01-03,Passed,,93.3,INV-02204.pdf,Three-way match completed.
2205,INVREC02205,INV-02205,PO-2026-1186,PO1186,VEND006,Amazon Business,2026-12-29,2027-01-28,SEK,153181.54,0,4742.65,5,7659.08,165583.27,Paid,Paid,2027-01-16,Manual Entry,2026-12-29T00:00:00Z,EMP003,2026-12-31,Passed,,89.4,INV-02205.pdf,Payment pending approval.
2206,INVREC02206,INV-02206,PO-2026-0075,PO0075,VEND039,Oracle Corporation,2026-04-07,2026-04-22,CHF,125544.28,0,2541.73,0,0,128086.01,Rejected,Unpaid,None,Manual Entry,2026-04-07T00:00:00Z,EMP024,2026-04-14,Passed,,94.4,INV-02206.pdf,Invoice under review.
2207,INVREC02207,INV-02207,PO-2024-1347,PO1347,VEND002,Samira Hadid,2024-04-20,2024-05-20,INR,208827.88,0,3030.97,20,41765.58,253624.43,Paid,Paid,2024-05-04,System Integration,2024-04-20T00:00:00Z,EMP014,2024-04-27,Passed,,99,INV-02207.pdf,Ready for payment.
2208,INVREC02208,INV-02208,PO-2026-0032,PO0032,VEND041,Salesforce.com Inc.,2026-12-08,2027-01-07,GBP,158065.71,0,0,20,31613.14,189678.85,Paid,Paid,2026-12-16,System Integration,2026-12-08T00:00:00Z,EMP034,2026-12-13,Passed,,90.4,INV-02208.pdf,Ready for payment.
2209,INVREC02209,INV-02209,PO-2023-0097,PO0097,VEND075,T-Mobile for Business,2023-04-22,2023-05-22,GBP,27087.74,0,0,5,1354.39,28442.13,Paid,Paid,2023-04-25,OCR Workflow,2023-04-22T00:00:00Z,EMP028,2023-04-27,Passed,,95.6,INV-02209.pdf,Invoice under review.
2210,INVREC02210,INV-02210,PO-2023-0689,PO0689,VEND100,ZF Friedrichshafen AG,2024-01-21,2024-02-20,USD,10082.27,135.49,0,0,0,10082.27,Paid,Paid,2024-01-29,OCR Workflow,2024-01-21T00:00:00Z,EMP012,2024-01-28,Passed,,90.9,INV-02210.pdf,Three-way match completed.
2211,INVREC02211,INV-02211,PO-2026-0014,PO0014,VEND014,Modern Office Co,2026-02-02,2026-03-19,USD,45110.12,0,3754.8,0,0,48864.92,Rejected,Unpaid,None,Manual Entry,2026-02-02T00:00:00Z,EMP007,2026-02-07,Passed,,87.1,INV-02211.pdf,Matched successfully against PO.
2212,INVREC02212,INV-02212,PO-2025-1001,PO1001,VEND093,Regal Beloit Corporation,2025-03-07,2025-05-06,CHF,17813.2,0,721.31,10,1781.32,20315.83,Pending,Unpaid,None,Manual Entry,2025-03-07T00:00:00Z,None,None,Pending Approval,,94.4,INV-02212.pdf,Ready for payment.
2213,INVREC02213,INV-02213,PO-2025-1160,PO1160,VEND087,Hilti Corporation,2025-10-11,2025-11-10,CHF,408798.35,15787.69,1165.67,20,81759.67,491723.69,Paid,Paid,2025-10-24,OCR Workflow,2025-10-11T00:00:00Z,EMP004,2025-10-15,Passed,,90.1,INV-02213.pdf,Invoice under review.
2214,INVREC02214,INV-02214,PO-2024-0561,PO0561,VEND012,Elite Services,2024-04-29,2024-06-13,SEK,79744.63,3291.42,0,18,14354.03,94098.66,Paid,Paid,2024-05-18,OCR Workflow,2024-04-29T00:00:00Z,EMP024,2024-05-02,Passed,,94.3,INV-02214.pdf,Invoice under review.
2215,INVREC02215,INV-02215,PO-2026-1279,PO1279,VEND065,Sodexo S.A.,2026-08-14,2026-08-29,INR,232776.81,0,0,20,46555.36,279332.17,Paid,Paid,2026-08-20,System Integration,2026-08-14T00:00:00Z,EMP037,2026-08-19,Passed,,93.3,INV-02215.pdf,Three-way match completed.
2216,INVREC02216,INV-02216,PO-2025-1011,PO1011,VEND001,ABCD & CO,2025-04-21,2025-06-20,SEK,422924.93,0,0,5,21146.25,444071.18,Paid,Paid,2025-05-09,System Integration,2025-04-21T00:00:00Z,EMP019,2025-04-27,Passed,,88.4,INV-02216.pdf,Ready for payment.
2217,INVREC02217,INV-02217,PO-2023-0046,PO0046,VEND026,General Electric,2023-10-18,2023-11-17,SEK,115035.44,0,3292.05,10,11503.54,129831.03,Paid,Paid,2023-10-29,System Integration,2023-10-18T00:00:00Z,EMP023,2023-10-23,Passed,,89.7,INV-02217.pdf,Matched successfully against PO.
2218,INVREC02218,INV-02218,PO-2026-1013,PO1013,VEND081,Kimberly-Clark Professional,2026-08-15,2026-08-15,SEK,132267.49,0,0,0,0,132267.49,Paid,Paid,2026-08-15,OCR Workflow,2026-08-15T00:00:00Z,EMP004,2026-08-16,Passed,,85.6,INV-02218.pdf,Invoice under review.
2219,INVREC02219,INV-02219,PO-2025-0735,PO0735,VEND068,Securitas AB,2025-04-30,2025-05-30,EUR,292444.97,5405.65,0,0,0,292444.97,Rejected,Unpaid,None,OCR Workflow,2025-04-30T00:00:00Z,EMP017,2025-05-06,Passed,,88.8,INV-02219.pdf,Three-way match completed.
2220,INVREC02220,INV-02220,PO-2024-1262,PO1262,VEND066,Jones Lang LaSalle,2024-11-11,2025-01-10,CHF,223123.12,0,0,5,11156.16,234279.28,Paid,Paid,2024-11-25,Manual Entry,2024-11-11T00:00:00Z,EMP025,2024-11-17,Passed,,92.8,INV-02220.pdf,Three-way match completed.
2221,INVREC02221,INV-02221,PO-2023-0638,PO0638,VEND022,Siemens AG,2023-05-31,2023-06-30,USD,27315.58,0,2207.74,0,0,29523.32,Paid,Paid,2023-06-12,Manual Entry,2023-05-31T00:00:00Z,EMP027,2023-06-03,Passed,,96.5,INV-02221.pdf,Ready for payment.
2222,INVREC02222,INV-02222,PO-2025-0685,PO0685,VEND097,Goodyear Tire & Rubber,2025-01-21,2025-02-20,GBP,463700.33,0,0,0,0,463700.33,Paid,Paid,2025-02-08,Manual Entry,2025-01-21T00:00:00Z,EMP003,2025-01-25,Passed,,94.4,INV-02222.pdf,Payment pending approval.
2223,INVREC02223,INV-02223,PO-2025-0696,PO0696,VEND068,Securitas AB,2025-10-07,2025-11-06,EUR,417186.71,14149.76,4014.85,18,75093.61,496295.17,Pending,Unpaid,None,System Integration,2025-10-07T00:00:00Z,None,None,Pending Approval,,93.1,INV-02223.pdf,Matched successfully against PO.
2224,INVREC02224,INV-02224,PO-2025-0616,PO0616,VEND071,Waste Management Inc.,2025-11-14,2025-11-29,EUR,11678.75,0,0,0,0,11678.75,Paid,Paid,2025-11-24,Manual Entry,2025-11-14T00:00:00Z,EMP015,2025-11-15,Passed,,85.9,INV-02224.pdf,Payment pending approval.
2225,INVREC02225,INV-02225,PO-2024-0611,PO0611,VEND037,Atlas Air Worldwide,2025-01-25,2025-02-24,CHF,29671.51,0,0,20,5934.3,35605.81,Paid,Paid,2025-02-08,Manual Entry,2025-01-25T00:00:00Z,EMP036,2025-01-28,Passed,,92.2,INV-02225.pdf,Payment pending approval.
2226,INVREC02226,INV-02226,PO-2026-0192,PO0192,VEND001,ABCD & CO,2026-06-24,2026-07-24,SEK,42805.68,0,1694.8,5,2140.28,46640.76,Paid,Paid,2026-07-05,System Integration,2026-06-24T00:00:00Z,EMP039,2026-07-01,Passed,,98,INV-02226.pdf,Matched successfully against PO.
2227,INVREC02227,INV-02227,PO-2026-0477,PO0477,VEND046,Lenovo Group Limited,2026-06-15,2026-06-15,INR,132943.33,0,414.09,5,6647.17,140004.59,Rejected,Unpaid,None,System Integration,2026-06-15T00:00:00Z,EMP022,2026-06-18,Passed,,97,INV-02227.pdf,Three-way match completed.
2228,INVREC02228,INV-02228,PO-2024-1065,PO1065,VEND018,Summit Systems,2024-02-11,2024-02-11,EUR,44910.32,1795.08,0,10,4491.03,49401.35,Rejected,Unpaid,None,Manual Entry,2024-02-11T00:00:00Z,EMP007,2024-02-16,Passed,,98.3,INV-02228.pdf,Three-way match completed.
2229,INVREC02229,INV-02229,PO-2025-0306,PO0306,VEND045,Hewlett Packard Enterprise,2025-09-18,2025-09-18,CHF,276702.03,7645.61,3431.91,10,27670.2,307804.14,Rejected,Unpaid,None,Manual Entry,2025-09-18T00:00:00Z,None,None,Rejected,Missing PO reference,86,INV-02229.pdf,Matched successfully against PO.
2230,INVREC02230,INV-02230,PO-2026-0114,PO0114,VEND074,Verizon Business Group,2026-04-04,2026-04-04,EUR,218240.63,0,4867.67,20,43648.13,266756.43,Paid,Paid,2026-04-04,System Integration,2026-04-04T00:00:00Z,EMP031,2026-04-08,Passed,,89.2,INV-02230.pdf,Invoice under review.
2231,INVREC02231,INV-02231,PO-2024-0211,PO0211,VEND056,PricewaterhouseCoopers LLP,2024-01-27,2024-02-26,EUR,37677.75,1848.45,0,0,0,37677.75,Paid,Paid,2024-02-05,Manual Entry,2024-01-27T00:00:00Z,EMP021,2024-01-28,Passed,,96.9,INV-02231.pdf,Payment pending approval.
2232,INVREC02232,INV-02232,PO-2023-1335,PO1335,VEND002,Samira Hadid,2023-06-06,2023-06-06,INR,372739.09,0,0,10,37273.91,410013,Paid,Paid,2023-06-06,OCR Workflow,2023-06-06T00:00:00Z,EMP017,2023-06-13,Passed,,89.5,INV-02232.pdf,Matched successfully against PO.
2233,INVREC02233,INV-02233,PO-2025-0958,PO0958,VEND085,Fastenal Company,2025-04-01,2025-05-01,SEK,225951.67,0,0,0,0,225951.67,Rejected,Unpaid,None,OCR Workflow,2025-04-01T00:00:00Z,EMP023,2025-04-03,Passed,,97.4,INV-02233.pdf,Invoice under review.
2234,INVREC02234,INV-02234,PO-2026-0602,PO0602,VEND056,PricewaterhouseCoopers LLP,2026-05-05,2026-07-04,EUR,312788.8,0,4634.99,10,31278.88,348702.67,Paid,Paid,2026-05-20,System Integration,2026-05-05T00:00:00Z,EMP029,2026-05-07,Passed,,85.2,INV-02234.pdf,Payment pending approval.
2235,INVREC02235,INV-02235,PO-2025-0038,PO0038,VEND037,Atlas Air Worldwide,2025-06-03,2025-07-18,CHF,51044.22,0,0,20,10208.84,61253.06,Paid,Paid,2025-06-12,OCR Workflow,2025-06-03T00:00:00Z,EMP028,2025-06-05,Passed,,92.9,INV-02235.pdf,Ready for payment.
2236,INVREC02236,INV-02236,PO-2026-0515,PO0515,VEND022,Siemens AG,2026-04-15,2026-05-15,USD,86285.94,0,3127.12,5,4314.3,93727.36,Paid,Paid,2026-04-19,Manual Entry,2026-04-15T00:00:00Z,EMP023,2026-04-20,Passed,,99,INV-02236.pdf,Matched successfully against PO.
2237,INVREC02237,INV-02237,PO-2026-0491,PO0491,VEND086,W.W. Grainger International,2026-04-01,2026-05-16,EUR,313342.98,0,2950.55,20,62668.6,378962.13,Paid,Paid,2026-04-04,OCR Workflow,2026-04-01T00:00:00Z,EMP005,2026-04-02,Passed,,94.9,INV-02237.pdf,Payment pending approval.
2238,INVREC02238,INV-02238,PO-2025-0770,PO0770,VEND047,Apple Inc.,2025-09-10,2025-10-10,GBP,239150.96,0,0,20,47830.19,286981.15,Paid,Paid,2025-09-21,System Integration,2025-09-10T00:00:00Z,EMP013,2025-09-14,Passed,,86.6,INV-02238.pdf,Ready for payment.
2239,INVREC02239,INV-02239,PO-2026-0761,PO0761,VEND023,Caterpillar Inc.,2026-01-27,2026-03-28,INR,480752.8,0,279.17,18,86535.5,567567.47,Paid,Paid,2026-02-09,System Integration,2026-01-27T00:00:00Z,EMP002,2026-02-02,Passed,,88.3,INV-02239.pdf,Three-way match completed.
2240,INVREC02240,INV-02240,PO-2025-0107,PO0107,VEND020,Alpha Industries,2025-06-28,2025-07-28,SEK,474839.87,13548.18,0,20,94967.97,569807.84,Rejected,Unpaid,None,OCR Workflow,2025-06-28T00:00:00Z,EMP023,2025-07-02,Passed,,88,INV-02240.pdf,Three-way match completed.
2241,INVREC02241,INV-02241,PO-2026-1457,PO1457,VEND043,Cisco Systems Inc.,2026-03-02,2026-03-02,GBP,163702.04,0,0,5,8185.1,171887.14,Paid,Paid,2026-03-02,OCR Workflow,2026-03-02T00:00:00Z,EMP029,2026-03-07,Passed,,88.3,INV-02241.pdf,Ready for payment.
2242,INVREC02242,INV-02242,PO-2024-0011,PO0011,VEND011,Global Supplies Inc,2024-02-09,2024-03-10,SEK,293874,0,0,5,14693.7,308567.7,Paid,Paid,2024-02-14,OCR Workflow,2024-02-09T00:00:00Z,EMP020,2024-02-15,Passed,,88.7,INV-02242.pdf,Invoice under review.
2243,INVREC02243,INV-02243,PO-2023-0314,PO0314,VEND017,Pinnacle Partners,2023-11-01,2023-12-16,CHF,150551.51,3419.76,0,5,7527.58,158079.09,Rejected,Unpaid,None,Manual Entry,2023-11-01T00:00:00Z,EMP004,2023-11-07,Passed,,92,INV-02243.pdf,Ready for payment.
2244,INVREC02244,INV-02244,PO-2024-0563,PO0563,VEND051,Thomson Reuters,2024-04-28,2024-05-28,USD,57993.78,2804.48,4014.16,10,5799.38,67807.32,Paid,Paid,2024-05-02,System Integration,2024-04-28T00:00:00Z,EMP005,2024-05-02,Passed,,97.3,INV-02244.pdf,Three-way match completed.
2245,INVREC02245,INV-02245,PO-2025-0070,PO0070,VEND068,Securitas AB,2026-01-04,2026-03-05,EUR,331575.33,0,3697.83,5,16578.77,351851.93,Rejected,Unpaid,None,Manual Entry,2026-01-04T00:00:00Z,EMP036,2026-01-07,Passed,,91.6,INV-02245.pdf,Three-way match completed.
2246,INVREC02246,INV-02246,PO-2023-1446,PO1446,VEND016,New Horizons,2023-02-15,2023-02-15,GBP,247718.16,9802.01,2116.05,20,49543.63,299377.84,Pending,Unpaid,None,System Integration,2023-02-15T00:00:00Z,None,None,Pending Approval,,87.1,INV-02246.pdf,Three-way match completed.
2247,INVREC02247,INV-02247,PO-2025-0081,PO0081,VEND052,Moody's Analytics,2025-12-04,2026-01-03,GBP,431021.97,0,0,18,77583.95,508605.92,Paid,Paid,2025-12-16,System Integration,2025-12-04T00:00:00Z,EMP030,2025-12-05,Passed,,85,INV-02247.pdf,Ready for payment.
2248,INVREC02248,INV-02248,PO-2023-1337,PO1337,VEND005,Microsoft Corporation,2023-07-13,2023-07-28,SEK,228164.41,11392.75,0,18,41069.59,269234,Paid,Paid,2023-07-20,OCR Workflow,2023-07-13T00:00:00Z,EMP008,2023-07-15,Passed,,97.2,INV-02248.pdf,Ready for payment.
2249,INVREC02249,INV-02249,PO-2025-0087,PO0087,VEND037,Atlas Air Worldwide,2025-04-23,2025-06-22,CHF,197057.24,0,0,5,9852.86,206910.1,Pending,Unpaid,None,Manual Entry,2025-04-23T00:00:00Z,None,None,Pending Approval,,93.2,INV-02249.pdf,Three-way match completed.
2250,INVREC02250,INV-02250,PO-2026-0544,PO0544,VEND070,Tyco International,2026-08-30,2026-09-14,GBP,32133.41,0,0,0,0,32133.41,Paid,Paid,2026-09-04,OCR Workflow,2026-08-30T00:00:00Z,EMP018,2026-09-02,Passed,,88.7,INV-02250.pdf,Three-way match completed.
2251,INVREC02251,INV-02251,PO-2023-0478,PO0478,VEND033,Maersk Line,2023-02-18,2023-03-20,SEK,284982.45,0,0,18,51296.84,336279.29,Pending,Unpaid,None,OCR Workflow,2023-02-18T00:00:00Z,None,None,Pending Approval,,95.2,INV-02251.pdf,Matched successfully against PO.
2252,INVREC02252,INV-02252,PO-2023-1417,PO1417,VEND082,Grainger Inc.,2023-11-14,2024-01-13,GBP,120812.37,0,0,0,0,120812.37,Paid,Paid,2023-12-04,System Integration,2023-11-14T00:00:00Z,EMP039,2023-11-16,Passed,,96.5,INV-02252.pdf,Ready for payment.
2253,INVREC02253,INV-02253,PO-2026-1406,PO1406,VEND043,Cisco Systems Inc.,2026-04-25,2026-05-25,GBP,372114.13,0,0,10,37211.41,409325.54,Paid,Paid,2026-05-02,OCR Workflow,2026-04-25T00:00:00Z,EMP009,2026-05-02,Passed,,87.4,INV-02253.pdf,Invoice under review.
2254,INVREC02254,INV-02254,PO-2023-0093,PO0093,VEND053,S&P Global Inc.,2023-04-01,2023-04-16,SEK,39691.99,564.3,2269.12,5,1984.6,43945.71,Rejected,Unpaid,None,OCR Workflow,2023-04-01T00:00:00Z,EMP006,2023-04-06,Passed,,97.2,INV-02254.pdf,Ready for payment.
2255,INVREC02255,INV-02255,PO-2025-0106,PO0106,VEND061,Bain & Company,2025-07-01,2025-07-16,INR,284080.8,9125.86,3627.76,20,56816.16,344524.72,Paid,Paid,2025-07-13,System Integration,2025-07-01T00:00:00Z,EMP030,2025-07-07,Passed,,86.6,INV-02255.pdf,Payment pending approval.
2256,INVREC02256,INV-02256,PO-2023-0985,PO0985,VEND065,Sodexo S.A.,2023-02-21,2023-04-22,INR,49330.91,0,2920.4,5,2466.55,54717.86,Paid,Paid,2023-03-11,System Integration,2023-02-21T00:00:00Z,EMP039,2023-02-24,Passed,,93.5,INV-02256.pdf,Three-way match completed.
2257,INVREC02257,INV-02257,PO-2026-0327,PO0327,VEND042,"VMware, Inc.",2026-04-28,2026-05-28,SEK,87052.01,1476.98,534.76,10,8705.2,96291.97,Paid,Paid,2026-04-30,Manual Entry,2026-04-28T00:00:00Z,EMP011,2026-05-03,Passed,,96.4,INV-02257.pdf,Invoice under review.
2258,INVREC02258,INV-02258,PO-2026-0818,PO0818,VEND010,Tech Solutions Ltd,2026-04-26,2026-05-26,USD,116504.66,0,0,0,0,116504.66,Paid,Paid,2026-05-08,System Integration,2026-04-26T00:00:00Z,EMP010,2026-04-27,Passed,,94.5,INV-02258.pdf,Matched successfully against PO.
2259,INVREC02259,INV-02259,PO-2026-1275,PO1275,VEND070,Tyco International,2026-01-06,2026-03-07,GBP,94470.85,0,0,18,17004.75,111475.6,Rejected,Unpaid,None,Manual Entry,2026-01-06T00:00:00Z,EMP001,2026-01-07,Passed,,92.6,INV-02259.pdf,Ready for payment.
2260,INVREC02260,INV-02260,PO-2025-0779,PO0779,VEND017,Pinnacle Partners,2025-08-10,2025-09-09,CHF,160331.7,4568.88,1670.82,20,32066.34,194068.86,Pending,Unpaid,None,OCR Workflow,2025-08-10T00:00:00Z,None,None,Pending Approval,,98,INV-02260.pdf,Ready for payment.
2261,INVREC02261,INV-02261,PO-2023-0269,PO0269,VEND022,Siemens AG,2024-01-05,2024-02-04,USD,34560.76,0,0,5,1728.04,36288.8,Paid,Paid,2024-01-15,OCR Workflow,2024-01-05T00:00:00Z,EMP009,2024-01-11,Passed,,90.6,INV-02261.pdf,Three-way match completed.
2262,INVREC02262,INV-02262,PO-2025-0182,PO0182,VEND057,Ernst & Young LLP,2025-10-26,2025-11-25,INR,357855.81,0,0,20,71571.16,429426.97,Paid,Paid,2025-11-11,Manual Entry,2025-10-26T00:00:00Z,EMP025,2025-10-29,Passed,,96.7,INV-02262.pdf,Payment pending approval.
2263,INVREC02263,INV-02263,PO-2025-1318,PO1318,VEND069,ADT Inc.,2025-03-08,2025-03-08,EUR,210564.44,0,0,5,10528.22,221092.66,Paid,Paid,2025-03-08,Manual Entry,2025-03-08T00:00:00Z,EMP017,2025-03-14,Passed,,98,INV-02263.pdf,Three-way match completed.
2264,INVREC02264,INV-02264,PO-2023-0720,PO0720,VEND050,Festo AG & Co. KG,2023-04-16,2023-05-31,INR,303900.79,4192.66,1582.4,20,60780.16,366263.35,Paid,Paid,2023-04-26,System Integration,2023-04-16T00:00:00Z,EMP013,2023-04-19,Passed,,91.1,INV-02264.pdf,Matched successfully against PO.
2265,INVREC02265,INV-02265,PO-2024-0978,PO0978,VEND075,T-Mobile for Business,2024-10-17,2024-11-16,GBP,212064.22,3413.41,0,0,0,212064.22,Paid,Paid,2024-10-21,Manual Entry,2024-10-17T00:00:00Z,EMP029,2024-10-21,Passed,,97.5,INV-02265.pdf,Matched successfully against PO.
2266,INVREC02266,INV-02266,PO-2024-0705,PO0705,VEND025,ABB Ltd,2024-03-10,2024-03-25,GBP,377847.23,9912.25,0,0,0,377847.23,Pending,Unpaid,None,Manual Entry,2024-03-10T00:00:00Z,None,None,Pending Approval,,89.8,INV-02266.pdf,Invoice under review.
2267,INVREC02267,INV-02267,PO-2026-1162,PO1162,VEND006,Amazon Business,2026-11-07,2027-01-06,SEK,329479.11,0,1722.99,20,65895.82,397097.92,Paid,Paid,2026-11-23,OCR Workflow,2026-11-07T00:00:00Z,EMP033,2026-11-12,Passed,,87.6,INV-02267.pdf,Invoice under review.
2268,INVREC02268,INV-02268,PO-2023-0710,PO0710,VEND033,Maersk Line,2023-09-09,2023-10-24,SEK,188335.26,7606,1483.46,20,37667.05,227485.77,Paid,Paid,2023-09-12,System Integration,2023-09-09T00:00:00Z,EMP032,2023-09-14,Passed,,85.4,INV-02268.pdf,Payment pending approval.
2269,INVREC02269,INV-02269,PO-2025-0623,PO0623,VEND060,Boston Consulting Group,2025-02-27,2025-04-13,SEK,445967.83,0,0,5,22298.39,468266.22,Paid,Paid,2025-03-17,System Integration,2025-02-27T00:00:00Z,EMP036,2025-03-01,Passed,,86.9,INV-02269.pdf,Three-way match completed.
2270,INVREC02270,INV-02270,PO-2026-0144,PO0144,VEND025,ABB Ltd,2026-06-27,2026-07-27,GBP,341949.62,0,2431.28,10,34194.96,378575.86,Paid,Paid,2026-07-15,System Integration,2026-06-27T00:00:00Z,EMP035,2026-06-28,Passed,,89.8,INV-02270.pdf,Invoice under review.
2271,INVREC02271,INV-02271,PO-2026-0222,PO0222,VEND041,Salesforce.com Inc.,2026-11-14,2026-12-14,GBP,394267.63,15713.22,0,5,19713.38,413981.01,Paid,Paid,2026-11-22,Manual Entry,2026-11-14T00:00:00Z,EMP013,2026-11-16,Passed,,90.7,INV-02271.pdf,Three-way match completed.
2272,INVREC02272,INV-02272,PO-2025-1292,PO1292,VEND015,Best Buy Corp,2025-11-13,2025-12-28,INR,45818.15,0,0,10,4581.81,50399.96,Paid,Paid,2025-11-27,System Integration,2025-11-13T00:00:00Z,EMP009,2025-11-19,Passed,,94.1,INV-02272.pdf,Invoice under review.
2273,INVREC02273,INV-02273,PO-2023-1319,PO1319,VEND048,Cummins Inc.,2023-10-20,2023-12-19,EUR,471709.74,23468.32,1712.51,18,84907.75,558330,Rejected,Unpaid,None,System Integration,2023-10-20T00:00:00Z,EMP005,2023-10-25,Passed,,91.8,INV-02273.pdf,Matched successfully against PO.
2274,INVREC02274,INV-02274,PO-2023-0196,PO0196,VEND018,Summit Systems,2023-03-09,2023-03-24,EUR,447800.87,0,3500.05,10,44780.09,496081.01,Paid,Paid,2023-03-14,Manual Entry,2023-03-09T00:00:00Z,EMP011,2023-03-12,Passed,,90.5,INV-02274.pdf,Matched successfully against PO.
2275,INVREC02275,INV-02275,PO-2026-0285,PO0285,VEND056,PricewaterhouseCoopers LLP,2026-01-17,2026-02-16,EUR,240450.66,0,149.81,20,48090.13,288690.6,Paid,Paid,2026-01-27,OCR Workflow,2026-01-17T00:00:00Z,EMP007,2026-01-23,Passed,,88.9,INV-02275.pdf,Invoice under review.
2276,INVREC02276,INV-02276,PO-2026-0219,PO0219,VEND019,Vanguard Tech,2027-01-12,2027-02-11,USD,374523.79,16479.72,3542.31,20,74904.76,452970.86,Paid,Paid,2027-01-23,Manual Entry,2027-01-12T00:00:00Z,EMP005,2027-01-17,Passed,,85.1,INV-02276.pdf,Three-way match completed.
2277,INVREC02277,INV-02277,PO-2023-0731,PO0731,VEND092,Baldor Electric Company,2023-06-12,2023-07-12,CHF,159846.85,3909.5,75.83,18,28772.43,188695.11,Paid,Paid,2023-06-19,OCR Workflow,2023-06-12T00:00:00Z,EMP009,2023-06-16,Passed,,89,INV-02277.pdf,Invoice under review.
2278,INVREC02278,INV-02278,PO-2026-0206,PO0206,VEND053,S&P Global Inc.,2026-08-21,2026-09-05,SEK,159976.35,0,0,0,0,159976.35,Paid,Paid,2026-09-02,OCR Workflow,2026-08-21T00:00:00Z,EMP023,2026-08-25,Passed,,91.4,INV-02278.pdf,Three-way match completed.
2279,INVREC02279,INV-02279,PO-2023-0233,PO0233,VEND068,Securitas AB,2023-11-05,2023-12-05,EUR,47968.65,0,0,20,9593.73,57562.38,Rejected,Unpaid,None,System Integration,2023-11-05T00:00:00Z,EMP012,2023-11-11,Passed,,94.9,INV-02279.pdf,Three-way match completed.
2280,INVREC02280,INV-02280,PO-2026-1218,PO1218,VEND069,ADT Inc.,2026-11-01,2026-11-16,EUR,125092.29,4307.56,1306.29,0,0,126398.58,Paid,Paid,2026-11-04,OCR Workflow,2026-11-01T00:00:00Z,EMP023,2026-11-04,Passed,,91.3,INV-02280.pdf,Three-way match completed.
2281,INVREC02281,INV-02281,PO-2023-1063,PO1063,VEND033,Maersk Line,2023-06-20,2023-07-20,SEK,415056.22,0,0,5,20752.81,435809.03,Paid,Paid,2023-07-06,OCR Workflow,2023-06-20T00:00:00Z,EMP018,2023-06-23,Passed,,93.7,INV-02281.pdf,Three-way match completed.
2282,INVREC02282,INV-02282,PO-2024-1416,PO1416,VEND048,Cummins Inc.,2024-02-22,2024-03-23,EUR,16662.98,0,0,5,833.15,17496.13,Paid,Paid,2024-03-09,System Integration,2024-02-22T00:00:00Z,EMP040,2024-02-29,Passed,,92.8,INV-02282.pdf,Matched successfully against PO.
2283,INVREC02283,INV-02283,PO-2024-0546,PO0546,VEND051,Thomson Reuters,2024-06-27,2024-07-12,USD,304504.47,9473.01,0,18,54810.8,359315.27,Paid,Paid,2024-07-01,System Integration,2024-06-27T00:00:00Z,EMP028,2024-07-02,Passed,,92.1,INV-02283.pdf,Invoice under review.
2284,INVREC02284,INV-02284,PO-2026-0425,PO0425,VEND047,Apple Inc.,2026-08-02,2026-09-01,GBP,307816.49,0,0,18,55406.97,363223.46,Paid,Paid,2026-08-15,System Integration,2026-08-02T00:00:00Z,EMP019,2026-08-06,Passed,,92.3,INV-02284.pdf,Payment pending approval.
2285,INVREC02285,INV-02285,PO-2026-1185,PO1185,VEND062,Accenture PLC,2026-09-23,2026-10-23,USD,164405.98,0,0,20,32881.2,197287.18,Paid,Paid,2026-10-08,OCR Workflow,2026-09-23T00:00:00Z,EMP040,2026-09-30,Passed,,95.4,INV-02285.pdf,Ready for payment.
2286,INVREC02286,INV-02286,PO-2024-1262,PO1262,VEND066,Jones Lang LaSalle,2024-11-07,2025-01-06,CHF,223123.12,0,0,5,11156.16,234279.28,Paid,Paid,2024-11-16,System Integration,2024-11-07T00:00:00Z,EMP004,2024-11-09,Passed,,88.6,INV-02286.pdf,Three-way match completed.
2287,INVREC02287,INV-02287,PO-2023-0566,PO0566,VEND062,Accenture PLC,2023-09-08,2023-11-07,USD,499613.87,0,2638.99,5,24980.69,527233.55,Pending,Unpaid,None,System Integration,2023-09-08T00:00:00Z,None,None,Pending Approval,,88.9,INV-02287.pdf,Ready for payment.
2288,INVREC02288,INV-02288,PO-2025-1298,PO1298,VEND069,ADT Inc.,2025-09-03,2025-09-18,EUR,339947.81,0,3408.04,10,33994.78,377350.63,Rejected,Unpaid,None,Manual Entry,2025-09-03T00:00:00Z,EMP015,2025-09-07,Passed,,99.9,INV-02288.pdf,Matched successfully against PO.
2289,INVREC02289,INV-02289,PO-2025-0239,PO0239,VEND100,ZF Friedrichshafen AG,2025-02-19,2025-03-06,USD,58855.57,1977.51,0,5,2942.78,61798.35,Paid,Paid,2025-02-21,Manual Entry,2025-02-19T00:00:00Z,EMP024,2025-02-23,Passed,,88.8,INV-02289.pdf,Payment pending approval.
2290,INVREC02290,INV-02290,PO-2024-1405,PO1405,VEND087,Hilti Corporation,2024-02-15,2024-03-16,CHF,260458.81,0,2781.6,0,0,263240.41,Rejected,Unpaid,None,Manual Entry,2024-02-15T00:00:00Z,EMP016,2024-02-19,Passed,,98.7,INV-02290.pdf,Matched successfully against PO.
2291,INVREC02291,INV-02291,PO-2024-0743,PO0743,VEND009,Office Furniture World,2024-09-07,2024-10-07,USD,415937,0,977.23,18,74868.66,491782.89,Pending,Unpaid,None,Manual Entry,2024-09-07T00:00:00Z,None,None,Pending Approval,,93,INV-02291.pdf,Ready for payment.
2292,INVREC02292,INV-02292,PO-2025-0061,PO0061,VEND042,"VMware, Inc.",2025-05-25,2025-07-24,SEK,486960.04,0,0,5,24348,511308.04,Rejected,Unpaid,None,System Integration,2025-05-25T00:00:00Z,EMP021,2025-05-27,Passed,,99.4,INV-02292.pdf,Payment pending approval.
2293,INVREC02293,INV-02293,PO-2023-0859,PO0859,VEND023,Caterpillar Inc.,2023-11-06,2023-11-21,INR,164018,0,4346.05,0,0,168364.05,Paid,Paid,2023-11-21,Manual Entry,2023-11-06T00:00:00Z,EMP018,2023-11-08,Passed,,91.3,INV-02293.pdf,Payment pending approval.
2294,INVREC02294,INV-02294,PO-2024-0172,PO0172,VEND025,ABB Ltd,2024-05-06,2024-07-05,GBP,357303.23,0,1826.53,18,64314.58,423444.34,Paid,Paid,2024-05-16,OCR Workflow,2024-05-06T00:00:00Z,EMP036,2024-05-11,Passed,,99,INV-02294.pdf,Invoice under review.
2295,INVREC02295,INV-02295,PO-2024-0380,PO0380,VEND022,Siemens AG,2024-03-04,2024-03-04,USD,328438.35,13220.51,0,18,59118.9,387557.25,Paid,Paid,2024-03-04,System Integration,2024-03-04T00:00:00Z,EMP022,2024-03-09,Passed,,89.1,INV-02295.pdf,Payment pending approval.
2296,INVREC02296,INV-02296,PO-2026-1389,PO1389,VEND067,"CBRE Group, Inc.",2026-09-13,2026-10-13,EUR,493114.27,0,0,10,49311.43,542425.7,Paid,Paid,2026-10-01,System Integration,2026-09-13T00:00:00Z,EMP036,2026-09-17,Passed,,94.9,INV-02296.pdf,Three-way match completed.
2297,INVREC02297,INV-02297,PO-2023-0026,PO0026,VEND064,Aramark Corporation,2023-02-05,2023-03-07,EUR,138224.58,0,0,0,0,138224.58,Paid,Paid,2023-02-13,Manual Entry,2023-02-05T00:00:00Z,EMP011,2023-02-06,Passed,,97.7,INV-02297.pdf,Payment pending approval.
2298,INVREC02298,INV-02298,PO-2025-1392,PO1392,VEND042,"VMware, Inc.",2025-04-13,2025-05-13,SEK,221686.56,0,0,18,39903.58,261590.14,Paid,Paid,2025-04-27,System Integration,2025-04-13T00:00:00Z,EMP008,2025-04-15,Passed,,89.1,INV-02298.pdf,Three-way match completed.
2299,INVREC02299,INV-02299,PO-2026-1261,PO1261,VEND005,Microsoft Corporation,2026-05-01,2026-05-31,SEK,78321.95,0,2788.74,5,3916.1,85026.79,Rejected,Unpaid,None,Manual Entry,2026-05-01T00:00:00Z,EMP026,2026-05-04,Passed,,97.8,INV-02299.pdf,Ready for payment.
2300,INVREC02300,INV-02300,PO-2025-0949,PO0949,VEND080,Ecolab Inc.,2025-06-14,2025-06-14,INR,243353.86,0,0,10,24335.39,267689.25,Paid,Paid,2025-06-14,Manual Entry,2025-06-14T00:00:00Z,EMP013,2025-06-21,Passed,,98.7,INV-02300.pdf,Ready for payment.
2301,INVREC02301,INV-02301,PO-2024-1194,PO1194,VEND061,Bain & Company,2024-08-19,2024-09-18,INR,249669.34,4466.45,0,20,49933.87,299603.21,Pending,Unpaid,None,System Integration,2024-08-19T00:00:00Z,None,None,Pending Approval,,95.7,INV-02301.pdf,Matched successfully against PO.
2302,INVREC02302,INV-02302,PO-2026-0244,PO0244,VEND005,Microsoft Corporation,2026-05-25,2026-05-25,SEK,231512.45,0,0,0,0,231512.45,Paid,Paid,2026-05-25,OCR Workflow,2026-05-25T00:00:00Z,EMP039,2026-05-26,Passed,,94.7,INV-02302.pdf,Ready for payment.
2303,INVREC02303,INV-02303,PO-2023-1237,PO1237,VEND087,Hilti Corporation,2023-12-19,2024-01-18,CHF,214594.66,0,183,20,42918.93,257696.59,Rejected,Unpaid,None,System Integration,2023-12-19T00:00:00Z,EMP035,2023-12-23,Passed,,93.2,INV-02303.pdf,Matched successfully against PO.
2304,INVREC02304,INV-02304,PO-2024-0889,PO0889,VEND067,"CBRE Group, Inc.",2024-12-05,2025-01-04,EUR,233767.67,8694.02,0,0,0,233767.67,Paid,Paid,2024-12-23,Manual Entry,2024-12-05T00:00:00Z,EMP011,2024-12-06,Passed,,94.1,INV-02304.pdf,Ready for payment.
2305,INVREC02305,INV-02305,PO-2026-1114,PO1114,VEND017,Pinnacle Partners,2026-09-02,2026-10-17,CHF,278577.33,0,0,18,50143.92,328721.25,Paid,Paid,2026-09-04,Manual Entry,2026-09-02T00:00:00Z,EMP037,2026-09-04,Passed,,85.8,INV-02305.pdf,Invoice under review.
2306,INVREC02306,INV-02306,PO-2025-1180,PO1180,VEND057,Ernst & Young LLP,2025-05-09,2025-06-23,INR,368784.53,5677.86,4125.45,0,0,372909.98,Paid,Paid,2025-05-22,System Integration,2025-05-09T00:00:00Z,EMP035,2025-05-16,Passed,,98.6,INV-02306.pdf,Invoice under review.
2307,INVREC02307,INV-02307,PO-2023-0301,PO0301,VEND037,Atlas Air Worldwide,2023-12-02,2024-01-01,CHF,114863.09,0,4410.07,20,22972.62,142245.78,Paid,Paid,2023-12-05,OCR Workflow,2023-12-02T00:00:00Z,EMP018,2023-12-07,Passed,,96.8,INV-02307.pdf,Ready for payment.
2308,INVREC02308,INV-02308,PO-2026-0516,PO0516,VEND010,Tech Solutions Ltd,2026-08-31,2026-08-31,USD,176251.94,0,4050.14,10,17625.19,197927.27,Paid,Paid,2026-08-31,System Integration,2026-08-31T00:00:00Z,EMP025,2026-09-01,Passed,,92.5,INV-02308.pdf,Three-way match completed.
2309,INVREC02309,INV-02309,PO-2025-1157,PO1157,VEND052,Moody's Analytics,2025-12-15,2026-02-13,GBP,74979.81,0,0,0,0,74979.81,Rejected,Unpaid,None,Manual Entry,2025-12-15T00:00:00Z,EMP016,2025-12-19,Passed,,99.9,INV-02309.pdf,Payment pending approval.
2310,INVREC02310,INV-02310,PO-2024-0976,PO0976,VEND046,Lenovo Group Limited,2024-07-18,2024-08-02,INR,113789.52,3189.99,695.29,5,5689.48,120174.29,Paid,Paid,2024-07-20,OCR Workflow,2024-07-18T00:00:00Z,EMP008,2024-07-24,Passed,,85.3,INV-02310.pdf,Invoice under review.
2311,INVREC02311,INV-02311,PO-2026-0487,PO0487,VEND005,Microsoft Corporation,2026-11-06,2026-11-06,SEK,321463.97,0,0,5,16073.2,337537.17,Rejected,Unpaid,None,System Integration,2026-11-06T00:00:00Z,EMP012,2026-11-12,Passed,,95.7,INV-02311.pdf,Payment pending approval.
2312,INVREC02312,INV-02312,PO-2024-0119,PO0119,VEND057,Ernst & Young LLP,2024-12-13,2025-01-12,INR,77002.17,910.02,0,20,15400.43,92402.6,Pending,Unpaid,None,System Integration,2024-12-13T00:00:00Z,None,None,Pending Approval,,91.3,INV-02312.pdf,Three-way match completed.
2313,INVREC02313,INV-02313,PO-2024-0380,PO0380,VEND022,Siemens AG,2024-03-11,2024-03-11,USD,328438.35,6592.91,0,18,59118.9,387557.25,Paid,Paid,2024-03-11,OCR Workflow,2024-03-11T00:00:00Z,EMP001,2024-03-17,Passed,,85.1,INV-02313.pdf,Invoice under review.
2314,INVREC02314,INV-02314,PO-2024-0349,PO0349,VEND087,Hilti Corporation,2024-12-05,2025-01-04,CHF,18788.47,0,2957.73,20,3757.69,25503.89,Rejected,Unpaid,None,OCR Workflow,2024-12-05T00:00:00Z,None,None,Rejected,Invoice amount mismatch,96.8,INV-02314.pdf,Payment pending approval.
2315,INVREC02315,INV-02315,PO-2026-0954,PO0954,VEND037,Atlas Air Worldwide,2026-09-08,2026-10-08,CHF,75481.87,0,1121.39,10,7548.19,84151.45,Rejected,Unpaid,None,System Integration,2026-09-08T00:00:00Z,EMP009,2026-09-12,Passed,,89.4,INV-02315.pdf,Matched successfully against PO.
2316,INVREC02316,INV-02316,PO-2023-0160,PO0160,VEND077,Spectrum Business,2023-08-10,2023-09-09,SEK,340691.59,0,3168.6,18,61324.49,405184.68,Paid,Paid,2023-08-19,System Integration,2023-08-10T00:00:00Z,EMP001,2023-08-15,Passed,,86.8,INV-02316.pdf,Invoice under review.
2317,INVREC02317,INV-02317,PO-2024-0066,PO0066,VEND053,S&P Global Inc.,2024-12-29,2025-01-28,SEK,191749.69,6238.07,4022.59,5,9587.48,205359.76,Paid,Paid,2025-01-09,System Integration,2024-12-29T00:00:00Z,EMP009,2025-01-04,Passed,,99.7,INV-02317.pdf,Payment pending approval.
2318,INVREC02318,INV-02318,PO-2024-0076,PO0076,VEND038,Penske Logistics,2024-11-19,2024-11-19,SEK,343195.91,0,633.58,20,68639.18,412468.67,Paid,Paid,2024-11-19,Manual Entry,2024-11-19T00:00:00Z,EMP002,2024-11-23,Passed,,91.1,INV-02318.pdf,Ready for payment.
2319,INVREC02319,INV-02319,PO-2024-1370,PO1370,VEND054,"FTI Consulting, Inc.",2024-05-16,2024-07-15,USD,286450.19,8581.39,0,10,28645.02,315095.21,Rejected,Unpaid,None,Manual Entry,2024-05-16T00:00:00Z,EMP034,2024-05-23,Passed,,87.3,INV-02319.pdf,Invoice under review.
2320,INVREC02320,INV-02320,PO-2024-1486,PO1486,VEND043,Cisco Systems Inc.,2024-04-26,2024-05-26,GBP,189595.92,0,0,5,9479.8,199075.72,Rejected,Unpaid,None,Manual Entry,2024-04-26T00:00:00Z,EMP016,2024-04-29,Passed,,99.2,INV-02320.pdf,Payment pending approval.
2321,INVREC02321,INV-02321,PO-2026-0577,PO0577,VEND048,Cummins Inc.,2026-06-26,2026-07-26,EUR,356381.91,0,3618.4,10,35638.19,395638.5,Paid,Paid,2026-07-04,OCR Workflow,2026-06-26T00:00:00Z,EMP023,2026-06-28,Passed,,88.1,INV-02321.pdf,Three-way match completed.
2322,INVREC02322,INV-02322,PO-2025-1050,PO1050,VEND080,Ecolab Inc.,2025-07-14,2025-08-13,INR,327150.26,0,1227.28,10,32715.03,361092.57,Rejected,Unpaid,None,System Integration,2025-07-14T00:00:00Z,EMP001,2025-07-17,Passed,,91.5,INV-02322.pdf,Invoice under review.
2323,INVREC02323,INV-02323,PO-2023-1468,PO1468,VEND096,Gates Corporation,2023-04-03,2023-04-18,EUR,106530.5,1937.85,0,5,5326.52,111857.02,Paid,Paid,2023-04-05,OCR Workflow,2023-04-03T00:00:00Z,EMP024,2023-04-05,Passed,,89.5,INV-02323.pdf,Three-way match completed.
2324,INVREC02324,INV-02324,PO-2026-1361,PO1361,VEND068,Securitas AB,2026-09-29,2026-10-29,EUR,91435.28,0,0,20,18287.06,109722.34,Paid,Paid,2026-10-01,OCR Workflow,2026-09-29T00:00:00Z,EMP027,2026-10-01,Passed,,93.9,INV-02324.pdf,Payment pending approval.
2325,INVREC02325,INV-02325,PO-2024-0446,PO0446,VEND097,Goodyear Tire & Rubber,2024-11-19,2025-01-18,GBP,206933.77,0,0,20,41386.75,248320.52,Paid,Paid,2024-11-26,Manual Entry,2024-11-19T00:00:00Z,EMP030,2024-11-24,Passed,,89,INV-02325.pdf,Three-way match completed.
2326,INVREC02326,INV-02326,PO-2026-0763,PO0763,VEND089,DeWalt Industrial Tool Co.,2026-10-19,2026-12-03,INR,466102.03,0,2343.7,18,83898.37,552344.1,Paid,Paid,2026-10-30,System Integration,2026-10-19T00:00:00Z,EMP020,2026-10-25,Passed,,96.8,INV-02326.pdf,Ready for payment.
2327,INVREC02327,INV-02327,PO-2026-1111,PO1111,VEND040,SAP SE,2026-03-02,2026-03-02,INR,94977.64,0,4693.1,5,4748.88,104419.62,Rejected,Unpaid,None,OCR Workflow,2026-03-02T00:00:00Z,EMP017,2026-03-05,Passed,,94.3,INV-02327.pdf,Ready for payment.
2328,INVREC02328,INV-02328,PO-2023-1417,PO1417,VEND082,Grainger Inc.,2023-12-07,2024-02-05,GBP,120812.37,5042.72,0,0,0,120812.37,Paid,Paid,2023-12-20,OCR Workflow,2023-12-07T00:00:00Z,EMP013,2023-12-11,Passed,,89.9,INV-02328.pdf,Matched successfully against PO.
2329,INVREC02329,INV-02329,PO-2023-0867,PO0867,VEND007,Staples Inc.,2023-12-06,2024-01-05,EUR,244014.45,0,3047.64,5,12200.72,259262.81,Paid,Paid,2023-12-07,System Integration,2023-12-06T00:00:00Z,EMP028,2023-12-10,Passed,,98.1,INV-02329.pdf,Payment pending approval.
2330,INVREC02330,INV-02330,PO-2024-1007,PO1007,VEND057,Ernst & Young LLP,2024-02-10,2024-02-25,INR,317673.22,0,2968.1,5,15883.66,336524.98,Rejected,Unpaid,None,Manual Entry,2024-02-10T00:00:00Z,EMP039,2024-02-13,Passed,,85.5,INV-02330.pdf,Payment pending approval.
2331,INVREC02331,INV-02331,PO-2024-1296,PO1296,VEND076,Comcast Business,2024-11-10,2024-12-25,GBP,251573.81,0,3673.44,10,25157.38,280404.63,Rejected,Unpaid,None,Manual Entry,2024-11-10T00:00:00Z,EMP009,2024-11-11,Passed,,92.5,INV-02331.pdf,Ready for payment.
2332,INVREC02332,INV-02332,PO-2024-1104,PO1104,VEND001,ABCD & CO,2025-01-10,2025-02-09,SEK,430691.89,0,0,18,77524.54,508216.43,Paid,Paid,2025-01-27,System Integration,2025-01-10T00:00:00Z,EMP006,2025-01-11,Passed,,86.4,INV-02332.pdf,Payment pending approval.
2333,INVREC02333,INV-02333,PO-2026-1162,PO1162,VEND006,Amazon Business,2026-10-29,2026-12-28,SEK,329479.11,0,1722.99,20,65895.82,397097.92,Pending,Unpaid,None,Manual Entry,2026-10-29T00:00:00Z,None,None,Pending Approval,,92.8,INV-02333.pdf,Ready for payment.
2334,INVREC02334,INV-02334,PO-2026-0982,PO0982,VEND029,Rockwell Automation,2026-11-11,2026-12-11,USD,300649.81,0,2190.06,5,15032.49,317872.36,Rejected,Unpaid,None,System Integration,2026-11-11T00:00:00Z,EMP032,2026-11-13,Passed,,90.9,INV-02334.pdf,Ready for payment.
2335,INVREC02335,INV-02335,PO-2023-1464,PO1464,VEND017,Pinnacle Partners,2023-04-29,2023-06-28,CHF,67805.47,2704.66,2615.63,5,3390.27,73811.37,Paid,Paid,2023-05-04,System Integration,2023-04-29T00:00:00Z,EMP014,2023-05-04,Passed,,86.1,INV-02335.pdf,Invoice under review.
2336,INVREC02336,INV-02336,PO-2023-0302,PO0302,VEND071,Waste Management Inc.,2023-09-26,2023-10-11,EUR,129368.25,0,819.08,18,23286.28,153473.61,Paid,Paid,2023-10-04,System Integration,2023-09-26T00:00:00Z,EMP006,2023-09-28,Passed,,87.3,INV-02336.pdf,Invoice under review.
2337,INVREC02337,INV-02337,PO-2025-0387,PO0387,VEND036,Kuehne + Nagel,2025-07-12,2025-08-11,INR,437164.49,16534.99,0,18,78689.61,515854.1,Paid,Paid,2025-07-13,OCR Workflow,2025-07-12T00:00:00Z,EMP035,2025-07-17,Passed,,91.1,INV-02337.pdf,Invoice under review.
2338,INVREC02338,INV-02338,PO-2025-0900,PO0900,VEND069,ADT Inc.,2025-09-26,2025-10-26,EUR,382763.37,0,0,10,38276.34,421039.71,Rejected,Unpaid,None,OCR Workflow,2025-09-26T00:00:00Z,EMP010,2025-10-01,Passed,,88.2,INV-02338.pdf,Payment pending approval.
2339,INVREC02339,INV-02339,PO-2023-0414,PO0414,VEND010,Tech Solutions Ltd,2023-09-10,2023-10-10,USD,452550.35,0,0,5,22627.52,475177.87,Paid,Paid,2023-09-11,Manual Entry,2023-09-10T00:00:00Z,EMP020,2023-09-12,Passed,,91.4,INV-02339.pdf,Matched successfully against PO.
2340,INVREC02340,INV-02340,PO-2023-1225,PO1225,VEND074,Verizon Business Group,2023-12-30,2024-01-29,EUR,367869.71,0,0,20,73573.94,441443.65,Paid,Paid,2024-01-06,OCR Workflow,2023-12-30T00:00:00Z,EMP027,2024-01-02,Passed,,85,INV-02340.pdf,Matched successfully against PO.
2341,INVREC02341,INV-02341,PO-2025-0781,PO0781,VEND064,Aramark Corporation,2025-07-15,2025-08-14,EUR,193677.37,4994.27,0,5,9683.87,203361.24,Paid,Paid,2025-07-30,Manual Entry,2025-07-15T00:00:00Z,EMP023,2025-07-18,Passed,,99.8,INV-02341.pdf,Matched successfully against PO.
2342,INVREC02342,INV-02342,PO-2025-0807,PO0807,VEND071,Waste Management Inc.,2025-10-26,2025-11-25,EUR,389170.39,0,261.46,10,38917.04,428348.89,Paid,Paid,2025-11-03,System Integration,2025-10-26T00:00:00Z,EMP037,2025-10-28,Passed,,99.7,INV-02342.pdf,Invoice under review.
2343,INVREC02343,INV-02343,PO-2025-1276,PO1276,VEND064,Aramark Corporation,2025-08-03,2025-09-17,EUR,329470.8,0,0,18,59304.74,388775.54,Pending,Unpaid,None,Manual Entry,2025-08-03T00:00:00Z,None,None,Pending Approval,,87.8,INV-02343.pdf,Three-way match completed.
2344,INVREC02344,INV-02344,PO-2023-0133,PO0133,VEND021,Johnson Controls,2023-02-04,2023-04-05,USD,453862.38,0,0,10,45386.24,499248.62,Rejected,Unpaid,None,System Integration,2023-02-04T00:00:00Z,EMP011,2023-02-08,Passed,,95.3,INV-02344.pdf,Payment pending approval.
2345,INVREC02345,INV-02345,PO-2024-0977,PO0977,VEND017,Pinnacle Partners,2024-08-30,2024-09-29,CHF,399133.37,0,0,10,39913.34,439046.71,Paid,Paid,2024-09-15,OCR Workflow,2024-08-30T00:00:00Z,EMP037,2024-09-06,Passed,,93.6,INV-02345.pdf,Matched successfully against PO.
2346,INVREC02346,INV-02346,PO-2025-0623,PO0623,VEND060,Boston Consulting Group,2025-03-04,2025-04-18,SEK,445967.83,0,0,5,22298.39,468266.22,Paid,Paid,2025-03-19,System Integration,2025-03-04T00:00:00Z,EMP032,2025-03-09,Passed,,93.6,INV-02346.pdf,Payment pending approval.
2347,INVREC02347,INV-02347,PO-2026-0072,PO0072,VEND014,Modern Office Co,2026-11-20,2026-12-05,USD,122154.31,5899.24,4179.58,0,0,126333.89,Pending,Unpaid,None,OCR Workflow,2026-11-20T00:00:00Z,None,None,Pending Approval,,98.8,INV-02347.pdf,Matched successfully against PO.
2348,INVREC02348,INV-02348,PO-2025-0042,PO0042,VEND048,Cummins Inc.,2025-09-07,2025-10-07,EUR,197424.98,0,0,18,35536.5,232961.48,Paid,Paid,2025-09-11,System Integration,2025-09-07T00:00:00Z,EMP037,2025-09-14,Passed,,87.5,INV-02348.pdf,Three-way match completed.
2349,INVREC02349,INV-02349,PO-2024-1440,PO1440,VEND049,Parker Hannifin Corporation,2025-01-08,2025-02-07,USD,483847.13,0,0,5,24192.36,508039.49,Paid,Paid,2025-01-11,System Integration,2025-01-08T00:00:00Z,EMP023,2025-01-11,Passed,,99.6,INV-02349.pdf,Three-way match completed.
2350,INVREC02350,INV-02350,PO-2024-1000,PO1000,VEND038,Penske Logistics,2024-12-19,2025-02-17,SEK,96365.87,0,1614.03,18,17345.86,115325.76,Pending,Unpaid,None,OCR Workflow,2024-12-19T00:00:00Z,None,None,Pending Approval,,99.3,INV-02350.pdf,Payment pending approval.
2351,INVREC02351,INV-02351,PO-2026-0682,PO0682,VEND093,Regal Beloit Corporation,2026-07-31,2026-08-30,CHF,365607.91,5009.42,0,0,0,365607.91,Paid,Paid,2026-08-18,System Integration,2026-07-31T00:00:00Z,EMP026,2026-08-01,Passed,,91.7,INV-02351.pdf,Invoice under review.
2352,INVREC02352,INV-02352,PO-2024-0711,PO0711,VEND008,DHL Express,2024-07-14,2024-08-13,INR,287481.39,8902.09,4726.41,0,0,292207.8,Paid,Paid,2024-07-30,Manual Entry,2024-07-14T00:00:00Z,EMP009,2024-07-21,Passed,,96.3,INV-02352.pdf,Matched successfully against PO.
2353,INVREC02353,INV-02353,PO-2024-1324,PO1324,VEND062,Accenture PLC,2024-05-14,2024-07-13,USD,460418.64,0,0,10,46041.86,506460.5,Paid,Paid,2024-05-30,OCR Workflow,2024-05-14T00:00:00Z,EMP024,2024-05-20,Passed,,97.1,INV-02353.pdf,Payment pending approval.
2354,INVREC02354,INV-02354,PO-2023-1063,PO1063,VEND033,Maersk Line,2023-07-13,2023-08-12,SEK,415056.22,0,0,5,20752.81,435809.03,Rejected,Unpaid,None,Manual Entry,2023-07-13T00:00:00Z,EMP006,2023-07-15,Passed,,95,INV-02354.pdf,Three-way match completed.
2355,INVREC02355,INV-02355,PO-2025-0252,PO0252,VEND024,Schneider Electric,2025-03-10,2025-03-10,USD,68184.17,2838.06,0,20,13636.83,81821,Paid,Paid,2025-03-10,System Integration,2025-03-10T00:00:00Z,EMP034,2025-03-16,Passed,,85,INV-02355.pdf,Matched successfully against PO.
2356,INVREC02356,INV-02356,PO-2026-1499,PO1499,VEND027,Honeywell International,2026-05-16,2026-05-31,SEK,299662.49,0,0,18,53939.25,353601.74,Paid,Paid,2026-05-26,Manual Entry,2026-05-16T00:00:00Z,EMP025,2026-05-18,Passed,,88.4,INV-02356.pdf,Ready for payment.
2357,INVREC02357,INV-02357,PO-2024-0678,PO0678,VEND086,W.W. Grainger International,2024-11-27,2025-01-26,EUR,201128.63,0,1942.9,20,40225.73,243297.26,Paid,Paid,2024-12-17,OCR Workflow,2024-11-27T00:00:00Z,EMP003,2024-12-02,Passed,,93.7,INV-02357.pdf,Ready for payment.
2358,INVREC02358,INV-02358,PO-2023-1155,PO1155,VEND092,Baldor Electric Company,2023-12-03,2023-12-03,CHF,453101.72,5981.34,4480.46,0,0,457582.18,Paid,Paid,2023-12-03,Manual Entry,2023-12-03T00:00:00Z,EMP013,2023-12-07,Passed,,91.3,INV-02358.pdf,Three-way match completed.
2359,INVREC02359,INV-02359,PO-2023-0176,PO0176,VEND057,Ernst & Young LLP,2023-05-01,2023-06-15,INR,349410.14,5461.18,0,20,69882.03,419292.17,Paid,Paid,2023-05-07,OCR Workflow,2023-05-01T00:00:00Z,EMP003,2023-05-03,Passed,,88.5,INV-02359.pdf,Matched successfully against PO.
2360,INVREC02360,INV-02360,PO-2026-1274,PO1274,VEND042,"VMware, Inc.",2026-11-29,2026-12-29,SEK,251824.19,0,0,10,25182.42,277006.61,Pending,Unpaid,None,OCR Workflow,2026-11-29T00:00:00Z,None,None,Pending Approval,,95.7,INV-02360.pdf,Payment pending approval.
2361,INVREC02361,INV-02361,PO-2023-0418,PO0418,VEND066,Jones Lang LaSalle,2023-08-24,2023-10-08,CHF,67023.53,1996.23,0,10,6702.35,73725.88,Paid,Paid,2023-09-11,OCR Workflow,2023-08-24T00:00:00Z,EMP019,2023-08-27,Passed,,87.5,INV-02361.pdf,Payment pending approval.
2362,INVREC02362,INV-02362,PO-2024-0895,PO0895,VEND061,Bain & Company,2024-07-18,2024-09-16,INR,319942.89,9313.48,4661.2,10,31994.29,356598.38,Paid,Paid,2024-07-20,System Integration,2024-07-18T00:00:00Z,EMP025,2024-07-22,Passed,,92.6,INV-02362.pdf,Ready for payment.
2363,INVREC02363,INV-02363,PO-2024-1443,PO1443,VEND062,Accenture PLC,2024-11-06,2025-01-05,USD,21933.49,0,0,18,3948.03,25881.52,Pending,Unpaid,None,Manual Entry,2024-11-06T00:00:00Z,None,None,Pending Approval,,85.1,INV-02363.pdf,Matched successfully against PO.
2364,INVREC02364,INV-02364,PO-2025-0625,PO0625,VEND095,SKF Group,2025-07-15,2025-08-14,GBP,56636.04,906.19,4233.71,5,2831.8,63701.55,Pending,Unpaid,None,System Integration,2025-07-15T00:00:00Z,None,None,Pending Approval,,93.9,INV-02364.pdf,Three-way match completed.
2365,INVREC02365,INV-02365,PO-2025-1215,PO1215,VEND025,ABB Ltd,2025-05-15,2025-06-14,GBP,163703.96,0,0,18,29466.71,193170.67,Pending,Unpaid,None,System Integration,2025-05-15T00:00:00Z,None,None,Pending Approval,,92.1,INV-02365.pdf,Matched successfully against PO.
2366,INVREC02366,INV-02366,PO-2023-0722,PO0722,VEND075,T-Mobile for Business,2023-03-11,2023-03-26,GBP,106700.97,0,3440.05,20,21340.19,131481.21,Paid,Paid,2023-03-21,Manual Entry,2023-03-11T00:00:00Z,EMP023,2023-03-17,Passed,,87.4,INV-02366.pdf,Three-way match completed.
2367,INVREC02367,INV-02367,PO-2023-0314,PO0314,VEND017,Pinnacle Partners,2023-11-02,2023-12-17,CHF,150551.51,6069.67,0,5,7527.58,158079.09,Paid,Paid,2023-11-03,OCR Workflow,2023-11-02T00:00:00Z,EMP002,2023-11-08,Passed,,91,INV-02367.pdf,Three-way match completed.
2368,INVREC02368,INV-02368,PO-2024-0162,PO0162,VEND059,McKinsey & Company,2024-10-03,2024-10-03,CHF,383613.05,0,0,0,0,383613.05,Paid,Paid,2024-10-03,System Integration,2024-10-03T00:00:00Z,EMP019,2024-10-09,Passed,,95.3,INV-02368.pdf,Ready for payment.
2369,INVREC02369,INV-02369,PO-2026-0231,PO0231,VEND033,Maersk Line,2026-04-09,2026-05-09,SEK,451982.98,0,0,5,22599.15,474582.13,Paid,Paid,2026-04-20,System Integration,2026-04-09T00:00:00Z,EMP006,2026-04-14,Passed,,87.3,INV-02369.pdf,Three-way match completed.
2370,INVREC02370,INV-02370,PO-2023-0454,PO0454,VEND091,Ingersoll Rand,2023-08-30,2023-09-29,GBP,112327.96,0,0,20,22465.59,134793.55,Paid,Paid,2023-09-09,OCR Workflow,2023-08-30T00:00:00Z,EMP029,2023-09-04,Passed,,98.1,INV-02370.pdf,Matched successfully against PO.
2371,INVREC02371,INV-02371,PO-2026-1361,PO1361,VEND068,Securitas AB,2026-10-19,2026-11-18,EUR,91435.28,3217.27,0,20,18287.06,109722.34,Paid,Paid,2026-10-22,System Integration,2026-10-19T00:00:00Z,EMP036,2026-10-25,Passed,,93.2,INV-02371.pdf,Matched successfully against PO.
2372,INVREC02372,INV-02372,PO-2024-0281,PO0281,VEND004,Dell Technologies,2024-03-14,2024-05-13,CHF,177801.07,0,0,20,35560.21,213361.28,Rejected,Unpaid,None,Manual Entry,2024-03-14T00:00:00Z,EMP001,2024-03-21,Passed,,94.5,INV-02372.pdf,Ready for payment.
2373,INVREC02373,INV-02373,PO-2025-0147,PO0147,VEND035,Expeditors International,2025-09-30,2025-09-30,GBP,225677.87,0,3931.14,18,40622.02,270231.03,Rejected,Unpaid,None,Manual Entry,2025-09-30T00:00:00Z,EMP005,2025-10-02,Passed,,96.2,INV-02373.pdf,Invoice under review.
2374,INVREC02374,INV-02374,PO-2024-1169,PO1169,VEND096,Gates Corporation,2024-01-15,2024-02-14,EUR,293326.56,0,0,20,58665.31,351991.87,Paid,Paid,2024-01-28,OCR Workflow,2024-01-15T00:00:00Z,EMP005,2024-01-17,Passed,,89.8,INV-02374.pdf,Payment pending approval.
2375,INVREC02375,INV-02375,PO-2023-0991,PO0991,VEND085,Fastenal Company,2023-05-02,2023-06-01,SEK,451128.5,0,4442.5,18,81203.13,536774.13,Rejected,Unpaid,None,Manual Entry,2023-05-02T00:00:00Z,None,None,Rejected,Invoice amount mismatch,85.7,INV-02375.pdf,Ready for payment.
2376,INVREC02376,INV-02376,PO-2023-0278,PO0278,VEND083,MSC Industrial Direct,2023-03-24,2023-05-23,SEK,308572.36,0,4431.58,20,61714.47,374718.41,Rejected,Unpaid,None,System Integration,2023-03-24T00:00:00Z,EMP038,2023-03-26,Passed,,97.6,INV-02376.pdf,Ready for payment.
2377,INVREC02377,INV-02377,PO-2025-1258,PO1258,VEND005,Microsoft Corporation,2025-05-02,2025-06-01,SEK,226350.33,7222.31,0,18,40743.06,267093.39,Paid,Paid,2025-05-20,OCR Workflow,2025-05-02T00:00:00Z,EMP014,2025-05-06,Passed,,95.4,INV-02377.pdf,Ready for payment.
2378,INVREC02378,INV-02378,PO-2023-0986,PO0986,VEND093,Regal Beloit Corporation,2023-12-18,2024-01-17,CHF,229130.08,0,2785.67,10,22913.01,254828.76,Rejected,Unpaid,None,System Integration,2023-12-18T00:00:00Z,EMP016,2023-12-23,Passed,,92.4,INV-02378.pdf,Three-way match completed.
2379,INVREC02379,INV-02379,PO-2023-0867,PO0867,VEND007,Staples Inc.,2023-12-03,2024-01-02,EUR,244014.45,0,3047.64,5,12200.72,259262.81,Paid,Paid,2023-12-19,Manual Entry,2023-12-03T00:00:00Z,EMP007,2023-12-04,Passed,,88.2,INV-02379.pdf,Invoice under review.
2380,INVREC02380,INV-02380,PO-2025-1070,PO1070,VEND064,Aramark Corporation,2025-06-08,2025-06-23,EUR,45728.78,0,4757.94,10,4572.88,55059.6,Pending,Unpaid,None,OCR Workflow,2025-06-08T00:00:00Z,None,None,Pending Approval,,89.1,INV-02380.pdf,Invoice under review.
2381,INVREC02381,INV-02381,PO-2025-0587,PO0587,VEND080,Ecolab Inc.,2025-01-31,2025-03-02,INR,233121.56,9986.15,0,5,11656.08,244777.64,Paid,Paid,2025-02-07,Manual Entry,2025-01-31T00:00:00Z,EMP026,2025-02-01,Passed,,96.3,INV-02381.pdf,Invoice under review.
2382,INVREC02382,INV-02382,PO-2023-1054,PO1054,VEND096,Gates Corporation,2023-07-21,2023-09-04,EUR,305116.03,14098.15,1628.05,0,0,306744.08,Paid,Paid,2023-08-02,Manual Entry,2023-07-21T00:00:00Z,EMP039,2023-07-22,Passed,,85.3,INV-02382.pdf,Three-way match completed.
2383,INVREC02383,INV-02383,PO-2025-0535,PO0535,VEND009,Office Furniture World,2025-03-31,2025-04-30,USD,375053.17,11032.32,0,5,18752.66,393805.83,Paid,Paid,2025-04-14,Manual Entry,2025-03-31T00:00:00Z,EMP008,2025-04-07,Passed,,97.8,INV-02383.pdf,Invoice under review.
2384,INVREC02384,INV-02384,PO-2026-1185,PO1185,VEND062,Accenture PLC,2026-09-21,2026-10-21,USD,164405.98,7477.15,0,20,32881.2,197287.18,Paid,Paid,2026-10-11,Manual Entry,2026-09-21T00:00:00Z,EMP036,2026-09-28,Passed,,95.5,INV-02384.pdf,Payment pending approval.
2385,INVREC02385,INV-02385,PO-2026-1227,PO1227,VEND014,Modern Office Co,2026-09-20,2026-10-20,USD,202279.63,0,3007.22,10,20227.96,225514.81,Paid,Paid,2026-09-27,OCR Workflow,2026-09-20T00:00:00Z,EMP034,2026-09-22,Passed,,91.5,INV-02385.pdf,Matched successfully against PO.
2386,INVREC02386,INV-02386,PO-2024-0435,PO0435,VEND100,ZF Friedrichshafen AG,2024-03-10,2024-03-10,USD,304184.67,0,0,10,30418.47,334603.14,Paid,Paid,2024-03-10,System Integration,2024-03-10T00:00:00Z,EMP014,2024-03-15,Passed,,87.7,INV-02386.pdf,Ready for payment.
2387,INVREC02387,INV-02387,PO-2023-0657,PO0657,VEND041,Salesforce.com Inc.,2023-08-15,2023-10-14,GBP,346578.3,16413.34,0,5,17328.92,363907.22,Paid,Paid,2023-09-04,System Integration,2023-08-15T00:00:00Z,EMP001,2023-08-21,Passed,,95.5,INV-02387.pdf,Matched successfully against PO.
2388,INVREC02388,INV-02388,PO-2026-1027,PO1027,VEND060,Boston Consulting Group,2026-04-17,2026-05-17,SEK,264934.7,0,1388.07,10,26493.47,292816.24,Paid,Paid,2026-04-29,Manual Entry,2026-04-17T00:00:00Z,EMP010,2026-04-20,Passed,,97.7,INV-02388.pdf,Matched successfully against PO.
2389,INVREC02389,INV-02389,PO-2023-0805,PO0805,VEND001,ABCD & CO,2023-12-29,2024-01-13,SEK,184167.81,0,0,5,9208.39,193376.2,Paid,Paid,2023-12-30,Manual Entry,2023-12-29T00:00:00Z,EMP016,2024-01-05,Passed,,95,INV-02389.pdf,Payment pending approval.
2390,INVREC02390,INV-02390,PO-2024-0383,PO0383,VEND057,Ernst & Young LLP,2024-01-14,2024-02-13,INR,137926.79,0,0,0,0,137926.79,Rejected,Unpaid,None,System Integration,2024-01-14T00:00:00Z,EMP009,2024-01-18,Passed,,93.3,INV-02390.pdf,Ready for payment.
2391,INVREC02391,INV-02391,PO-2023-1366,PO1366,VEND034,C.H. Robinson Worldwide,2023-09-25,2023-09-25,SEK,232410.5,0,2455.28,5,11620.52,246486.3,Paid,Paid,2023-09-25,Manual Entry,2023-09-25T00:00:00Z,EMP020,2023-09-26,Passed,,86.9,INV-02391.pdf,Payment pending approval.
2392,INVREC02392,INV-02392,PO-2025-1049,PO1049,VEND047,Apple Inc.,2025-12-02,2026-01-16,GBP,202846.23,0,0,18,36512.32,239358.55,Pending,Unpaid,None,OCR Workflow,2025-12-02T00:00:00Z,None,None,Pending Approval,,93.5,INV-02392.pdf,Ready for payment.
2393,INVREC02393,INV-02393,PO-2024-0002,PO0002,VEND016,New Horizons,2024-06-12,2024-07-27,GBP,479687.99,0,1280.11,20,95937.6,576905.7,Paid,Paid,2024-06-23,System Integration,2024-06-12T00:00:00Z,EMP023,2024-06-18,Passed,,90.3,INV-02393.pdf,Invoice under review.
2394,INVREC02394,INV-02394,PO-2026-0565,PO0565,VEND016,New Horizons,2026-09-09,2026-09-24,GBP,192728.83,0,352.39,0,0,193081.22,Paid,Paid,2026-09-22,OCR Workflow,2026-09-09T00:00:00Z,EMP010,2026-09-14,Passed,,90.9,INV-02394.pdf,Ready for payment.
2395,INVREC02395,INV-02395,PO-2023-0772,PO0772,VEND100,ZF Friedrichshafen AG,2023-10-09,2023-11-23,USD,222056.55,0,4717.63,5,11102.83,237877.01,Rejected,Unpaid,None,System Integration,2023-10-09T00:00:00Z,EMP035,2023-10-10,Passed,,93,INV-02395.pdf,Payment pending approval.
2396,INVREC02396,INV-02396,PO-2026-1331,PO1331,VEND017,Pinnacle Partners,2026-08-29,2026-10-13,CHF,282566.57,0,0,0,0,282566.57,Paid,Paid,2026-09-07,Manual Entry,2026-08-29T00:00:00Z,EMP030,2026-09-02,Passed,,90.3,INV-02396.pdf,Ready for payment.
2397,INVREC02397,INV-02397,PO-2024-0224,PO0224,VEND038,Penske Logistics,2024-09-14,2024-10-29,SEK,336182.39,0,0,5,16809.12,352991.51,Paid,Paid,2024-09-16,OCR Workflow,2024-09-14T00:00:00Z,EMP035,2024-09-18,Passed,,85.6,INV-02397.pdf,Invoice under review.
2398,INVREC02398,INV-02398,PO-2026-1062,PO1062,VEND093,Regal Beloit Corporation,2026-07-05,2026-07-05,CHF,305226.19,0,0,20,61045.24,366271.43,Paid,Paid,2026-07-05,System Integration,2026-07-05T00:00:00Z,EMP026,2026-07-08,Passed,,85.3,INV-02398.pdf,Ready for payment.
2399,INVREC02399,INV-02399,PO-2023-1017,PO1017,VEND084,McMaster-Carr,2023-12-26,2024-02-24,GBP,396550.2,12569.66,4048.21,10,39655.02,440253.43,Paid,Paid,2024-01-03,Manual Entry,2023-12-26T00:00:00Z,EMP036,2024-01-01,Passed,,93.4,INV-02399.pdf,Three-way match completed.
2400,INVREC02400,INV-02400,PO-2024-1134,PO1134,VEND007,Staples Inc.,2024-02-09,2024-04-09,EUR,175324.33,0,1573.61,18,31558.38,208456.32,Paid,Paid,2024-02-14,Manual Entry,2024-02-09T00:00:00Z,EMP007,2024-02-12,Passed,,94.4,INV-02400.pdf,Ready for payment.
2401,INVREC02401,INV-02401,PO-2024-0111,PO0111,VEND034,C.H. Robinson Worldwide,2024-04-24,2024-05-24,SEK,92694.79,0,0,10,9269.48,101964.27,Paid,Paid,2024-04-25,System Integration,2024-04-24T00:00:00Z,EMP012,2024-04-29,Passed,,94.2,INV-02401.pdf,Matched successfully against PO.
2402,INVREC02402,INV-02402,PO-2025-0336,PO0336,VEND059,McKinsey & Company,2025-12-03,2025-12-03,CHF,362189.9,0,1519.68,0,0,363709.58,Paid,Paid,2025-12-03,OCR Workflow,2025-12-03T00:00:00Z,EMP015,2025-12-10,Passed,,98.7,INV-02402.pdf,Matched successfully against PO.
2403,INVREC02403,INV-02403,PO-2025-0325,PO0325,VEND046,Lenovo Group Limited,2025-05-02,2025-05-02,INR,90573.16,0,4906.32,10,9057.32,104536.8,Paid,Paid,2025-05-02,System Integration,2025-05-02T00:00:00Z,EMP018,2025-05-08,Passed,,94.4,INV-02403.pdf,Ready for payment.
2404,INVREC02404,INV-02404,PO-2024-0787,PO0787,VEND030,Bosch Rexroth AG,2024-03-09,2024-04-23,CHF,221452.15,9244.03,4028.23,10,22145.22,247625.6,Paid,Paid,2024-03-27,OCR Workflow,2024-03-09T00:00:00Z,EMP020,2024-03-12,Passed,,88.8,INV-02404.pdf,Three-way match completed.
2405,INVREC02405,INV-02405,PO-2024-0642,PO0642,VEND025,ABB Ltd,2024-06-18,2024-07-18,GBP,83829.32,0,727.58,20,16765.86,101322.76,Rejected,Unpaid,None,Manual Entry,2024-06-18T00:00:00Z,EMP035,2024-06-19,Passed,,95.1,INV-02405.pdf,Three-way match completed.
2406,INVREC02406,INV-02406,PO-2023-0810,PO0810,VEND088,Makita Corporation,2023-10-04,2023-11-03,CHF,332078.84,0,0,18,59774.19,391853.03,Paid,Paid,2023-10-18,OCR Workflow,2023-10-04T00:00:00Z,EMP032,2023-10-05,Passed,,97.4,INV-02406.pdf,Ready for payment.
2407,INVREC02407,INV-02407,PO-2025-0229,PO0229,VEND004,Dell Technologies,2025-11-27,2025-12-12,CHF,399689.57,13681.55,0,18,71944.12,471633.69,Paid,Paid,2025-12-07,System Integration,2025-11-27T00:00:00Z,EMP011,2025-12-02,Passed,,98.7,INV-02407.pdf,Payment pending approval.
2408,INVREC02408,INV-02408,PO-2025-0089,PO0089,VEND024,Schneider Electric,2025-11-09,2025-12-09,USD,173894.32,0,2534.8,10,17389.43,193818.55,Paid,Paid,2025-11-27,OCR Workflow,2025-11-09T00:00:00Z,EMP040,2025-11-11,Passed,,93.3,INV-02408.pdf,Payment pending approval.
2409,INVREC02409,INV-02409,PO-2023-1366,PO1366,VEND034,C.H. Robinson Worldwide,2023-09-19,2023-09-19,SEK,232410.5,5778.15,2455.28,5,11620.52,246486.3,Paid,Paid,2023-09-19,OCR Workflow,2023-09-19T00:00:00Z,EMP007,2023-09-21,Passed,,97.1,INV-02409.pdf,Invoice under review.
2410,INVREC02410,INV-02410,PO-2026-1111,PO1111,VEND040,SAP SE,2026-03-17,2026-03-17,INR,94977.64,2556.61,4693.1,5,4748.88,104419.62,Paid,Paid,2026-03-17,OCR Workflow,2026-03-17T00:00:00Z,EMP020,2026-03-22,Passed,,93.5,INV-02410.pdf,Ready for payment.
2411,INVREC02411,INV-02411,PO-2023-0754,PO0754,VEND086,W.W. Grainger International,2023-01-11,2023-02-25,EUR,288697.76,0,2703.18,18,51965.6,343366.54,Rejected,Unpaid,None,OCR Workflow,2023-01-11T00:00:00Z,EMP039,2023-01-13,Passed,,93.7,INV-02411.pdf,Invoice under review.
2412,INVREC02412,INV-02412,PO-2023-0273,PO0273,VEND066,Jones Lang LaSalle,2023-07-22,2023-07-22,CHF,210813.05,0,4516.17,18,37946.35,253275.57,Paid,Paid,2023-07-22,Manual Entry,2023-07-22T00:00:00Z,EMP024,2023-07-26,Passed,,93.8,INV-02412.pdf,Payment pending approval.
2413,INVREC02413,INV-02413,PO-2025-1391,PO1391,VEND054,"FTI Consulting, Inc.",2025-08-18,2025-09-17,USD,265358.46,0,0,18,47764.52,313122.98,Paid,Paid,2025-08-19,OCR Workflow,2025-08-18T00:00:00Z,EMP028,2025-08-25,Passed,,97.9,INV-02413.pdf,Payment pending approval.
2414,INVREC02414,INV-02414,PO-2024-1073,PO1073,VEND088,Makita Corporation,2024-11-29,2024-12-29,CHF,10193.87,0,17.81,5,509.69,10721.37,Paid,Paid,2024-12-16,System Integration,2024-11-29T00:00:00Z,EMP018,2024-12-01,Passed,,94.7,INV-02414.pdf,Three-way match completed.
2415,INVREC02415,INV-02415,PO-2024-1203,PO1203,VEND080,Ecolab Inc.,2024-09-05,2024-10-20,INR,492673.13,18788.96,1701.73,10,49267.31,543642.17,Paid,Paid,2024-09-25,System Integration,2024-09-05T00:00:00Z,EMP016,2024-09-07,Passed,,90.5,INV-02415.pdf,Invoice under review.
2416,INVREC02416,INV-02416,PO-2024-0849,PO0849,VEND008,DHL Express,2024-07-22,2024-09-20,INR,254162.92,3735.72,4905.42,18,45749.33,304817.67,Rejected,Unpaid,None,Manual Entry,2024-07-22T00:00:00Z,EMP009,2024-07-29,Passed,,93.1,INV-02416.pdf,Matched successfully against PO.
2417,INVREC02417,INV-02417,PO-2024-1496,PO1496,VEND079,UniFirst Corporation,2024-04-01,2024-05-31,USD,48889.05,0,449.89,0,0,49338.94,Rejected,Unpaid,None,OCR Workflow,2024-04-01T00:00:00Z,EMP004,2024-04-08,Passed,,88.4,INV-02417.pdf,Three-way match completed.
2418,INVREC02418,INV-02418,PO-2024-1259,PO1259,VEND075,T-Mobile for Business,2024-07-17,2024-08-16,GBP,301549.97,13126.89,0,5,15077.5,316627.47,Paid,Paid,2024-07-30,System Integration,2024-07-17T00:00:00Z,EMP006,2024-07-24,Passed,,89.3,INV-02418.pdf,Invoice under review.
2419,INVREC02419,INV-02419,PO-2023-0069,PO0069,VEND095,SKF Group,2023-05-15,2023-06-14,GBP,90672.54,976.42,0,0,0,90672.54,Paid,Paid,2023-05-25,System Integration,2023-05-15T00:00:00Z,EMP009,2023-05-18,Passed,,93.9,INV-02419.pdf,Payment pending approval.
2420,INVREC02420,INV-02420,PO-2023-1485,PO1485,VEND057,Ernst & Young LLP,2023-12-06,2023-12-21,INR,255193.74,0,0,18,45934.87,301128.61,Pending,Unpaid,None,OCR Workflow,2023-12-06T00:00:00Z,None,None,Pending Approval,,86.1,INV-02420.pdf,Ready for payment.
2421,INVREC02421,INV-02421,PO-2026-1114,PO1114,VEND017,Pinnacle Partners,2026-08-20,2026-10-04,CHF,278577.33,12015.52,0,18,50143.92,328721.25,Paid,Paid,2026-08-25,Manual Entry,2026-08-20T00:00:00Z,EMP006,2026-08-25,Passed,,92.8,INV-02421.pdf,Invoice under review.
2422,INVREC02422,INV-02422,PO-2026-1382,PO1382,VEND096,Gates Corporation,2026-05-29,2026-06-28,EUR,417720.97,7433.87,741.71,10,41772.1,460234.78,Paid,Paid,2026-06-16,OCR Workflow,2026-05-29T00:00:00Z,EMP026,2026-05-31,Passed,,99.5,INV-02422.pdf,Payment pending approval.
2423,INVREC02423,INV-02423,PO-2023-0138,PO0138,VEND029,Rockwell Automation,2023-02-19,2023-03-21,USD,214989.12,3105.98,1019.62,10,21498.91,237507.65,Paid,Paid,2023-02-20,Manual Entry,2023-02-19T00:00:00Z,EMP040,2023-02-23,Passed,,90.9,INV-02423.pdf,Invoice under review.
2424,INVREC02424,INV-02424,PO-2024-0500,PO0500,VEND099,Bridgestone Americas,2024-10-13,2024-12-12,USD,233401.18,3562.07,0,20,46680.24,280081.42,Paid,Paid,2024-10-25,System Integration,2024-10-13T00:00:00Z,EMP025,2024-10-15,Passed,,87,INV-02424.pdf,Payment pending approval.
2425,INVREC02425,INV-02425,PO-2025-0934,PO0934,VEND077,Spectrum Business,2025-08-12,2025-09-11,SEK,285471.59,0,3690.9,10,28547.16,317709.65,Rejected,Unpaid,None,System Integration,2025-08-12T00:00:00Z,EMP022,2025-08-15,Passed,,98.7,INV-02425.pdf,Payment pending approval.
2426,INVREC02426,INV-02426,PO-2025-0068,PO0068,VEND100,ZF Friedrichshafen AG,2025-07-24,2025-08-08,USD,16902.08,430.47,2452.27,20,3380.42,22734.77,Paid,Paid,2025-07-25,System Integration,2025-07-24T00:00:00Z,EMP035,2025-07-27,Passed,,91.3,INV-02426.pdf,Ready for payment.
2427,INVREC02427,INV-02427,PO-2023-0414,PO0414,VEND010,Tech Solutions Ltd,2023-08-27,2023-09-26,USD,452550.35,0,0,5,22627.52,475177.87,Paid,Paid,2023-09-09,System Integration,2023-08-27T00:00:00Z,EMP030,2023-08-30,Passed,,99.7,INV-02427.pdf,Ready for payment.
2428,INVREC02428,INV-02428,PO-2023-1006,PO1006,VEND042,"VMware, Inc.",2023-12-28,2023-12-28,SEK,498541.35,0,0,5,24927.07,523468.42,Paid,Paid,2023-12-28,System Integration,2023-12-28T00:00:00Z,EMP037,2023-12-29,Passed,,88.6,INV-02428.pdf,Matched successfully against PO.
2429,INVREC02429,INV-02429,PO-2024-0847,PO0847,VEND100,ZF Friedrichshafen AG,2024-02-08,2024-03-24,USD,298581.79,0,1702.3,10,29858.18,330142.27,Paid,Paid,2024-02-17,System Integration,2024-02-08T00:00:00Z,EMP038,2024-02-12,Passed,,93.2,INV-02429.pdf,Payment pending approval.
2430,INVREC02430,INV-02430,PO-2023-0647,PO0647,VEND040,SAP SE,2023-07-28,2023-08-12,INR,157888.48,0,4881.9,18,28419.93,191190.31,Paid,Paid,2023-08-08,System Integration,2023-07-28T00:00:00Z,EMP001,2023-07-31,Passed,,97,INV-02430.pdf,Invoice under review.
2431,INVREC02431,INV-02431,PO-2024-1263,PO1263,VEND029,Rockwell Automation,2024-07-04,2024-07-04,USD,303793.51,0,2512.41,10,30379.35,336685.27,Pending,Unpaid,None,OCR Workflow,2024-07-04T00:00:00Z,None,None,Pending Approval,,90.8,INV-02431.pdf,Matched successfully against PO.
2432,INVREC02432,INV-02432,PO-2025-0801,PO0801,VEND055,Deloitte & Touche LLP,2025-03-02,2025-05-01,EUR,189109.26,0,646.12,18,34039.67,223795.05,Paid,Paid,2025-03-04,Manual Entry,2025-03-02T00:00:00Z,EMP018,2025-03-04,Passed,,96.9,INV-02432.pdf,Three-way match completed.
2433,INVREC02433,INV-02433,PO-2023-0457,PO0457,VEND028,Emerson Electric Co.,2023-09-17,2023-10-17,INR,195058.81,0,0,18,35110.59,230169.4,Paid,Paid,2023-09-23,System Integration,2023-09-17T00:00:00Z,EMP017,2023-09-22,Passed,,96.9,INV-02433.pdf,Payment pending approval.
2434,INVREC02434,INV-02434,PO-2025-1283,PO1283,VEND010,Tech Solutions Ltd,2025-08-06,2025-09-05,USD,285049.46,13306.86,4255.17,5,14252.47,303557.1,Paid,Paid,2025-08-18,OCR Workflow,2025-08-06T00:00:00Z,EMP027,2025-08-11,Passed,,99,INV-02434.pdf,Ready for payment.
2435,INVREC02435,INV-02435,PO-2024-1311,PO1311,VEND023,Caterpillar Inc.,2024-02-29,2024-03-30,INR,89676.47,0,80.63,20,17935.29,107692.39,Paid,Paid,2024-03-09,OCR Workflow,2024-02-29T00:00:00Z,EMP026,2024-03-04,Passed,,85.7,INV-02435.pdf,Three-way match completed.
2436,INVREC02436,INV-02436,PO-2024-1046,PO1046,VEND031,FedEx Corporation,2024-05-13,2024-05-28,SEK,424731.74,0,0,0,0,424731.74,Rejected,Unpaid,None,Manual Entry,2024-05-13T00:00:00Z,None,None,Rejected,Invoice amount mismatch,92.2,INV-02436.pdf,Matched successfully against PO.
2437,INVREC02437,INV-02437,PO-2023-1155,PO1155,VEND092,Baldor Electric Company,2023-11-24,2023-11-24,CHF,453101.72,16569.43,4480.46,0,0,457582.18,Paid,Paid,2023-11-24,OCR Workflow,2023-11-24T00:00:00Z,EMP020,2023-12-01,Passed,,86.6,INV-02437.pdf,Invoice under review.
2438,INVREC02438,INV-02438,PO-2024-0903,PO0903,VEND081,Kimberly-Clark Professional,2024-12-29,2024-12-29,SEK,469599.56,19381.88,0,18,84527.92,554127.48,Paid,Paid,2024-12-29,System Integration,2024-12-29T00:00:00Z,EMP035,2025-01-04,Passed,,97.4,INV-02438.pdf,Ready for payment.
2439,INVREC02439,INV-02439,PO-2025-0578,PO0578,VEND001,ABCD & CO,2025-03-20,2025-05-04,SEK,388315.3,0,0,10,38831.53,427146.83,Paid,Paid,2025-04-08,OCR Workflow,2025-03-20T00:00:00Z,EMP011,2025-03-21,Passed,,95.2,INV-02439.pdf,Three-way match completed.
2440,INVREC02440,INV-02440,PO-2025-0411,PO0411,VEND023,Caterpillar Inc.,2025-08-08,2025-08-23,INR,357360.19,0,4475.25,18,64324.83,426160.27,Paid,Paid,2025-08-11,System Integration,2025-08-08T00:00:00Z,EMP003,2025-08-14,Passed,,97.6,INV-02440.pdf,Invoice under review.
2441,INVREC02441,INV-02441,PO-2024-0071,PO0071,VEND076,Comcast Business,2024-03-05,2024-04-19,GBP,459213.79,0,1868.42,5,22960.69,484042.9,Paid,Paid,2024-03-21,OCR Workflow,2024-03-05T00:00:00Z,EMP031,2024-03-07,Passed,,93.2,INV-02441.pdf,Ready for payment.
2442,INVREC02442,INV-02442,PO-2023-0427,PO0427,VEND064,Aramark Corporation,2023-11-09,2024-01-08,EUR,131170.29,0,1720.19,10,13117.03,146007.51,Paid,Paid,2023-11-19,System Integration,2023-11-09T00:00:00Z,EMP002,2023-11-15,Passed,,91.1,INV-02442.pdf,Invoice under review.
2443,INVREC02443,INV-02443,PO-2024-1181,PO1181,VEND022,Siemens AG,2024-12-11,2025-01-10,USD,330766.21,0,355.51,0,0,331121.72,Paid,Paid,2024-12-25,OCR Workflow,2024-12-11T00:00:00Z,EMP027,2024-12-16,Passed,,95.2,INV-02443.pdf,Ready for payment.
2444,INVREC02444,INV-02444,PO-2023-0927,PO0927,VEND013,Quick Logistics,2023-04-28,2023-05-28,GBP,424189.98,14997.43,0,20,84838,509027.98,Paid,Paid,2023-05-03,System Integration,2023-04-28T00:00:00Z,EMP001,2023-05-03,Passed,,86.9,INV-02444.pdf,Payment pending approval.
2445,INVREC02445,INV-02445,PO-2025-1260,PO1260,VEND007,Staples Inc.,2025-01-18,2025-02-17,EUR,186193.19,0,0,5,9309.66,195502.85,Paid,Paid,2025-02-06,Manual Entry,2025-01-18T00:00:00Z,EMP015,2025-01-22,Passed,,86.5,INV-02445.pdf,Invoice under review.
2446,INVREC02446,INV-02446,PO-2023-0600,PO0600,VEND072,Republic Services,2024-01-08,2024-01-23,SEK,304067.18,0,4881.61,10,30406.72,339355.51,Paid,Paid,2024-01-23,Manual Entry,2024-01-08T00:00:00Z,EMP030,2024-01-09,Passed,,95.4,INV-02446.pdf,Payment pending approval.
2447,INVREC02447,INV-02447,PO-2025-1032,PO1032,VEND019,Vanguard Tech,2025-03-21,2025-04-20,USD,60632.91,0,3296.42,10,6063.29,69992.62,Pending,Unpaid,None,Manual Entry,2025-03-21T00:00:00Z,None,None,Pending Approval,,95.1,INV-02447.pdf,Invoice under review.
2448,INVREC02448,INV-02448,PO-2023-0331,PO0331,VEND007,Staples Inc.,2023-03-17,2023-04-16,EUR,441501.76,0,0,5,22075.09,463576.85,Paid,Paid,2023-03-25,System Integration,2023-03-17T00:00:00Z,EMP034,2023-03-20,Passed,,86,INV-02448.pdf,Payment pending approval.
2449,INVREC02449,INV-02449,PO-2026-0926,PO0926,VEND025,ABB Ltd,2026-09-12,2026-10-27,GBP,413541.29,0,4272.35,5,20677.06,438490.7,Paid,Paid,2026-09-21,Manual Entry,2026-09-12T00:00:00Z,EMP027,2026-09-17,Passed,,96.2,INV-02449.pdf,Three-way match completed.
2450,INVREC02450,INV-02450,PO-2025-0578,PO0578,VEND001,ABCD & CO,2025-04-13,2025-05-28,SEK,388315.3,12961.81,0,10,38831.53,427146.83,Paid,Paid,2025-04-18,Manual Entry,2025-04-13T00:00:00Z,EMP026,2025-04-20,Passed,,96.7,INV-02450.pdf,Three-way match completed.
2451,INVREC02451,INV-02451,PO-2026-0536,PO0536,VEND092,Baldor Electric Company,2026-01-26,2026-02-25,CHF,244903.82,5299.98,3619.46,0,0,248523.28,Rejected,Unpaid,None,Manual Entry,2026-01-26T00:00:00Z,EMP009,2026-01-27,Passed,,95.4,INV-02451.pdf,Three-way match completed.
2452,INVREC02452,INV-02452,PO-2024-1138,PO1138,VEND013,Quick Logistics,2024-07-23,2024-09-21,GBP,59897.93,0,0,10,5989.79,65887.72,Paid,Paid,2024-07-24,Manual Entry,2024-07-23T00:00:00Z,EMP025,2024-07-27,Passed,,97.1,INV-02452.pdf,Ready for payment.
2453,INVREC02453,INV-02453,PO-2025-0567,PO0567,VEND060,Boston Consulting Group,2025-06-10,2025-06-25,SEK,444047.57,20160.54,2427.57,10,44404.76,490879.9,Paid,Paid,2025-06-14,Manual Entry,2025-06-10T00:00:00Z,EMP025,2025-06-16,Passed,,99,INV-02453.pdf,Matched successfully against PO.
2454,INVREC02454,INV-02454,PO-2025-0572,PO0572,VEND072,Republic Services,2025-08-18,2025-09-17,SEK,419504.97,0,0,18,75510.89,495015.86,Paid,Paid,2025-08-23,System Integration,2025-08-18T00:00:00Z,EMP002,2025-08-21,Passed,,86.3,INV-02454.pdf,Ready for payment.
2455,INVREC02455,INV-02455,PO-2025-0922,PO0922,VEND064,Aramark Corporation,2025-09-14,2025-10-29,EUR,199553.82,0,0,20,39910.76,239464.58,Paid,Paid,2025-09-30,Manual Entry,2025-09-14T00:00:00Z,EMP006,2025-09-16,Passed,,87.5,INV-02455.pdf,Ready for payment.
2456,INVREC02456,INV-02456,PO-2023-1167,PO1167,VEND082,Grainger Inc.,2023-10-03,2023-11-02,GBP,212840.5,3405.83,0,10,21284.05,234124.55,Rejected,Unpaid,None,Manual Entry,2023-10-03T00:00:00Z,None,None,Rejected,Invoice amount mismatch,86.9,INV-02456.pdf,Ready for payment.
2457,INVREC02457,INV-02457,PO-2026-1212,PO1212,VEND057,Ernst & Young LLP,2026-05-27,2026-05-27,INR,125253.22,4021.66,0,0,0,125253.22,Rejected,Unpaid,None,OCR Workflow,2026-05-27T00:00:00Z,EMP012,2026-05-31,Passed,,89.4,INV-02457.pdf,Payment pending approval.
2458,INVREC02458,INV-02458,PO-2023-0646,PO0646,VEND075,T-Mobile for Business,2023-10-02,2023-10-02,GBP,19488,0,0,0,0,19488,Paid,Paid,2023-10-02,Manual Entry,2023-10-02T00:00:00Z,EMP019,2023-10-09,Passed,,90.4,INV-02458.pdf,Ready for payment.
2459,INVREC02459,INV-02459,PO-2024-1073,PO1073,VEND088,Makita Corporation,2024-11-29,2024-12-29,CHF,10193.87,236.38,17.81,5,509.69,10721.37,Paid,Paid,2024-12-13,System Integration,2024-11-29T00:00:00Z,EMP040,2024-12-05,Passed,,95.2,INV-02459.pdf,Three-way match completed.
2460,INVREC02460,INV-02460,PO-2025-0680,PO0680,VEND021,Johnson Controls,2025-12-05,2025-12-20,USD,37506.02,0,0,10,3750.6,41256.62,Paid,Paid,2025-12-16,OCR Workflow,2025-12-05T00:00:00Z,EMP031,2025-12-12,Passed,,94,INV-02460.pdf,Invoice under review.
2461,INVREC02461,INV-02461,PO-2026-1212,PO1212,VEND057,Ernst & Young LLP,2026-05-29,2026-05-29,INR,125253.22,5567.56,0,0,0,125253.22,Paid,Paid,2026-05-29,System Integration,2026-05-29T00:00:00Z,EMP005,2026-06-05,Passed,,90.1,INV-02461.pdf,Ready for payment.
2462,INVREC02462,INV-02462,PO-2026-0469,PO0469,VEND080,Ecolab Inc.,2027-01-11,2027-02-10,INR,306066.43,8388.76,1087.12,10,30606.64,337760.19,Pending,Unpaid,None,Manual Entry,2027-01-11T00:00:00Z,None,None,Pending Approval,,94.5,INV-02462.pdf,Ready for payment.
2463,INVREC02463,INV-02463,PO-2023-1198,PO1198,VEND077,Spectrum Business,2023-04-28,2023-06-27,SEK,434454.45,12478.2,1625.9,10,43445.44,479525.79,Paid,Paid,2023-05-07,System Integration,2023-04-28T00:00:00Z,EMP032,2023-05-03,Passed,,85.9,INV-02463.pdf,Matched successfully against PO.
2464,INVREC02464,INV-02464,PO-2023-1464,PO1464,VEND017,Pinnacle Partners,2023-05-03,2023-07-02,CHF,67805.47,947.93,2615.63,5,3390.27,73811.37,Rejected,Unpaid,None,OCR Workflow,2023-05-03T00:00:00Z,EMP006,2023-05-05,Passed,,89.7,INV-02464.pdf,Payment pending approval.
2465,INVREC02465,INV-02465,PO-2024-0010,PO0010,VEND004,Dell Technologies,2024-02-24,2024-04-09,CHF,335034.4,0,1659.28,18,60306.19,396999.87,Paid,Paid,2024-03-09,Manual Entry,2024-02-24T00:00:00Z,EMP004,2024-02-26,Passed,,95.3,INV-02465.pdf,Matched successfully against PO.
2466,INVREC02466,INV-02466,PO-2024-0492,PO0492,VEND054,"FTI Consulting, Inc.",2024-09-04,2024-10-04,USD,37376.86,1275.28,0,18,6727.83,44104.69,Paid,Paid,2024-09-07,Manual Entry,2024-09-04T00:00:00Z,EMP020,2024-09-07,Passed,,86.2,INV-02466.pdf,Three-way match completed.
2467,INVREC02467,INV-02467,PO-2025-1025,PO1025,VEND071,Waste Management Inc.,2025-02-12,2025-02-12,EUR,268873.09,10904.17,0,18,48397.16,317270.25,Paid,Paid,2025-02-12,System Integration,2025-02-12T00:00:00Z,EMP033,2025-02-15,Passed,,91.4,INV-02467.pdf,Three-way match completed.
2468,INVREC02468,INV-02468,PO-2023-1207,PO1207,VEND076,Comcast Business,2023-03-05,2023-03-20,GBP,314274.17,8015.9,2391,0,0,316665.17,Paid,Paid,2023-03-14,OCR Workflow,2023-03-05T00:00:00Z,EMP012,2023-03-10,Passed,,91.6,INV-02468.pdf,Payment pending approval.
2469,INVREC02469,INV-02469,PO-2025-1021,PO1021,VEND021,Johnson Controls,2025-04-24,2025-05-24,USD,173290.88,7952.5,2273.98,10,17329.09,192893.95,Paid,Paid,2025-04-30,Manual Entry,2025-04-24T00:00:00Z,EMP030,2025-05-01,Passed,,94.6,INV-02469.pdf,Three-way match completed.
2470,INVREC02470,INV-02470,PO-2024-1045,PO1045,VEND003,IMPORTING COMPANY,2024-11-30,2025-01-14,GBP,362167.21,0,0,10,36216.72,398383.93,Paid,Paid,2024-12-15,OCR Workflow,2024-11-30T00:00:00Z,EMP008,2024-12-03,Passed,,96.2,INV-02470.pdf,Payment pending approval.
2471,INVREC02471,INV-02471,PO-2023-0026,PO0026,VEND064,Aramark Corporation,2023-01-30,2023-03-01,EUR,138224.58,0,0,0,0,138224.58,Paid,Paid,2023-02-06,OCR Workflow,2023-01-30T00:00:00Z,EMP022,2023-02-05,Passed,,89.9,INV-02471.pdf,Payment pending approval.
2472,INVREC02472,INV-02472,PO-2024-0639,PO0639,VEND076,Comcast Business,2025-01-03,2025-01-18,GBP,92608.89,2336.9,1562.06,20,18521.78,112692.73,Paid,Paid,2025-01-08,System Integration,2025-01-03T00:00:00Z,EMP009,2025-01-10,Passed,,96.1,INV-02472.pdf,Invoice under review.
2473,INVREC02473,INV-02473,PO-2023-1164,PO1164,VEND044,IBM Corporation,2023-08-31,2023-08-31,SEK,194521.47,0,26.51,0,0,194547.98,Paid,Paid,2023-08-31,Manual Entry,2023-08-31T00:00:00Z,EMP027,2023-09-02,Passed,,88.9,INV-02473.pdf,Ready for payment.
2474,INVREC02474,INV-02474,PO-2023-1098,PO1098,VEND085,Fastenal Company,2023-04-09,2023-06-08,SEK,427352.25,14402.36,0,0,0,427352.25,Paid,Paid,2023-04-22,System Integration,2023-04-09T00:00:00Z,EMP037,2023-04-11,Passed,,87.1,INV-02474.pdf,Matched successfully against PO.
2475,INVREC02475,INV-02475,PO-2023-1063,PO1063,VEND033,Maersk Line,2023-07-01,2023-07-31,SEK,415056.22,0,0,5,20752.81,435809.03,Paid,Paid,2023-07-11,Manual Entry,2023-07-01T00:00:00Z,EMP008,2023-07-02,Passed,,99.4,INV-02475.pdf,Invoice under review.
2476,INVREC02476,INV-02476,PO-2025-0654,PO0654,VEND056,PricewaterhouseCoopers LLP,2025-12-13,2026-01-12,EUR,274918.79,0,0,20,54983.76,329902.55,Rejected,Unpaid,None,Manual Entry,2025-12-13T00:00:00Z,EMP027,2025-12-14,Passed,,96.1,INV-02476.pdf,Three-way match completed.
2477,INVREC02477,INV-02477,PO-2023-1288,PO1288,VEND004,Dell Technologies,2023-07-17,2023-09-15,CHF,225807.61,0,0,20,45161.52,270969.13,Paid,Paid,2023-08-04,System Integration,2023-07-17T00:00:00Z,EMP023,2023-07-19,Passed,,98.3,INV-02477.pdf,Invoice under review.
2478,INVREC02478,INV-02478,PO-2026-0703,PO0703,VEND040,SAP SE,2026-01-31,2026-02-15,INR,203120.28,0,2073.22,0,0,205193.5,Rejected,Unpaid,None,OCR Workflow,2026-01-31T00:00:00Z,EMP014,2026-02-06,Passed,,94.5,INV-02478.pdf,Three-way match completed.
2479,INVREC02479,INV-02479,PO-2026-1411,PO1411,VEND100,ZF Friedrichshafen AG,2026-04-02,2026-05-17,USD,478689.04,0,2853.22,0,0,481542.26,Paid,Paid,2026-04-08,OCR Workflow,2026-04-02T00:00:00Z,EMP027,2026-04-07,Passed,,99.3,INV-02479.pdf,Three-way match completed.
2480,INVREC02480,INV-02480,PO-2023-1129,PO1129,VEND045,Hewlett Packard Enterprise,2023-10-14,2023-12-13,CHF,347687.5,0,0,10,34768.75,382456.25,Paid,Paid,2023-10-23,Manual Entry,2023-10-14T00:00:00Z,EMP039,2023-10-21,Passed,,90.7,INV-02480.pdf,Ready for payment.
2481,INVREC02481,INV-02481,PO-2024-1007,PO1007,VEND057,Ernst & Young LLP,2024-02-14,2024-02-29,INR,317673.22,13411.98,2968.1,5,15883.66,336524.98,Paid,Paid,2024-02-27,OCR Workflow,2024-02-14T00:00:00Z,EMP026,2024-02-18,Passed,,85.4,INV-02481.pdf,Three-way match completed.
2482,INVREC02482,INV-02482,PO-2023-1294,PO1294,VEND018,Summit Systems,2023-05-31,2023-06-30,EUR,223683.68,0,0,0,0,223683.68,Rejected,Unpaid,None,System Integration,2023-05-31T00:00:00Z,EMP038,2023-06-04,Passed,,89.2,INV-02482.pdf,Matched successfully against PO.
2483,INVREC02483,INV-02483,PO-2026-0956,PO0956,VEND015,Best Buy Corp,2026-10-31,2026-11-30,INR,355507.4,0,0,20,71101.48,426608.88,Paid,Paid,2026-11-10,System Integration,2026-10-31T00:00:00Z,EMP036,2026-11-06,Passed,,92.3,INV-02483.pdf,Payment pending approval.
2484,INVREC02484,INV-02484,PO-2024-1090,PO1090,VEND072,Republic Services,2024-02-06,2024-03-07,SEK,64896.09,2953.92,0,20,12979.22,77875.31,Paid,Paid,2024-02-07,Manual Entry,2024-02-06T00:00:00Z,EMP019,2024-02-07,Passed,,86.9,INV-02484.pdf,Three-way match completed.
2485,INVREC02485,INV-02485,PO-2024-0835,PO0835,VEND011,Global Supplies Inc,2024-07-11,2024-08-25,SEK,15548.38,0,0,10,1554.84,17103.22,Rejected,Unpaid,None,System Integration,2024-07-11T00:00:00Z,None,None,Rejected,Missing PO reference,90.9,INV-02485.pdf,Invoice under review.
2486,INVREC02486,INV-02486,PO-2023-0742,PO0742,VEND080,Ecolab Inc.,2023-02-08,2023-02-08,INR,187514.7,0,0,18,33752.65,221267.35,Paid,Paid,2023-02-08,OCR Workflow,2023-02-08T00:00:00Z,EMP002,2023-02-15,Passed,,93.9,INV-02486.pdf,Payment pending approval.
2487,INVREC02487,INV-02487,PO-2025-0585,PO0585,VEND085,Fastenal Company,2025-10-09,2025-11-08,SEK,327916.95,0,0,18,59025.05,386942,Paid,Paid,2025-10-13,Manual Entry,2025-10-09T00:00:00Z,EMP004,2025-10-14,Passed,,86.6,INV-02487.pdf,Payment pending approval.
2488,INVREC02488,INV-02488,PO-2025-0106,PO0106,VEND061,Bain & Company,2025-07-03,2025-07-18,INR,284080.8,0,3627.76,20,56816.16,344524.72,Paid,Paid,2025-07-05,Manual Entry,2025-07-03T00:00:00Z,EMP017,2025-07-10,Passed,,98.3,INV-02488.pdf,Matched successfully against PO.
2489,INVREC02489,INV-02489,PO-2024-0784,PO0784,VEND080,Ecolab Inc.,2024-10-08,2024-11-07,INR,187387.85,0,0,5,9369.39,196757.24,Paid,Paid,2024-10-23,Manual Entry,2024-10-08T00:00:00Z,EMP022,2024-10-10,Passed,,95.8,INV-02489.pdf,Payment pending approval.
2490,INVREC02490,INV-02490,PO-2023-0638,PO0638,VEND022,Siemens AG,2023-06-09,2023-07-09,USD,27315.58,0,2207.74,0,0,29523.32,Paid,Paid,2023-06-27,OCR Workflow,2023-06-09T00:00:00Z,EMP009,2023-06-12,Passed,,98.1,INV-02490.pdf,Ready for payment.
2491,INVREC02491,INV-02491,PO-2024-0705,PO0705,VEND025,ABB Ltd,2024-02-28,2024-03-14,GBP,377847.23,0,0,0,0,377847.23,Paid,Paid,2024-03-11,Manual Entry,2024-02-28T00:00:00Z,EMP017,2024-03-05,Passed,,92.5,INV-02491.pdf,Payment pending approval.
2492,INVREC02492,INV-02492,PO-2024-1363,PO1363,VEND078,Cintas Corporation,2024-04-25,2024-05-10,USD,79629.68,3411.7,0,20,15925.94,95555.62,Paid,Paid,2024-05-04,System Integration,2024-04-25T00:00:00Z,EMP003,2024-04-28,Passed,,95.5,INV-02492.pdf,Payment pending approval.
2493,INVREC02493,INV-02493,PO-2025-0628,PO0628,VEND035,Expeditors International,2026-01-03,2026-02-02,GBP,459550.91,0,0,5,22977.55,482528.46,Paid,Paid,2026-01-04,Manual Entry,2026-01-03T00:00:00Z,EMP032,2026-01-07,Passed,,92.5,INV-02493.pdf,Three-way match completed.
2494,INVREC02494,INV-02494,PO-2023-0080,PO0080,VEND018,Summit Systems,2023-11-10,2023-12-10,EUR,89398.75,0,0,5,4469.94,93868.69,Paid,Paid,2023-11-11,Manual Entry,2023-11-10T00:00:00Z,EMP010,2023-11-13,Passed,,96.7,INV-02494.pdf,Matched successfully against PO.
2495,INVREC02495,INV-02495,PO-2023-1071,PO1071,VEND004,Dell Technologies,2023-06-18,2023-07-18,CHF,465724.48,7541.64,4329.37,0,0,470053.85,Rejected,Unpaid,None,System Integration,2023-06-18T00:00:00Z,EMP007,2023-06-21,Passed,,97.6,INV-02495.pdf,Three-way match completed.
2496,INVREC02496,INV-02496,PO-2023-0740,PO0740,VEND053,S&P Global Inc.,2023-05-26,2023-06-25,SEK,112384.27,0,0,20,22476.85,134861.12,Rejected,Unpaid,None,Manual Entry,2023-05-26T00:00:00Z,EMP027,2023-05-30,Passed,,95,INV-02496.pdf,Invoice under review.
2497,INVREC02497,INV-02497,PO-2025-0862,PO0862,VEND010,Tech Solutions Ltd,2025-10-04,2025-12-03,USD,206819.8,4370.77,0,10,20681.98,227501.78,Paid,Paid,2025-10-23,OCR Workflow,2025-10-04T00:00:00Z,EMP003,2025-10-10,Passed,,87.3,INV-02497.pdf,Ready for payment.
2498,INVREC02498,INV-02498,PO-2023-0275,PO0275,VEND078,Cintas Corporation,2023-08-28,2023-08-28,USD,176653.69,4038.15,0,0,0,176653.69,Paid,Paid,2023-08-28,OCR Workflow,2023-08-28T00:00:00Z,EMP034,2023-09-02,Passed,,97.6,INV-02498.pdf,Invoice under review.
2499,INVREC02499,INV-02499,PO-2023-1078,PO1078,VEND074,Verizon Business Group,2023-12-22,2024-01-06,EUR,149152.34,4203.34,0,20,29830.47,178982.81,Rejected,Unpaid,None,System Integration,2023-12-22T00:00:00Z,EMP016,2023-12-27,Passed,,97.7,INV-02499.pdf,Payment pending approval.
2500,INVREC02500,INV-02500,PO-2025-1005,PO1005,VEND089,DeWalt Industrial Tool Co.,2025-03-09,2025-04-08,INR,308702.95,6916.89,4147.53,5,15435.15,328285.63,Paid,Paid,2025-03-15,Manual Entry,2025-03-09T00:00:00Z,EMP005,2025-03-13,Passed,,99.3,INV-02500.pdf,Payment pending approval.
