id,po_id,po_number,vendor_id,vendor_name,requester_id,requester_name,department_id,department_name,po_date,expected_delivery_date,received_date,currency,payment_term_id,payment_term_name,subtotal,tax,shipping,total,po_status,approval_status,approved_by,approved_at,received_status,shipping_terms,delivery_address,notes,created_at,created_by
1,PO0001,PO-2025-0001,VEND080,Ecolab Inc.,EMP022,Cynthia Lewis,DEPT002,Procurement,2025-03-30,2025-04-16,2025-04-17,INR,PT004,Net 45,275195.08,0,0,275195.08,Open,Draft,None,None,Not Received,Ex-Works,"804 Main St, Phoenix, NY 16888",,2025-03-30T13:00:00Z,Marketing Team
2,PO0002,PO-2024-0002,VEND016,New Horizons,EMP040,Melissa Torres,DEPT010,Executive Management,2024-06-09,2024-07-19,2024-07-17,GBP,PT004,Net 45,479687.99,95937.6,1280.11,576905.7,Pending Approval,Approved,EMP030,2024-06-12,Not Received,CIF,"484 Market St, New York, IL 64706",Urgent,2024-06-09T17:00:00Z,Procurement Team
3,PO0003,PO-2025-0003,VEND083,MSC Industrial Direct,EMP024,Kimberly White,DEPT004,Information Technology,2025-08-07,2025-09-11,2025-09-10,SEK,PT002,Net 15,338914.98,61004.7,0,399919.68,Open,Approved,EMP020,2025-08-08,Not Received,Ex-Works,"396 Oak Ave, New York, TX 65421",Keep in warehouse,2025-08-07T13:00:00Z,Marketing Team
4,PO0004,PO-2025-0004,VEND091,Ingersoll Rand,EMP022,Cynthia Lewis,DEPT002,Procurement,2025-09-10,2025-10-17,2025-10-15,GBP,PT003,Net 30,354663.37,35466.34,0,390129.71,Open,Approved,EMP031,2025-09-12,Not Received,Ex-Works,"691 Oak Ave, Phoenix, IL 41058",Expedite shipping,2025-09-10T12:00:00Z,Procurement Team
5,PO0005,PO-2023-0005,VEND017,Pinnacle Partners,EMP009,Thomas Brown,DEPT009,Warehouse & Logistics,2023-04-27,2023-06-11,2023-06-12,CHF,PT002,Net 15,117249.13,0,2893.3,120142.43,Open,Submitted,None,None,Not Received,CIF,"161 Market St, Houston, AZ 53484",,2023-04-27T14:00:00Z,IT Team
6,PO0006,PO-2025-0006,VEND088,Makita Corporation,EMP029,Jennifer Lee,DEPT009,Warehouse & Logistics,2025-06-07,2025-07-11,None,CHF,PT001,Immediate,63432.32,11417.82,0,74850.14,Cancelled,Approved,EMP014,2025-06-11,Not Received,FOB Destination,"380 Oak Ave, Chicago, IL 40034",,2025-06-07T14:00:00Z,Marketing Team
7,PO0007,PO-2025-0007,VEND034,C.H. Robinson Worldwide,EMP003,Michael Johnson,DEPT003,Operations,2025-12-08,2026-01-04,2026-01-01,SEK,PT005,Net 60,47220.45,9444.09,500.07,57164.61,Closed,Approved,EMP019,2025-12-10,Fully Received,Ex-Works,"277 Oak Ave, New York, NY 57763",Expedite shipping,2025-12-08T15:00:00Z,IT Team
8,PO0008,PO-2026-0008,VEND057,Ernst & Young LLP,EMP003,Michael Johnson,DEPT003,Operations,2026-11-25,2026-12-18,None,INR,PT003,Net 30,387180.78,38718.08,0,425898.86,Closed,Approved,EMP036,2026-11-27,Fully Received,FOB Destination,"455 Market St, Los Angeles, AZ 91983",Urgent,2026-11-25T13:00:00Z,Sales Team
9,PO0009,PO-2024-0009,VEND038,Penske Logistics,EMP019,Rachel Rodriguez,DEPT009,Warehouse & Logistics,2024-02-23,2024-04-01,2024-03-29,SEK,PT001,Immediate,254292.48,0,4332.89,258625.37,Open,Approved,EMP031,2024-02-28,Not Received,FOB Origin,"622 Main St, Phoenix, TX 71850",Urgent,2024-02-23T16:00:00Z,Procurement Team
10,PO0010,PO-2024-0010,VEND004,Dell Technologies,EMP018,Andrew Kim,DEPT008,Legal & Compliance,2024-01-29,2024-03-11,2024-03-16,CHF,PT004,Net 45,335034.4,60306.19,1659.28,396999.87,Closed,Approved,EMP006,2024-02-03,Fully Received,FOB Destination,"335 Main St, Houston, AZ 86444",Urgent,2024-01-29T16:00:00Z,Marketing Team
11,PO0011,PO-2024-0011,VEND011,Global Supplies Inc,EMP026,Amanda Thomas,DEPT006,Sales,2024-02-06,2024-02-21,2024-02-19,SEK,PT003,Net 30,293874,14693.7,0,308567.7,Partially Received,Approved,EMP018,2024-02-11,Partially Received,CIF,"677 Oak Ave, Los Angeles, TX 20584",Call before delivery,2024-02-06T17:00:00Z,Finance Team
12,PO0012,PO-2026-0012,VEND017,Pinnacle Partners,EMP009,Thomas Brown,DEPT009,Warehouse & Logistics,2026-03-21,2026-04-19,2026-04-17,CHF,PT004,Net 45,382589.76,38258.98,1707.08,422555.82,Pending Approval,Approved,EMP034,2026-03-25,Not Received,CIF,"419 Park Blvd, Houston, TX 24184",Call before delivery,2026-03-21T17:00:00Z,Finance Team
13,PO0013,PO-2026-0013,VEND040,SAP SE,EMP002,Sarah Williams,DEPT002,Procurement,2026-05-20,2026-06-30,None,INR,PT007,2/10 Net 30,255901.83,46062.33,1106.1,303070.26,Partially Received,Approved,EMP031,2026-05-27,Partially Received,Ex-Works,"371 Park Blvd, Houston, AZ 93687",Keep in warehouse,2026-05-20T10:00:00Z,Marketing Team
14,PO0014,PO-2026-0014,VEND014,Modern Office Co,EMP022,Cynthia Lewis,DEPT002,Procurement,2026-01-23,2026-02-27,None,USD,PT004,Net 45,45110.12,0,3754.8,48864.92,Open,Submitted,None,None,Not Received,Ex-Works,"714 Market St, Chicago, NY 55936",Keep in warehouse,2026-01-23T08:00:00Z,Sales Team
15,PO0015,PO-2023-0015,VEND043,Cisco Systems Inc.,EMP036,Kimberly Wright,DEPT006,Sales,2023-11-03,2023-11-24,2023-11-19,GBP,PT007,2/10 Net 30,339689.48,16984.47,0,356673.95,Open,Approved,EMP014,2023-11-10,Not Received,Ex-Works,"704 Market St, Chicago, NY 11086",Keep in warehouse,2023-11-03T12:00:00Z,IT Team
16,PO0016,PO-2023-0016,VEND092,Baldor Electric Company,EMP005,Robert Kim,DEPT005,Human Resources,2023-01-17,2023-02-04,2023-01-31,CHF,PT007,2/10 Net 30,459327.47,0,3650.85,462978.32,Partially Received,Approved,EMP008,2023-01-23,Partially Received,FOB Destination,"211 Market St, Phoenix, IL 95185",,2023-01-17T09:00:00Z,HR Team
17,PO0017,PO-2026-0017,VEND100,ZF Friedrichshafen AG,EMP009,Thomas Brown,DEPT009,Warehouse & Logistics,2026-05-25,2026-06-15,None,USD,PT006,Net 90,439004.32,0,1590.19,440594.51,Closed,Approved,EMP003,2026-05-27,Fully Received,FOB Origin,"994 Park Blvd, Los Angeles, NY 89697",Urgent,2026-05-25T10:00:00Z,IT Team
18,PO0018,PO-2025-0018,VEND025,ABB Ltd,EMP017,Michelle Chen,DEPT007,Marketing,2025-01-18,2025-02-17,2025-02-12,GBP,PT004,Net 45,104640.63,0,0,104640.63,Closed,Submitted,None,None,Fully Received,Ex-Works,"708 Market St, Chicago, CA 34891",Urgent,2025-01-18T16:00:00Z,Sales Team
19,PO0019,PO-2026-0019,VEND008,DHL Express,EMP018,Andrew Kim,DEPT008,Legal & Compliance,2026-12-12,2027-01-08,2027-01-06,INR,PT001,Immediate,426060.13,21303.01,263.51,447626.65,Closed,Approved,EMP028,2026-12-19,Fully Received,FOB Origin,"178 Market St, Chicago, AZ 88772",Call before delivery,2026-12-12T08:00:00Z,Finance Team
20,PO0020,PO-2026-0020,VEND073,AT&T Business,EMP037,Christopher Lee,DEPT007,Marketing,2026-03-19,2026-04-23,2026-04-28,SEK,PT001,Immediate,292067.49,0,0,292067.49,Pending Approval,Approved,EMP022,2026-03-22,Not Received,CIF,"909 Main St, Houston, AZ 80158",Urgent,2026-03-19T13:00:00Z,Procurement Team
21,PO0021,PO-2025-0021,VEND069,ADT Inc.,EMP015,Mark Davis,DEPT005,Human Resources,2025-04-11,2025-05-16,None,EUR,PT007,2/10 Net 30,489572.18,24478.61,0,514050.79,Partially Received,Submitted,None,None,Partially Received,Ex-Works,"572 Market St, Los Angeles, TX 49376",,2025-04-11T14:00:00Z,HR Team
22,PO0022,PO-2025-0022,VEND034,C.H. Robinson Worldwide,EMP031,Charles Robinson,DEPT001,Finance,2025-03-07,2025-04-21,2025-04-18,SEK,PT006,Net 90,74783.58,13461.04,875.14,89119.76,Closed,Approved,EMP010,2025-03-09,Fully Received,FOB Origin,"332 Park Blvd, Chicago, NY 83215",Urgent,2025-03-07T13:00:00Z,IT Team
23,PO0023,PO-2023-0023,VEND057,Ernst & Young LLP,EMP004,Jessica Martinez,DEPT004,Information Technology,2023-12-31,2024-02-11,2024-02-08,INR,PT006,Net 90,374705.67,37470.57,0,412176.24,Open,Submitted,None,None,Not Received,FOB Destination,"254 Market St, Phoenix, IL 24430",Expedite shipping,2023-12-31T09:00:00Z,IT Team
24,PO0024,PO-2025-0024,VEND043,Cisco Systems Inc.,EMP036,Kimberly Wright,DEPT006,Sales,2025-07-29,2025-09-04,2025-09-08,GBP,PT003,Net 30,472375.62,47237.56,0,519613.18,Closed,Approved,EMP029,2025-08-05,Fully Received,CIF,"731 Main St, New York, CA 22701",Expedite shipping,2025-07-29T09:00:00Z,Finance Team
25,PO0025,PO-2024-0025,VEND037,Atlas Air Worldwide,EMP006,Amanda Lee,DEPT006,Sales,2024-01-22,2024-03-01,2024-03-05,CHF,PT005,Net 60,248756.73,44776.21,0,293532.94,Cancelled,Submitted,None,None,Not Received,Ex-Works,"537 Market St, Houston, CA 89503",Urgent,2024-01-22T09:00:00Z,HR Team
26,PO0026,PO-2023-0026,VEND064,Aramark Corporation,EMP010,Patricia Taylor,DEPT010,Executive Management,2023-01-18,2023-02-24,None,EUR,PT003,Net 30,138224.58,0,0,138224.58,Closed,Approved,EMP019,2023-01-25,Fully Received,FOB Destination,"650 Park Blvd, New York, CA 33516",Call before delivery,2023-01-18T16:00:00Z,Procurement Team
27,PO0027,PO-2025-0027,VEND021,Johnson Controls,EMP038,Stephanie Hall,DEPT008,Legal & Compliance,2025-03-03,2025-04-02,None,USD,PT002,Net 15,227237.92,45447.58,0,272685.5,Pending Approval,Approved,EMP033,2025-03-09,Not Received,Ex-Works,"845 Main St, Houston, NY 29541",Call before delivery,2025-03-03T17:00:00Z,Marketing Team
28,PO0028,PO-2026-0028,VEND019,Vanguard Tech,EMP029,Jennifer Lee,DEPT009,Warehouse & Logistics,2026-06-25,2026-07-20,None,USD,PT001,Immediate,361546.71,36154.67,1958.09,399659.47,Closed,Approved,EMP023,2026-06-28,Fully Received,Ex-Works,"518 Park Blvd, Chicago, NY 45211",Keep in warehouse,2026-06-25T10:00:00Z,Finance Team
29,PO0029,PO-2024-0029,VEND034,C.H. Robinson Worldwide,EMP014,Lisa Johnson,DEPT004,Information Technology,2024-08-09,2024-09-11,2024-09-13,SEK,PT002,Net 15,163127.49,0,3853.5,166980.99,Closed,Approved,EMP018,2024-08-16,Fully Received,Ex-Works,"841 Main St, New York, TX 79962",Expedite shipping,2024-08-09T17:00:00Z,HR Team
30,PO0030,PO-2026-0030,VEND041,Salesforce.com Inc.,EMP018,Andrew Kim,DEPT008,Legal & Compliance,2026-09-22,2026-10-27,None,GBP,PT004,Net 45,434713.99,78248.52,1301.47,514263.98,Closed,Submitted,None,None,Fully Received,FOB Origin,"482 Oak Ave, Houston, NY 14885",Urgent,2026-09-22T13:00:00Z,Finance Team
31,PO0031,PO-2025-0031,VEND039,Oracle Corporation,EMP016,Steven Park,DEPT006,Sales,2025-08-25,2025-09-23,2025-09-21,CHF,PT003,Net 30,271785.6,27178.56,0,298964.16,Closed,Approved,EMP018,2025-08-28,Fully Received,FOB Destination,"114 Oak Ave, Chicago, NY 68414",Urgent,2025-08-25T10:00:00Z,Finance Team
32,PO0032,PO-2026-0032,VEND041,Salesforce.com Inc.,EMP038,Stephanie Hall,DEPT008,Legal & Compliance,2026-11-30,2026-12-22,2026-12-24,GBP,PT003,Net 30,158065.71,31613.14,0,189678.85,Closed,Approved,EMP029,2026-12-07,Fully Received,CIF,"537 Market St, Los Angeles, TX 91184",Urgent,2026-11-30T15:00:00Z,Procurement Team
33,PO0033,PO-2023-0033,VEND084,McMaster-Carr,EMP014,Lisa Johnson,DEPT004,Information Technology,2023-10-22,2023-11-14,None,GBP,PT002,Net 15,315857.19,31585.72,0,347442.91,Closed,Draft,None,None,Fully Received,FOB Origin,"841 Park Blvd, Houston, IL 60426",Keep in warehouse,2023-10-22T10:00:00Z,Finance Team
34,PO0034,PO-2025-0034,VEND073,AT&T Business,EMP022,Cynthia Lewis,DEPT002,Procurement,2025-02-06,2025-03-05,2025-03-02,SEK,PT002,Net 15,43742.4,2187.12,0,45929.52,Closed,Approved,EMP019,2025-02-12,Fully Received,Ex-Works,"106 Park Blvd, New York, IL 71021",Urgent,2025-02-06T14:00:00Z,HR Team
35,PO0035,PO-2025-0035,VEND097,Goodyear Tire & Rubber,EMP027,Nancy Davis,DEPT007,Marketing,2025-08-06,2025-08-31,2025-08-29,GBP,PT002,Net 15,401280.14,80256.03,2362.58,483898.75,Closed,Submitted,None,None,Fully Received,FOB Destination,"579 Main St, Los Angeles, TX 87861",Call before delivery,2025-08-06T15:00:00Z,Procurement Team
36,PO0036,PO-2023-0036,VEND048,Cummins Inc.,EMP003,Michael Johnson,DEPT003,Operations,2023-03-23,2023-04-22,2023-04-27,EUR,PT004,Net 45,31595.78,3159.58,3518.37,38273.73,Pending Approval,Approved,EMP031,2023-03-28,Not Received,FOB Origin,"229 Market St, Phoenix, IL 70513",Urgent,2023-03-23T17:00:00Z,Procurement Team
37,PO0037,PO-2023-0037,VEND038,Penske Logistics,EMP036,Kimberly Wright,DEPT006,Sales,2023-05-13,2023-05-29,None,SEK,PT004,Net 45,181031.22,32585.62,3582.15,217198.99,Closed,Approved,EMP038,2023-05-14,Fully Received,FOB Origin,"670 Park Blvd, New York, CA 97957",Urgent,2023-05-13T08:00:00Z,Procurement Team
38,PO0038,PO-2025-0038,VEND037,Atlas Air Worldwide,EMP026,Amanda Thomas,DEPT006,Sales,2025-05-17,2025-06-26,2025-06-26,CHF,PT004,Net 45,51044.22,10208.84,0,61253.06,Open,Approved,EMP020,2025-05-19,Not Received,FOB Destination,"138 Main St, Houston, IL 71573",Expedite shipping,2025-05-17T11:00:00Z,Sales Team
39,PO0039,PO-2026-0039,VEND099,Bridgestone Americas,EMP007,James Wilson,DEPT007,Marketing,2026-08-08,2026-09-21,2026-09-25,USD,PT001,Immediate,495935.81,49593.58,4039.94,549569.33,Closed,Approved,EMP030,2026-08-14,Fully Received,CIF,"733 Oak Ave, Los Angeles, TX 66777",Expedite shipping,2026-08-08T09:00:00Z,IT Team
40,PO0040,PO-2024-0040,VEND009,Office Furniture World,EMP034,Angela Martinez,DEPT004,Information Technology,2024-08-17,2024-09-12,2024-09-12,USD,PT001,Immediate,461561.01,0,0,461561.01,Closed,Approved,EMP020,2024-08-21,Fully Received,CIF,"554 Main St, Los Angeles, CA 56749",,2024-08-17T08:00:00Z,Sales Team
41,PO0041,PO-2023-0041,VEND067,"CBRE Group, Inc.",EMP005,Robert Kim,DEPT005,Human Resources,2023-05-31,2023-06-23,2023-06-24,EUR,PT001,Immediate,63389.41,0,46.27,63435.68,Pending Approval,Approved,EMP017,2023-06-07,Not Received,FOB Destination,"303 Main St, Chicago, CA 22133",,2023-05-31T13:00:00Z,Procurement Team
42,PO0042,PO-2025-0042,VEND048,Cummins Inc.,EMP032,Susan Clark,DEPT002,Procurement,2025-08-29,2025-09-21,2025-09-17,EUR,PT006,Net 90,197424.98,35536.5,0,232961.48,Closed,Approved,EMP015,2025-09-05,Fully Received,CIF,"259 Park Blvd, Los Angeles, NY 12264",Expedite shipping,2025-08-29T10:00:00Z,IT Team
43,PO0043,PO-2024-0043,VEND024,Schneider Electric,EMP002,Sarah Williams,DEPT002,Procurement,2024-08-23,2024-10-01,None,USD,PT007,2/10 Net 30,304624.32,30462.43,0,335086.75,Open,Approved,EMP027,2024-08-27,Not Received,CIF,"103 Market St, Houston, IL 89415",Call before delivery,2024-08-23T11:00:00Z,Finance Team
44,PO0044,PO-2024-0044,VEND077,Spectrum Business,EMP010,Patricia Taylor,DEPT010,Executive Management,2024-05-06,2024-06-02,2024-05-28,SEK,PT004,Net 45,42282.6,0,3330.39,45612.99,Closed,Approved,EMP025,2024-05-11,Fully Received,CIF,"917 Oak Ave, Chicago, TX 35323",Urgent,2024-05-06T09:00:00Z,Marketing Team
45,PO0045,PO-2024-0045,VEND064,Aramark Corporation,EMP034,Angela Martinez,DEPT004,Information Technology,2024-04-05,2024-04-26,2024-04-30,EUR,PT003,Net 30,174196.22,31355.32,1573.27,207124.81,Partially Received,Draft,None,None,Partially Received,CIF,"336 Market St, Phoenix, AZ 97836",,2024-04-05T12:00:00Z,Procurement Team
46,PO0046,PO-2023-0046,VEND026,General Electric,EMP001,David Chen,DEPT001,Finance,2023-10-12,2023-11-24,None,SEK,PT006,Net 90,115035.44,11503.54,3292.05,129831.03,Closed,Approved,EMP036,2023-10-19,Fully Received,Ex-Works,"580 Main St, Phoenix, CA 74188",Call before delivery,2023-10-12T11:00:00Z,HR Team
47,PO0047,PO-2023-0047,VEND073,AT&T Business,EMP031,Charles Robinson,DEPT001,Finance,2023-11-05,2023-12-15,2023-12-12,SEK,PT002,Net 15,10256.89,0,2257.22,12514.11,Partially Received,Submitted,None,None,Partially Received,Ex-Works,"169 Main St, New York, TX 72984",Urgent,2023-11-05T15:00:00Z,Marketing Team
48,PO0048,PO-2025-0048,VEND066,Jones Lang LaSalle,EMP036,Kimberly Wright,DEPT006,Sales,2025-04-13,2025-04-28,2025-04-25,CHF,PT003,Net 30,12252.33,612.62,3458.77,16323.72,Partially Received,Rejected,None,None,Partially Received,FOB Destination,"892 Market St, Los Angeles, TX 57771",Urgent,2025-04-13T08:00:00Z,Marketing Team
49,PO0049,PO-2026-0049,VEND031,FedEx Corporation,EMP016,Steven Park,DEPT006,Sales,2026-08-24,2026-09-21,None,SEK,PT006,Net 90,276691.04,27669.1,2719.55,307079.69,Closed,Approved,EMP040,2026-08-25,Fully Received,FOB Origin,"352 Main St, New York, IL 38358",Keep in warehouse,2026-08-24T13:00:00Z,Sales Team
50,PO0050,PO-2023-0050,VEND058,KPMG LLP,EMP025,Jason Harris,DEPT005,Human Resources,2023-11-16,2023-12-04,2023-12-01,GBP,PT003,Net 30,305634.31,15281.72,2171.54,323087.57,Cancelled,Approved,EMP004,2023-11-23,Not Received,Ex-Works,"820 Park Blvd, Phoenix, IL 54134",Call before delivery,2023-11-16T08:00:00Z,HR Team
51,PO0051,PO-2023-0051,VEND057,Ernst & Young LLP,EMP022,Cynthia Lewis,DEPT002,Procurement,2023-02-20,2023-03-26,2023-03-23,INR,PT005,Net 60,349762.9,69952.58,3022.4,422737.88,Closed,Approved,EMP004,2023-02-24,Fully Received,Ex-Works,"330 Park Blvd, Chicago, NY 51098",,2023-02-20T15:00:00Z,HR Team
52,PO0052,PO-2024-0052,VEND061,Bain & Company,EMP009,Thomas Brown,DEPT009,Warehouse & Logistics,2024-05-09,2024-05-31,2024-05-29,INR,PT002,Net 15,35157.16,7031.43,0,42188.59,Open,Submitted,None,None,Not Received,CIF,"348 Main St, Los Angeles, IL 64823",Keep in warehouse,2024-05-09T15:00:00Z,HR Team
53,PO0053,PO-2023-0053,VEND005,Microsoft Corporation,EMP021,Brian Thompson,DEPT001,Finance,2023-01-04,2023-01-22,None,SEK,PT007,2/10 Net 30,193953.61,0,0,193953.61,Open,Approved,EMP020,2023-01-10,Not Received,FOB Origin,"129 Market St, Los Angeles, NY 24733",Call before delivery,2023-01-04T11:00:00Z,Finance Team
54,PO0054,PO-2026-0054,VEND084,McMaster-Carr,EMP028,Peter Garcia,DEPT008,Legal & Compliance,2026-10-01,2026-10-26,None,GBP,PT007,2/10 Net 30,498445.82,24922.29,4362.66,527730.77,Closed,Draft,None,None,Fully Received,Ex-Works,"443 Market St, Houston, AZ 94260",Urgent,2026-10-01T10:00:00Z,Procurement Team
55,PO0055,PO-2024-0055,VEND023,Caterpillar Inc.,EMP017,Michelle Chen,DEPT007,Marketing,2024-09-03,2024-10-18,2024-10-15,INR,PT002,Net 15,27179.48,2717.95,0,29897.43,Cancelled,Submitted,None,None,Not Received,CIF,"845 Park Blvd, Houston, NY 46825",,2024-09-03T09:00:00Z,IT Team
56,PO0056,PO-2024-0056,VEND023,Caterpillar Inc.,EMP022,Cynthia Lewis,DEPT002,Procurement,2024-11-14,2024-12-23,2024-12-19,INR,PT004,Net 45,270244.48,13512.22,3016.75,286773.45,Closed,Approved,EMP029,2024-11-19,Fully Received,FOB Destination,"604 Oak Ave, Phoenix, CA 64280",Keep in warehouse,2024-11-14T15:00:00Z,Sales Team
57,PO0057,PO-2025-0057,VEND036,Kuehne + Nagel,EMP019,Rachel Rodriguez,DEPT009,Warehouse & Logistics,2025-07-15,2025-08-06,2025-08-04,INR,PT001,Immediate,393970.54,0,0,393970.54,Open,Rejected,None,None,Not Received,CIF,"398 Market St, Chicago, NY 56594",,2025-07-15T08:00:00Z,IT Team
58,PO0058,PO-2023-0058,VEND083,MSC Industrial Direct,EMP011,Daniel Anderson,DEPT001,Finance,2023-03-17,2023-04-01,2023-03-30,SEK,PT003,Net 30,146950.25,29390.05,0,176340.3,Cancelled,Approved,EMP040,2023-03-18,Not Received,FOB Origin,"119 Main St, Chicago, NY 93903",Expedite shipping,2023-03-17T11:00:00Z,Finance Team
59,PO0059,PO-2023-0059,VEND039,Oracle Corporation,EMP016,Steven Park,DEPT006,Sales,2023-03-11,2023-04-24,2023-04-24,CHF,PT005,Net 60,153516.3,7675.81,0,161192.11,Partially Received,Draft,None,None,Partially Received,FOB Destination,"840 Main St, Houston, IL 78645",Expedite shipping,2023-03-11T10:00:00Z,Procurement Team
60,PO0060,PO-2024-0060,VEND065,Sodexo S.A.,EMP022,Cynthia Lewis,DEPT002,Procurement,2024-12-11,2025-01-12,2025-01-12,INR,PT002,Net 15,391231.04,0,0,391231.04,Partially Received,Approved,EMP002,2024-12-13,Partially Received,FOB Origin,"529 Main St, Houston, CA 68197",Urgent,2024-12-11T11:00:00Z,HR Team
61,PO0061,PO-2025-0061,VEND042,"VMware, Inc.",EMP024,Kimberly White,DEPT004,Information Technology,2025-05-04,2025-05-20,None,SEK,PT005,Net 60,486960.04,24348,0,511308.04,Closed,Approved,EMP028,2025-05-09,Fully Received,CIF,"948 Park Blvd, New York, TX 85638",,2025-05-04T11:00:00Z,IT Team
62,PO0062,PO-2025-0062,VEND033,Maersk Line,EMP003,Michael Johnson,DEPT003,Operations,2025-10-15,2025-11-17,2025-11-18,SEK,PT005,Net 60,476620.8,47662.08,0,524282.88,Open,Approved,EMP005,2025-10-17,Not Received,FOB Destination,"621 Market St, Los Angeles, IL 43834",Keep in warehouse,2025-10-15T14:00:00Z,Finance Team
63,PO0063,PO-2024-0063,VEND033,Maersk Line,EMP038,Stephanie Hall,DEPT008,Legal & Compliance,2024-06-27,2024-07-16,2024-07-19,SEK,PT003,Net 30,429587.42,85917.48,3425.41,518930.31,Open,Approved,EMP012,2024-07-02,Not Received,Ex-Works,"515 Market St, Houston, TX 60911",Call before delivery,2024-06-27T15:00:00Z,Finance Team
64,PO0064,PO-2026-0064,VEND042,"VMware, Inc.",EMP030,Elizabeth Miller,DEPT010,Executive Management,2026-12-02,2026-12-25,None,SEK,PT002,Net 15,487663.53,24383.18,4056.67,516103.38,Open,Submitted,None,None,Not Received,FOB Origin,"461 Oak Ave, Houston, AZ 24418",Expedite shipping,2026-12-02T16:00:00Z,Marketing Team
65,PO0065,PO-2023-0065,VEND095,SKF Group,EMP026,Amanda Thomas,DEPT006,Sales,2023-09-15,2023-10-17,2023-10-15,GBP,PT006,Net 90,234724.8,42250.46,0,276975.26,Closed,Approved,EMP002,2023-09-21,Fully Received,CIF,"685 Main St, Los Angeles, AZ 55220",,2023-09-15T09:00:00Z,Marketing Team
66,PO0066,PO-2024-0066,VEND053,S&P Global Inc.,EMP036,Kimberly Wright,DEPT006,Sales,2024-12-19,2025-01-10,2025-01-10,SEK,PT006,Net 90,191749.69,9587.48,4022.59,205359.76,Closed,Approved,EMP016,2024-12-25,Fully Received,FOB Destination,"161 Park Blvd, Houston, IL 10263",Keep in warehouse,2024-12-19T10:00:00Z,Finance Team
67,PO0067,PO-2026-0067,VEND052,Moody's Analytics,EMP013,Kevin Moore,DEPT003,Operations,2026-09-16,2026-10-02,None,GBP,PT003,Net 30,72583.33,7258.33,3535.94,83377.6,Closed,Approved,EMP031,2026-09-17,Fully Received,CIF,"510 Oak Ave, Phoenix, IL 72071",,2026-09-16T12:00:00Z,Finance Team
68,PO0068,PO-2025-0068,VEND100,ZF Friedrichshafen AG,EMP039,David Nguyen,DEPT009,Warehouse & Logistics,2025-07-06,2025-07-27,2025-07-24,USD,PT002,Net 15,16902.08,3380.42,2452.27,22734.77,Closed,Approved,EMP012,2025-07-12,Fully Received,FOB Origin,"943 Park Blvd, Phoenix, CA 50590",Call before delivery,2025-07-06T15:00:00Z,HR Team
69,PO0069,PO-2023-0069,VEND095,SKF Group,EMP028,Peter Garcia,DEPT008,Legal & Compliance,2023-05-04,2023-06-03,2023-05-31,GBP,PT007,2/10 Net 30,90672.54,0,0,90672.54,Partially Received,Approved,EMP036,2023-05-07,Partially Received,Ex-Works,"447 Main St, New York, AZ 23235",Urgent,2023-05-04T10:00:00Z,Finance Team
70,PO0070,PO-2025-0070,VEND068,Securitas AB,EMP033,Timothy Rodriguez,DEPT003,Operations,2025-12-24,2026-01-17,2026-01-18,EUR,PT005,Net 60,331575.33,16578.77,3697.83,351851.93,Partially Received,Submitted,None,None,Partially Received,FOB Destination,"266 Main St, Chicago, AZ 15277",,2025-12-24T14:00:00Z,Sales Team
71,PO0071,PO-2024-0071,VEND076,Comcast Business,EMP019,Rachel Rodriguez,DEPT009,Warehouse & Logistics,2024-02-09,2024-03-06,2024-03-09,GBP,PT004,Net 45,459213.79,22960.69,1868.42,484042.9,Partially Received,Approved,EMP028,2024-02-15,Partially Received,FOB Destination,"388 Main St, Houston, NY 53716",,2024-02-09T14:00:00Z,Marketing Team
72,PO0072,PO-2026-0072,VEND014,Modern Office Co,EMP018,Andrew Kim,DEPT008,Legal & Compliance,2026-11-02,2026-12-16,2026-12-14,USD,PT002,Net 15,122154.31,0,4179.58,126333.89,Open,Approved,EMP024,2026-11-06,Not Received,CIF,"982 Park Blvd, Los Angeles, NY 85646",Call before delivery,2026-11-02T12:00:00Z,Marketing Team
73,PO0073,PO-2023-0073,VEND028,Emerson Electric Co.,EMP037,Christopher Lee,DEPT007,Marketing,2023-07-29,2023-09-12,2023-09-13,INR,PT007,2/10 Net 30,316963.9,15848.19,4151.04,336963.13,Pending Approval,Approved,EMP020,2023-07-30,Not Received,CIF,"646 Park Blvd, Houston, CA 91225",Urgent,2023-07-29T08:00:00Z,HR Team
74,PO0074,PO-2023-0074,VEND029,Rockwell Automation,EMP036,Kimberly Wright,DEPT006,Sales,2023-12-19,2024-01-07,2024-01-04,USD,PT007,2/10 Net 30,173127.88,17312.79,1027.27,191467.94,Open,Rejected,None,None,Not Received,FOB Origin,"739 Oak Ave, Los Angeles, NY 78151",Expedite shipping,2023-12-19T08:00:00Z,Finance Team
75,PO0075,PO-2026-0075,VEND039,Oracle Corporation,EMP025,Jason Harris,DEPT005,Human Resources,2026-03-11,2026-03-29,None,CHF,PT002,Net 15,125544.28,0,2541.73,128086.01,Closed,Draft,None,None,Fully Received,FOB Destination,"242 Market St, New York, TX 49970",Expedite shipping,2026-03-11T10:00:00Z,Sales Team
76,PO0076,PO-2024-0076,VEND038,Penske Logistics,EMP023,Richard Martinez,DEPT003,Operations,2024-11-15,2024-12-07,None,SEK,PT001,Immediate,343195.91,68639.18,633.58,412468.67,Closed,Approved,EMP008,2024-11-22,Fully Received,CIF,"200 Park Blvd, Los Angeles, CA 62570",,2024-11-15T12:00:00Z,Marketing Team
77,PO0077,PO-2024-0077,VEND087,Hilti Corporation,EMP031,Charles Robinson,DEPT001,Finance,2024-04-09,2024-05-05,None,CHF,PT003,Net 30,89560.41,0,1055.62,90616.03,Open,Approved,EMP002,2024-04-15,Not Received,CIF,"427 Main St, New York, TX 25217",Call before delivery,2024-04-09T17:00:00Z,Marketing Team
78,PO0078,PO-2023-0078,VEND070,Tyco International,EMP011,Daniel Anderson,DEPT001,Finance,2023-06-28,2023-07-25,None,GBP,PT004,Net 45,16638.59,0,3260.07,19898.66,Closed,Approved,EMP025,2023-07-05,Fully Received,Ex-Works,"628 Oak Ave, Los Angeles, AZ 70734",Call before delivery,2023-06-28T11:00:00Z,Marketing Team
79,PO0079,PO-2024-0079,VEND074,Verizon Business Group,EMP031,Charles Robinson,DEPT001,Finance,2024-12-22,2025-01-12,None,EUR,PT007,2/10 Net 30,223165.91,40169.86,0,263335.77,Closed,Draft,None,None,Fully Received,Ex-Works,"215 Park Blvd, Chicago, AZ 56557",Call before delivery,2024-12-22T12:00:00Z,Finance Team
80,PO0080,PO-2023-0080,VEND018,Summit Systems,EMP010,Patricia Taylor,DEPT010,Executive Management,2023-11-07,2023-11-26,2023-11-30,EUR,PT006,Net 90,89398.75,4469.94,0,93868.69,Partially Received,Approved,EMP028,2023-11-08,Partially Received,CIF,"899 Park Blvd, Los Angeles, TX 19251",Expedite shipping,2023-11-07T11:00:00Z,IT Team
81,PO0081,PO-2025-0081,VEND052,Moody's Analytics,EMP002,Sarah Williams,DEPT002,Procurement,2025-11-27,2026-01-08,2026-01-07,GBP,PT003,Net 30,431021.97,77583.95,0,508605.92,Open,Approved,EMP008,2025-12-01,Not Received,FOB Origin,"683 Market St, Phoenix, TX 57746",Expedite shipping,2025-11-27T08:00:00Z,HR Team
82,PO0082,PO-2025-0082,VEND095,SKF Group,EMP036,Kimberly Wright,DEPT006,Sales,2025-10-29,2025-11-21,2025-11-22,GBP,PT002,Net 15,138757.69,6937.88,0,145695.57,Open,Approved,EMP031,2025-11-02,Not Received,FOB Origin,"806 Main St, Phoenix, TX 35465",Keep in warehouse,2025-10-29T11:00:00Z,IT Team
83,PO0083,PO-2025-0083,VEND027,Honeywell International,EMP016,Steven Park,DEPT006,Sales,2025-10-19,2025-11-25,2025-11-28,SEK,PT007,2/10 Net 30,260218.87,26021.89,3361.48,289602.24,Cancelled,Approved,EMP013,2025-10-25,Not Received,Ex-Works,"600 Market St, Phoenix, NY 91820",,2025-10-19T10:00:00Z,Sales Team
84,PO0084,PO-2025-0084,VEND083,MSC Industrial Direct,EMP022,Cynthia Lewis,DEPT002,Procurement,2025-07-15,2025-08-05,2025-08-08,SEK,PT004,Net 45,224037.54,11201.88,0,235239.42,Open,Submitted,None,None,Not Received,CIF,"785 Oak Ave, Houston, NY 24620",Expedite shipping,2025-07-15T16:00:00Z,HR Team
85,PO0085,PO-2023-0085,VEND098,Michelin North America,EMP012,Jennifer Park,DEPT002,Procurement,2023-03-28,2023-05-12,2023-05-07,USD,PT001,Immediate,201648.89,20164.89,0,221813.78,Closed,Approved,EMP004,2023-03-30,Fully Received,FOB Destination,"782 Park Blvd, Phoenix, TX 90424",Expedite shipping,2023-03-28T14:00:00Z,IT Team
86,PO0086,PO-2024-0086,VEND086,W.W. Grainger International,EMP032,Susan Clark,DEPT002,Procurement,2024-01-31,2024-02-26,2024-02-27,EUR,PT007,2/10 Net 30,496876.89,99375.38,0,596252.27,Closed,Approved,EMP014,2024-02-07,Fully Received,Ex-Works,"760 Main St, Phoenix, IL 12745",Expedite shipping,2024-01-31T11:00:00Z,Procurement Team
87,PO0087,PO-2025-0087,VEND037,Atlas Air Worldwide,EMP003,Michael Johnson,DEPT003,Operations,2025-04-07,2025-04-30,2025-05-05,CHF,PT005,Net 60,197057.24,9852.86,0,206910.1,Pending Approval,Approved,EMP018,2025-04-09,Not Received,Ex-Works,"878 Park Blvd, New York, TX 14203",,2025-04-07T08:00:00Z,Finance Team
88,PO0088,PO-2024-0088,VEND070,Tyco International,EMP007,James Wilson,DEPT007,Marketing,2024-01-23,2024-03-05,2024-03-05,GBP,PT003,Net 30,44482.52,0,1330.92,45813.44,Closed,Approved,EMP028,2024-01-25,Fully Received,CIF,"561 Oak Ave, Phoenix, CA 90002",Keep in warehouse,2024-01-23T08:00:00Z,HR Team
89,PO0089,PO-2025-0089,VEND024,Schneider Electric,EMP018,Andrew Kim,DEPT008,Legal & Compliance,2025-11-07,2025-12-22,None,USD,PT003,Net 30,173894.32,17389.43,2534.8,193818.55,Pending Approval,Approved,EMP013,2025-11-11,Not Received,FOB Destination,"665 Market St, Los Angeles, IL 24692",Keep in warehouse,2025-11-07T10:00:00Z,Procurement Team
90,PO0090,PO-2026-0090,VEND048,Cummins Inc.,EMP040,Melissa Torres,DEPT010,Executive Management,2026-11-06,2026-12-04,None,EUR,PT001,Immediate,372311.87,0,0,372311.87,Open,Approved,EMP034,2026-11-07,Not Received,FOB Destination,"279 Park Blvd, Phoenix, TX 24610",,2026-11-06T08:00:00Z,Marketing Team
91,PO0091,PO-2024-0091,VEND062,Accenture PLC,EMP019,Rachel Rodriguez,DEPT009,Warehouse & Logistics,2024-10-03,2024-10-18,2024-10-13,USD,PT004,Net 45,131345.79,23642.24,0,154988.03,Open,Approved,EMP026,2024-10-09,Not Received,Ex-Works,"931 Park Blvd, Phoenix, CA 17239",Urgent,2024-10-03T09:00:00Z,HR Team
92,PO0092,PO-2024-0092,VEND097,Goodyear Tire & Rubber,EMP013,Kevin Moore,DEPT003,Operations,2024-06-16,2024-07-10,2024-07-12,GBP,PT002,Net 15,327283.7,16364.18,0,343647.88,Partially Received,Submitted,None,None,Partially Received,Ex-Works,"827 Park Blvd, Los Angeles, TX 18248",,2024-06-16T12:00:00Z,Finance Team
93,PO0093,PO-2023-0093,VEND053,S&P Global Inc.,EMP037,Christopher Lee,DEPT007,Marketing,2023-03-10,2023-04-06,None,SEK,PT002,Net 15,39691.99,1984.6,2269.12,43945.71,Open,Approved,EMP021,2023-03-15,Not Received,CIF,"156 Market St, Phoenix, CA 98575",,2023-03-10T10:00:00Z,IT Team
94,PO0094,PO-2026-0094,VEND071,Waste Management Inc.,EMP026,Amanda Thomas,DEPT006,Sales,2026-10-01,2026-10-21,None,EUR,PT002,Net 15,344920.78,62085.74,3658.62,410665.14,Partially Received,Approved,EMP006,2026-10-03,Partially Received,CIF,"101 Oak Ave, Chicago, AZ 30682",,2026-10-01T11:00:00Z,Marketing Team
95,PO0095,PO-2024-0095,VEND049,Parker Hannifin Corporation,EMP007,James Wilson,DEPT007,Marketing,2024-11-08,2024-12-21,2024-12-26,USD,PT003,Net 30,252550.47,45459.08,0,298009.55,Partially Received,Approved,EMP025,2024-11-11,Partially Received,Ex-Works,"449 Main St, Chicago, IL 40462",Keep in warehouse,2024-11-08T08:00:00Z,IT Team
96,PO0096,PO-2025-0096,VEND035,Expeditors International,EMP032,Susan Clark,DEPT002,Procurement,2025-07-06,2025-07-26,None,GBP,PT005,Net 60,74183.52,7418.35,4232.49,85834.36,Pending Approval,Approved,EMP008,2025-07-13,Not Received,FOB Origin,"788 Oak Ave, Houston, TX 18493",Keep in warehouse,2025-07-06T17:00:00Z,HR Team
97,PO0097,PO-2023-0097,VEND075,T-Mobile for Business,EMP040,Melissa Torres,DEPT010,Executive Management,2023-04-18,2023-05-14,None,GBP,PT003,Net 30,27087.74,1354.39,0,28442.13,Closed,Approved,EMP002,2023-04-24,Fully Received,FOB Destination,"262 Market St, Chicago, CA 29984",Keep in warehouse,2023-04-18T09:00:00Z,Finance Team
98,PO0098,PO-2023-0098,VEND030,Bosch Rexroth AG,EMP023,Richard Martinez,DEPT003,Operations,2023-09-18,2023-10-23,2023-10-28,CHF,PT006,Net 90,335391.51,67078.3,0,402469.81,Partially Received,Approved,EMP029,2023-09-23,Partially Received,FOB Destination,"637 Main St, Houston, IL 40929",,2023-09-18T11:00:00Z,Finance Team
99,PO0099,PO-2024-0099,VEND094,Timken Company,EMP022,Cynthia Lewis,DEPT002,Procurement,2024-02-01,2024-03-02,2024-03-07,SEK,PT001,Immediate,195423.2,39084.64,4589.41,239097.25,Closed,Approved,EMP001,2024-02-04,Fully Received,FOB Origin,"288 Park Blvd, New York, AZ 94370",Expedite shipping,2024-02-01T15:00:00Z,Marketing Team
100,PO0100,PO-2024-0100,VEND015,Best Buy Corp,EMP016,Steven Park,DEPT006,Sales,2024-07-17,2024-08-09,None,INR,PT001,Immediate,447370.94,22368.55,804.97,470544.46,Open,Approved,EMP011,2024-07-23,Not Received,FOB Destination,"154 Oak Ave, Houston, AZ 13206",Expedite shipping,2024-07-17T17:00:00Z,IT Team
101,PO0101,PO-2023-0101,VEND069,ADT Inc.,EMP034,Angela Martinez,DEPT004,Information Technology,2023-12-18,2024-01-17,None,EUR,PT005,Net 60,373298.75,18664.94,0,391963.69,Partially Received,Approved,EMP014,2023-12-22,Partially Received,CIF,"179 Park Blvd, Phoenix, IL 72811",Keep in warehouse,2023-12-18T13:00:00Z,Sales Team
102,PO0102,PO-2025-0102,VEND057,Ernst & Young LLP,EMP014,Lisa Johnson,DEPT004,Information Technology,2025-10-12,2025-11-10,2025-11-07,INR,PT007,2/10 Net 30,424792.37,76462.63,1902.2,503157.2,Open,Approved,EMP019,2025-10-14,Not Received,Ex-Works,"702 Park Blvd, Phoenix, AZ 76217",Urgent,2025-10-12T13:00:00Z,Marketing Team
103,PO0103,PO-2026-0103,VEND098,Michelin North America,EMP038,Stephanie Hall,DEPT008,Legal & Compliance,2026-05-01,2026-06-06,None,USD,PT004,Net 45,17491.45,874.57,2889.83,21255.85,Cancelled,Draft,None,None,Not Received,Ex-Works,"917 Oak Ave, Los Angeles, AZ 79370",Call before delivery,2026-05-01T12:00:00Z,Procurement Team
104,PO0104,PO-2025-0104,VEND088,Makita Corporation,EMP035,Joseph Wilson,DEPT005,Human Resources,2025-03-11,2025-03-31,None,CHF,PT006,Net 90,10663.95,1066.39,0,11730.34,Closed,Approved,EMP007,2025-03-12,Fully Received,FOB Origin,"115 Market St, Houston, IL 34266",Urgent,2025-03-11T09:00:00Z,Marketing Team
105,PO0105,PO-2025-0105,VEND042,"VMware, Inc.",EMP030,Elizabeth Miller,DEPT010,Executive Management,2025-03-29,2025-04-25,2025-04-23,SEK,PT002,Net 15,88618.95,8861.9,86.77,97567.62,Partially Received,Approved,EMP026,2025-04-04,Partially Received,Ex-Works,"655 Market St, Chicago, TX 83272",Call before delivery,2025-03-29T10:00:00Z,Marketing Team
106,PO0106,PO-2025-0106,VEND061,Bain & Company,EMP027,Nancy Davis,DEPT007,Marketing,2025-06-27,2025-08-07,2025-08-03,INR,PT002,Net 15,284080.8,56816.16,3627.76,344524.72,Closed,Approved,EMP021,2025-07-01,Fully Received,FOB Destination,"590 Main St, New York, AZ 74957",Keep in warehouse,2025-06-27T09:00:00Z,Finance Team
107,PO0107,PO-2025-0107,VEND020,Alpha Industries,EMP028,Peter Garcia,DEPT008,Legal & Compliance,2025-06-19,2025-07-06,2025-07-04,SEK,PT007,2/10 Net 30,474839.87,94967.97,0,569807.84,Closed,Approved,EMP025,2025-06-23,Fully Received,Ex-Works,"414 Oak Ave, New York, CA 63613",Call before delivery,2025-06-19T13:00:00Z,Procurement Team
108,PO0108,PO-2023-0108,VEND022,Siemens AG,EMP009,Thomas Brown,DEPT009,Warehouse & Logistics,2023-05-20,2023-06-24,2023-06-23,USD,PT007,2/10 Net 30,400282.08,20014.1,2720.44,423016.62,Closed,Approved,EMP002,2023-05-26,Fully Received,FOB Destination,"866 Oak Ave, Los Angeles, CA 61358",Call before delivery,2023-05-20T13:00:00Z,Sales Team
109,PO0109,PO-2026-0109,VEND060,Boston Consulting Group,EMP012,Jennifer Park,DEPT002,Procurement,2026-03-20,2026-04-20,2026-04-22,SEK,PT005,Net 60,460803.27,92160.65,1671.01,554634.93,Open,Draft,None,None,Not Received,FOB Destination,"203 Park Blvd, Houston, AZ 14833",Expedite shipping,2026-03-20T16:00:00Z,HR Team
110,PO0110,PO-2024-0110,VEND086,W.W. Grainger International,EMP032,Susan Clark,DEPT002,Procurement,2024-01-18,2024-02-20,2024-02-17,EUR,PT002,Net 15,26346,2634.6,0,28980.6,Closed,Approved,EMP003,2024-01-22,Fully Received,FOB Origin,"642 Oak Ave, Houston, NY 74001",,2024-01-18T15:00:00Z,Marketing Team
111,PO0111,PO-2024-0111,VEND034,C.H. Robinson Worldwide,EMP010,Patricia Taylor,DEPT010,Executive Management,2024-04-02,2024-05-09,2024-05-05,SEK,PT007,2/10 Net 30,92694.79,9269.48,0,101964.27,Closed,Rejected,None,None,Fully Received,FOB Destination,"516 Park Blvd, Phoenix, AZ 62354",Urgent,2024-04-02T08:00:00Z,Sales Team
112,PO0112,PO-2026-0112,VEND036,Kuehne + Nagel,EMP014,Lisa Johnson,DEPT004,Information Technology,2026-01-16,2026-02-09,2026-02-13,INR,PT006,Net 90,490052.91,24502.65,0,514555.56,Closed,Approved,EMP002,2026-01-23,Fully Received,Ex-Works,"586 Park Blvd, Phoenix, NY 45562",Urgent,2026-01-16T15:00:00Z,Marketing Team
113,PO0113,PO-2023-0113,VEND018,Summit Systems,EMP040,Melissa Torres,DEPT010,Executive Management,2023-06-18,2023-07-16,2023-07-19,EUR,PT002,Net 15,420694.08,0,1307.6,422001.68,Closed,Approved,EMP020,2023-06-21,Fully Received,FOB Origin,"164 Oak Ave, New York, AZ 36143",Keep in warehouse,2023-06-18T16:00:00Z,IT Team
114,PO0114,PO-2026-0114,VEND074,Verizon Business Group,EMP028,Peter Garcia,DEPT008,Legal & Compliance,2026-03-09,2026-04-07,2026-04-02,EUR,PT001,Immediate,218240.63,43648.13,4867.67,266756.43,Open,Submitted,None,None,Not Received,FOB Origin,"976 Main St, Chicago, AZ 99784",Urgent,2026-03-09T16:00:00Z,Procurement Team
115,PO0115,PO-2024-0115,VEND097,Goodyear Tire & Rubber,EMP022,Cynthia Lewis,DEPT002,Procurement,2024-05-28,2024-07-09,2024-07-07,GBP,PT007,2/10 Net 30,115534.78,11553.48,4364.72,131452.98,Closed,Approved,EMP001,2024-05-30,Fully Received,Ex-Works,"175 Oak Ave, Phoenix, AZ 25812",,2024-05-28T08:00:00Z,Finance Team
116,PO0116,PO-2026-0116,VEND091,Ingersoll Rand,EMP032,Susan Clark,DEPT002,Procurement,2026-06-28,2026-08-08,None,GBP,PT001,Immediate,430863.38,77555.41,0,508418.79,Open,Approved,EMP023,2026-06-30,Not Received,CIF,"953 Main St, Los Angeles, AZ 24882",Expedite shipping,2026-06-28T09:00:00Z,Procurement Team
117,PO0117,PO-2023-0117,VEND074,Verizon Business Group,EMP012,Jennifer Park,DEPT002,Procurement,2023-09-16,2023-10-19,2023-10-23,EUR,PT001,Immediate,252177.92,25217.79,0,277395.71,Partially Received,Submitted,None,None,Partially Received,FOB Origin,"164 Oak Ave, New York, NY 66051",Call before delivery,2023-09-16T09:00:00Z,IT Team
118,PO0118,PO-2024-0118,VEND079,UniFirst Corporation,EMP008,Maria Garcia,DEPT008,Legal & Compliance,2024-01-29,2024-03-02,2024-02-27,USD,PT002,Net 15,93663.41,4683.17,0,98346.58,Closed,Approved,EMP035,2024-02-04,Fully Received,FOB Destination,"949 Oak Ave, Houston, IL 45710",Expedite shipping,2024-01-29T13:00:00Z,Marketing Team
119,PO0119,PO-2024-0119,VEND057,Ernst & Young LLP,EMP020,Laura Adams,DEPT010,Executive Management,2024-12-12,2025-01-06,None,INR,PT006,Net 90,77002.17,15400.43,0,92402.6,Partially Received,Approved,EMP021,2024-12-16,Partially Received,FOB Destination,"958 Park Blvd, Houston, NY 64679",Expedite shipping,2024-12-12T17:00:00Z,Finance Team
120,PO0120,PO-2026-0120,VEND020,Alpha Industries,EMP005,Robert Kim,DEPT005,Human Resources,2026-06-08,2026-07-11,2026-07-15,SEK,PT003,Net 30,430480.61,21524.03,4072.25,456076.89,Open,Rejected,None,None,Not Received,FOB Origin,"526 Oak Ave, Houston, IL 65891",Expedite shipping,2026-06-08T08:00:00Z,Marketing Team
121,PO0121,PO-2025-0121,VEND037,Atlas Air Worldwide,EMP012,Jennifer Park,DEPT002,Procurement,2025-03-02,2025-04-10,2025-04-14,CHF,PT007,2/10 Net 30,452470.5,0,2119.41,454589.91,Open,Approved,EMP034,2025-03-06,Not Received,FOB Destination,"545 Market St, New York, CA 33690",Expedite shipping,2025-03-02T15:00:00Z,IT Team
122,PO0122,PO-2026-0122,VEND015,Best Buy Corp,EMP040,Melissa Torres,DEPT010,Executive Management,2026-03-31,2026-05-07,2026-05-06,INR,PT004,Net 45,399303.56,0,2890.95,402194.51,Closed,Approved,EMP020,2026-04-03,Fully Received,Ex-Works,"443 Oak Ave, Houston, TX 32189",Expedite shipping,2026-03-31T16:00:00Z,HR Team
123,PO0123,PO-2026-0123,VEND065,Sodexo S.A.,EMP006,Amanda Lee,DEPT006,Sales,2026-07-09,2026-08-19,2026-08-20,INR,PT005,Net 60,252405.92,50481.18,4262.42,307149.52,Closed,Approved,EMP036,2026-07-10,Fully Received,FOB Origin,"808 Market St, Phoenix, NY 17020",Urgent,2026-07-09T10:00:00Z,Procurement Team
124,PO0124,PO-2025-0124,VEND016,New Horizons,EMP029,Jennifer Lee,DEPT009,Warehouse & Logistics,2025-04-06,2025-05-18,2025-05-13,GBP,PT004,Net 45,172138.65,8606.93,4990.07,185735.65,Partially Received,Approved,EMP037,2025-04-10,Partially Received,FOB Origin,"354 Market St, Chicago, TX 67431",Urgent,2025-04-06T16:00:00Z,Finance Team
125,PO0125,PO-2023-0125,VEND069,ADT Inc.,EMP015,Mark Davis,DEPT005,Human Resources,2023-09-19,2023-10-31,None,EUR,PT002,Net 15,268046.09,13402.3,0,281448.39,Closed,Approved,EMP030,2023-09-21,Fully Received,Ex-Works,"907 Main St, Phoenix, IL 90483",Urgent,2023-09-19T17:00:00Z,Procurement Team
126,PO0126,PO-2026-0126,VEND052,Moody's Analytics,EMP012,Jennifer Park,DEPT002,Procurement,2026-03-31,2026-05-03,2026-05-03,GBP,PT007,2/10 Net 30,50616.52,0,0,50616.52,Partially Received,Rejected,None,None,Partially Received,Ex-Works,"560 Main St, Houston, AZ 55210",Keep in warehouse,2026-03-31T09:00:00Z,Procurement Team
127,PO0127,PO-2024-0127,VEND034,C.H. Robinson Worldwide,EMP017,Michelle Chen,DEPT007,Marketing,2024-05-16,2024-06-25,2024-06-23,SEK,PT006,Net 90,456575.01,91315,776.14,548666.15,Partially Received,Approved,EMP001,2024-05-20,Partially Received,Ex-Works,"925 Oak Ave, Houston, NY 49356",Urgent,2024-05-16T15:00:00Z,HR Team
128,PO0128,PO-2025-0128,VEND072,Republic Services,EMP035,Joseph Wilson,DEPT005,Human Resources,2025-04-26,2025-05-24,None,SEK,PT007,2/10 Net 30,451577.43,81283.94,3276.76,536138.13,Partially Received,Approved,EMP023,2025-04-27,Partially Received,Ex-Works,"335 Main St, New York, NY 76716",Urgent,2025-04-26T16:00:00Z,Marketing Team
129,PO0129,PO-2025-0129,VEND003,IMPORTING COMPANY,EMP005,Robert Kim,DEPT005,Human Resources,2025-04-08,2025-04-25,2025-04-25,GBP,PT001,Immediate,362037.52,0,516.69,362554.21,Cancelled,Approved,EMP007,2025-04-09,Not Received,FOB Origin,"935 Park Blvd, Los Angeles, IL 17055",Call before delivery,2025-04-08T15:00:00Z,IT Team
130,PO0130,PO-2025-0130,VEND010,Tech Solutions Ltd,EMP003,Michael Johnson,DEPT003,Operations,2025-06-01,2025-06-27,2025-06-30,USD,PT007,2/10 Net 30,245288.43,44151.92,4300.3,293740.65,Closed,Draft,None,None,Fully Received,FOB Destination,"623 Park Blvd, Houston, IL 21561",Keep in warehouse,2025-06-01T13:00:00Z,Marketing Team
131,PO0131,PO-2025-0131,VEND042,"VMware, Inc.",EMP001,David Chen,DEPT001,Finance,2025-02-25,2025-03-21,None,SEK,PT004,Net 45,206545.59,41309.12,2037.59,249892.3,Open,Approved,EMP031,2025-02-27,Not Received,FOB Destination,"450 Main St, Phoenix, AZ 17229",Expedite shipping,2025-02-25T15:00:00Z,IT Team
132,PO0132,PO-2023-0132,VEND032,UPS Supply Chain Solutions,EMP021,Brian Thompson,DEPT001,Finance,2023-05-11,2023-06-05,2023-06-08,EUR,PT001,Immediate,341542.36,17077.12,0,358619.48,Closed,Approved,EMP029,2023-05-13,Fully Received,Ex-Works,"306 Oak Ave, Houston, AZ 27871",,2023-05-11T12:00:00Z,IT Team
133,PO0133,PO-2023-0133,VEND021,Johnson Controls,EMP023,Richard Martinez,DEPT003,Operations,2023-01-07,2023-01-26,2023-01-27,USD,PT005,Net 60,453862.38,45386.24,0,499248.62,Cancelled,Approved,EMP014,2023-01-08,Not Received,CIF,"663 Park Blvd, Chicago, CA 88706",Urgent,2023-01-07T15:00:00Z,Finance Team
134,PO0134,PO-2024-0134,VEND078,Cintas Corporation,EMP001,David Chen,DEPT001,Finance,2024-05-20,2024-06-29,None,USD,PT006,Net 90,87354.7,4367.73,0,91722.43,Closed,Rejected,None,None,Fully Received,CIF,"811 Main St, Chicago, TX 98379",Expedite shipping,2024-05-20T11:00:00Z,Sales Team
135,PO0135,PO-2025-0135,VEND020,Alpha Industries,EMP011,Daniel Anderson,DEPT001,Finance,2025-05-16,2025-06-30,2025-06-27,SEK,PT007,2/10 Net 30,305608.58,55009.54,0,360618.12,Open,Approved,EMP008,2025-05-23,Not Received,FOB Destination,"211 Oak Ave, Houston, CA 53730",Urgent,2025-05-16T10:00:00Z,IT Team
136,PO0136,PO-2025-0136,VEND013,Quick Logistics,EMP021,Brian Thompson,DEPT001,Finance,2025-05-21,2025-06-05,None,GBP,PT007,2/10 Net 30,407349.41,40734.94,0,448084.35,Open,Approved,EMP025,2025-05-22,Not Received,Ex-Works,"378 Oak Ave, Chicago, CA 43493",Expedite shipping,2025-05-21T13:00:00Z,IT Team
137,PO0137,PO-2025-0137,VEND081,Kimberly-Clark Professional,EMP007,James Wilson,DEPT007,Marketing,2025-11-04,2025-11-20,2025-11-22,SEK,PT004,Net 45,158843.04,0,1070.69,159913.73,Open,Approved,EMP010,2025-11-10,Not Received,FOB Destination,"645 Market St, Houston, AZ 26192",,2025-11-04T10:00:00Z,Marketing Team
138,PO0138,PO-2023-0138,VEND029,Rockwell Automation,EMP027,Nancy Davis,DEPT007,Marketing,2023-02-18,2023-03-10,2023-03-07,USD,PT006,Net 90,214989.12,21498.91,1019.62,237507.65,Open,Approved,EMP013,2023-02-25,Not Received,FOB Origin,"787 Main St, New York, CA 14430",Call before delivery,2023-02-18T10:00:00Z,Marketing Team
139,PO0139,PO-2026-0139,VEND012,Elite Services,EMP003,Michael Johnson,DEPT003,Operations,2026-05-02,2026-05-20,2026-05-19,SEK,PT006,Net 90,289989.59,28998.96,1084.72,320073.27,Open,Approved,EMP031,2026-05-09,Not Received,Ex-Works,"379 Market St, Chicago, AZ 81946",,2026-05-02T15:00:00Z,IT Team
140,PO0140,PO-2023-0140,VEND062,Accenture PLC,EMP025,Jason Harris,DEPT005,Human Resources,2023-04-05,2023-05-20,None,USD,PT006,Net 90,292331.49,58466.3,4653.89,355451.68,Open,Approved,EMP032,2023-04-11,Not Received,FOB Origin,"903 Park Blvd, Phoenix, NY 43360",Expedite shipping,2023-04-05T09:00:00Z,IT Team
141,PO0141,PO-2025-0141,VEND051,Thomson Reuters,EMP010,Patricia Taylor,DEPT010,Executive Management,2025-11-01,2025-12-09,2025-12-06,USD,PT003,Net 30,351600.55,63288.1,1373.12,416261.77,Partially Received,Approved,EMP014,2025-11-06,Partially Received,CIF,"369 Oak Ave, Chicago, IL 53686",,2025-11-01T17:00:00Z,Procurement Team
142,PO0142,PO-2023-0142,VEND092,Baldor Electric Company,EMP018,Andrew Kim,DEPT008,Legal & Compliance,2023-02-07,2023-03-08,None,CHF,PT005,Net 60,53586.89,2679.34,0,56266.23,Closed,Rejected,None,None,Fully Received,Ex-Works,"832 Market St, Los Angeles, IL 51794",,2023-02-07T14:00:00Z,IT Team
143,PO0143,PO-2023-0143,VEND096,Gates Corporation,EMP003,Michael Johnson,DEPT003,Operations,2023-11-02,2023-11-20,2023-11-19,EUR,PT004,Net 45,40915.51,8183.1,0,49098.61,Open,Approved,EMP013,2023-11-06,Not Received,FOB Destination,"789 Main St, Phoenix, AZ 21744",,2023-11-02T13:00:00Z,IT Team
144,PO0144,PO-2026-0144,VEND025,ABB Ltd,EMP036,Kimberly Wright,DEPT006,Sales,2026-06-26,2026-07-12,2026-07-16,GBP,PT006,Net 90,341949.62,34194.96,2431.28,378575.86,Open,Approved,EMP024,2026-06-28,Not Received,CIF,"964 Main St, Los Angeles, NY 30256",Call before delivery,2026-06-26T16:00:00Z,IT Team
145,PO0145,PO-2023-0145,VEND009,Office Furniture World,EMP004,Jessica Martinez,DEPT004,Information Technology,2023-07-11,2023-08-03,None,USD,PT002,Net 15,487254.08,87705.73,0,574959.81,Open,Approved,EMP022,2023-07-18,Not Received,CIF,"144 Market St, New York, IL 93781",,2023-07-11T11:00:00Z,Procurement Team
146,PO0146,PO-2024-0146,VEND002,Samira Hadid,EMP015,Mark Davis,DEPT005,Human Resources,2024-11-05,2024-12-10,2024-12-06,INR,PT005,Net 60,179182.77,0,0,179182.77,Open,Approved,EMP019,2024-11-09,Not Received,FOB Destination,"158 Market St, Los Angeles, AZ 70194",Call before delivery,2024-11-05T09:00:00Z,Procurement Team
147,PO0147,PO-2025-0147,VEND035,Expeditors International,EMP023,Richard Martinez,DEPT003,Operations,2025-09-26,2025-10-18,None,GBP,PT001,Immediate,225677.87,40622.02,3931.14,270231.03,Pending Approval,Approved,EMP016,2025-09-28,Not Received,FOB Origin,"520 Main St, Chicago, NY 28151",,2025-09-26T17:00:00Z,HR Team
148,PO0148,PO-2026-0148,VEND006,Amazon Business,EMP038,Stephanie Hall,DEPT008,Legal & Compliance,2026-11-15,2026-12-30,None,SEK,PT002,Net 15,260096.55,46817.38,1376.63,308290.56,Closed,Approved,EMP038,2026-11-18,Fully Received,CIF,"810 Market St, Chicago, TX 39884",Call before delivery,2026-11-15T11:00:00Z,Procurement Team
149,PO0149,PO-2026-0149,VEND083,MSC Industrial Direct,EMP016,Steven Park,DEPT006,Sales,2026-12-24,2027-02-01,2027-02-01,SEK,PT003,Net 30,341796.88,34179.69,0,375976.57,Open,Approved,EMP005,2026-12-30,Not Received,CIF,"718 Oak Ave, Houston, IL 35368",Call before delivery,2026-12-24T13:00:00Z,IT Team
150,PO0150,PO-2023-0150,VEND013,Quick Logistics,EMP038,Stephanie Hall,DEPT008,Legal & Compliance,2023-12-03,2024-01-11,2024-01-06,GBP,PT003,Net 30,456363.15,45636.32,0,501999.47,Closed,Approved,EMP034,2023-12-08,Fully Received,FOB Origin,"773 Park Blvd, New York, CA 70399",Expedite shipping,2023-12-03T13:00:00Z,IT Team
151,PO0151,PO-2023-0151,VEND068,Securitas AB,EMP019,Rachel Rodriguez,DEPT009,Warehouse & Logistics,2023-06-30,2023-08-11,None,EUR,PT001,Immediate,237422.67,47484.53,2440.82,287348.02,Closed,Draft,None,None,Fully Received,FOB Origin,"185 Oak Ave, New York, CA 96137",Urgent,2023-06-30T08:00:00Z,Sales Team
152,PO0152,PO-2025-0152,VEND048,Cummins Inc.,EMP012,Jennifer Park,DEPT002,Procurement,2025-08-30,2025-09-25,2025-09-27,EUR,PT004,Net 45,323518.22,58233.28,3441.4,385192.9,Open,Approved,EMP039,2025-09-02,Not Received,FOB Destination,"274 Park Blvd, Los Angeles, TX 75703",,2025-08-30T11:00:00Z,Marketing Team
153,PO0153,PO-2024-0153,VEND071,Waste Management Inc.,EMP006,Amanda Lee,DEPT006,Sales,2024-09-06,2024-10-10,None,EUR,PT004,Net 45,471785.33,0,0,471785.33,Open,Approved,EMP030,2024-09-13,Not Received,CIF,"102 Oak Ave, Houston, IL 82866",Keep in warehouse,2024-09-06T09:00:00Z,HR Team
154,PO0154,PO-2024-0154,VEND053,S&P Global Inc.,EMP013,Kevin Moore,DEPT003,Operations,2024-12-30,2025-02-09,2025-02-08,SEK,PT005,Net 60,34134.94,6144.29,2504.74,42783.97,Open,Submitted,None,None,Not Received,FOB Destination,"710 Oak Ave, Houston, AZ 28045",Keep in warehouse,2024-12-30T14:00:00Z,Sales Team
155,PO0155,PO-2025-0155,VEND078,Cintas Corporation,EMP009,Thomas Brown,DEPT009,Warehouse & Logistics,2025-04-04,2025-04-25,2025-04-24,USD,PT003,Net 30,472454.41,85041.79,0,557496.2,Closed,Approved,EMP004,2025-04-08,Fully Received,Ex-Works,"267 Oak Ave, Chicago, NY 95459",,2025-04-04T17:00:00Z,Sales Team
156,PO0156,PO-2025-0156,VEND070,Tyco International,EMP011,Daniel Anderson,DEPT001,Finance,2025-04-14,2025-05-11,2025-05-14,GBP,PT003,Net 30,135621.62,24411.89,0,160033.51,Partially Received,Approved,EMP014,2025-04-17,Partially Received,Ex-Works,"236 Market St, New York, TX 45274",,2025-04-14T17:00:00Z,Procurement Team
157,PO0157,PO-2023-0157,VEND039,Oracle Corporation,EMP021,Brian Thompson,DEPT001,Finance,2023-01-27,2023-02-13,2023-02-09,CHF,PT002,Net 15,156196.94,28115.45,0,184312.39,Closed,Approved,EMP006,2023-01-29,Fully Received,CIF,"396 Oak Ave, Los Angeles, TX 88888",Call before delivery,2023-01-27T10:00:00Z,HR Team
158,PO0158,PO-2023-0158,VEND013,Quick Logistics,EMP040,Melissa Torres,DEPT010,Executive Management,2023-12-31,2024-01-22,None,GBP,PT001,Immediate,269858.55,26985.85,1407.18,298251.58,Closed,Approved,EMP032,2024-01-01,Fully Received,CIF,"400 Main St, Chicago, NY 44103",Call before delivery,2023-12-31T10:00:00Z,IT Team
159,PO0159,PO-2024-0159,VEND033,Maersk Line,EMP035,Joseph Wilson,DEPT005,Human Resources,2024-10-06,2024-11-10,2024-11-15,SEK,PT007,2/10 Net 30,429926.55,21496.33,4661.98,456084.86,Closed,Approved,EMP019,2024-10-12,Fully Received,FOB Origin,"942 Market St, Houston, AZ 69958",,2024-10-06T15:00:00Z,HR Team
160,PO0160,PO-2023-0160,VEND077,Spectrum Business,EMP023,Richard Martinez,DEPT003,Operations,2023-07-26,2023-08-21,None,SEK,PT006,Net 90,340691.59,61324.49,3168.6,405184.68,Closed,Approved,EMP033,2023-07-29,Fully Received,Ex-Works,"411 Oak Ave, Chicago, AZ 16386",Expedite shipping,2023-07-26T13:00:00Z,Procurement Team
161,PO0161,PO-2024-0161,VEND046,Lenovo Group Limited,EMP035,Joseph Wilson,DEPT005,Human Resources,2024-05-11,2024-06-05,None,INR,PT005,Net 60,104272.27,10427.23,4354.73,119054.23,Open,Approved,EMP026,2024-05-12,Not Received,FOB Destination,"792 Main St, New York, IL 58697",Call before delivery,2024-05-11T17:00:00Z,Procurement Team
162,PO0162,PO-2024-0162,VEND059,McKinsey & Company,EMP034,Angela Martinez,DEPT004,Information Technology,2024-09-04,2024-09-26,None,CHF,PT001,Immediate,383613.05,0,0,383613.05,Closed,Approved,EMP015,2024-09-07,Fully Received,CIF,"928 Main St, Chicago, AZ 31607",Call before delivery,2024-09-04T13:00:00Z,HR Team
163,PO0163,PO-2025-0163,VEND039,Oracle Corporation,EMP006,Amanda Lee,DEPT006,Sales,2025-09-10,2025-10-02,2025-10-05,CHF,PT002,Net 15,362462.9,72492.58,1950.45,436905.93,Closed,Submitted,None,None,Fully Received,FOB Destination,"941 Market St, Los Angeles, NY 21730",Call before delivery,2025-09-10T16:00:00Z,Marketing Team
164,PO0164,PO-2023-0164,VEND035,Expeditors International,EMP004,Jessica Martinez,DEPT004,Information Technology,2023-06-19,2023-07-23,2023-07-26,GBP,PT004,Net 45,221937.21,0,389.94,222327.15,Open,Approved,EMP012,2023-06-24,Not Received,FOB Origin,"168 Park Blvd, Phoenix, NY 96432",Call before delivery,2023-06-19T16:00:00Z,Procurement Team
165,PO0165,PO-2025-0165,VEND041,Salesforce.com Inc.,EMP006,Amanda Lee,DEPT006,Sales,2025-09-05,2025-09-22,2025-09-21,GBP,PT004,Net 45,479317.46,23965.87,225.38,503508.71,Pending Approval,Approved,EMP010,2025-09-07,Not Received,FOB Destination,"780 Oak Ave, New York, TX 67507",,2025-09-05T11:00:00Z,Marketing Team
166,PO0166,PO-2023-0166,VEND052,Moody's Analytics,EMP006,Amanda Lee,DEPT006,Sales,2023-10-15,2023-11-10,2023-11-07,GBP,PT006,Net 90,476672.49,47667.25,1029.39,525369.13,Closed,Approved,EMP031,2023-10-17,Fully Received,FOB Origin,"843 Park Blvd, New York, IL 96771",Keep in warehouse,2023-10-15T10:00:00Z,HR Team
167,PO0167,PO-2024-0167,VEND004,Dell Technologies,EMP010,Patricia Taylor,DEPT010,Executive Management,2024-08-14,2024-09-28,2024-10-01,CHF,PT006,Net 90,484532.18,48453.22,0,532985.4,Cancelled,Approved,EMP032,2024-08-15,Not Received,Ex-Works,"908 Market St, New York, NY 20805",Expedite shipping,2024-08-14T08:00:00Z,Marketing Team
168,PO0168,PO-2026-0168,VEND025,ABB Ltd,EMP024,Kimberly White,DEPT004,Information Technology,2026-06-18,2026-07-13,2026-07-12,GBP,PT004,Net 45,253685.82,50737.16,0,304422.98,Closed,Approved,EMP018,2026-06-19,Fully Received,FOB Origin,"721 Park Blvd, New York, NY 64853",,2026-06-18T11:00:00Z,Finance Team
169,PO0169,PO-2026-0169,VEND021,Johnson Controls,EMP033,Timothy Rodriguez,DEPT003,Operations,2026-03-06,2026-04-08,None,USD,PT006,Net 90,496921.93,49692.19,3972.19,550586.31,Partially Received,Approved,EMP008,2026-03-10,Partially Received,FOB Destination,"733 Main St, Chicago, NY 14752",Call before delivery,2026-03-06T16:00:00Z,Sales Team
170,PO0170,PO-2026-0170,VEND068,Securitas AB,EMP017,Michelle Chen,DEPT007,Marketing,2026-04-02,2026-05-01,2026-05-06,EUR,PT002,Net 15,384824.36,0,3001.15,387825.51,Open,Approved,EMP036,2026-04-07,Not Received,FOB Destination,"438 Oak Ave, Phoenix, AZ 50888",Urgent,2026-04-02T16:00:00Z,Finance Team
171,PO0171,PO-2024-0171,VEND009,Office Furniture World,EMP026,Amanda Thomas,DEPT006,Sales,2024-12-11,2025-01-13,2025-01-10,USD,PT005,Net 60,67483.15,0,1192.43,68675.58,Partially Received,Approved,EMP011,2024-12-13,Partially Received,Ex-Works,"762 Park Blvd, Los Angeles, NY 84850",Call before delivery,2024-12-11T16:00:00Z,Sales Team
172,PO0172,PO-2024-0172,VEND025,ABB Ltd,EMP034,Angela Martinez,DEPT004,Information Technology,2024-04-15,2024-05-10,2024-05-07,GBP,PT005,Net 60,357303.23,64314.58,1826.53,423444.34,Closed,Approved,EMP023,2024-04-20,Fully Received,FOB Destination,"611 Park Blvd, Houston, IL 85236",Urgent,2024-04-15T15:00:00Z,Sales Team
173,PO0173,PO-2023-0173,VEND002,Samira Hadid,EMP027,Nancy Davis,DEPT007,Marketing,2023-01-27,2023-02-20,2023-02-17,INR,PT004,Net 45,389655.75,19482.79,797.8,409936.34,Open,Submitted,None,None,Not Received,FOB Origin,"673 Market St, Houston, TX 47456",Urgent,2023-01-27T13:00:00Z,Finance Team
174,PO0174,PO-2026-0174,VEND070,Tyco International,EMP002,Sarah Williams,DEPT002,Procurement,2026-09-30,2026-11-03,2026-10-30,GBP,PT003,Net 30,420608.57,0,3813.61,424422.18,Cancelled,Approved,EMP031,2026-10-03,Not Received,Ex-Works,"228 Park Blvd, Los Angeles, TX 24711",Urgent,2026-09-30T08:00:00Z,HR Team
175,PO0175,PO-2026-0175,VEND095,SKF Group,EMP022,Cynthia Lewis,DEPT002,Procurement,2026-09-25,2026-10-29,2026-10-30,GBP,PT001,Immediate,494546.41,89018.35,4164.38,587729.14,Open,Approved,EMP012,2026-09-27,Not Received,FOB Origin,"355 Market St, Chicago, IL 97256",Urgent,2026-09-25T11:00:00Z,Procurement Team
176,PO0176,PO-2023-0176,VEND057,Ernst & Young LLP,EMP036,Kimberly Wright,DEPT006,Sales,2023-04-16,2023-05-28,None,INR,PT004,Net 45,349410.14,69882.03,0,419292.17,Open,Approved,EMP040,2023-04-19,Not Received,Ex-Works,"834 Oak Ave, Phoenix, AZ 73522",Call before delivery,2023-04-16T08:00:00Z,HR Team
177,PO0177,PO-2023-0177,VEND021,Johnson Controls,EMP028,Peter Garcia,DEPT008,Legal & Compliance,2023-01-09,2023-02-05,None,USD,PT001,Immediate,335467.27,60384.11,0,395851.38,Closed,Approved,EMP020,2023-01-10,Fully Received,Ex-Works,"441 Market St, Los Angeles, TX 88805",Call before delivery,2023-01-09T11:00:00Z,Finance Team
178,PO0178,PO-2026-0178,VEND071,Waste Management Inc.,EMP030,Elizabeth Miller,DEPT010,Executive Management,2026-12-20,2027-01-19,2027-01-17,EUR,PT007,2/10 Net 30,391334.15,70440.15,0,461774.3,Closed,Approved,EMP032,2026-12-22,Fully Received,CIF,"688 Main St, Chicago, IL 97025",,2026-12-20T09:00:00Z,HR Team
179,PO0179,PO-2026-0179,VEND078,Cintas Corporation,EMP006,Amanda Lee,DEPT006,Sales,2026-07-05,2026-08-19,None,USD,PT001,Immediate,281293.64,50632.86,3885.87,335812.37,Open,Approved,EMP035,2026-07-09,Not Received,CIF,"826 Park Blvd, Phoenix, IL 54284",Urgent,2026-07-05T12:00:00Z,IT Team
180,PO0180,PO-2026-0180,VEND056,PricewaterhouseCoopers LLP,EMP035,Joseph Wilson,DEPT005,Human Resources,2026-08-29,2026-09-26,2026-09-26,EUR,PT007,2/10 Net 30,391152.53,19557.63,0,410710.16,Open,Approved,EMP037,2026-09-03,Not Received,FOB Destination,"589 Main St, Phoenix, TX 80836",Call before delivery,2026-08-29T14:00:00Z,Procurement Team
181,PO0181,PO-2026-0181,VEND052,Moody's Analytics,EMP010,Patricia Taylor,DEPT010,Executive Management,2026-04-30,2026-05-26,2026-05-31,GBP,PT005,Net 60,264898.62,13244.93,32.58,278176.13,Closed,Approved,EMP009,2026-05-03,Fully Received,FOB Destination,"345 Main St, Los Angeles, IL 97510",Call before delivery,2026-04-30T14:00:00Z,HR Team
182,PO0182,PO-2025-0182,VEND057,Ernst & Young LLP,EMP003,Michael Johnson,DEPT003,Operations,2025-09-28,2025-11-03,2025-11-04,INR,PT003,Net 30,357855.81,71571.16,0,429426.97,Closed,Approved,EMP031,2025-10-05,Fully Received,FOB Destination,"559 Oak Ave, Phoenix, NY 16258",Urgent,2025-09-28T09:00:00Z,Marketing Team
183,PO0183,PO-2026-0183,VEND091,Ingersoll Rand,EMP006,Amanda Lee,DEPT006,Sales,2026-11-11,2026-12-01,2026-12-01,GBP,PT003,Net 30,71278.95,14255.79,0,85534.74,Closed,Approved,EMP021,2026-11-12,Fully Received,CIF,"602 Main St, New York, CA 71344",Expedite shipping,2026-11-11T17:00:00Z,IT Team
184,PO0184,PO-2025-0184,VEND059,McKinsey & Company,EMP038,Stephanie Hall,DEPT008,Legal & Compliance,2025-02-24,2025-04-06,2025-04-07,CHF,PT005,Net 60,175517.24,0,0,175517.24,Closed,Approved,EMP009,2025-03-03,Fully Received,Ex-Works,"941 Market St, Chicago, CA 83913",Call before delivery,2025-02-24T13:00:00Z,Sales Team
185,PO0185,PO-2023-0185,VEND091,Ingersoll Rand,EMP020,Laura Adams,DEPT010,Executive Management,2023-03-11,2023-04-17,2023-04-18,GBP,PT001,Immediate,126459.79,0,1372.53,127832.32,Closed,Rejected,None,None,Fully Received,Ex-Works,"149 Oak Ave, Houston, CA 52359",Keep in warehouse,2023-03-11T08:00:00Z,Sales Team
186,PO0186,PO-2026-0186,VEND098,Michelin North America,EMP019,Rachel Rodriguez,DEPT009,Warehouse & Logistics,2026-12-25,2027-01-18,2027-01-16,USD,PT005,Net 60,54917.35,5491.73,2061.59,62470.67,Open,Approved,EMP017,2026-12-30,Not Received,FOB Origin,"292 Market St, Phoenix, AZ 78475",,2026-12-25T14:00:00Z,Marketing Team
187,PO0187,PO-2023-0187,VEND097,Goodyear Tire & Rubber,EMP002,Sarah Williams,DEPT002,Procurement,2023-01-25,2023-02-10,2023-02-05,GBP,PT005,Net 60,350599.95,35060,0,385659.95,Closed,Approved,EMP039,2023-01-30,Fully Received,Ex-Works,"152 Market St, New York, TX 42020",Expedite shipping,2023-01-25T17:00:00Z,Finance Team
188,PO0188,PO-2023-0188,VEND037,Atlas Air Worldwide,EMP002,Sarah Williams,DEPT002,Procurement,2023-06-18,2023-07-20,None,CHF,PT005,Net 60,274283.11,0,0,274283.11,Open,Approved,EMP024,2023-06-23,Not Received,FOB Origin,"592 Main St, Phoenix, NY 22611",Keep in warehouse,2023-06-18T13:00:00Z,HR Team
189,PO0189,PO-2025-0189,VEND091,Ingersoll Rand,EMP034,Angela Martinez,DEPT004,Information Technology,2025-10-20,2025-11-04,2025-11-05,GBP,PT005,Net 60,461109.59,82999.73,0,544109.32,Open,Approved,EMP022,2025-10-26,Not Received,FOB Origin,"795 Main St, Chicago, CA 31804",Call before delivery,2025-10-20T08:00:00Z,Marketing Team
190,PO0190,PO-2024-0190,VEND096,Gates Corporation,EMP006,Amanda Lee,DEPT006,Sales,2024-08-31,2024-10-04,2024-10-06,EUR,PT006,Net 90,174332.29,0,0,174332.29,Pending Approval,Draft,None,None,Not Received,FOB Destination,"177 Oak Ave, Houston, NY 65050",,2024-08-31T16:00:00Z,Finance Team
191,PO0191,PO-2023-0191,VEND010,Tech Solutions Ltd,EMP027,Nancy Davis,DEPT007,Marketing,2023-06-10,2023-07-01,2023-06-28,USD,PT005,Net 60,57032.43,10265.84,0,67298.27,Partially Received,Approved,EMP018,2023-06-12,Partially Received,FOB Destination,"963 Park Blvd, Houston, NY 49300",Urgent,2023-06-10T08:00:00Z,Sales Team
192,PO0192,PO-2026-0192,VEND001,ABCD & CO,EMP025,Jason Harris,DEPT005,Human Resources,2026-06-19,2026-07-18,None,SEK,PT006,Net 90,42805.68,2140.28,1694.8,46640.76,Closed,Approved,EMP009,2026-06-23,Fully Received,FOB Origin,"765 Park Blvd, Chicago, NY 80482",Keep in warehouse,2026-06-19T17:00:00Z,Finance Team
193,PO0193,PO-2026-0193,VEND073,AT&T Business,EMP005,Robert Kim,DEPT005,Human Resources,2026-06-02,2026-06-24,2026-06-26,SEK,PT004,Net 45,334809.54,33480.95,0,368290.49,Open,Approved,EMP010,2026-06-04,Not Received,FOB Origin,"835 Main St, New York, IL 72983",Expedite shipping,2026-06-02T15:00:00Z,IT Team
194,PO0194,PO-2023-0194,VEND081,Kimberly-Clark Professional,EMP004,Jessica Martinez,DEPT004,Information Technology,2023-11-11,2023-12-06,2023-12-10,SEK,PT004,Net 45,41181.12,0,3828.2,45009.32,Open,Approved,EMP025,2023-11-16,Not Received,FOB Destination,"323 Park Blvd, Houston, CA 67287",,2023-11-11T15:00:00Z,HR Team
195,PO0195,PO-2023-0195,VEND044,IBM Corporation,EMP010,Patricia Taylor,DEPT010,Executive Management,2023-11-24,2023-12-29,2023-12-27,SEK,PT007,2/10 Net 30,93226.02,16780.68,0,110006.7,Partially Received,Submitted,None,None,Partially Received,FOB Destination,"183 Park Blvd, Los Angeles, AZ 41876",Expedite shipping,2023-11-24T13:00:00Z,IT Team
196,PO0196,PO-2023-0196,VEND018,Summit Systems,EMP014,Lisa Johnson,DEPT004,Information Technology,2023-02-27,2023-03-17,2023-03-22,EUR,PT002,Net 15,447800.87,44780.09,3500.05,496081.01,Pending Approval,Approved,EMP034,2023-03-02,Not Received,Ex-Works,"365 Main St, Los Angeles, IL 28090",Keep in warehouse,2023-02-27T15:00:00Z,IT Team
197,PO0197,PO-2023-0197,VEND026,General Electric,EMP026,Amanda Thomas,DEPT006,Sales,2023-07-08,2023-08-13,2023-08-14,SEK,PT001,Immediate,376900.17,37690.02,0,414590.19,Partially Received,Approved,EMP031,2023-07-14,Partially Received,Ex-Works,"458 Park Blvd, Los Angeles, IL 97614",Urgent,2023-07-08T17:00:00Z,Sales Team
198,PO0198,PO-2025-0198,VEND047,Apple Inc.,EMP012,Jennifer Park,DEPT002,Procurement,2025-07-17,2025-08-10,2025-08-09,GBP,PT004,Net 45,80033.54,4001.68,1368.39,85403.61,Partially Received,Approved,EMP026,2025-07-22,Partially Received,CIF,"881 Main St, Phoenix, TX 83408",Keep in warehouse,2025-07-17T09:00:00Z,Sales Team
199,PO0199,PO-2023-0199,VEND046,Lenovo Group Limited,EMP032,Susan Clark,DEPT002,Procurement,2023-07-18,2023-08-21,2023-08-24,INR,PT006,Net 90,367481.26,0,1978.56,369459.82,Closed,Approved,EMP003,2023-07-22,Fully Received,FOB Destination,"768 Park Blvd, Los Angeles, IL 75528",,2023-07-18T16:00:00Z,Marketing Team
200,PO0200,PO-2025-0200,VEND079,UniFirst Corporation,EMP001,David Chen,DEPT001,Finance,2025-09-09,2025-09-28,2025-09-25,USD,PT001,Immediate,336881.94,33688.19,0,370570.13,Cancelled,Approved,EMP001,2025-09-11,Not Received,Ex-Works,"200 Park Blvd, Chicago, NY 45003",Expedite shipping,2025-09-09T09:00:00Z,IT Team
201,PO0201,PO-2026-0201,VEND088,Makita Corporation,EMP035,Joseph Wilson,DEPT005,Human Resources,2026-04-10,2026-04-26,2026-04-24,CHF,PT003,Net 30,279202.57,55840.51,3316.8,338359.88,Pending Approval,Rejected,None,None,Not Received,FOB Origin,"263 Market St, Los Angeles, TX 37563",Keep in warehouse,2026-04-10T13:00:00Z,IT Team
202,PO0202,PO-2025-0202,VEND017,Pinnacle Partners,EMP010,Patricia Taylor,DEPT010,Executive Management,2025-01-31,2025-03-17,2025-03-20,CHF,PT004,Net 45,478387.31,0,0,478387.31,Pending Approval,Submitted,None,None,Not Received,FOB Destination,"624 Park Blvd, Phoenix, CA 20669",Expedite shipping,2025-01-31T09:00:00Z,Procurement Team
203,PO0203,PO-2026-0203,VEND055,Deloitte & Touche LLP,EMP007,James Wilson,DEPT007,Marketing,2026-09-29,2026-10-18,None,EUR,PT001,Immediate,82773.01,4138.65,3658.42,90570.08,Closed,Submitted,None,None,Fully Received,FOB Destination,"497 Market St, Phoenix, NY 93803",,2026-09-29T17:00:00Z,Sales Team
204,PO0204,PO-2025-0204,VEND031,FedEx Corporation,EMP036,Kimberly Wright,DEPT006,Sales,2025-11-23,2025-12-28,2025-12-23,SEK,PT007,2/10 Net 30,298846.29,0,3864.74,302711.03,Partially Received,Approved,EMP034,2025-11-30,Partially Received,FOB Destination,"141 Park Blvd, Phoenix, TX 48072",Keep in warehouse,2025-11-23T09:00:00Z,Sales Team
205,PO0205,PO-2025-0205,VEND016,New Horizons,EMP027,Nancy Davis,DEPT007,Marketing,2025-11-07,2025-11-22,None,GBP,PT005,Net 60,317667.25,0,2803.34,320470.59,Cancelled,Approved,EMP003,2025-11-14,Not Received,FOB Origin,"520 Market St, New York, CA 18271",Keep in warehouse,2025-11-07T17:00:00Z,HR Team
206,PO0206,PO-2026-0206,VEND053,S&P Global Inc.,EMP029,Jennifer Lee,DEPT009,Warehouse & Logistics,2026-08-17,2026-09-17,2026-09-13,SEK,PT002,Net 15,159976.35,0,0,159976.35,Open,Rejected,None,None,Not Received,CIF,"291 Main St, Houston, NY 61107",Urgent,2026-08-17T09:00:00Z,Marketing Team
207,PO0207,PO-2025-0207,VEND031,FedEx Corporation,EMP011,Daniel Anderson,DEPT001,Finance,2025-11-10,2025-12-10,2025-12-10,SEK,PT001,Immediate,207594.8,41518.96,0,249113.76,Closed,Approved,EMP011,2025-11-15,Fully Received,Ex-Works,"175 Oak Ave, Los Angeles, AZ 79003",Call before delivery,2025-11-10T17:00:00Z,IT Team
208,PO0208,PO-2025-0208,VEND088,Makita Corporation,EMP020,Laura Adams,DEPT010,Executive Management,2025-02-25,2025-03-24,2025-03-22,CHF,PT001,Immediate,196470.25,39294.05,0,235764.3,Closed,Approved,EMP003,2025-02-27,Fully Received,FOB Destination,"133 Park Blvd, Houston, CA 72380",Expedite shipping,2025-02-25T13:00:00Z,Sales Team
209,PO0209,PO-2026-0209,VEND053,S&P Global Inc.,EMP031,Charles Robinson,DEPT001,Finance,2026-05-19,2026-06-09,2026-06-06,SEK,PT006,Net 90,494954,49495.4,0,544449.4,Open,Approved,EMP004,2026-05-22,Not Received,CIF,"415 Oak Ave, Los Angeles, NY 64092",,2026-05-19T17:00:00Z,Sales Team
210,PO0210,PO-2026-0210,VEND088,Makita Corporation,EMP040,Melissa Torres,DEPT010,Executive Management,2026-11-14,2026-12-13,2026-12-09,CHF,PT003,Net 30,391376.26,0,0,391376.26,Open,Approved,EMP022,2026-11-18,Not Received,CIF,"573 Oak Ave, Houston, CA 32061",Expedite shipping,2026-11-14T09:00:00Z,HR Team
211,PO0211,PO-2024-0211,VEND056,PricewaterhouseCoopers LLP,EMP008,Maria Garcia,DEPT008,Legal & Compliance,2024-01-15,2024-02-25,2024-02-22,EUR,PT006,Net 90,37677.75,0,0,37677.75,Open,Approved,EMP030,2024-01-16,Not Received,Ex-Works,"325 Park Blvd, Chicago, AZ 63810",Keep in warehouse,2024-01-15T10:00:00Z,Procurement Team
212,PO0212,PO-2026-0212,VEND009,Office Furniture World,EMP037,Christopher Lee,DEPT007,Marketing,2026-08-14,2026-09-09,2026-09-04,USD,PT001,Immediate,368295.07,66293.11,2262.1,436850.28,Open,Approved,EMP018,2026-08-16,Not Received,Ex-Works,"831 Park Blvd, Chicago, IL 58147",,2026-08-14T09:00:00Z,Finance Team
213,PO0213,PO-2023-0213,VEND008,DHL Express,EMP001,David Chen,DEPT001,Finance,2023-08-05,2023-09-03,2023-08-30,INR,PT007,2/10 Net 30,212582.12,0,4333.07,216915.19,Open,Approved,EMP033,2023-08-09,Not Received,CIF,"451 Main St, Chicago, NY 75039",Expedite shipping,2023-08-05T13:00:00Z,Procurement Team
214,PO0214,PO-2025-0214,VEND086,W.W. Grainger International,EMP007,James Wilson,DEPT007,Marketing,2025-12-20,2026-01-17,2026-01-21,EUR,PT007,2/10 Net 30,143916,0,3306.96,147222.96,Closed,Approved,EMP033,2025-12-26,Fully Received,Ex-Works,"158 Oak Ave, Phoenix, AZ 58728",Urgent,2025-12-20T08:00:00Z,Procurement Team
215,PO0215,PO-2026-0215,VEND050,Festo AG & Co. KG,EMP034,Angela Martinez,DEPT004,Information Technology,2026-06-17,2026-07-04,2026-07-02,INR,PT001,Immediate,293532.38,0,0,293532.38,Open,Submitted,None,None,Not Received,CIF,"985 Park Blvd, Phoenix, TX 24930",Call before delivery,2026-06-17T17:00:00Z,Finance Team
216,PO0216,PO-2026-0216,VEND080,Ecolab Inc.,EMP027,Nancy Davis,DEPT007,Marketing,2026-01-31,2026-03-12,None,INR,PT003,Net 30,292049.23,52568.86,4711.61,349329.7,Closed,Approved,EMP029,2026-02-05,Fully Received,Ex-Works,"843 Market St, Houston, NY 25510",Expedite shipping,2026-01-31T11:00:00Z,Sales Team
217,PO0217,PO-2025-0217,VEND041,Salesforce.com Inc.,EMP012,Jennifer Park,DEPT002,Procurement,2025-11-01,2025-12-09,2025-12-06,GBP,PT007,2/10 Net 30,454081.72,0,0,454081.72,Closed,Approved,EMP021,2025-11-06,Fully Received,FOB Origin,"672 Oak Ave, New York, TX 88376",,2025-11-01T08:00:00Z,Finance Team
218,PO0218,PO-2023-0218,VEND044,IBM Corporation,EMP035,Joseph Wilson,DEPT005,Human Resources,2023-03-29,2023-04-13,2023-04-13,SEK,PT005,Net 60,19806.77,3961.35,0,23768.12,Closed,Approved,EMP027,2023-03-30,Fully Received,Ex-Works,"285 Park Blvd, Chicago, TX 37207",,2023-03-29T11:00:00Z,Marketing Team
219,PO0219,PO-2026-0219,VEND019,Vanguard Tech,EMP039,David Nguyen,DEPT009,Warehouse & Logistics,2026-12-16,2027-01-22,None,USD,PT003,Net 30,374523.79,74904.76,3542.31,452970.86,Closed,Approved,EMP019,2026-12-18,Fully Received,Ex-Works,"412 Market St, Chicago, NY 80437",Call before delivery,2026-12-16T17:00:00Z,Procurement Team
220,PO0220,PO-2026-0220,VEND083,MSC Industrial Direct,EMP029,Jennifer Lee,DEPT009,Warehouse & Logistics,2026-03-14,2026-04-16,2026-04-21,SEK,PT007,2/10 Net 30,181457.27,0,2313.51,183770.78,Closed,Submitted,None,None,Fully Received,FOB Origin,"500 Oak Ave, New York, TX 55620",Urgent,2026-03-14T14:00:00Z,Finance Team
221,PO0221,PO-2025-0221,VEND080,Ecolab Inc.,EMP038,Stephanie Hall,DEPT008,Legal & Compliance,2025-03-27,2025-04-13,None,INR,PT001,Immediate,157863.76,28415.48,0,186279.24,Closed,Approved,EMP013,2025-03-31,Fully Received,FOB Destination,"506 Main St, Phoenix, IL 53338",,2025-03-27T08:00:00Z,Procurement Team
222,PO0222,PO-2026-0222,VEND041,Salesforce.com Inc.,EMP002,Sarah Williams,DEPT002,Procurement,2026-11-06,2026-11-27,2026-12-01,GBP,PT007,2/10 Net 30,394267.63,19713.38,0,413981.01,Partially Received,Approved,EMP031,2026-11-09,Partially Received,Ex-Works,"274 Park Blvd, Los Angeles, CA 15668",Urgent,2026-11-06T13:00:00Z,Marketing Team
223,PO0223,PO-2023-0223,VEND095,SKF Group,EMP018,Andrew Kim,DEPT008,Legal & Compliance,2023-03-15,2023-04-13,2023-04-13,GBP,PT006,Net 90,26547.76,0,2872.52,29420.28,Closed,Approved,EMP021,2023-03-21,Fully Received,FOB Destination,"152 Main St, Phoenix, IL 79405",Expedite shipping,2023-03-15T14:00:00Z,Procurement Team
224,PO0224,PO-2024-0224,VEND038,Penske Logistics,EMP039,David Nguyen,DEPT009,Warehouse & Logistics,2024-09-06,2024-09-28,2024-09-29,SEK,PT004,Net 45,336182.39,16809.12,0,352991.51,Partially Received,Approved,EMP031,2024-09-11,Partially Received,FOB Origin,"103 Park Blvd, Chicago, IL 64114",Keep in warehouse,2024-09-06T09:00:00Z,Procurement Team
225,PO0225,PO-2023-0225,VEND041,Salesforce.com Inc.,EMP038,Stephanie Hall,DEPT008,Legal & Compliance,2023-11-25,2023-12-12,2023-12-16,GBP,PT005,Net 60,288211.6,57642.32,0,345853.92,Cancelled,Approved,EMP005,2023-11-28,Not Received,CIF,"649 Market St, Los Angeles, NY 62247",Urgent,2023-11-25T08:00:00Z,Procurement Team
226,PO0226,PO-2023-0226,VEND049,Parker Hannifin Corporation,EMP008,Maria Garcia,DEPT008,Legal & Compliance,2023-08-25,2023-10-07,2023-10-08,USD,PT005,Net 60,183457.73,0,3446.51,186904.24,Open,Submitted,None,None,Not Received,CIF,"335 Market St, Chicago, CA 38911",Expedite shipping,2023-08-25T17:00:00Z,Sales Team
227,PO0227,PO-2023-0227,VEND052,Moody's Analytics,EMP029,Jennifer Lee,DEPT009,Warehouse & Logistics,2023-03-09,2023-04-04,2023-04-06,GBP,PT005,Net 60,70109.64,14021.93,0,84131.57,Closed,Approved,EMP040,2023-03-15,Fully Received,FOB Destination,"827 Park Blvd, Phoenix, AZ 83740",Urgent,2023-03-09T08:00:00Z,Procurement Team
228,PO0228,PO-2025-0228,VEND036,Kuehne + Nagel,EMP004,Jessica Martinez,DEPT004,Information Technology,2025-10-07,2025-10-26,None,INR,PT006,Net 90,461717.04,0,0,461717.04,Closed,Draft,None,None,Fully Received,CIF,"922 Oak Ave, Los Angeles, TX 38110",Expedite shipping,2025-10-07T15:00:00Z,Procurement Team
229,PO0229,PO-2025-0229,VEND004,Dell Technologies,EMP007,James Wilson,DEPT007,Marketing,2025-11-01,2025-12-01,2025-12-01,CHF,PT002,Net 15,399689.57,71944.12,0,471633.69,Pending Approval,Approved,EMP013,2025-11-04,Not Received,Ex-Works,"857 Park Blvd, Chicago, CA 86003",,2025-11-01T12:00:00Z,Procurement Team
230,PO0230,PO-2026-0230,VEND070,Tyco International,EMP004,Jessica Martinez,DEPT004,Information Technology,2026-12-05,2026-12-28,None,GBP,PT003,Net 30,229152.64,11457.63,0,240610.27,Cancelled,Approved,EMP008,2026-12-08,Not Received,Ex-Works,"277 Main St, Chicago, CA 42029",,2026-12-05T11:00:00Z,Sales Team
231,PO0231,PO-2026-0231,VEND033,Maersk Line,EMP023,Richard Martinez,DEPT003,Operations,2026-04-07,2026-05-04,2026-05-06,SEK,PT007,2/10 Net 30,451982.98,22599.15,0,474582.13,Closed,Rejected,None,None,Fully Received,Ex-Works,"652 Oak Ave, Chicago, IL 14961",Urgent,2026-04-07T14:00:00Z,Sales Team
232,PO0232,PO-2023-0232,VEND098,Michelin North America,EMP016,Steven Park,DEPT006,Sales,2023-05-22,2023-06-11,None,USD,PT005,Net 60,429733.59,42973.36,1106.75,473813.7,Closed,Approved,EMP016,2023-05-24,Fully Received,FOB Origin,"205 Market St, Chicago, AZ 53913",Expedite shipping,2023-05-22T17:00:00Z,Marketing Team
233,PO0233,PO-2023-0233,VEND068,Securitas AB,EMP024,Kimberly White,DEPT004,Information Technology,2023-11-03,2023-12-09,2023-12-10,EUR,PT003,Net 30,47968.65,9593.73,0,57562.38,Partially Received,Draft,None,None,Partially Received,Ex-Works,"285 Oak Ave, Houston, CA 81293",Call before delivery,2023-11-03T17:00:00Z,Sales Team
234,PO0234,PO-2026-0234,VEND021,Johnson Controls,EMP040,Melissa Torres,DEPT010,Executive Management,2026-08-05,2026-08-23,None,USD,PT003,Net 30,430591.41,0,309.6,430901.01,Closed,Approved,EMP008,2026-08-07,Fully Received,Ex-Works,"747 Main St, Phoenix, CA 10075",Call before delivery,2026-08-05T09:00:00Z,Finance Team
235,PO0235,PO-2025-0235,VEND047,Apple Inc.,EMP039,David Nguyen,DEPT009,Warehouse & Logistics,2025-04-26,2025-05-27,2025-05-22,GBP,PT006,Net 90,231903.85,23190.38,0,255094.23,Open,Approved,EMP022,2025-04-28,Not Received,Ex-Works,"177 Oak Ave, New York, TX 26435",Call before delivery,2025-04-26T12:00:00Z,Marketing Team
236,PO0236,PO-2025-0236,VEND048,Cummins Inc.,EMP030,Elizabeth Miller,DEPT010,Executive Management,2025-05-24,2025-06-19,None,EUR,PT001,Immediate,128146.41,0,0,128146.41,Closed,Approved,EMP029,2025-05-25,Fully Received,CIF,"203 Park Blvd, Chicago, TX 45199",Call before delivery,2025-05-24T10:00:00Z,Procurement Team
237,PO0237,PO-2026-0237,VEND034,C.H. Robinson Worldwide,EMP012,Jennifer Park,DEPT002,Procurement,2026-03-23,2026-04-10,2026-04-12,SEK,PT006,Net 90,383181.08,68972.59,63.08,452216.75,Pending Approval,Approved,EMP016,2026-03-28,Not Received,CIF,"559 Oak Ave, Los Angeles, AZ 45437",Urgent,2026-03-23T10:00:00Z,HR Team
238,PO0238,PO-2026-0238,VEND025,ABB Ltd,EMP024,Kimberly White,DEPT004,Information Technology,2026-10-10,2026-11-13,None,GBP,PT005,Net 60,106565.41,5328.27,138.9,112032.58,Open,Approved,EMP027,2026-10-13,Not Received,FOB Origin,"669 Main St, Los Angeles, CA 49454",Call before delivery,2026-10-10T12:00:00Z,HR Team
239,PO0239,PO-2025-0239,VEND100,ZF Friedrichshafen AG,EMP004,Jessica Martinez,DEPT004,Information Technology,2025-02-02,2025-03-09,None,USD,PT002,Net 15,58855.57,2942.78,0,61798.35,Open,Approved,EMP029,2025-02-09,Not Received,Ex-Works,"935 Market St, Los Angeles, NY 90977",Keep in warehouse,2025-02-02T11:00:00Z,HR Team
240,PO0240,PO-2025-0240,VEND041,Salesforce.com Inc.,EMP008,Maria Garcia,DEPT008,Legal & Compliance,2025-10-04,2025-11-11,2025-11-13,GBP,PT006,Net 90,441637.83,22081.89,0,463719.72,Open,Approved,EMP002,2025-10-11,Not Received,CIF,"135 Park Blvd, Chicago, AZ 75628",Expedite shipping,2025-10-04T15:00:00Z,Procurement Team
241,PO0241,PO-2026-0241,VEND057,Ernst & Young LLP,EMP003,Michael Johnson,DEPT003,Operations,2026-06-10,2026-06-27,None,INR,PT006,Net 90,267806.38,53561.28,0,321367.66,Open,Submitted,None,None,Not Received,Ex-Works,"294 Main St, Los Angeles, AZ 78481",Call before delivery,2026-06-10T12:00:00Z,Procurement Team
242,PO0242,PO-2023-0242,VEND017,Pinnacle Partners,EMP004,Jessica Martinez,DEPT004,Information Technology,2023-01-18,2023-02-08,2023-02-04,CHF,PT005,Net 60,246973.69,12348.68,2639.25,261961.62,Open,Rejected,None,None,Not Received,FOB Origin,"712 Market St, Houston, TX 71422",Urgent,2023-01-18T09:00:00Z,HR Team
243,PO0243,PO-2026-0243,VEND064,Aramark Corporation,EMP020,Laura Adams,DEPT010,Executive Management,2026-01-20,2026-02-23,2026-02-24,EUR,PT003,Net 30,276733.96,49812.11,2986.88,329532.95,Closed,Approved,EMP030,2026-01-25,Fully Received,FOB Origin,"312 Market St, Houston, NY 65135",Call before delivery,2026-01-20T09:00:00Z,HR Team
244,PO0244,PO-2026-0244,VEND005,Microsoft Corporation,EMP022,Cynthia Lewis,DEPT002,Procurement,2026-04-26,2026-06-06,None,SEK,PT001,Immediate,231512.45,0,0,231512.45,Closed,Approved,EMP018,2026-05-03,Fully Received,FOB Destination,"872 Park Blvd, New York, NY 21928",Call before delivery,2026-04-26T14:00:00Z,Sales Team
245,PO0245,PO-2023-0245,VEND067,"CBRE Group, Inc.",EMP034,Angela Martinez,DEPT004,Information Technology,2023-10-23,2023-11-14,2023-11-19,EUR,PT001,Immediate,75630.72,13613.53,3182.44,92426.69,Closed,Approved,EMP014,2023-10-28,Fully Received,CIF,"325 Market St, Phoenix, CA 30291",Call before delivery,2023-10-23T16:00:00Z,Sales Team
246,PO0246,PO-2025-0246,VEND005,Microsoft Corporation,EMP007,James Wilson,DEPT007,Marketing,2025-08-16,2025-09-25,2025-09-21,SEK,PT001,Immediate,51393.84,5139.38,0,56533.22,Open,Approved,EMP002,2025-08-23,Not Received,FOB Destination,"756 Oak Ave, Phoenix, AZ 10109",Expedite shipping,2025-08-16T11:00:00Z,Marketing Team
247,PO0247,PO-2023-0247,VEND098,Michelin North America,EMP036,Kimberly Wright,DEPT006,Sales,2023-10-07,2023-10-23,2023-10-21,USD,PT006,Net 90,424578.09,0,2350.98,426929.07,Pending Approval,Approved,EMP010,2023-10-13,Not Received,FOB Origin,"519 Market St, Phoenix, TX 28326",,2023-10-07T15:00:00Z,Marketing Team
248,PO0248,PO-2026-0248,VEND080,Ecolab Inc.,EMP027,Nancy Davis,DEPT007,Marketing,2026-04-22,2026-05-11,2026-05-10,INR,PT003,Net 30,40477.19,8095.44,1394.19,49966.82,Open,Approved,EMP038,2026-04-26,Not Received,Ex-Works,"908 Main St, Chicago, IL 72373",Urgent,2026-04-22T09:00:00Z,IT Team
249,PO0249,PO-2025-0249,VEND061,Bain & Company,EMP004,Jessica Martinez,DEPT004,Information Technology,2025-07-06,2025-08-11,None,INR,PT007,2/10 Net 30,476186.7,95237.34,563.12,571987.16,Closed,Approved,EMP001,2025-07-10,Fully Received,CIF,"307 Main St, Phoenix, TX 53151",,2025-07-06T12:00:00Z,HR Team
250,PO0250,PO-2024-0250,VEND093,Regal Beloit Corporation,EMP007,James Wilson,DEPT007,Marketing,2024-06-23,2024-07-17,2024-07-19,CHF,PT005,Net 60,240297.68,48059.54,0,288357.22,Open,Approved,EMP020,2024-06-26,Not Received,CIF,"293 Main St, Chicago, NY 79610",Keep in warehouse,2024-06-23T14:00:00Z,Marketing Team
251,PO0251,PO-2024-0251,VEND018,Summit Systems,EMP025,Jason Harris,DEPT005,Human Resources,2024-03-23,2024-04-20,None,EUR,PT001,Immediate,62819.82,6281.98,0,69101.8,Closed,Rejected,None,None,Fully Received,FOB Destination,"597 Market St, Chicago, IL 80800",,2024-03-23T08:00:00Z,Sales Team
252,PO0252,PO-2025-0252,VEND024,Schneider Electric,EMP038,Stephanie Hall,DEPT008,Legal & Compliance,2025-02-09,2025-03-24,2025-03-19,USD,PT001,Immediate,68184.17,13636.83,0,81821,Partially Received,Approved,EMP015,2025-02-10,Partially Received,CIF,"491 Park Blvd, Houston, IL 40644",Urgent,2025-02-09T14:00:00Z,HR Team
253,PO0253,PO-2026-0253,VEND030,Bosch Rexroth AG,EMP035,Joseph Wilson,DEPT005,Human Resources,2026-08-03,2026-09-16,2026-09-13,CHF,PT004,Net 45,126523.04,0,1928.17,128451.21,Partially Received,Approved,EMP015,2026-08-04,Partially Received,Ex-Works,"619 Oak Ave, New York, IL 42499",Urgent,2026-08-03T14:00:00Z,IT Team
254,PO0254,PO-2025-0254,VEND051,Thomson Reuters,EMP036,Kimberly Wright,DEPT006,Sales,2025-10-30,2025-12-08,2025-12-05,USD,PT006,Net 90,406210.67,40621.07,3876.43,450708.17,Cancelled,Rejected,None,None,Not Received,CIF,"514 Oak Ave, Chicago, IL 59489",,2025-10-30T11:00:00Z,HR Team
255,PO0255,PO-2023-0255,VEND093,Regal Beloit Corporation,EMP040,Melissa Torres,DEPT010,Executive Management,2023-09-12,2023-10-17,2023-10-12,CHF,PT001,Immediate,145926.01,7296.3,0,153222.31,Open,Approved,EMP035,2023-09-14,Not Received,CIF,"175 Main St, New York, CA 34399",Urgent,2023-09-12T12:00:00Z,HR Team
256,PO0256,PO-2023-0256,VEND076,Comcast Business,EMP040,Melissa Torres,DEPT010,Executive Management,2023-03-29,2023-05-02,2023-05-04,GBP,PT001,Immediate,469223.69,93844.74,4913.84,567982.27,Cancelled,Approved,EMP006,2023-03-30,Not Received,CIF,"900 Oak Ave, Houston, NY 65954",Expedite shipping,2023-03-29T15:00:00Z,IT Team
257,PO0257,PO-2024-0257,VEND059,McKinsey & Company,EMP003,Michael Johnson,DEPT003,Operations,2024-03-22,2024-04-10,2024-04-07,CHF,PT005,Net 60,370591.31,66706.44,4974.07,442271.82,Partially Received,Approved,EMP034,2024-03-27,Partially Received,CIF,"566 Market St, New York, TX 74611",Urgent,2024-03-22T11:00:00Z,Procurement Team
258,PO0258,PO-2024-0258,VEND070,Tyco International,EMP007,James Wilson,DEPT007,Marketing,2024-03-02,2024-03-28,2024-03-27,GBP,PT006,Net 90,412529.21,82505.84,0,495035.05,Closed,Approved,EMP037,2024-03-09,Fully Received,FOB Destination,"515 Main St, Houston, AZ 38599",Keep in warehouse,2024-03-02T12:00:00Z,Marketing Team
259,PO0259,PO-2024-0259,VEND025,ABB Ltd,EMP019,Rachel Rodriguez,DEPT009,Warehouse & Logistics,2024-01-07,2024-02-05,2024-02-01,GBP,PT006,Net 90,107787.56,0,0,107787.56,Closed,Approved,EMP018,2024-01-08,Fully Received,FOB Destination,"912 Main St, Phoenix, TX 83062",Expedite shipping,2024-01-07T13:00:00Z,Finance Team
260,PO0260,PO-2024-0260,VEND093,Regal Beloit Corporation,EMP036,Kimberly Wright,DEPT006,Sales,2024-05-31,2024-07-04,2024-07-04,CHF,PT002,Net 15,448532.62,22426.63,0,470959.25,Partially Received,Approved,EMP003,2024-06-06,Partially Received,CIF,"186 Main St, New York, TX 78186",Expedite shipping,2024-05-31T17:00:00Z,Finance Team
261,PO0261,PO-2024-0261,VEND036,Kuehne + Nagel,EMP011,Daniel Anderson,DEPT001,Finance,2024-11-25,2024-12-21,2024-12-21,INR,PT004,Net 45,335551.65,33555.17,0,369106.82,Closed,Approved,EMP002,2024-11-26,Fully Received,CIF,"641 Park Blvd, Chicago, IL 87736",Urgent,2024-11-25T17:00:00Z,Sales Team
262,PO0262,PO-2024-0262,VEND057,Ernst & Young LLP,EMP027,Nancy Davis,DEPT007,Marketing,2024-03-16,2024-04-26,2024-04-25,INR,PT006,Net 90,225247.99,45049.6,0,270297.59,Open,Approved,EMP038,2024-03-17,Not Received,CIF,"655 Oak Ave, Phoenix, IL 19560",Expedite shipping,2024-03-16T14:00:00Z,Sales Team
263,PO0263,PO-2023-0263,VEND047,Apple Inc.,EMP028,Peter Garcia,DEPT008,Legal & Compliance,2023-03-11,2023-04-16,None,GBP,PT002,Net 15,96528.31,19305.66,0,115833.97,Partially Received,Approved,EMP001,2023-03-18,Partially Received,CIF,"884 Park Blvd, New York, AZ 96741",,2023-03-11T09:00:00Z,Finance Team
264,PO0264,PO-2025-0264,VEND008,DHL Express,EMP020,Laura Adams,DEPT010,Executive Management,2025-11-07,2025-12-13,2025-12-17,INR,PT005,Net 60,442535.07,0,2706.1,445241.17,Open,Submitted,None,None,Not Received,FOB Origin,"898 Main St, Chicago, AZ 34139",Call before delivery,2025-11-07T15:00:00Z,Marketing Team
265,PO0265,PO-2024-0265,VEND085,Fastenal Company,EMP027,Nancy Davis,DEPT007,Marketing,2024-06-16,2024-07-07,2024-07-09,SEK,PT003,Net 30,45771.21,9154.24,2991.57,57917.02,Open,Submitted,None,None,Not Received,Ex-Works,"121 Market St, Phoenix, CA 87908",Call before delivery,2024-06-16T15:00:00Z,Finance Team
266,PO0266,PO-2023-0266,VEND005,Microsoft Corporation,EMP008,Maria Garcia,DEPT008,Legal & Compliance,2023-01-23,2023-02-10,None,SEK,PT003,Net 30,151424.67,15142.47,0,166567.14,Partially Received,Approved,EMP027,2023-01-24,Partially Received,Ex-Works,"905 Oak Ave, New York, NY 20496",Call before delivery,2023-01-23T10:00:00Z,Marketing Team
267,PO0267,PO-2024-0267,VEND071,Waste Management Inc.,EMP022,Cynthia Lewis,DEPT002,Procurement,2024-04-01,2024-04-18,2024-04-23,EUR,PT001,Immediate,434394.98,86879,0,521273.98,Closed,Approved,EMP029,2024-04-08,Fully Received,Ex-Works,"214 Market St, Houston, TX 45120",Keep in warehouse,2024-04-01T15:00:00Z,IT Team
268,PO0268,PO-2026-0268,VEND004,Dell Technologies,EMP023,Richard Martinez,DEPT003,Operations,2026-11-25,2026-12-11,2026-12-14,CHF,PT006,Net 90,312120.85,31212.08,0,343332.93,Pending Approval,Approved,EMP038,2026-11-30,Not Received,FOB Origin,"727 Park Blvd, New York, TX 44740",,2026-11-25T12:00:00Z,Procurement Team
269,PO0269,PO-2023-0269,VEND022,Siemens AG,EMP003,Michael Johnson,DEPT003,Operations,2023-12-25,2024-01-21,2024-01-17,USD,PT006,Net 90,34560.76,1728.04,0,36288.8,Closed,Approved,EMP004,2023-12-26,Fully Received,Ex-Works,"255 Main St, New York, TX 48841",Call before delivery,2023-12-25T16:00:00Z,Procurement Team
270,PO0270,PO-2023-0270,VEND016,New Horizons,EMP023,Richard Martinez,DEPT003,Operations,2023-09-17,2023-10-25,None,GBP,PT003,Net 30,84183.53,16836.71,4597.74,105617.98,Pending Approval,Approved,EMP027,2023-09-20,Not Received,Ex-Works,"710 Park Blvd, Los Angeles, CA 81031",Urgent,2023-09-17T12:00:00Z,IT Team
271,PO0271,PO-2026-0271,VEND076,Comcast Business,EMP024,Kimberly White,DEPT004,Information Technology,2026-09-08,2026-10-07,None,GBP,PT006,Net 90,262204.19,13110.21,2040.95,277355.35,Closed,Rejected,None,None,Fully Received,FOB Origin,"761 Park Blvd, New York, AZ 42110",Keep in warehouse,2026-09-08T14:00:00Z,IT Team
272,PO0272,PO-2026-0272,VEND093,Regal Beloit Corporation,EMP014,Lisa Johnson,DEPT004,Information Technology,2026-12-13,2027-01-08,2027-01-05,CHF,PT006,Net 90,282165.8,14108.29,0,296274.09,Open,Approved,EMP005,2026-12-17,Not Received,CIF,"553 Main St, Phoenix, AZ 18639",Keep in warehouse,2026-12-13T11:00:00Z,IT Team
273,PO0273,PO-2023-0273,VEND066,Jones Lang LaSalle,EMP012,Jennifer Park,DEPT002,Procurement,2023-07-02,2023-07-18,2023-07-14,CHF,PT001,Immediate,210813.05,37946.35,4516.17,253275.57,Partially Received,Approved,EMP020,2023-07-09,Partially Received,CIF,"430 Oak Ave, Houston, TX 10944",,2023-07-02T13:00:00Z,Finance Team
274,PO0274,PO-2023-0274,VEND087,Hilti Corporation,EMP017,Michelle Chen,DEPT007,Marketing,2023-07-03,2023-07-18,2023-07-18,CHF,PT003,Net 30,414090.91,74536.36,0,488627.27,Open,Approved,EMP040,2023-07-06,Not Received,Ex-Works,"434 Park Blvd, New York, CA 78663",Call before delivery,2023-07-03T14:00:00Z,Finance Team
275,PO0275,PO-2023-0275,VEND078,Cintas Corporation,EMP038,Stephanie Hall,DEPT008,Legal & Compliance,2023-08-24,2023-10-01,2023-10-01,USD,PT001,Immediate,176653.69,0,0,176653.69,Closed,Approved,EMP038,2023-08-29,Fully Received,FOB Destination,"663 Oak Ave, Phoenix, CA 62336",Keep in warehouse,2023-08-24T17:00:00Z,IT Team
276,PO0276,PO-2024-0276,VEND080,Ecolab Inc.,EMP025,Jason Harris,DEPT005,Human Resources,2024-08-03,2024-08-22,2024-08-20,INR,PT006,Net 90,144341.15,0,0,144341.15,Closed,Approved,EMP021,2024-08-05,Fully Received,FOB Origin,"104 Main St, Houston, IL 24361",Keep in warehouse,2024-08-03T10:00:00Z,Finance Team
277,PO0277,PO-2023-0277,VEND027,Honeywell International,EMP010,Patricia Taylor,DEPT010,Executive Management,2023-09-07,2023-09-29,2023-09-26,SEK,PT004,Net 45,170048.83,17004.88,4662.03,191715.74,Pending Approval,Approved,EMP035,2023-09-08,Not Received,FOB Destination,"949 Oak Ave, New York, TX 27831",Urgent,2023-09-07T12:00:00Z,Finance Team
278,PO0278,PO-2023-0278,VEND083,MSC Industrial Direct,EMP022,Cynthia Lewis,DEPT002,Procurement,2023-03-21,2023-04-21,None,SEK,PT005,Net 60,308572.36,61714.47,4431.58,374718.41,Closed,Approved,EMP011,2023-03-28,Fully Received,CIF,"133 Oak Ave, Phoenix, IL 22965",Expedite shipping,2023-03-21T16:00:00Z,IT Team
279,PO0279,PO-2025-0279,VEND040,SAP SE,EMP027,Nancy Davis,DEPT007,Marketing,2025-01-11,2025-02-01,2025-02-02,INR,PT004,Net 45,447366.75,89473.35,1599.16,538439.26,Closed,Approved,EMP018,2025-01-15,Fully Received,Ex-Works,"530 Park Blvd, Houston, AZ 48975",Call before delivery,2025-01-11T13:00:00Z,Sales Team
280,PO0280,PO-2026-0280,VEND044,IBM Corporation,EMP032,Susan Clark,DEPT002,Procurement,2026-06-04,2026-07-16,2026-07-18,SEK,PT004,Net 45,275631.44,0,0,275631.44,Closed,Submitted,None,None,Fully Received,Ex-Works,"876 Main St, Chicago, AZ 87283",,2026-06-04T17:00:00Z,Sales Team
281,PO0281,PO-2024-0281,VEND004,Dell Technologies,EMP004,Jessica Martinez,DEPT004,Information Technology,2024-03-04,2024-04-18,None,CHF,PT005,Net 60,177801.07,35560.21,0,213361.28,Open,Approved,EMP026,2024-03-09,Not Received,FOB Destination,"775 Main St, Houston, TX 87592",Expedite shipping,2024-03-04T09:00:00Z,Marketing Team
282,PO0282,PO-2025-0282,VEND062,Accenture PLC,EMP010,Patricia Taylor,DEPT010,Executive Management,2025-01-14,2025-02-14,2025-02-10,USD,PT003,Net 30,396270.7,39627.07,0,435897.77,Partially Received,Approved,EMP035,2025-01-15,Partially Received,FOB Origin,"692 Park Blvd, Los Angeles, NY 69503",Keep in warehouse,2025-01-14T08:00:00Z,Marketing Team
283,PO0283,PO-2025-0283,VEND079,UniFirst Corporation,EMP004,Jessica Martinez,DEPT004,Information Technology,2025-12-30,2026-01-15,None,USD,PT001,Immediate,77335.67,3866.78,0,81202.45,Pending Approval,Draft,None,None,Not Received,CIF,"505 Park Blvd, Los Angeles, NY 78241",,2025-12-30T12:00:00Z,Procurement Team
284,PO0284,PO-2023-0284,VEND059,McKinsey & Company,EMP001,David Chen,DEPT001,Finance,2023-11-25,2024-01-04,2024-01-05,CHF,PT004,Net 45,340021.14,17001.06,1126.3,358148.5,Cancelled,Approved,EMP022,2023-11-27,Not Received,FOB Origin,"127 Park Blvd, Los Angeles, IL 61209",Keep in warehouse,2023-11-25T09:00:00Z,Marketing Team
285,PO0285,PO-2026-0285,VEND056,PricewaterhouseCoopers LLP,EMP004,Jessica Martinez,DEPT004,Information Technology,2026-01-10,2026-02-19,None,EUR,PT006,Net 90,240450.66,48090.13,149.81,288690.6,Open,Approved,EMP034,2026-01-15,Not Received,CIF,"901 Market St, Houston, NY 67000",Urgent,2026-01-10T11:00:00Z,IT Team
286,PO0286,PO-2024-0286,VEND034,C.H. Robinson Worldwide,EMP015,Mark Davis,DEPT005,Human Resources,2024-01-16,2024-02-16,2024-02-19,SEK,PT004,Net 45,440210.05,22010.5,1264.41,463484.96,Closed,Approved,EMP024,2024-01-19,Fully Received,FOB Origin,"774 Main St, Chicago, IL 61462",Keep in warehouse,2024-01-16T09:00:00Z,Procurement Team
287,PO0287,PO-2025-0287,VEND097,Goodyear Tire & Rubber,EMP005,Robert Kim,DEPT005,Human Resources,2025-09-23,2025-10-20,2025-10-17,GBP,PT007,2/10 Net 30,92356.24,18471.25,0,110827.49,Closed,Approved,EMP004,2025-09-26,Fully Received,CIF,"658 Main St, New York, AZ 54356",Keep in warehouse,2025-09-23T12:00:00Z,Marketing Team
288,PO0288,PO-2025-0288,VEND003,IMPORTING COMPANY,EMP019,Rachel Rodriguez,DEPT009,Warehouse & Logistics,2025-12-24,2026-01-25,2026-01-21,GBP,PT005,Net 60,313864.06,15693.2,1042.34,330599.6,Closed,Rejected,None,None,Fully Received,FOB Origin,"977 Oak Ave, Houston, AZ 95996",Keep in warehouse,2025-12-24T10:00:00Z,HR Team
289,PO0289,PO-2026-0289,VEND071,Waste Management Inc.,EMP005,Robert Kim,DEPT005,Human Resources,2026-04-13,2026-05-03,2026-04-29,EUR,PT003,Net 30,442608.56,88521.71,4427.39,535557.66,Open,Approved,EMP004,2026-04-16,Not Received,FOB Destination,"531 Oak Ave, New York, NY 27968",,2026-04-13T12:00:00Z,Marketing Team
290,PO0290,PO-2025-0290,VEND068,Securitas AB,EMP035,Joseph Wilson,DEPT005,Human Resources,2025-04-10,2025-05-05,2025-05-05,EUR,PT005,Net 60,148212.91,26678.32,0,174891.23,Pending Approval,Rejected,None,None,Not Received,Ex-Works,"215 Park Blvd, New York, IL 70748",,2025-04-10T16:00:00Z,Marketing Team
291,PO0291,PO-2024-0291,VEND043,Cisco Systems Inc.,EMP022,Cynthia Lewis,DEPT002,Procurement,2024-08-31,2024-09-30,None,GBP,PT007,2/10 Net 30,183443.65,33019.86,4435.25,220898.76,Closed,Approved,EMP033,2024-09-07,Fully Received,FOB Origin,"880 Oak Ave, Phoenix, IL 46289",Call before delivery,2024-08-31T10:00:00Z,IT Team
292,PO0292,PO-2023-0292,VEND092,Baldor Electric Company,EMP001,David Chen,DEPT001,Finance,2023-04-10,2023-05-11,None,CHF,PT003,Net 30,82354.34,0,3336.83,85691.17,Cancelled,Approved,EMP038,2023-04-13,Not Received,Ex-Works,"310 Main St, New York, NY 71550",,2023-04-10T11:00:00Z,Sales Team
293,PO0293,PO-2026-0293,VEND001,ABCD & CO,EMP038,Stephanie Hall,DEPT008,Legal & Compliance,2026-11-03,2026-11-28,2026-12-01,SEK,PT002,Net 15,454833.26,81869.99,0,536703.25,Closed,Draft,None,None,Fully Received,Ex-Works,"443 Main St, Phoenix, CA 20286",,2026-11-03T17:00:00Z,IT Team
294,PO0294,PO-2023-0294,VEND092,Baldor Electric Company,EMP015,Mark Davis,DEPT005,Human Resources,2023-02-16,2023-03-23,None,CHF,PT002,Net 15,284470.12,51204.62,0,335674.74,Pending Approval,Submitted,None,None,Not Received,FOB Origin,"974 Main St, New York, CA 56327",,2023-02-16T11:00:00Z,Marketing Team
295,PO0295,PO-2023-0295,VEND084,McMaster-Carr,EMP020,Laura Adams,DEPT010,Executive Management,2023-05-22,2023-06-28,2023-06-28,GBP,PT002,Net 15,60679.63,10922.33,1332.21,72934.17,Closed,Submitted,None,None,Fully Received,FOB Destination,"966 Park Blvd, Phoenix, TX 46327",,2023-05-22T09:00:00Z,IT Team
296,PO0296,PO-2025-0296,VEND098,Michelin North America,EMP012,Jennifer Park,DEPT002,Procurement,2025-03-13,2025-04-15,None,USD,PT006,Net 90,416844.26,41684.43,521.6,459050.29,Open,Approved,EMP037,2025-03-17,Not Received,CIF,"480 Main St, Phoenix, IL 72914",Urgent,2025-03-13T11:00:00Z,Marketing Team
297,PO0297,PO-2023-0297,VEND075,T-Mobile for Business,EMP029,Jennifer Lee,DEPT009,Warehouse & Logistics,2023-04-26,2023-06-03,2023-06-03,GBP,PT006,Net 90,277197.65,0,0,277197.65,Pending Approval,Approved,EMP009,2023-04-28,Not Received,Ex-Works,"178 Park Blvd, Houston, NY 18162",Urgent,2023-04-26T12:00:00Z,Sales Team
298,PO0298,PO-2025-0298,VEND081,Kimberly-Clark Professional,EMP023,Richard Martinez,DEPT003,Operations,2025-11-10,2025-12-10,2025-12-07,SEK,PT007,2/10 Net 30,417597.9,83519.58,0,501117.48,Open,Rejected,None,None,Not Received,FOB Origin,"508 Park Blvd, Phoenix, NY 35245",Urgent,2025-11-10T08:00:00Z,HR Team
299,PO0299,PO-2025-0299,VEND054,"FTI Consulting, Inc.",EMP014,Lisa Johnson,DEPT004,Information Technology,2025-06-22,2025-07-31,2025-07-29,USD,PT007,2/10 Net 30,29890.21,2989.02,0,32879.23,Closed,Approved,EMP035,2025-06-29,Fully Received,CIF,"507 Market St, Chicago, IL 36176",Expedite shipping,2025-06-22T13:00:00Z,Finance Team
300,PO0300,PO-2026-0300,VEND035,Expeditors International,EMP012,Jennifer Park,DEPT002,Procurement,2026-07-18,2026-08-03,2026-07-31,GBP,PT002,Net 15,308852.75,30885.28,2384.93,342122.96,Closed,Approved,EMP006,2026-07-24,Fully Received,Ex-Works,"420 Park Blvd, Los Angeles, TX 31975",Keep in warehouse,2026-07-18T13:00:00Z,IT Team
301,PO0301,PO-2023-0301,VEND037,Atlas Air Worldwide,EMP016,Steven Park,DEPT006,Sales,2023-11-21,2023-12-24,None,CHF,PT003,Net 30,114863.09,22972.62,4410.07,142245.78,Partially Received,Draft,None,None,Partially Received,CIF,"614 Park Blvd, Chicago, CA 25128",Expedite shipping,2023-11-21T14:00:00Z,Sales Team
302,PO0302,PO-2023-0302,VEND071,Waste Management Inc.,EMP005,Robert Kim,DEPT005,Human Resources,2023-09-05,2023-10-11,None,EUR,PT002,Net 15,129368.25,23286.28,819.08,153473.61,Partially Received,Approved,EMP028,2023-09-08,Partially Received,CIF,"391 Main St, Houston, TX 89453",Expedite shipping,2023-09-05T14:00:00Z,Sales Team
303,PO0303,PO-2024-0303,VEND031,FedEx Corporation,EMP022,Cynthia Lewis,DEPT002,Procurement,2024-04-13,2024-05-06,None,SEK,PT003,Net 30,453825.91,90765.18,3959.88,548550.97,Open,Submitted,None,None,Not Received,FOB Destination,"592 Main St, Phoenix, IL 95381",,2024-04-13T11:00:00Z,Procurement Team
304,PO0304,PO-2026-0304,VEND086,W.W. Grainger International,EMP009,Thomas Brown,DEPT009,Warehouse & Logistics,2026-11-18,2026-12-12,2026-12-10,EUR,PT006,Net 90,108535.19,5426.76,0,113961.95,Closed,Approved,EMP036,2026-11-25,Fully Received,CIF,"647 Main St, Phoenix, NY 98073",,2026-11-18T13:00:00Z,HR Team
305,PO0305,PO-2023-0305,VEND090,Snap-on Incorporated,EMP034,Angela Martinez,DEPT004,Information Technology,2023-12-06,2024-01-20,None,GBP,PT004,Net 45,126797.69,6339.88,0,133137.57,Open,Approved,EMP004,2023-12-08,Not Received,Ex-Works,"563 Oak Ave, Los Angeles, IL 52161",Keep in warehouse,2023-12-06T16:00:00Z,Sales Team
306,PO0306,PO-2025-0306,VEND045,Hewlett Packard Enterprise,EMP021,Brian Thompson,DEPT001,Finance,2025-09-13,2025-10-11,2025-10-15,CHF,PT001,Immediate,276702.03,27670.2,3431.91,307804.14,Pending Approval,Approved,EMP032,2025-09-19,Not Received,CIF,"666 Main St, Houston, NY 76168",,2025-09-13T15:00:00Z,Sales Team
307,PO0307,PO-2024-0307,VEND034,C.H. Robinson Worldwide,EMP030,Elizabeth Miller,DEPT010,Executive Management,2024-09-19,2024-10-11,2024-10-12,SEK,PT005,Net 60,263309.87,52661.97,4461.36,320433.2,Closed,Approved,EMP033,2024-09-22,Fully Received,Ex-Works,"501 Oak Ave, Chicago, CA 75028",Expedite shipping,2024-09-19T17:00:00Z,Marketing Team
308,PO0308,PO-2023-0308,VEND006,Amazon Business,EMP029,Jennifer Lee,DEPT009,Warehouse & Logistics,2023-11-10,2023-12-21,2023-12-25,SEK,PT003,Net 30,382162.37,38216.24,318.95,420697.56,Closed,Approved,EMP018,2023-11-16,Fully Received,FOB Destination,"386 Market St, Houston, IL 21764",Call before delivery,2023-11-10T16:00:00Z,Finance Team
309,PO0309,PO-2024-0309,VEND079,UniFirst Corporation,EMP025,Jason Harris,DEPT005,Human Resources,2024-10-29,2024-11-25,2024-11-24,USD,PT004,Net 45,453185.52,0,3014.64,456200.16,Open,Approved,EMP005,2024-11-02,Not Received,FOB Destination,"756 Main St, New York, TX 55803",,2024-10-29T15:00:00Z,HR Team
310,PO0310,PO-2026-0310,VEND015,Best Buy Corp,EMP024,Kimberly White,DEPT004,Information Technology,2026-08-15,2026-09-11,2026-09-16,INR,PT001,Immediate,181823.15,36364.63,0,218187.78,Open,Approved,EMP039,2026-08-22,Not Received,Ex-Works,"158 Main St, Phoenix, CA 26802",,2026-08-15T12:00:00Z,Finance Team
311,PO0311,PO-2024-0311,VEND013,Quick Logistics,EMP007,James Wilson,DEPT007,Marketing,2024-07-04,2024-07-19,None,GBP,PT005,Net 60,102939.92,5147,1980.19,110067.11,Partially Received,Approved,EMP020,2024-07-11,Partially Received,CIF,"171 Park Blvd, Phoenix, AZ 56942",Call before delivery,2024-07-04T10:00:00Z,Marketing Team
312,PO0312,PO-2026-0312,VEND086,W.W. Grainger International,EMP028,Peter Garcia,DEPT008,Legal & Compliance,2026-03-10,2026-04-14,2026-04-16,EUR,PT003,Net 30,24781.01,2478.1,0,27259.11,Cancelled,Approved,EMP020,2026-03-17,Not Received,CIF,"588 Main St, Phoenix, CA 43621",Expedite shipping,2026-03-10T16:00:00Z,Sales Team
313,PO0313,PO-2023-0313,VEND045,Hewlett Packard Enterprise,EMP014,Lisa Johnson,DEPT004,Information Technology,2023-08-04,2023-09-11,2023-09-10,CHF,PT003,Net 30,405088.36,81017.67,2204.79,488310.82,Pending Approval,Approved,EMP021,2023-08-07,Not Received,Ex-Works,"812 Main St, Phoenix, IL 39190",Call before delivery,2023-08-04T12:00:00Z,Finance Team
314,PO0314,PO-2023-0314,VEND017,Pinnacle Partners,EMP011,Daniel Anderson,DEPT001,Finance,2023-10-13,2023-11-20,2023-11-16,CHF,PT004,Net 45,150551.51,7527.58,0,158079.09,Open,Submitted,None,None,Not Received,FOB Destination,"292 Main St, Chicago, NY 98278",Expedite shipping,2023-10-13T16:00:00Z,Finance Team
315,PO0315,PO-2025-0315,VEND004,Dell Technologies,EMP026,Amanda Thomas,DEPT006,Sales,2025-11-13,2025-12-24,2025-12-26,CHF,PT001,Immediate,272108.26,54421.65,422.59,326952.5,Closed,Approved,EMP025,2025-11-18,Fully Received,CIF,"447 Oak Ave, Chicago, TX 88259",,2025-11-13T14:00:00Z,HR Team
316,PO0316,PO-2025-0316,VEND018,Summit Systems,EMP008,Maria Garcia,DEPT008,Legal & Compliance,2025-12-17,2026-01-27,None,EUR,PT005,Net 60,184311.95,36862.39,0,221174.34,Open,Approved,EMP005,2025-12-20,Not Received,FOB Destination,"202 Oak Ave, Chicago, TX 40400",Call before delivery,2025-12-17T13:00:00Z,Sales Team
317,PO0317,PO-2024-0317,VEND036,Kuehne + Nagel,EMP030,Elizabeth Miller,DEPT010,Executive Management,2024-03-03,2024-04-15,2024-04-13,INR,PT007,2/10 Net 30,460904.99,46090.5,12.03,507007.52,Partially Received,Approved,EMP010,2024-03-08,Partially Received,FOB Origin,"428 Park Blvd, Phoenix, CA 67300",Urgent,2024-03-03T13:00:00Z,IT Team
318,PO0318,PO-2025-0318,VEND039,Oracle Corporation,EMP016,Steven Park,DEPT006,Sales,2025-06-27,2025-08-09,None,CHF,PT006,Net 90,242755,48551,0,291306,Cancelled,Approved,EMP040,2025-06-29,Not Received,Ex-Works,"213 Oak Ave, Houston, CA 76646",Call before delivery,2025-06-27T10:00:00Z,Sales Team
319,PO0319,PO-2023-0319,VEND044,IBM Corporation,EMP002,Sarah Williams,DEPT002,Procurement,2023-01-09,2023-02-08,None,SEK,PT005,Net 60,448984.69,80817.24,0,529801.93,Open,Approved,EMP002,2023-01-13,Not Received,Ex-Works,"777 Oak Ave, Los Angeles, AZ 18178",Urgent,2023-01-09T16:00:00Z,Procurement Team
320,PO0320,PO-2025-0320,VEND002,Samira Hadid,EMP004,Jessica Martinez,DEPT004,Information Technology,2025-08-11,2025-09-17,None,INR,PT004,Net 45,51105.93,9199.07,0,60305,Open,Approved,EMP017,2025-08-17,Not Received,CIF,"679 Park Blvd, Houston, CA 61571",Call before delivery,2025-08-11T13:00:00Z,Finance Team
321,PO0321,PO-2026-0321,VEND068,Securitas AB,EMP010,Patricia Taylor,DEPT010,Executive Management,2026-10-08,2026-10-27,2026-11-01,EUR,PT004,Net 45,395218.55,19760.93,3007.54,417987.02,Pending Approval,Approved,EMP012,2026-10-15,Not Received,CIF,"212 Main St, New York, IL 86561",,2026-10-08T15:00:00Z,HR Team
322,PO0322,PO-2023-0322,VEND064,Aramark Corporation,EMP040,Melissa Torres,DEPT010,Executive Management,2023-10-15,2023-10-30,None,EUR,PT003,Net 30,485174.75,87331.46,3226.34,575732.55,Open,Approved,EMP032,2023-10-18,Not Received,FOB Origin,"988 Park Blvd, Houston, NY 45179",,2023-10-15T11:00:00Z,Sales Team
323,PO0323,PO-2025-0323,VEND060,Boston Consulting Group,EMP011,Daniel Anderson,DEPT001,Finance,2025-11-05,2025-12-02,None,SEK,PT002,Net 15,203483.96,20348.4,830.49,224662.85,Open,Approved,EMP010,2025-11-08,Not Received,FOB Origin,"692 Main St, Chicago, AZ 43045",Urgent,2025-11-05T13:00:00Z,Marketing Team
324,PO0324,PO-2023-0324,VEND011,Global Supplies Inc,EMP009,Thomas Brown,DEPT009,Warehouse & Logistics,2023-02-13,2023-03-20,2023-03-15,SEK,PT002,Net 15,156216.08,7810.8,0,164026.88,Open,Approved,EMP040,2023-02-16,Not Received,CIF,"445 Park Blvd, Phoenix, NY 62024",Keep in warehouse,2023-02-13T16:00:00Z,Sales Team
325,PO0325,PO-2025-0325,VEND046,Lenovo Group Limited,EMP033,Timothy Rodriguez,DEPT003,Operations,2025-04-17,2025-05-21,None,INR,PT001,Immediate,90573.16,9057.32,4906.32,104536.8,Partially Received,Submitted,None,None,Partially Received,FOB Destination,"931 Market St, Phoenix, NY 23662",Urgent,2025-04-17T12:00:00Z,Finance Team
326,PO0326,PO-2024-0326,VEND064,Aramark Corporation,EMP007,James Wilson,DEPT007,Marketing,2024-06-27,2024-07-20,None,EUR,PT001,Immediate,417744.26,83548.85,2364.58,503657.69,Closed,Approved,EMP016,2024-07-01,Fully Received,CIF,"517 Market St, Los Angeles, IL 89742",Expedite shipping,2024-06-27T12:00:00Z,IT Team
327,PO0327,PO-2026-0327,VEND042,"VMware, Inc.",EMP033,Timothy Rodriguez,DEPT003,Operations,2026-04-25,2026-05-25,None,SEK,PT007,2/10 Net 30,87052.01,8705.2,534.76,96291.97,Partially Received,Approved,EMP017,2026-04-29,Partially Received,Ex-Works,"720 Oak Ave, Chicago, TX 41575",Keep in warehouse,2026-04-25T17:00:00Z,HR Team
328,PO0328,PO-2025-0328,VEND039,Oracle Corporation,EMP031,Charles Robinson,DEPT001,Finance,2025-06-12,2025-07-03,2025-07-04,CHF,PT005,Net 60,119542.28,11954.23,3915,135411.51,Closed,Approved,EMP035,2025-06-13,Fully Received,Ex-Works,"539 Market St, Phoenix, CA 26471",Expedite shipping,2025-06-12T08:00:00Z,Finance Team
329,PO0329,PO-2026-0329,VEND100,ZF Friedrichshafen AG,EMP008,Maria Garcia,DEPT008,Legal & Compliance,2026-06-24,2026-07-09,2026-07-08,USD,PT002,Net 15,172856.47,17285.65,0,190142.12,Closed,Approved,EMP038,2026-06-29,Fully Received,Ex-Works,"211 Market St, Los Angeles, TX 87136",Keep in warehouse,2026-06-24T15:00:00Z,IT Team
330,PO0330,PO-2024-0330,VEND072,Republic Services,EMP037,Christopher Lee,DEPT007,Marketing,2024-07-29,2024-08-29,None,SEK,PT001,Immediate,200049.43,40009.89,0,240059.32,Closed,Approved,EMP040,2024-08-05,Fully Received,FOB Destination,"303 Park Blvd, Los Angeles, AZ 83670",Expedite shipping,2024-07-29T17:00:00Z,Finance Team
331,PO0331,PO-2023-0331,VEND007,Staples Inc.,EMP035,Joseph Wilson,DEPT005,Human Resources,2023-02-27,2023-03-21,2023-03-20,EUR,PT003,Net 30,441501.76,22075.09,0,463576.85,Partially Received,Approved,EMP035,2023-03-02,Partially Received,FOB Origin,"265 Market St, Houston, TX 25421",,2023-02-27T15:00:00Z,Procurement Team
332,PO0332,PO-2025-0332,VEND042,"VMware, Inc.",EMP010,Patricia Taylor,DEPT010,Executive Management,2025-04-27,2025-05-15,2025-05-17,SEK,PT002,Net 15,438717.65,0,3893.53,442611.18,Closed,Approved,EMP007,2025-04-30,Fully Received,Ex-Works,"509 Main St, Chicago, IL 62124",,2025-04-27T10:00:00Z,Finance Team
333,PO0333,PO-2023-0333,VEND039,Oracle Corporation,EMP029,Jennifer Lee,DEPT009,Warehouse & Logistics,2023-05-14,2023-06-11,2023-06-09,CHF,PT004,Net 45,303834.23,15191.71,2020.09,321046.03,Closed,Approved,EMP038,2023-05-19,Fully Received,CIF,"709 Oak Ave, Chicago, NY 65432",Keep in warehouse,2023-05-14T15:00:00Z,Sales Team
334,PO0334,PO-2024-0334,VEND076,Comcast Business,EMP006,Amanda Lee,DEPT006,Sales,2024-08-30,2024-10-11,2024-10-08,GBP,PT004,Net 45,113126.5,20362.77,0,133489.27,Partially Received,Approved,EMP034,2024-08-31,Partially Received,CIF,"957 Oak Ave, Phoenix, IL 79138",Keep in warehouse,2024-08-30T14:00:00Z,IT Team
335,PO0335,PO-2026-0335,VEND053,S&P Global Inc.,EMP029,Jennifer Lee,DEPT009,Warehouse & Logistics,2026-03-06,2026-04-19,2026-04-14,SEK,PT001,Immediate,77462.68,3873.13,3844.43,85180.24,Open,Draft,None,None,Not Received,FOB Destination,"228 Market St, Houston, NY 73811",,2026-03-06T09:00:00Z,Marketing Team
336,PO0336,PO-2025-0336,VEND059,McKinsey & Company,EMP030,Elizabeth Miller,DEPT010,Executive Management,2025-11-15,2025-12-01,2025-11-26,CHF,PT001,Immediate,362189.9,0,1519.68,363709.58,Closed,Approved,EMP024,2025-11-20,Fully Received,CIF,"987 Market St, Phoenix, AZ 58549",Expedite shipping,2025-11-15T14:00:00Z,Finance Team
337,PO0337,PO-2023-0337,VEND064,Aramark Corporation,EMP024,Kimberly White,DEPT004,Information Technology,2023-02-14,2023-03-19,2023-03-20,EUR,PT007,2/10 Net 30,289982.62,14499.13,0,304481.75,Closed,Approved,EMP007,2023-02-18,Fully Received,FOB Destination,"153 Market St, Los Angeles, IL 24797",Urgent,2023-02-14T14:00:00Z,Sales Team
338,PO0338,PO-2024-0338,VEND072,Republic Services,EMP034,Angela Martinez,DEPT004,Information Technology,2024-01-21,2024-02-20,2024-02-20,SEK,PT001,Immediate,258394,46510.92,1759.95,306664.87,Closed,Approved,EMP008,2024-01-28,Fully Received,Ex-Works,"393 Oak Ave, Houston, IL 66947",Urgent,2024-01-21T10:00:00Z,Procurement Team
339,PO0339,PO-2024-0339,VEND024,Schneider Electric,EMP037,Christopher Lee,DEPT007,Marketing,2024-03-08,2024-03-31,2024-03-26,USD,PT002,Net 15,224354,40383.72,2295.09,267032.81,Closed,Approved,EMP034,2024-03-14,Fully Received,CIF,"967 Main St, Phoenix, CA 31796",Call before delivery,2024-03-08T16:00:00Z,Finance Team
340,PO0340,PO-2024-0340,VEND010,Tech Solutions Ltd,EMP021,Brian Thompson,DEPT001,Finance,2024-04-09,2024-05-11,None,USD,PT004,Net 45,154115.32,27740.76,0,181856.08,Closed,Approved,EMP004,2024-04-10,Fully Received,FOB Origin,"533 Park Blvd, Los Angeles, TX 91575",Urgent,2024-04-09T10:00:00Z,Finance Team
341,PO0341,PO-2023-0341,VEND055,Deloitte & Touche LLP,EMP029,Jennifer Lee,DEPT009,Warehouse & Logistics,2023-12-15,2024-01-27,None,EUR,PT001,Immediate,96763.65,4838.18,1690.44,103292.27,Partially Received,Approved,EMP011,2023-12-18,Partially Received,FOB Origin,"451 Oak Ave, Los Angeles, NY 99480",Call before delivery,2023-12-15T13:00:00Z,IT Team
342,PO0342,PO-2023-0342,VEND069,ADT Inc.,EMP005,Robert Kim,DEPT005,Human Resources,2023-07-25,2023-09-08,None,EUR,PT002,Net 15,312269.85,31226.99,4847.15,348343.99,Open,Approved,EMP027,2023-07-28,Not Received,Ex-Works,"436 Market St, Los Angeles, TX 47373",Urgent,2023-07-25T13:00:00Z,Sales Team
343,PO0343,PO-2026-0343,VEND056,PricewaterhouseCoopers LLP,EMP007,James Wilson,DEPT007,Marketing,2026-08-23,2026-09-24,2026-09-28,EUR,PT007,2/10 Net 30,333763,0,3053.36,336816.36,Open,Approved,EMP022,2026-08-28,Not Received,FOB Origin,"413 Market St, Phoenix, AZ 39526",Keep in warehouse,2026-08-23T08:00:00Z,IT Team
344,PO0344,PO-2024-0344,VEND024,Schneider Electric,EMP033,Timothy Rodriguez,DEPT003,Operations,2024-10-26,2024-11-26,2024-11-21,USD,PT002,Net 15,37342.04,7468.41,0,44810.45,Closed,Approved,EMP005,2024-10-31,Fully Received,CIF,"148 Main St, Phoenix, CA 57311",Expedite shipping,2024-10-26T12:00:00Z,IT Team
345,PO0345,PO-2026-0345,VEND056,PricewaterhouseCoopers LLP,EMP012,Jennifer Park,DEPT002,Procurement,2026-10-20,2026-11-10,2026-11-09,EUR,PT001,Immediate,235086.19,47017.24,0,282103.43,Open,Approved,EMP002,2026-10-23,Not Received,CIF,"507 Oak Ave, Houston, IL 28156",Expedite shipping,2026-10-20T12:00:00Z,Marketing Team
346,PO0346,PO-2024-0346,VEND083,MSC Industrial Direct,EMP023,Richard Martinez,DEPT003,Operations,2024-08-05,2024-08-25,2024-08-20,SEK,PT005,Net 60,172668.32,34533.66,0,207201.98,Pending Approval,Draft,None,None,Not Received,FOB Origin,"905 Market St, Los Angeles, IL 76966",,2024-08-05T13:00:00Z,Finance Team
347,PO0347,PO-2025-0347,VEND059,McKinsey & Company,EMP036,Kimberly Wright,DEPT006,Sales,2025-09-23,2025-11-07,2025-11-06,CHF,PT004,Net 45,148440.44,26719.28,378.25,175537.97,Open,Approved,EMP028,2025-09-24,Not Received,CIF,"615 Park Blvd, Houston, TX 74740",Urgent,2025-09-23T10:00:00Z,Finance Team
348,PO0348,PO-2025-0348,VEND023,Caterpillar Inc.,EMP032,Susan Clark,DEPT002,Procurement,2025-09-18,2025-10-19,None,INR,PT003,Net 30,385936.11,38593.61,0,424529.72,Closed,Submitted,None,None,Fully Received,CIF,"751 Park Blvd, Phoenix, IL 78097",Urgent,2025-09-18T17:00:00Z,HR Team
349,PO0349,PO-2024-0349,VEND087,Hilti Corporation,EMP017,Michelle Chen,DEPT007,Marketing,2024-11-05,2024-12-13,2024-12-13,CHF,PT003,Net 30,18788.47,3757.69,2957.73,25503.89,Closed,Approved,EMP022,2024-11-09,Fully Received,FOB Destination,"704 Market St, Los Angeles, NY 87353",Keep in warehouse,2024-11-05T16:00:00Z,IT Team
350,PO0350,PO-2023-0350,VEND096,Gates Corporation,EMP038,Stephanie Hall,DEPT008,Legal & Compliance,2023-06-03,2023-07-02,2023-06-28,EUR,PT007,2/10 Net 30,326899.36,58841.88,4070.59,389811.83,Open,Approved,EMP004,2023-06-04,Not Received,FOB Destination,"413 Main St, Los Angeles, AZ 81988",Keep in warehouse,2023-06-03T17:00:00Z,Sales Team
351,PO0351,PO-2025-0351,VEND090,Snap-on Incorporated,EMP011,Daniel Anderson,DEPT001,Finance,2025-05-18,2025-06-14,None,GBP,PT004,Net 45,163457.96,32691.59,0,196149.55,Pending Approval,Approved,EMP015,2025-05-23,Not Received,FOB Origin,"135 Main St, Los Angeles, CA 66825",Call before delivery,2025-05-18T10:00:00Z,Marketing Team
352,PO0352,PO-2025-0352,VEND099,Bridgestone Americas,EMP036,Kimberly Wright,DEPT006,Sales,2025-03-21,2025-04-19,2025-04-23,USD,PT001,Immediate,36442.39,7288.48,0,43730.87,Pending Approval,Approved,EMP023,2025-03-22,Not Received,FOB Destination,"119 Main St, Chicago, NY 12465",Urgent,2025-03-21T14:00:00Z,IT Team
353,PO0353,PO-2026-0353,VEND025,ABB Ltd,EMP033,Timothy Rodriguez,DEPT003,Operations,2026-11-10,2026-12-15,None,GBP,PT003,Net 30,134156.55,26831.31,0,160987.86,Closed,Approved,EMP004,2026-11-14,Fully Received,FOB Origin,"100 Oak Ave, New York, NY 31248",Call before delivery,2026-11-10T14:00:00Z,Finance Team
354,PO0354,PO-2024-0354,VEND015,Best Buy Corp,EMP013,Kevin Moore,DEPT003,Operations,2024-12-10,2025-01-24,None,INR,PT006,Net 90,122214.94,6110.75,2753.74,131079.43,Open,Approved,EMP006,2024-12-16,Not Received,FOB Origin,"504 Market St, Chicago, NY 23377",Expedite shipping,2024-12-10T08:00:00Z,Procurement Team
355,PO0355,PO-2026-0355,VEND036,Kuehne + Nagel,EMP014,Lisa Johnson,DEPT004,Information Technology,2026-09-02,2026-09-29,None,INR,PT003,Net 30,494541.64,49454.16,0,543995.8,Partially Received,Approved,EMP003,2026-09-08,Partially Received,CIF,"184 Main St, Chicago, TX 58280",Expedite shipping,2026-09-02T13:00:00Z,Sales Team
356,PO0356,PO-2025-0356,VEND088,Makita Corporation,EMP027,Nancy Davis,DEPT007,Marketing,2025-09-20,2025-10-06,None,CHF,PT001,Immediate,125738.42,12573.84,0,138312.26,Closed,Approved,EMP029,2025-09-27,Fully Received,FOB Origin,"725 Oak Ave, Chicago, AZ 91001",Expedite shipping,2025-09-20T08:00:00Z,Sales Team
357,PO0357,PO-2023-0357,VEND069,ADT Inc.,EMP001,David Chen,DEPT001,Finance,2023-08-07,2023-08-29,None,EUR,PT003,Net 30,262571.89,13128.59,0,275700.48,Closed,Approved,EMP005,2023-08-08,Fully Received,Ex-Works,"980 Market St, Los Angeles, TX 37514",,2023-08-07T09:00:00Z,Sales Team
358,PO0358,PO-2026-0358,VEND072,Republic Services,EMP022,Cynthia Lewis,DEPT002,Procurement,2026-08-17,2026-09-13,2026-09-17,SEK,PT007,2/10 Net 30,152665.83,0,0,152665.83,Closed,Approved,EMP019,2026-08-22,Fully Received,FOB Origin,"121 Oak Ave, New York, AZ 32387",Call before delivery,2026-08-17T14:00:00Z,Finance Team
359,PO0359,PO-2026-0359,VEND047,Apple Inc.,EMP009,Thomas Brown,DEPT009,Warehouse & Logistics,2026-02-22,2026-03-17,None,GBP,PT002,Net 15,199799.25,39959.85,2916.41,242675.51,Closed,Approved,EMP018,2026-02-23,Fully Received,FOB Origin,"249 Park Blvd, Phoenix, TX 49406",,2026-02-22T08:00:00Z,HR Team
360,PO0360,PO-2026-0360,VEND096,Gates Corporation,EMP021,Brian Thompson,DEPT001,Finance,2026-04-17,2026-05-21,2026-05-19,EUR,PT006,Net 90,390374.4,78074.88,0,468449.28,Open,Approved,EMP007,2026-04-21,Not Received,CIF,"167 Market St, Chicago, NY 97349",,2026-04-17T16:00:00Z,Procurement Team
361,PO0361,PO-2024-0361,VEND045,Hewlett Packard Enterprise,EMP014,Lisa Johnson,DEPT004,Information Technology,2024-01-31,2024-02-16,2024-02-16,CHF,PT004,Net 45,470047.71,0,1476.78,471524.49,Closed,Approved,EMP015,2024-02-02,Fully Received,FOB Origin,"916 Park Blvd, Phoenix, TX 23706",Call before delivery,2024-01-31T16:00:00Z,IT Team
362,PO0362,PO-2023-0362,VEND035,Expeditors International,EMP004,Jessica Martinez,DEPT004,Information Technology,2023-08-27,2023-10-09,2023-10-08,GBP,PT007,2/10 Net 30,439329.84,79079.37,3623.02,522032.23,Closed,Draft,None,None,Fully Received,FOB Origin,"828 Main St, New York, AZ 83889",Keep in warehouse,2023-08-27T12:00:00Z,Procurement Team
363,PO0363,PO-2023-0363,VEND076,Comcast Business,EMP040,Melissa Torres,DEPT010,Executive Management,2023-02-13,2023-03-05,None,GBP,PT002,Net 15,294810,58962,3184.66,356956.66,Pending Approval,Approved,EMP012,2023-02-14,Not Received,CIF,"187 Park Blvd, Houston, NY 16642",Call before delivery,2023-02-13T16:00:00Z,HR Team
364,PO0364,PO-2024-0364,VEND055,Deloitte & Touche LLP,EMP033,Timothy Rodriguez,DEPT003,Operations,2024-12-09,2024-12-27,2025-01-01,EUR,PT007,2/10 Net 30,309343.01,30934.3,0,340277.31,Open,Approved,EMP005,2024-12-16,Not Received,FOB Origin,"148 Market St, Los Angeles, TX 98472",Keep in warehouse,2024-12-09T08:00:00Z,Procurement Team
365,PO0365,PO-2026-0365,VEND083,MSC Industrial Direct,EMP020,Laura Adams,DEPT010,Executive Management,2026-03-16,2026-04-20,2026-04-24,SEK,PT003,Net 30,73564.03,3678.2,3513.15,80755.38,Cancelled,Submitted,None,None,Not Received,Ex-Works,"390 Main St, Los Angeles, AZ 68260",Call before delivery,2026-03-16T14:00:00Z,IT Team
366,PO0366,PO-2023-0366,VEND004,Dell Technologies,EMP039,David Nguyen,DEPT009,Warehouse & Logistics,2023-01-28,2023-03-09,2023-03-05,CHF,PT006,Net 90,256703.57,0,0,256703.57,Closed,Approved,EMP012,2023-02-01,Fully Received,Ex-Works,"601 Market St, Phoenix, CA 10834",,2023-01-28T11:00:00Z,Finance Team
367,PO0367,PO-2025-0367,VEND065,Sodexo S.A.,EMP037,Christopher Lee,DEPT007,Marketing,2025-06-26,2025-08-03,2025-07-30,INR,PT005,Net 60,466250.26,83925.05,0,550175.31,Closed,Approved,EMP004,2025-07-03,Fully Received,Ex-Works,"727 Main St, Phoenix, AZ 17994",,2025-06-26T15:00:00Z,Marketing Team
368,PO0368,PO-2023-0368,VEND055,Deloitte & Touche LLP,EMP036,Kimberly Wright,DEPT006,Sales,2023-11-27,2023-12-15,2023-12-13,EUR,PT005,Net 60,455130.39,45513.04,0,500643.43,Pending Approval,Approved,EMP013,2023-11-28,Not Received,FOB Origin,"215 Oak Ave, Phoenix, TX 25772",Keep in warehouse,2023-11-27T13:00:00Z,Marketing Team
369,PO0369,PO-2025-0369,VEND054,"FTI Consulting, Inc.",EMP010,Patricia Taylor,DEPT010,Executive Management,2025-12-26,2026-01-12,None,USD,PT004,Net 45,258427.35,12921.37,0,271348.72,Open,Approved,EMP007,2025-12-30,Not Received,CIF,"684 Oak Ave, Los Angeles, CA 16231",Urgent,2025-12-26T12:00:00Z,HR Team
370,PO0370,PO-2026-0370,VEND060,Boston Consulting Group,EMP012,Jennifer Park,DEPT002,Procurement,2026-02-28,2026-04-07,2026-04-12,SEK,PT004,Net 45,256457.07,0,937.98,257395.05,Pending Approval,Approved,EMP030,2026-03-04,Not Received,CIF,"530 Park Blvd, Los Angeles, IL 18012",Urgent,2026-02-28T09:00:00Z,IT Team
371,PO0371,PO-2026-0371,VEND033,Maersk Line,EMP014,Lisa Johnson,DEPT004,Information Technology,2026-06-19,2026-07-28,None,SEK,PT003,Net 30,41517.11,4151.71,0,45668.82,Closed,Approved,EMP004,2026-06-25,Fully Received,CIF,"365 Park Blvd, New York, IL 29888",Keep in warehouse,2026-06-19T08:00:00Z,Marketing Team
372,PO0372,PO-2024-0372,VEND067,"CBRE Group, Inc.",EMP009,Thomas Brown,DEPT009,Warehouse & Logistics,2024-03-02,2024-03-20,2024-03-21,EUR,PT002,Net 15,116801.57,5840.08,0,122641.65,Closed,Approved,EMP035,2024-03-09,Fully Received,CIF,"748 Main St, Los Angeles, NY 63543",Expedite shipping,2024-03-02T11:00:00Z,Sales Team
373,PO0373,PO-2026-0373,VEND086,W.W. Grainger International,EMP034,Angela Martinez,DEPT004,Information Technology,2026-07-18,2026-08-07,2026-08-05,EUR,PT004,Net 45,181737.25,9086.86,0,190824.11,Closed,Approved,EMP019,2026-07-23,Fully Received,FOB Origin,"567 Park Blvd, Phoenix, NY 61334",,2026-07-18T17:00:00Z,Procurement Team
374,PO0374,PO-2024-0374,VEND024,Schneider Electric,EMP007,James Wilson,DEPT007,Marketing,2024-05-31,2024-06-26,None,USD,PT006,Net 90,67586.9,6758.69,0,74345.59,Open,Approved,EMP015,2024-06-04,Not Received,CIF,"531 Oak Ave, Chicago, TX 30510",Expedite shipping,2024-05-31T14:00:00Z,IT Team
375,PO0375,PO-2025-0375,VEND020,Alpha Industries,EMP022,Cynthia Lewis,DEPT002,Procurement,2025-07-22,2025-09-02,None,SEK,PT006,Net 90,148227.03,0,0,148227.03,Closed,Approved,EMP004,2025-07-29,Fully Received,FOB Origin,"318 Oak Ave, Houston, CA 87546",Expedite shipping,2025-07-22T15:00:00Z,Finance Team
376,PO0376,PO-2025-0376,VEND072,Republic Services,EMP026,Amanda Thomas,DEPT006,Sales,2025-05-03,2025-06-07,2025-06-03,SEK,PT006,Net 90,33577.71,6043.99,2384.02,42005.72,Open,Approved,EMP024,2025-05-04,Not Received,FOB Origin,"967 Market St, Phoenix, CA 66260",Expedite shipping,2025-05-03T08:00:00Z,IT Team
377,PO0377,PO-2025-0377,VEND073,AT&T Business,EMP034,Angela Martinez,DEPT004,Information Technology,2025-12-31,2026-01-21,None,SEK,PT006,Net 90,165639.89,8281.99,0,173921.88,Open,Approved,EMP003,2026-01-05,Not Received,Ex-Works,"153 Oak Ave, Chicago, IL 57232",Urgent,2025-12-31T11:00:00Z,Sales Team
378,PO0378,PO-2024-0378,VEND023,Caterpillar Inc.,EMP001,David Chen,DEPT001,Finance,2024-03-25,2024-04-21,None,INR,PT001,Immediate,448499.33,44849.93,0,493349.26,Partially Received,Approved,EMP015,2024-03-27,Partially Received,FOB Destination,"112 Market St, Houston, CA 76975",Keep in warehouse,2024-03-25T09:00:00Z,HR Team
379,PO0379,PO-2026-0379,VEND009,Office Furniture World,EMP022,Cynthia Lewis,DEPT002,Procurement,2026-02-07,2026-03-17,2026-03-14,USD,PT002,Net 15,233666.54,11683.33,0,245349.87,Closed,Approved,EMP008,2026-02-10,Fully Received,Ex-Works,"241 Park Blvd, Houston, IL 48145",,2026-02-07T17:00:00Z,HR Team
380,PO0380,PO-2024-0380,VEND022,Siemens AG,EMP006,Amanda Lee,DEPT006,Sales,2024-03-03,2024-03-19,2024-03-19,USD,PT001,Immediate,328438.35,59118.9,0,387557.25,Closed,Approved,EMP004,2024-03-05,Fully Received,CIF,"146 Main St, Phoenix, TX 99356",Call before delivery,2024-03-03T16:00:00Z,IT Team
381,PO0381,PO-2026-0381,VEND075,T-Mobile for Business,EMP025,Jason Harris,DEPT005,Human Resources,2026-05-24,2026-06-26,2026-06-29,GBP,PT003,Net 30,314473.98,0,0,314473.98,Pending Approval,Approved,EMP033,2026-05-25,Not Received,CIF,"469 Oak Ave, Houston, NY 29746",Keep in warehouse,2026-05-24T14:00:00Z,Finance Team
382,PO0382,PO-2026-0382,VEND001,ABCD & CO,EMP029,Jennifer Lee,DEPT009,Warehouse & Logistics,2026-05-21,2026-06-15,2026-06-20,SEK,PT007,2/10 Net 30,445585.83,0,0,445585.83,Open,Approved,EMP018,2026-05-25,Not Received,CIF,"819 Oak Ave, Chicago, IL 31556",Call before delivery,2026-05-21T17:00:00Z,Finance Team
383,PO0383,PO-2024-0383,VEND057,Ernst & Young LLP,EMP014,Lisa Johnson,DEPT004,Information Technology,2024-01-07,2024-02-08,2024-02-07,INR,PT003,Net 30,137926.79,0,0,137926.79,Pending Approval,Approved,EMP018,2024-01-11,Not Received,FOB Destination,"145 Park Blvd, Chicago, AZ 71008",Keep in warehouse,2024-01-07T12:00:00Z,Marketing Team
384,PO0384,PO-2024-0384,VEND028,Emerson Electric Co.,EMP038,Stephanie Hall,DEPT008,Legal & Compliance,2024-09-10,2024-10-22,2024-10-22,INR,PT005,Net 60,456398.45,0,233.56,456632.01,Closed,Rejected,None,None,Fully Received,FOB Origin,"845 Park Blvd, Chicago, TX 20813",,2024-09-10T11:00:00Z,Finance Team
385,PO0385,PO-2026-0385,VEND078,Cintas Corporation,EMP004,Jessica Martinez,DEPT004,Information Technology,2026-03-16,2026-04-26,2026-04-30,USD,PT001,Immediate,250414.22,12520.71,0,262934.93,Open,Approved,EMP022,2026-03-21,Not Received,CIF,"858 Oak Ave, Los Angeles, NY 84144",Keep in warehouse,2026-03-16T13:00:00Z,HR Team
386,PO0386,PO-2026-0386,VEND030,Bosch Rexroth AG,EMP036,Kimberly Wright,DEPT006,Sales,2026-02-06,2026-03-02,2026-03-04,CHF,PT005,Net 60,294351.08,58870.22,1975.31,355196.61,Partially Received,Approved,EMP035,2026-02-12,Partially Received,FOB Origin,"812 Park Blvd, Houston, AZ 20139",Expedite shipping,2026-02-06T15:00:00Z,IT Team
387,PO0387,PO-2025-0387,VEND036,Kuehne + Nagel,EMP039,David Nguyen,DEPT009,Warehouse & Logistics,2025-06-16,2025-07-21,2025-07-20,INR,PT003,Net 30,437164.49,78689.61,0,515854.1,Open,Approved,EMP019,2025-06-20,Not Received,FOB Destination,"493 Main St, Chicago, AZ 15250",Call before delivery,2025-06-16T14:00:00Z,IT Team
388,PO0388,PO-2023-0388,VEND091,Ingersoll Rand,EMP017,Michelle Chen,DEPT007,Marketing,2023-08-05,2023-08-29,None,GBP,PT003,Net 30,233743.76,0,0,233743.76,Open,Approved,EMP039,2023-08-12,Not Received,FOB Origin,"193 Market St, Phoenix, IL 29957",Call before delivery,2023-08-05T12:00:00Z,Procurement Team
389,PO0389,PO-2026-0389,VEND017,Pinnacle Partners,EMP019,Rachel Rodriguez,DEPT009,Warehouse & Logistics,2026-12-31,2027-02-07,2027-02-05,CHF,PT007,2/10 Net 30,294653.07,0,0,294653.07,Open,Approved,EMP030,2027-01-01,Not Received,FOB Origin,"507 Park Blvd, Chicago, AZ 24492",Call before delivery,2026-12-31T14:00:00Z,IT Team
390,PO0390,PO-2023-0390,VEND088,Makita Corporation,EMP009,Thomas Brown,DEPT009,Warehouse & Logistics,2023-08-28,2023-09-14,2023-09-09,CHF,PT006,Net 90,238134.64,23813.46,0,261948.1,Closed,Approved,EMP029,2023-09-04,Fully Received,FOB Destination,"992 Oak Ave, Los Angeles, CA 55300",Keep in warehouse,2023-08-28T12:00:00Z,Marketing Team
391,PO0391,PO-2026-0391,VEND090,Snap-on Incorporated,EMP039,David Nguyen,DEPT009,Warehouse & Logistics,2026-08-14,2026-09-13,None,GBP,PT006,Net 90,406924.34,81384.87,2270.99,490580.2,Open,Approved,EMP030,2026-08-19,Not Received,CIF,"338 Park Blvd, Phoenix, CA 96776",Call before delivery,2026-08-14T09:00:00Z,Procurement Team
392,PO0392,PO-2025-0392,VEND079,UniFirst Corporation,EMP031,Charles Robinson,DEPT001,Finance,2025-02-24,2025-04-06,2025-04-11,USD,PT002,Net 15,271087.58,0,4983.37,276070.95,Closed,Approved,EMP024,2025-03-02,Fully Received,Ex-Works,"978 Market St, New York, IL 73848",Expedite shipping,2025-02-24T10:00:00Z,IT Team
393,PO0393,PO-2023-0393,VEND003,IMPORTING COMPANY,EMP009,Thomas Brown,DEPT009,Warehouse & Logistics,2023-09-11,2023-10-19,2023-10-19,GBP,PT003,Net 30,181541.91,18154.19,2281.87,201977.97,Closed,Approved,EMP005,2023-09-12,Fully Received,FOB Origin,"305 Main St, Los Angeles, IL 45210",Urgent,2023-09-11T12:00:00Z,IT Team
394,PO0394,PO-2026-0394,VEND090,Snap-on Incorporated,EMP017,Michelle Chen,DEPT007,Marketing,2026-05-31,2026-07-07,None,GBP,PT004,Net 45,492024.51,88564.41,0,580588.92,Open,Draft,None,None,Not Received,FOB Destination,"570 Oak Ave, New York, NY 81651",Expedite shipping,2026-05-31T08:00:00Z,HR Team
395,PO0395,PO-2025-0395,VEND055,Deloitte & Touche LLP,EMP027,Nancy Davis,DEPT007,Marketing,2025-08-28,2025-09-12,2025-09-11,EUR,PT001,Immediate,201008.56,0,0,201008.56,Open,Approved,EMP018,2025-08-30,Not Received,FOB Destination,"965 Oak Ave, Houston, IL 64658",,2025-08-28T14:00:00Z,HR Team
396,PO0396,PO-2023-0396,VEND097,Goodyear Tire & Rubber,EMP009,Thomas Brown,DEPT009,Warehouse & Logistics,2023-01-12,2023-02-17,None,GBP,PT006,Net 90,286350.19,14317.51,4061.73,304729.43,Closed,Approved,EMP036,2023-01-16,Fully Received,Ex-Works,"221 Main St, Los Angeles, NY 83077",Expedite shipping,2023-01-12T17:00:00Z,HR Team
397,PO0397,PO-2026-0397,VEND094,Timken Company,EMP012,Jennifer Park,DEPT002,Procurement,2026-10-20,2026-11-10,None,SEK,PT004,Net 45,15248.05,3049.61,4799.09,23096.75,Closed,Approved,EMP004,2026-10-25,Fully Received,FOB Origin,"162 Park Blvd, Phoenix, IL 20106",Expedite shipping,2026-10-20T12:00:00Z,Finance Team
398,PO0398,PO-2026-0398,VEND022,Siemens AG,EMP022,Cynthia Lewis,DEPT002,Procurement,2026-02-06,2026-03-20,None,USD,PT006,Net 90,89927.36,17985.47,871.18,108784.01,Pending Approval,Approved,EMP038,2026-02-07,Not Received,CIF,"117 Park Blvd, Phoenix, TX 16161",,2026-02-06T17:00:00Z,Finance Team
399,PO0399,PO-2026-0399,VEND052,Moody's Analytics,EMP028,Peter Garcia,DEPT008,Legal & Compliance,2026-04-25,2026-05-20,2026-05-25,GBP,PT001,Immediate,429931.91,85986.38,1911.87,517830.16,Cancelled,Rejected,None,None,Not Received,FOB Origin,"503 Market St, Phoenix, AZ 91665",Keep in warehouse,2026-04-25T09:00:00Z,Sales Team
400,PO0400,PO-2023-0400,VEND034,C.H. Robinson Worldwide,EMP022,Cynthia Lewis,DEPT002,Procurement,2023-09-30,2023-10-22,2023-10-17,SEK,PT003,Net 30,190445.1,19044.51,0,209489.61,Open,Approved,EMP011,2023-10-07,Not Received,FOB Destination,"431 Park Blvd, Houston, TX 95776",Keep in warehouse,2023-09-30T13:00:00Z,HR Team
401,PO0401,PO-2024-0401,VEND078,Cintas Corporation,EMP040,Melissa Torres,DEPT010,Executive Management,2024-03-26,2024-05-09,2024-05-09,USD,PT006,Net 90,316680.35,31668.03,699.03,349047.41,Open,Approved,EMP023,2024-03-30,Not Received,FOB Destination,"450 Park Blvd, Phoenix, TX 58782",Call before delivery,2024-03-26T10:00:00Z,IT Team
402,PO0402,PO-2023-0402,VEND025,ABB Ltd,EMP038,Stephanie Hall,DEPT008,Legal & Compliance,2023-11-13,2023-12-03,None,GBP,PT006,Net 90,73594.34,0,2204.24,75798.58,Partially Received,Approved,EMP036,2023-11-17,Partially Received,FOB Destination,"437 Main St, Los Angeles, NY 54096",,2023-11-13T10:00:00Z,HR Team
403,PO0403,PO-2026-0403,VEND008,DHL Express,EMP021,Brian Thompson,DEPT001,Finance,2026-04-17,2026-05-18,2026-05-17,INR,PT002,Net 15,448987.52,0,0,448987.52,Pending Approval,Approved,EMP011,2026-04-21,Not Received,FOB Destination,"666 Main St, New York, AZ 36460",Call before delivery,2026-04-17T09:00:00Z,Finance Team
404,PO0404,PO-2024-0404,VEND079,UniFirst Corporation,EMP005,Robert Kim,DEPT005,Human Resources,2024-06-30,2024-08-05,None,USD,PT002,Net 15,54081.27,5408.13,362.46,59851.86,Pending Approval,Submitted,None,None,Not Received,Ex-Works,"846 Oak Ave, New York, TX 58219",Keep in warehouse,2024-06-30T08:00:00Z,Finance Team
405,PO0405,PO-2023-0405,VEND003,IMPORTING COMPANY,EMP009,Thomas Brown,DEPT009,Warehouse & Logistics,2023-02-16,2023-03-25,2023-03-28,GBP,PT003,Net 30,76328.24,13739.08,4265.77,94333.09,Partially Received,Approved,EMP012,2023-02-20,Partially Received,FOB Destination,"921 Main St, Chicago, AZ 81443",Keep in warehouse,2023-02-16T15:00:00Z,Finance Team
406,PO0406,PO-2025-0406,VEND058,KPMG LLP,EMP037,Christopher Lee,DEPT007,Marketing,2025-11-17,2025-12-07,2025-12-02,GBP,PT007,2/10 Net 30,58471.28,10524.83,0,68996.11,Open,Approved,EMP033,2025-11-18,Not Received,Ex-Works,"975 Market St, Los Angeles, TX 85280",Call before delivery,2025-11-17T16:00:00Z,Procurement Team
407,PO0407,PO-2026-0407,VEND100,ZF Friedrichshafen AG,EMP034,Angela Martinez,DEPT004,Information Technology,2026-07-11,2026-08-11,2026-08-10,USD,PT003,Net 30,281996.32,56399.26,0,338395.58,Partially Received,Approved,EMP038,2026-07-18,Partially Received,CIF,"111 Park Blvd, Phoenix, AZ 95620",Expedite shipping,2026-07-11T10:00:00Z,Sales Team
408,PO0408,PO-2023-0408,VEND037,Atlas Air Worldwide,EMP024,Kimberly White,DEPT004,Information Technology,2023-02-21,2023-03-08,2023-03-09,CHF,PT006,Net 90,328203.63,32820.36,0,361023.99,Partially Received,Submitted,None,None,Partially Received,CIF,"670 Main St, Houston, CA 19822",,2023-02-21T13:00:00Z,Sales Team
409,PO0409,PO-2026-0409,VEND049,Parker Hannifin Corporation,EMP035,Joseph Wilson,DEPT005,Human Resources,2026-11-14,2026-12-02,None,USD,PT006,Net 90,430976.42,43097.64,0,474074.06,Open,Draft,None,None,Not Received,FOB Destination,"465 Park Blvd, New York, NY 66159",Keep in warehouse,2026-11-14T11:00:00Z,Sales Team
410,PO0410,PO-2023-0410,VEND082,Grainger Inc.,EMP038,Stephanie Hall,DEPT008,Legal & Compliance,2023-05-27,2023-07-01,2023-07-05,GBP,PT007,2/10 Net 30,235902.08,47180.42,0,283082.5,Closed,Approved,EMP027,2023-06-03,Fully Received,FOB Destination,"764 Oak Ave, Los Angeles, NY 44654",,2023-05-27T08:00:00Z,Sales Team
411,PO0411,PO-2025-0411,VEND023,Caterpillar Inc.,EMP012,Jennifer Park,DEPT002,Procurement,2025-07-16,2025-08-27,None,INR,PT002,Net 15,357360.19,64324.83,4475.25,426160.27,Pending Approval,Approved,EMP024,2025-07-19,Not Received,Ex-Works,"229 Oak Ave, Houston, TX 74632",Call before delivery,2025-07-16T13:00:00Z,Finance Team
412,PO0412,PO-2025-0412,VEND098,Michelin North America,EMP020,Laura Adams,DEPT010,Executive Management,2025-08-03,2025-09-04,2025-09-09,USD,PT001,Immediate,153148.26,0,0,153148.26,Partially Received,Approved,EMP021,2025-08-05,Partially Received,FOB Destination,"940 Park Blvd, Phoenix, NY 79709",Call before delivery,2025-08-03T10:00:00Z,Sales Team
413,PO0413,PO-2025-0413,VEND090,Snap-on Incorporated,EMP030,Elizabeth Miller,DEPT010,Executive Management,2025-04-05,2025-05-06,None,GBP,PT007,2/10 Net 30,113678.68,0,0,113678.68,Partially Received,Approved,EMP032,2025-04-09,Partially Received,Ex-Works,"406 Market St, New York, NY 26699",Expedite shipping,2025-04-05T13:00:00Z,HR Team
414,PO0414,PO-2023-0414,VEND010,Tech Solutions Ltd,EMP004,Jessica Martinez,DEPT004,Information Technology,2023-08-21,2023-09-07,2023-09-03,USD,PT003,Net 30,452550.35,22627.52,0,475177.87,Open,Submitted,None,None,Not Received,CIF,"143 Park Blvd, New York, IL 14760",Expedite shipping,2023-08-21T11:00:00Z,HR Team
415,PO0415,PO-2024-0415,VEND090,Snap-on Incorporated,EMP015,Mark Davis,DEPT005,Human Resources,2024-09-16,2024-10-04,2024-10-01,GBP,PT007,2/10 Net 30,473766.54,85277.98,0,559044.52,Closed,Approved,EMP017,2024-09-19,Fully Received,FOB Origin,"138 Main St, New York, IL 88571",Urgent,2024-09-16T12:00:00Z,HR Team
416,PO0416,PO-2026-0416,VEND031,FedEx Corporation,EMP037,Christopher Lee,DEPT007,Marketing,2026-02-13,2026-03-06,2026-03-03,SEK,PT006,Net 90,108099.81,21619.96,4501.85,134221.62,Closed,Approved,EMP037,2026-02-20,Fully Received,CIF,"579 Park Blvd, Phoenix, TX 37380",Urgent,2026-02-13T14:00:00Z,Procurement Team
417,PO0417,PO-2024-0417,VEND064,Aramark Corporation,EMP028,Peter Garcia,DEPT008,Legal & Compliance,2024-05-29,2024-06-22,2024-06-24,EUR,PT006,Net 90,350401.64,63072.3,3963.19,417437.13,Closed,Draft,None,None,Fully Received,CIF,"768 Main St, New York, IL 86783",Urgent,2024-05-29T08:00:00Z,IT Team
418,PO0418,PO-2023-0418,VEND066,Jones Lang LaSalle,EMP039,David Nguyen,DEPT009,Warehouse & Logistics,2023-07-26,2023-08-15,2023-08-19,CHF,PT004,Net 45,67023.53,6702.35,0,73725.88,Closed,Approved,EMP001,2023-07-29,Fully Received,FOB Origin,"713 Main St, Houston, AZ 82363",Call before delivery,2023-07-26T08:00:00Z,HR Team
419,PO0419,PO-2025-0419,VEND053,S&P Global Inc.,EMP034,Angela Martinez,DEPT004,Information Technology,2025-10-15,2025-11-02,2025-11-02,SEK,PT005,Net 60,170815.55,17081.56,990.33,188887.44,Closed,Approved,EMP002,2025-10-22,Fully Received,CIF,"809 Park Blvd, Phoenix, TX 53440",,2025-10-15T16:00:00Z,Marketing Team
420,PO0420,PO-2025-0420,VEND023,Caterpillar Inc.,EMP025,Jason Harris,DEPT005,Human Resources,2025-09-09,2025-10-16,2025-10-20,INR,PT004,Net 45,376105,67698.9,0,443803.9,Partially Received,Approved,EMP008,2025-09-10,Partially Received,Ex-Works,"600 Market St, New York, IL 12046",Urgent,2025-09-09T17:00:00Z,Sales Team
421,PO0421,PO-2025-0421,VEND043,Cisco Systems Inc.,EMP040,Melissa Torres,DEPT010,Executive Management,2025-05-26,2025-07-09,2025-07-08,GBP,PT003,Net 30,242115.84,43580.85,0,285696.69,Partially Received,Approved,EMP008,2025-05-27,Partially Received,FOB Destination,"734 Oak Ave, Houston, IL 43263",Urgent,2025-05-26T14:00:00Z,HR Team
422,PO0422,PO-2026-0422,VEND036,Kuehne + Nagel,EMP005,Robert Kim,DEPT005,Human Resources,2026-07-16,2026-08-27,2026-08-31,INR,PT001,Immediate,38841.78,1942.09,0,40783.87,Open,Rejected,None,None,Not Received,FOB Destination,"732 Market St, New York, IL 28023",Keep in warehouse,2026-07-16T14:00:00Z,Procurement Team
423,PO0423,PO-2023-0423,VEND078,Cintas Corporation,EMP002,Sarah Williams,DEPT002,Procurement,2023-05-02,2023-05-29,None,USD,PT003,Net 30,123856.22,22294.12,0,146150.34,Pending Approval,Approved,EMP036,2023-05-06,Not Received,Ex-Works,"880 Main St, New York, CA 90932",,2023-05-02T10:00:00Z,Sales Team
424,PO0424,PO-2024-0424,VEND028,Emerson Electric Co.,EMP016,Steven Park,DEPT006,Sales,2024-12-19,2025-01-17,2025-01-15,INR,PT002,Net 15,229588.12,45917.62,0,275505.74,Closed,Approved,EMP017,2024-12-25,Fully Received,FOB Origin,"296 Oak Ave, Chicago, CA 26232",Urgent,2024-12-19T11:00:00Z,Sales Team
425,PO0425,PO-2026-0425,VEND047,Apple Inc.,EMP030,Elizabeth Miller,DEPT010,Executive Management,2026-07-03,2026-08-08,2026-08-10,GBP,PT006,Net 90,307816.49,55406.97,0,363223.46,Closed,Submitted,None,None,Fully Received,FOB Destination,"911 Oak Ave, Chicago, IL 33140",Keep in warehouse,2026-07-03T08:00:00Z,Marketing Team
426,PO0426,PO-2023-0426,VEND084,McMaster-Carr,EMP020,Laura Adams,DEPT010,Executive Management,2023-05-11,2023-06-16,2023-06-20,GBP,PT005,Net 60,454258.13,0,1208.61,455466.74,Open,Approved,EMP024,2023-05-17,Not Received,CIF,"936 Main St, New York, AZ 53013",Call before delivery,2023-05-11T16:00:00Z,Sales Team
427,PO0427,PO-2023-0427,VEND064,Aramark Corporation,EMP032,Susan Clark,DEPT002,Procurement,2023-10-23,2023-11-30,None,EUR,PT005,Net 60,131170.29,13117.03,1720.19,146007.51,Closed,Approved,EMP016,2023-10-24,Fully Received,Ex-Works,"106 Oak Ave, Phoenix, NY 14424",Urgent,2023-10-23T16:00:00Z,Finance Team
428,PO0428,PO-2024-0428,VEND051,Thomson Reuters,EMP001,David Chen,DEPT001,Finance,2024-08-02,2024-08-26,2024-08-29,USD,PT004,Net 45,68015.16,12242.73,0,80257.89,Open,Submitted,None,None,Not Received,CIF,"601 Oak Ave, Phoenix, NY 77341",Call before delivery,2024-08-02T16:00:00Z,Marketing Team
429,PO0429,PO-2025-0429,VEND044,IBM Corporation,EMP037,Christopher Lee,DEPT007,Marketing,2025-12-23,2026-01-13,None,SEK,PT004,Net 45,153867.28,27696.11,0,181563.39,Open,Approved,EMP011,2025-12-26,Not Received,FOB Origin,"626 Oak Ave, Chicago, IL 63651",,2025-12-23T11:00:00Z,Finance Team
430,PO0430,PO-2026-0430,VEND070,Tyco International,EMP034,Angela Martinez,DEPT004,Information Technology,2026-03-01,2026-04-02,2026-04-04,GBP,PT006,Net 90,87476.4,8747.64,1972.92,98196.96,Open,Submitted,None,None,Not Received,Ex-Works,"504 Park Blvd, Phoenix, TX 52225",,2026-03-01T13:00:00Z,IT Team
431,PO0431,PO-2023-0431,VEND050,Festo AG & Co. KG,EMP027,Nancy Davis,DEPT007,Marketing,2023-09-17,2023-10-19,2023-10-24,INR,PT007,2/10 Net 30,186789.24,33622.06,1183.58,221594.88,Pending Approval,Approved,EMP023,2023-09-22,Not Received,FOB Destination,"920 Main St, New York, TX 11672",Urgent,2023-09-17T12:00:00Z,HR Team
432,PO0432,PO-2026-0432,VEND019,Vanguard Tech,EMP033,Timothy Rodriguez,DEPT003,Operations,2026-07-21,2026-08-16,None,USD,PT007,2/10 Net 30,169778.51,0,0,169778.51,Pending Approval,Approved,EMP021,2026-07-28,Not Received,FOB Origin,"209 Main St, Phoenix, TX 83103",Keep in warehouse,2026-07-21T11:00:00Z,Procurement Team
433,PO0433,PO-2023-0433,VEND061,Bain & Company,EMP005,Robert Kim,DEPT005,Human Resources,2023-03-13,2023-03-29,2023-04-03,INR,PT007,2/10 Net 30,85279.65,4263.98,0,89543.63,Pending Approval,Approved,EMP015,2023-03-19,Not Received,Ex-Works,"389 Main St, Phoenix, TX 67343",Keep in warehouse,2023-03-13T11:00:00Z,Sales Team
434,PO0434,PO-2026-0434,VEND098,Michelin North America,EMP035,Joseph Wilson,DEPT005,Human Resources,2026-07-17,2026-08-13,2026-08-12,USD,PT004,Net 45,318889.07,15944.45,0,334833.52,Closed,Submitted,None,None,Fully Received,FOB Destination,"701 Oak Ave, Houston, AZ 38780",,2026-07-17T17:00:00Z,IT Team
435,PO0435,PO-2024-0435,VEND100,ZF Friedrichshafen AG,EMP029,Jennifer Lee,DEPT009,Warehouse & Logistics,2024-03-08,2024-04-13,None,USD,PT001,Immediate,304184.67,30418.47,0,334603.14,Closed,Approved,EMP031,2024-03-13,Fully Received,Ex-Works,"232 Main St, Phoenix, IL 21393",Call before delivery,2024-03-08T11:00:00Z,HR Team
436,PO0436,PO-2026-0436,VEND012,Elite Services,EMP040,Melissa Torres,DEPT010,Executive Management,2026-09-01,2026-10-06,2026-10-09,SEK,PT001,Immediate,490779.34,24538.97,3005.69,518324,Open,Approved,EMP027,2026-09-05,Not Received,Ex-Works,"682 Main St, Houston, TX 30194",Expedite shipping,2026-09-01T12:00:00Z,HR Team
437,PO0437,PO-2026-0437,VEND043,Cisco Systems Inc.,EMP025,Jason Harris,DEPT005,Human Resources,2026-07-18,2026-08-08,2026-08-05,GBP,PT005,Net 60,36760.19,6616.83,0,43377.02,Open,Approved,EMP010,2026-07-19,Not Received,FOB Destination,"230 Main St, New York, AZ 33935",Call before delivery,2026-07-18T17:00:00Z,Marketing Team
438,PO0438,PO-2025-0438,VEND021,Johnson Controls,EMP026,Amanda Thomas,DEPT006,Sales,2025-10-27,2025-11-22,2025-11-20,USD,PT004,Net 45,136703.59,6835.18,2423.41,145962.18,Open,Approved,EMP023,2025-10-29,Not Received,FOB Destination,"948 Main St, Houston, NY 50325",Call before delivery,2025-10-27T08:00:00Z,Procurement Team
439,PO0439,PO-2024-0439,VEND011,Global Supplies Inc,EMP024,Kimberly White,DEPT004,Information Technology,2024-06-20,2024-07-23,2024-07-22,SEK,PT006,Net 90,49718.49,9943.7,0,59662.19,Closed,Approved,EMP027,2024-06-27,Fully Received,FOB Destination,"897 Oak Ave, Chicago, TX 97554",Urgent,2024-06-20T12:00:00Z,Procurement Team
440,PO0440,PO-2025-0440,VEND069,ADT Inc.,EMP008,Maria Garcia,DEPT008,Legal & Compliance,2025-02-21,2025-03-25,2025-03-27,EUR,PT002,Net 15,223775.13,22377.51,634.09,246786.73,Open,Approved,EMP027,2025-02-24,Not Received,CIF,"591 Main St, Houston, AZ 37650",Expedite shipping,2025-02-21T12:00:00Z,Procurement Team
441,PO0441,PO-2026-0441,VEND097,Goodyear Tire & Rubber,EMP002,Sarah Williams,DEPT002,Procurement,2026-01-04,2026-01-31,None,GBP,PT005,Net 60,446465.45,89293.09,0,535758.54,Open,Approved,EMP006,2026-01-08,Not Received,FOB Destination,"740 Park Blvd, Houston, CA 15863",Call before delivery,2026-01-04T15:00:00Z,Procurement Team
442,PO0442,PO-2023-0442,VEND071,Waste Management Inc.,EMP037,Christopher Lee,DEPT007,Marketing,2023-09-25,2023-10-22,2023-10-24,EUR,PT006,Net 90,75347.15,7534.72,588.26,83470.13,Closed,Approved,EMP006,2023-09-29,Fully Received,FOB Origin,"832 Main St, New York, NY 40928",Keep in warehouse,2023-09-25T11:00:00Z,HR Team
443,PO0443,PO-2024-0443,VEND081,Kimberly-Clark Professional,EMP014,Lisa Johnson,DEPT004,Information Technology,2024-09-10,2024-09-29,2024-09-30,SEK,PT004,Net 45,161193.73,29014.87,0,190208.6,Closed,Approved,EMP007,2024-09-16,Fully Received,FOB Destination,"526 Main St, New York, IL 66804",Urgent,2024-09-10T12:00:00Z,Procurement Team
444,PO0444,PO-2026-0444,VEND060,Boston Consulting Group,EMP035,Joseph Wilson,DEPT005,Human Resources,2026-07-18,2026-08-24,2026-08-28,SEK,PT006,Net 90,244996.16,24499.62,4044.23,273540.01,Closed,Submitted,None,None,Fully Received,FOB Origin,"941 Market St, Chicago, IL 27048",Keep in warehouse,2026-07-18T12:00:00Z,Marketing Team
445,PO0445,PO-2023-0445,VEND002,Samira Hadid,EMP017,Michelle Chen,DEPT007,Marketing,2023-09-26,2023-10-12,2023-10-17,INR,PT005,Net 60,11782.17,0,3225.5,15007.67,Closed,Submitted,None,None,Fully Received,CIF,"127 Main St, Houston, IL 71072",Expedite shipping,2023-09-26T16:00:00Z,IT Team
446,PO0446,PO-2024-0446,VEND097,Goodyear Tire & Rubber,EMP034,Angela Martinez,DEPT004,Information Technology,2024-11-02,2024-12-10,2024-12-05,GBP,PT005,Net 60,206933.77,41386.75,0,248320.52,Open,Approved,EMP009,2024-11-08,Not Received,FOB Destination,"756 Park Blvd, New York, IL 45434",,2024-11-02T13:00:00Z,Sales Team
447,PO0447,PO-2023-0447,VEND070,Tyco International,EMP023,Richard Martinez,DEPT003,Operations,2023-06-05,2023-07-16,2023-07-15,GBP,PT003,Net 30,375534.23,37553.42,2598.02,415685.67,Closed,Approved,EMP018,2023-06-10,Fully Received,FOB Origin,"614 Main St, New York, CA 82617",Keep in warehouse,2023-06-05T16:00:00Z,Sales Team
448,PO0448,PO-2026-0448,VEND041,Salesforce.com Inc.,EMP036,Kimberly Wright,DEPT006,Sales,2026-02-21,2026-03-18,None,GBP,PT005,Net 60,96103.81,17298.69,0,113402.5,Closed,Approved,EMP025,2026-02-28,Fully Received,CIF,"431 Oak Ave, New York, NY 27776",,2026-02-21T14:00:00Z,HR Team
449,PO0449,PO-2026-0449,VEND072,Republic Services,EMP029,Jennifer Lee,DEPT009,Warehouse & Logistics,2026-05-28,2026-07-06,2026-07-04,SEK,PT004,Net 45,198070.98,35652.78,0,233723.76,Pending Approval,Approved,EMP032,2026-06-02,Not Received,CIF,"439 Market St, Houston, TX 94842",Expedite shipping,2026-05-28T13:00:00Z,Finance Team
450,PO0450,PO-2024-0450,VEND075,T-Mobile for Business,EMP002,Sarah Williams,DEPT002,Procurement,2024-11-14,2024-12-15,2024-12-12,GBP,PT007,2/10 Net 30,177740.64,17774.06,0,195514.7,Closed,Rejected,None,None,Fully Received,Ex-Works,"168 Park Blvd, Chicago, NY 20292",,2024-11-14T08:00:00Z,Procurement Team
451,PO0451,PO-2023-0451,VEND084,McMaster-Carr,EMP002,Sarah Williams,DEPT002,Procurement,2023-06-07,2023-06-26,None,GBP,PT002,Net 15,35160.04,1758,208.44,37126.48,Open,Approved,EMP005,2023-06-09,Not Received,FOB Destination,"245 Market St, Houston, NY 20762",Expedite shipping,2023-06-07T08:00:00Z,IT Team
452,PO0452,PO-2025-0452,VEND072,Republic Services,EMP011,Daniel Anderson,DEPT001,Finance,2025-02-16,2025-03-06,2025-03-11,SEK,PT001,Immediate,426719.88,21335.99,4415.31,452471.18,Partially Received,Submitted,None,None,Partially Received,FOB Origin,"834 Market St, Houston, AZ 59485",Expedite shipping,2025-02-16T16:00:00Z,Marketing Team
453,PO0453,PO-2024-0453,VEND037,Atlas Air Worldwide,EMP009,Thomas Brown,DEPT009,Warehouse & Logistics,2024-07-01,2024-08-14,None,CHF,PT002,Net 15,152438.56,0,1292.07,153730.63,Pending Approval,Approved,EMP004,2024-07-06,Not Received,Ex-Works,"583 Oak Ave, Phoenix, AZ 28792",,2024-07-01T09:00:00Z,Procurement Team
454,PO0454,PO-2023-0454,VEND091,Ingersoll Rand,EMP010,Patricia Taylor,DEPT010,Executive Management,2023-08-29,2023-10-10,2023-10-12,GBP,PT007,2/10 Net 30,112327.96,22465.59,0,134793.55,Closed,Approved,EMP034,2023-08-31,Fully Received,FOB Origin,"961 Market St, Houston, IL 12347",Expedite shipping,2023-08-29T14:00:00Z,IT Team
455,PO0455,PO-2025-0455,VEND084,McMaster-Carr,EMP031,Charles Robinson,DEPT001,Finance,2025-03-29,2025-05-05,2025-05-06,GBP,PT006,Net 90,449399.76,80891.96,4060.96,534352.68,Open,Approved,EMP030,2025-04-02,Not Received,Ex-Works,"336 Market St, Los Angeles, CA 65957",Call before delivery,2025-03-29T16:00:00Z,Finance Team
456,PO0456,PO-2023-0456,VEND047,Apple Inc.,EMP038,Stephanie Hall,DEPT008,Legal & Compliance,2023-08-12,2023-09-17,None,GBP,PT007,2/10 Net 30,449957.9,44995.79,0,494953.69,Closed,Approved,EMP009,2023-08-18,Fully Received,Ex-Works,"803 Main St, Houston, IL 63607",Call before delivery,2023-08-12T09:00:00Z,Sales Team
457,PO0457,PO-2023-0457,VEND028,Emerson Electric Co.,EMP015,Mark Davis,DEPT005,Human Resources,2023-09-15,2023-10-19,2023-10-22,INR,PT007,2/10 Net 30,195058.81,35110.59,0,230169.4,Closed,Submitted,None,None,Fully Received,CIF,"882 Main St, New York, IL 58286",Keep in warehouse,2023-09-15T15:00:00Z,IT Team
458,PO0458,PO-2025-0458,VEND093,Regal Beloit Corporation,EMP038,Stephanie Hall,DEPT008,Legal & Compliance,2025-04-04,2025-05-08,2025-05-08,CHF,PT007,2/10 Net 30,432023.38,0,161.82,432185.2,Closed,Approved,EMP037,2025-04-07,Fully Received,Ex-Works,"895 Main St, New York, CA 67902",Call before delivery,2025-04-04T11:00:00Z,IT Team
459,PO0459,PO-2025-0459,VEND047,Apple Inc.,EMP011,Daniel Anderson,DEPT001,Finance,2025-10-10,2025-10-26,2025-10-26,GBP,PT007,2/10 Net 30,438496.61,21924.83,0,460421.44,Partially Received,Approved,EMP025,2025-10-13,Partially Received,Ex-Works,"493 Main St, Houston, NY 52124",Expedite shipping,2025-10-10T15:00:00Z,Finance Team
460,PO0460,PO-2025-0460,VEND059,McKinsey & Company,EMP025,Jason Harris,DEPT005,Human Resources,2025-02-09,2025-03-22,2025-03-18,CHF,PT001,Immediate,17251.7,3450.34,0,20702.04,Pending Approval,Draft,None,None,Not Received,FOB Destination,"548 Park Blvd, Phoenix, NY 70502",Urgent,2025-02-09T13:00:00Z,Procurement Team
461,PO0461,PO-2024-0461,VEND045,Hewlett Packard Enterprise,EMP009,Thomas Brown,DEPT009,Warehouse & Logistics,2024-05-04,2024-05-25,None,CHF,PT006,Net 90,128726.48,12872.65,2645.35,144244.48,Closed,Approved,EMP028,2024-05-11,Fully Received,Ex-Works,"375 Main St, Phoenix, AZ 99052",Urgent,2024-05-04T14:00:00Z,Finance Team
462,PO0462,PO-2025-0462,VEND057,Ernst & Young LLP,EMP025,Jason Harris,DEPT005,Human Resources,2025-11-03,2025-12-05,2025-12-10,INR,PT001,Immediate,489924.59,24496.23,0,514420.82,Open,Approved,EMP027,2025-11-05,Not Received,FOB Origin,"177 Main St, Chicago, CA 54301",Expedite shipping,2025-11-03T11:00:00Z,HR Team
463,PO0463,PO-2026-0463,VEND047,Apple Inc.,EMP017,Michelle Chen,DEPT007,Marketing,2026-04-13,2026-05-04,2026-05-01,GBP,PT006,Net 90,419334.53,41933.45,0,461267.98,Closed,Approved,EMP022,2026-04-17,Fully Received,Ex-Works,"820 Main St, New York, IL 80461",Expedite shipping,2026-04-13T09:00:00Z,Procurement Team
464,PO0464,PO-2025-0464,VEND045,Hewlett Packard Enterprise,EMP021,Brian Thompson,DEPT001,Finance,2025-03-06,2025-04-14,None,CHF,PT005,Net 60,326013.65,0,0,326013.65,Closed,Approved,EMP025,2025-03-12,Fully Received,FOB Origin,"346 Market St, New York, NY 31692",Expedite shipping,2025-03-06T09:00:00Z,Marketing Team
465,PO0465,PO-2026-0465,VEND066,Jones Lang LaSalle,EMP014,Lisa Johnson,DEPT004,Information Technology,2026-12-23,2027-01-12,None,CHF,PT004,Net 45,408540.68,0,2389.91,410930.59,Closed,Approved,EMP027,2026-12-30,Fully Received,FOB Origin,"602 Market St, Los Angeles, CA 26925",,2026-12-23T15:00:00Z,Sales Team
466,PO0466,PO-2025-0466,VEND097,Goodyear Tire & Rubber,EMP023,Richard Martinez,DEPT003,Operations,2025-06-14,2025-07-11,2025-07-09,GBP,PT006,Net 90,361241.65,65023.5,984.28,427249.43,Cancelled,Approved,EMP026,2025-06-21,Not Received,FOB Origin,"451 Park Blvd, Houston, TX 24983",Keep in warehouse,2025-06-14T13:00:00Z,Finance Team
467,PO0467,PO-2025-0467,VEND092,Baldor Electric Company,EMP007,James Wilson,DEPT007,Marketing,2025-09-18,2025-10-15,2025-10-18,CHF,PT005,Net 60,231090.28,41596.25,0,272686.53,Open,Submitted,None,None,Not Received,FOB Destination,"271 Market St, Chicago, AZ 34338",Call before delivery,2025-09-18T12:00:00Z,HR Team
468,PO0468,PO-2023-0468,VEND053,S&P Global Inc.,EMP005,Robert Kim,DEPT005,Human Resources,2023-05-08,2023-06-14,None,SEK,PT001,Immediate,383207.63,0,0,383207.63,Partially Received,Approved,EMP023,2023-05-14,Partially Received,CIF,"198 Main St, Los Angeles, TX 71191",Urgent,2023-05-08T08:00:00Z,Marketing Team
469,PO0469,PO-2026-0469,VEND080,Ecolab Inc.,EMP035,Joseph Wilson,DEPT005,Human Resources,2026-12-30,2027-02-13,None,INR,PT003,Net 30,306066.43,30606.64,1087.12,337760.19,Closed,Approved,EMP040,2027-01-01,Fully Received,FOB Origin,"790 Oak Ave, Phoenix, CA 56340",Expedite shipping,2026-12-30T12:00:00Z,Finance Team
470,PO0470,PO-2023-0470,VEND026,General Electric,EMP007,James Wilson,DEPT007,Marketing,2023-04-13,2023-05-13,2023-05-08,SEK,PT001,Immediate,61307.28,11035.31,4233.89,76576.48,Partially Received,Submitted,None,None,Partially Received,FOB Destination,"622 Main St, Los Angeles, IL 47697",Call before delivery,2023-04-13T11:00:00Z,IT Team
471,PO0471,PO-2025-0471,VEND012,Elite Services,EMP012,Jennifer Park,DEPT002,Procurement,2025-10-17,2025-11-02,2025-11-04,SEK,PT001,Immediate,368263.39,36826.34,0,405089.73,Closed,Approved,EMP010,2025-10-19,Fully Received,FOB Origin,"457 Park Blvd, Chicago, TX 67196",,2025-10-17T11:00:00Z,Finance Team
472,PO0472,PO-2023-0472,VEND040,SAP SE,EMP025,Jason Harris,DEPT005,Human Resources,2023-08-10,2023-09-04,2023-09-05,INR,PT007,2/10 Net 30,234670.65,0,4966.12,239636.77,Closed,Approved,EMP040,2023-08-17,Fully Received,FOB Destination,"917 Market St, Houston, IL 19413",,2023-08-10T09:00:00Z,Marketing Team
473,PO0473,PO-2026-0473,VEND005,Microsoft Corporation,EMP007,James Wilson,DEPT007,Marketing,2026-10-09,2026-11-12,2026-11-16,SEK,PT003,Net 30,15922.42,2866.04,0,18788.46,Open,Submitted,None,None,Not Received,FOB Origin,"140 Oak Ave, Phoenix, CA 45169",Urgent,2026-10-09T14:00:00Z,Marketing Team
474,PO0474,PO-2026-0474,VEND010,Tech Solutions Ltd,EMP027,Nancy Davis,DEPT007,Marketing,2026-03-24,2026-04-19,2026-04-21,USD,PT005,Net 60,97458.34,4872.92,46.48,102377.74,Open,Rejected,None,None,Not Received,FOB Destination,"573 Market St, New York, NY 41020",Expedite shipping,2026-03-24T11:00:00Z,Sales Team
475,PO0475,PO-2026-0475,VEND046,Lenovo Group Limited,EMP016,Steven Park,DEPT006,Sales,2026-10-02,2026-10-29,2026-10-30,INR,PT005,Net 60,421897.64,75941.58,1761.82,499601.04,Closed,Submitted,None,None,Fully Received,FOB Origin,"741 Market St, Houston, IL 33985",Keep in warehouse,2026-10-02T13:00:00Z,HR Team
476,PO0476,PO-2026-0476,VEND065,Sodexo S.A.,EMP004,Jessica Martinez,DEPT004,Information Technology,2026-10-20,2026-11-16,2026-11-14,INR,PT005,Net 60,65601.8,11808.32,0,77410.12,Pending Approval,Submitted,None,None,Not Received,FOB Origin,"448 Oak Ave, Los Angeles, CA 95362",Urgent,2026-10-20T16:00:00Z,Sales Team
477,PO0477,PO-2026-0477,VEND046,Lenovo Group Limited,EMP003,Michael Johnson,DEPT003,Operations,2026-06-03,2026-06-26,2026-06-21,INR,PT001,Immediate,132943.33,6647.17,414.09,140004.59,Closed,Approved,EMP039,2026-06-10,Fully Received,Ex-Works,"466 Market St, Houston, TX 95344",,2026-06-03T13:00:00Z,Sales Team
478,PO0478,PO-2023-0478,VEND033,Maersk Line,EMP001,David Chen,DEPT001,Finance,2023-01-24,2023-03-02,2023-03-07,SEK,PT003,Net 30,284982.45,51296.84,0,336279.29,Cancelled,Approved,EMP038,2023-01-29,Not Received,Ex-Works,"113 Oak Ave, Houston, IL 99646",Keep in warehouse,2023-01-24T12:00:00Z,Sales Team
479,PO0479,PO-2025-0479,VEND013,Quick Logistics,EMP012,Jennifer Park,DEPT002,Procurement,2025-09-27,2025-11-10,2025-11-08,GBP,PT002,Net 15,384017.7,0,0,384017.7,Open,Approved,EMP040,2025-10-04,Not Received,FOB Origin,"905 Market St, Houston, IL 91879",Expedite shipping,2025-09-27T11:00:00Z,Sales Team
480,PO0480,PO-2025-0480,VEND028,Emerson Electric Co.,EMP005,Robert Kim,DEPT005,Human Resources,2025-02-10,2025-02-28,2025-03-02,INR,PT001,Immediate,383852.37,19192.62,2957.86,406002.85,Closed,Approved,EMP019,2025-02-11,Fully Received,CIF,"632 Park Blvd, New York, TX 38675",Expedite shipping,2025-02-10T15:00:00Z,Sales Team
481,PO0481,PO-2024-0481,VEND064,Aramark Corporation,EMP021,Brian Thompson,DEPT001,Finance,2024-11-29,2024-12-19,None,EUR,PT005,Net 60,463367,46336.7,1132.2,510835.9,Open,Approved,EMP040,2024-12-03,Not Received,CIF,"327 Park Blvd, Houston, AZ 93638",Call before delivery,2024-11-29T17:00:00Z,Finance Team
482,PO0482,PO-2025-0482,VEND029,Rockwell Automation,EMP020,Laura Adams,DEPT010,Executive Management,2025-04-05,2025-05-01,2025-05-05,USD,PT001,Immediate,441078.82,0,0,441078.82,Cancelled,Rejected,None,None,Not Received,Ex-Works,"340 Oak Ave, New York, IL 58159",Expedite shipping,2025-04-05T10:00:00Z,Sales Team
483,PO0483,PO-2026-0483,VEND020,Alpha Industries,EMP003,Michael Johnson,DEPT003,Operations,2026-01-16,2026-02-25,None,SEK,PT004,Net 45,70864.61,0,0,70864.61,Open,Approved,EMP040,2026-01-23,Not Received,FOB Origin,"612 Park Blvd, Los Angeles, NY 24391",Keep in warehouse,2026-01-16T15:00:00Z,Finance Team
484,PO0484,PO-2024-0484,VEND098,Michelin North America,EMP013,Kevin Moore,DEPT003,Operations,2024-10-23,2024-11-19,None,USD,PT002,Net 15,342045.55,61568.2,3592.36,407206.11,Partially Received,Approved,EMP031,2024-10-29,Partially Received,CIF,"758 Oak Ave, Los Angeles, CA 39136",Keep in warehouse,2024-10-23T08:00:00Z,Sales Team
485,PO0485,PO-2026-0485,VEND004,Dell Technologies,EMP003,Michael Johnson,DEPT003,Operations,2026-11-18,2026-12-14,2026-12-10,CHF,PT006,Net 90,125343.01,25068.6,0,150411.61,Closed,Approved,EMP031,2026-11-22,Fully Received,CIF,"493 Market St, Phoenix, NY 78990",,2026-11-18T08:00:00Z,Finance Team
486,PO0486,PO-2026-0486,VEND005,Microsoft Corporation,EMP003,Michael Johnson,DEPT003,Operations,2026-02-19,2026-03-23,2026-03-23,SEK,PT004,Net 45,87955.86,8795.59,2040.19,98791.64,Open,Approved,EMP020,2026-02-23,Not Received,Ex-Works,"716 Park Blvd, Los Angeles, AZ 53780",,2026-02-19T09:00:00Z,HR Team
487,PO0487,PO-2026-0487,VEND005,Microsoft Corporation,EMP014,Lisa Johnson,DEPT004,Information Technology,2026-11-03,2026-11-28,2026-11-24,SEK,PT001,Immediate,321463.97,16073.2,0,337537.17,Partially Received,Approved,EMP023,2026-11-09,Partially Received,FOB Origin,"878 Market St, Los Angeles, AZ 39300",Call before delivery,2026-11-03T13:00:00Z,HR Team
488,PO0488,PO-2024-0488,VEND064,Aramark Corporation,EMP026,Amanda Thomas,DEPT006,Sales,2024-06-10,2024-07-04,None,EUR,PT005,Net 60,105884.01,21176.8,0,127060.81,Pending Approval,Approved,EMP027,2024-06-14,Not Received,FOB Origin,"300 Oak Ave, Phoenix, CA 81242",,2024-06-10T16:00:00Z,Finance Team
489,PO0489,PO-2023-0489,VEND097,Goodyear Tire & Rubber,EMP015,Mark Davis,DEPT005,Human Resources,2023-07-20,2023-08-30,2023-08-25,GBP,PT005,Net 60,305283.54,0,242.86,305526.4,Pending Approval,Submitted,None,None,Not Received,Ex-Works,"245 Main St, Chicago, TX 22626",Call before delivery,2023-07-20T14:00:00Z,Procurement Team
490,PO0490,PO-2025-0490,VEND034,C.H. Robinson Worldwide,EMP009,Thomas Brown,DEPT009,Warehouse & Logistics,2025-03-29,2025-04-23,2025-04-28,SEK,PT007,2/10 Net 30,258338.84,25833.88,0,284172.72,Closed,Approved,EMP034,2025-04-02,Fully Received,FOB Destination,"128 Oak Ave, Phoenix, CA 24986",Call before delivery,2025-03-29T14:00:00Z,Sales Team
491,PO0491,PO-2026-0491,VEND086,W.W. Grainger International,EMP012,Jennifer Park,DEPT002,Procurement,2026-03-22,2026-04-29,None,EUR,PT004,Net 45,313342.98,62668.6,2950.55,378962.13,Closed,Approved,EMP003,2026-03-29,Fully Received,CIF,"123 Oak Ave, New York, TX 29626",,2026-03-22T14:00:00Z,Finance Team
492,PO0492,PO-2024-0492,VEND054,"FTI Consulting, Inc.",EMP040,Melissa Torres,DEPT010,Executive Management,2024-08-13,2024-09-15,2024-09-14,USD,PT006,Net 90,37376.86,6727.83,0,44104.69,Open,Draft,None,None,Not Received,FOB Destination,"696 Oak Ave, New York, AZ 71646",Expedite shipping,2024-08-13T17:00:00Z,Finance Team
493,PO0493,PO-2023-0493,VEND097,Goodyear Tire & Rubber,EMP035,Joseph Wilson,DEPT005,Human Resources,2023-11-19,2023-12-15,None,GBP,PT004,Net 45,146923.48,14692.35,0,161615.83,Pending Approval,Rejected,None,None,Not Received,FOB Destination,"588 Market St, Houston, CA 92808",,2023-11-19T11:00:00Z,HR Team
494,PO0494,PO-2023-0494,VEND038,Penske Logistics,EMP037,Christopher Lee,DEPT007,Marketing,2023-02-12,2023-02-28,2023-03-01,SEK,PT001,Immediate,470752.01,84735.36,0,555487.37,Open,Submitted,None,None,Not Received,FOB Origin,"409 Oak Ave, New York, TX 10407",Urgent,2023-02-12T14:00:00Z,IT Team
495,PO0495,PO-2026-0495,VEND017,Pinnacle Partners,EMP018,Andrew Kim,DEPT008,Legal & Compliance,2026-12-03,2027-01-06,2027-01-07,CHF,PT003,Net 30,21264.65,0,0,21264.65,Open,Submitted,None,None,Not Received,CIF,"222 Oak Ave, Los Angeles, AZ 24215",Call before delivery,2026-12-03T14:00:00Z,Sales Team
496,PO0496,PO-2023-0496,VEND009,Office Furniture World,EMP025,Jason Harris,DEPT005,Human Resources,2023-07-06,2023-08-15,2023-08-10,USD,PT003,Net 30,43340.22,7801.24,0,51141.46,Open,Approved,EMP006,2023-07-11,Not Received,Ex-Works,"668 Market St, New York, NY 91481",Call before delivery,2023-07-06T14:00:00Z,Finance Team
497,PO0497,PO-2026-0497,VEND012,Elite Services,EMP022,Cynthia Lewis,DEPT002,Procurement,2026-11-19,2026-12-16,2026-12-15,SEK,PT007,2/10 Net 30,256522.14,12826.11,3519,272867.25,Closed,Approved,EMP001,2026-11-22,Fully Received,Ex-Works,"819 Market St, Phoenix, NY 37859",Call before delivery,2026-11-19T14:00:00Z,Procurement Team
498,PO0498,PO-2023-0498,VEND097,Goodyear Tire & Rubber,EMP033,Timothy Rodriguez,DEPT003,Operations,2023-06-19,2023-07-17,None,GBP,PT001,Immediate,154453.89,7722.69,4761.16,166937.74,Closed,Approved,EMP008,2023-06-20,Fully Received,CIF,"920 Oak Ave, New York, CA 35712",,2023-06-19T11:00:00Z,HR Team
499,PO0499,PO-2026-0499,VEND051,Thomson Reuters,EMP037,Christopher Lee,DEPT007,Marketing,2026-04-05,2026-05-19,None,USD,PT007,2/10 Net 30,339272.08,67854.42,3208.9,410335.4,Partially Received,Approved,EMP039,2026-04-10,Partially Received,CIF,"352 Main St, Chicago, AZ 34934",Keep in warehouse,2026-04-05T17:00:00Z,Procurement Team
500,PO0500,PO-2024-0500,VEND099,Bridgestone Americas,EMP036,Kimberly Wright,DEPT006,Sales,2024-09-22,2024-10-13,2024-10-12,USD,PT005,Net 60,233401.18,46680.24,0,280081.42,Open,Approved,EMP034,2024-09-26,Not Received,FOB Destination,"692 Market St, Phoenix, AZ 67969",Call before delivery,2024-09-22T14:00:00Z,HR Team
501,PO0501,PO-2024-0501,VEND096,Gates Corporation,EMP008,Maria Garcia,DEPT008,Legal & Compliance,2024-03-29,2024-04-17,2024-04-13,EUR,PT003,Net 30,284170.99,0,1056.94,285227.93,Closed,Approved,EMP010,2024-04-01,Fully Received,FOB Origin,"794 Oak Ave, Phoenix, CA 27518",,2024-03-29T16:00:00Z,Finance Team
502,PO0502,PO-2024-0502,VEND078,Cintas Corporation,EMP010,Patricia Taylor,DEPT010,Executive Management,2024-07-01,2024-07-22,None,USD,PT003,Net 30,183748.84,33074.79,0,216823.63,Open,Approved,EMP027,2024-07-08,Not Received,Ex-Works,"979 Main St, Chicago, TX 80619",,2024-07-01T14:00:00Z,Finance Team
503,PO0503,PO-2023-0503,VEND096,Gates Corporation,EMP025,Jason Harris,DEPT005,Human Resources,2023-04-05,2023-05-18,None,EUR,PT001,Immediate,486913.03,87644.35,4726.74,579284.12,Closed,Rejected,None,None,Fully Received,FOB Origin,"751 Main St, Phoenix, AZ 68487",Expedite shipping,2023-04-05T11:00:00Z,Sales Team
504,PO0504,PO-2024-0504,VEND091,Ingersoll Rand,EMP010,Patricia Taylor,DEPT010,Executive Management,2024-12-07,2024-12-26,2024-12-26,GBP,PT001,Immediate,67298.41,13459.68,3779.53,84537.62,Open,Approved,EMP038,2024-12-11,Not Received,FOB Destination,"615 Market St, Phoenix, CA 26611",Call before delivery,2024-12-07T15:00:00Z,Procurement Team
505,PO0505,PO-2026-0505,VEND002,Samira Hadid,EMP007,James Wilson,DEPT007,Marketing,2026-06-10,2026-07-25,2026-07-23,INR,PT006,Net 90,45967.86,8274.21,0,54242.07,Pending Approval,Approved,EMP034,2026-06-13,Not Received,FOB Destination,"943 Oak Ave, New York, CA 23340",Urgent,2026-06-10T13:00:00Z,HR Team
506,PO0506,PO-2024-0506,VEND038,Penske Logistics,EMP006,Amanda Lee,DEPT006,Sales,2024-10-09,2024-11-08,2024-11-07,SEK,PT001,Immediate,237735.23,23773.52,0,261508.75,Open,Approved,EMP032,2024-10-10,Not Received,CIF,"665 Park Blvd, Los Angeles, IL 77585",Call before delivery,2024-10-09T11:00:00Z,IT Team
507,PO0507,PO-2026-0507,VEND094,Timken Company,EMP022,Cynthia Lewis,DEPT002,Procurement,2026-10-08,2026-10-29,None,SEK,PT005,Net 60,245122.5,49024.5,1069.47,295216.47,Open,Submitted,None,None,Not Received,FOB Origin,"953 Oak Ave, New York, CA 92848",Urgent,2026-10-08T10:00:00Z,Marketing Team
508,PO0508,PO-2024-0508,VEND048,Cummins Inc.,EMP001,David Chen,DEPT001,Finance,2024-01-23,2024-02-20,None,EUR,PT005,Net 60,403788.1,80757.62,0,484545.72,Closed,Approved,EMP035,2024-01-24,Fully Received,FOB Origin,"251 Market St, Phoenix, IL 47574",,2024-01-23T10:00:00Z,IT Team
509,PO0509,PO-2024-0509,VEND028,Emerson Electric Co.,EMP008,Maria Garcia,DEPT008,Legal & Compliance,2024-03-21,2024-04-10,2024-04-14,INR,PT006,Net 90,81155.24,0,3997.79,85153.03,Closed,Approved,EMP022,2024-03-25,Fully Received,CIF,"257 Oak Ave, Los Angeles, AZ 50612",Urgent,2024-03-21T16:00:00Z,Sales Team
510,PO0510,PO-2025-0510,VEND090,Snap-on Incorporated,EMP012,Jennifer Park,DEPT002,Procurement,2025-09-14,2025-10-19,None,GBP,PT005,Net 60,378803.39,75760.68,0,454564.07,Open,Approved,EMP004,2025-09-18,Not Received,CIF,"962 Oak Ave, Chicago, CA 91887",Expedite shipping,2025-09-14T15:00:00Z,Marketing Team
511,PO0511,PO-2024-0511,VEND056,PricewaterhouseCoopers LLP,EMP022,Cynthia Lewis,DEPT002,Procurement,2024-02-02,2024-02-26,None,EUR,PT007,2/10 Net 30,268844,26884.4,0,295728.4,Closed,Approved,EMP031,2024-02-07,Fully Received,Ex-Works,"153 Oak Ave, Houston, TX 71587",Urgent,2024-02-02T10:00:00Z,Marketing Team
512,PO0512,PO-2023-0512,VEND034,C.H. Robinson Worldwide,EMP012,Jennifer Park,DEPT002,Procurement,2023-12-13,2024-01-10,None,SEK,PT006,Net 90,73994.36,13318.98,4035.07,91348.41,Cancelled,Approved,EMP040,2023-12-20,Not Received,Ex-Works,"530 Park Blvd, New York, TX 41410",Keep in warehouse,2023-12-13T14:00:00Z,HR Team
513,PO0513,PO-2024-0513,VEND069,ADT Inc.,EMP006,Amanda Lee,DEPT006,Sales,2024-05-24,2024-07-07,2024-07-04,EUR,PT003,Net 30,285466.69,0,756.72,286223.41,Open,Approved,EMP031,2024-05-28,Not Received,FOB Origin,"377 Oak Ave, Los Angeles, AZ 22619",Expedite shipping,2024-05-24T11:00:00Z,HR Team
514,PO0514,PO-2024-0514,VEND073,AT&T Business,EMP020,Laura Adams,DEPT010,Executive Management,2024-05-11,2024-06-06,2024-06-07,SEK,PT006,Net 90,161853.88,32370.78,0,194224.66,Open,Draft,None,None,Not Received,Ex-Works,"799 Oak Ave, New York, CA 52277",,2024-05-11T12:00:00Z,HR Team
515,PO0515,PO-2026-0515,VEND022,Siemens AG,EMP027,Nancy Davis,DEPT007,Marketing,2026-03-28,2026-05-02,2026-05-02,USD,PT003,Net 30,86285.94,4314.3,3127.12,93727.36,Partially Received,Approved,EMP018,2026-04-02,Partially Received,CIF,"473 Market St, Phoenix, AZ 35462",,2026-03-28T08:00:00Z,Sales Team
516,PO0516,PO-2026-0516,VEND010,Tech Solutions Ltd,EMP005,Robert Kim,DEPT005,Human Resources,2026-08-29,2026-10-04,None,USD,PT001,Immediate,176251.94,17625.19,4050.14,197927.27,Open,Approved,EMP018,2026-08-30,Not Received,Ex-Works,"827 Oak Ave, Houston, NY 33590",Keep in warehouse,2026-08-29T13:00:00Z,HR Team
517,PO0517,PO-2025-0517,VEND080,Ecolab Inc.,EMP036,Kimberly Wright,DEPT006,Sales,2025-06-26,2025-07-11,2025-07-07,INR,PT003,Net 30,125890.77,22660.34,0,148551.11,Pending Approval,Approved,EMP035,2025-06-27,Not Received,FOB Origin,"972 Park Blvd, Phoenix, IL 93714",Call before delivery,2025-06-26T10:00:00Z,IT Team
518,PO0518,PO-2023-0518,VEND012,Elite Services,EMP013,Kevin Moore,DEPT003,Operations,2023-07-02,2023-07-17,2023-07-13,SEK,PT001,Immediate,63055.8,11350.04,0,74405.84,Partially Received,Submitted,None,None,Partially Received,CIF,"471 Oak Ave, Houston, AZ 25143",Call before delivery,2023-07-02T16:00:00Z,Marketing Team
519,PO0519,PO-2023-0519,VEND042,"VMware, Inc.",EMP024,Kimberly White,DEPT004,Information Technology,2023-10-11,2023-10-31,2023-10-26,SEK,PT006,Net 90,412469.04,82493.81,0,494962.85,Closed,Submitted,None,None,Fully Received,FOB Origin,"345 Main St, Chicago, AZ 44564",Expedite shipping,2023-10-11T11:00:00Z,Marketing Team
520,PO0520,PO-2024-0520,VEND098,Michelin North America,EMP001,David Chen,DEPT001,Finance,2024-08-20,2024-09-05,2024-09-10,USD,PT004,Net 45,190494.01,38098.8,4122.79,232715.6,Closed,Approved,EMP026,2024-08-22,Fully Received,FOB Origin,"722 Market St, New York, IL 90685",Call before delivery,2024-08-20T10:00:00Z,Sales Team
521,PO0521,PO-2025-0521,VEND037,Atlas Air Worldwide,EMP003,Michael Johnson,DEPT003,Operations,2025-12-18,2026-01-13,2026-01-13,CHF,PT007,2/10 Net 30,132710.01,0,0,132710.01,Open,Approved,EMP033,2025-12-21,Not Received,FOB Destination,"189 Market St, Phoenix, AZ 95354",Keep in warehouse,2025-12-18T11:00:00Z,IT Team
522,PO0522,PO-2025-0522,VEND051,Thomson Reuters,EMP021,Brian Thompson,DEPT001,Finance,2025-05-04,2025-06-02,2025-06-05,USD,PT007,2/10 Net 30,288131.98,28813.2,3301.27,320246.45,Open,Approved,EMP028,2025-05-10,Not Received,FOB Destination,"845 Oak Ave, Phoenix, CA 99593",Urgent,2025-05-04T08:00:00Z,Finance Team
523,PO0523,PO-2024-0523,VEND094,Timken Company,EMP032,Susan Clark,DEPT002,Procurement,2024-07-16,2024-08-05,None,SEK,PT006,Net 90,385999.96,38600,4909.76,429509.72,Open,Approved,EMP014,2024-07-17,Not Received,CIF,"878 Main St, New York, NY 11976",Call before delivery,2024-07-16T12:00:00Z,Marketing Team
524,PO0524,PO-2023-0524,VEND003,IMPORTING COMPANY,EMP028,Peter Garcia,DEPT008,Legal & Compliance,2023-03-07,2023-04-17,None,GBP,PT003,Net 30,458093.46,82456.82,3524.92,544075.2,Closed,Approved,EMP020,2023-03-11,Fully Received,CIF,"642 Park Blvd, Houston, AZ 77586",Expedite shipping,2023-03-07T09:00:00Z,Finance Team
525,PO0525,PO-2024-0525,VEND059,McKinsey & Company,EMP022,Cynthia Lewis,DEPT002,Procurement,2024-06-29,2024-07-27,2024-07-31,CHF,PT006,Net 90,134460.23,0,181.1,134641.33,Closed,Approved,EMP004,2024-06-30,Fully Received,Ex-Works,"900 Park Blvd, Houston, TX 45380",Call before delivery,2024-06-29T08:00:00Z,IT Team
526,PO0526,PO-2025-0526,VEND089,DeWalt Industrial Tool Co.,EMP010,Patricia Taylor,DEPT010,Executive Management,2025-12-06,2025-12-25,None,INR,PT004,Net 45,109650.86,10965.09,0,120615.95,Open,Approved,EMP039,2025-12-07,Not Received,CIF,"122 Oak Ave, New York, IL 87662",Keep in warehouse,2025-12-06T15:00:00Z,Sales Team
527,PO0527,PO-2026-0527,VEND099,Bridgestone Americas,EMP012,Jennifer Park,DEPT002,Procurement,2026-09-20,2026-10-26,None,USD,PT007,2/10 Net 30,279538.44,13976.92,2564.19,296079.55,Open,Rejected,None,None,Not Received,FOB Origin,"484 Market St, Chicago, NY 47158",Keep in warehouse,2026-09-20T14:00:00Z,IT Team
528,PO0528,PO-2023-0528,VEND036,Kuehne + Nagel,EMP038,Stephanie Hall,DEPT008,Legal & Compliance,2023-06-14,2023-07-17,2023-07-20,INR,PT001,Immediate,176042.28,17604.23,0,193646.51,Closed,Approved,EMP040,2023-06-18,Fully Received,Ex-Works,"290 Oak Ave, Houston, IL 89326",Expedite shipping,2023-06-14T11:00:00Z,IT Team
529,PO0529,PO-2025-0529,VEND062,Accenture PLC,EMP038,Stephanie Hall,DEPT008,Legal & Compliance,2025-01-01,2025-01-18,2025-01-17,USD,PT007,2/10 Net 30,137254.74,24705.85,0,161960.59,Closed,Approved,EMP035,2025-01-08,Fully Received,FOB Origin,"905 Market St, Phoenix, IL 23359",Keep in warehouse,2025-01-01T08:00:00Z,Sales Team
530,PO0530,PO-2025-0530,VEND074,Verizon Business Group,EMP038,Stephanie Hall,DEPT008,Legal & Compliance,2025-05-14,2025-06-05,2025-06-08,EUR,PT001,Immediate,220908.06,22090.81,0,242998.87,Closed,Rejected,None,None,Fully Received,CIF,"411 Main St, Phoenix, NY 81543",Call before delivery,2025-05-14T09:00:00Z,Marketing Team
531,PO0531,PO-2023-0531,VEND038,Penske Logistics,EMP033,Timothy Rodriguez,DEPT003,Operations,2023-01-10,2023-02-09,2023-02-14,SEK,PT005,Net 60,445815.83,80246.85,0,526062.68,Closed,Approved,EMP016,2023-01-17,Fully Received,CIF,"593 Park Blvd, Phoenix, NY 43058",Expedite shipping,2023-01-10T17:00:00Z,Procurement Team
532,PO0532,PO-2025-0532,VEND037,Atlas Air Worldwide,EMP022,Cynthia Lewis,DEPT002,Procurement,2025-08-05,2025-09-15,None,CHF,PT006,Net 90,85420.46,4271.02,0,89691.48,Open,Approved,EMP012,2025-08-08,Not Received,FOB Destination,"337 Market St, Houston, CA 83648",,2025-08-05T09:00:00Z,HR Team
533,PO0533,PO-2024-0533,VEND062,Accenture PLC,EMP025,Jason Harris,DEPT005,Human Resources,2024-06-22,2024-08-03,2024-08-07,USD,PT005,Net 60,480183.54,0,4281.73,484465.27,Closed,Approved,EMP032,2024-06-27,Fully Received,Ex-Works,"491 Park Blvd, New York, NY 20466",,2024-06-22T15:00:00Z,Marketing Team
534,PO0534,PO-2025-0534,VEND073,AT&T Business,EMP028,Peter Garcia,DEPT008,Legal & Compliance,2025-08-16,2025-09-20,2025-09-25,SEK,PT001,Immediate,307135.65,30713.56,2958.14,340807.35,Closed,Approved,EMP006,2025-08-20,Fully Received,FOB Destination,"668 Oak Ave, Houston, AZ 25893",Call before delivery,2025-08-16T17:00:00Z,Sales Team
535,PO0535,PO-2025-0535,VEND009,Office Furniture World,EMP016,Steven Park,DEPT006,Sales,2025-03-28,2025-05-04,2025-05-07,USD,PT006,Net 90,375053.17,18752.66,0,393805.83,Pending Approval,Approved,EMP007,2025-04-01,Not Received,FOB Origin,"295 Park Blvd, New York, IL 24728",Keep in warehouse,2025-03-28T13:00:00Z,Procurement Team
536,PO0536,PO-2026-0536,VEND092,Baldor Electric Company,EMP012,Jennifer Park,DEPT002,Procurement,2026-01-08,2026-02-16,None,CHF,PT003,Net 30,244903.82,0,3619.46,248523.28,Closed,Approved,EMP036,2026-01-11,Fully Received,FOB Origin,"705 Market St, Los Angeles, IL 51303",Expedite shipping,2026-01-08T10:00:00Z,Sales Team
537,PO0537,PO-2026-0537,VEND048,Cummins Inc.,EMP016,Steven Park,DEPT006,Sales,2026-10-22,2026-12-06,2026-12-02,EUR,PT005,Net 60,210646.08,0,546.98,211193.06,Open,Approved,EMP016,2026-10-24,Not Received,FOB Origin,"742 Market St, Houston, CA 90301",Keep in warehouse,2026-10-22T16:00:00Z,IT Team
538,PO0538,PO-2023-0538,VEND100,ZF Friedrichshafen AG,EMP032,Susan Clark,DEPT002,Procurement,2023-05-16,2023-06-16,2023-06-13,USD,PT001,Immediate,364443.89,65599.9,0,430043.79,Open,Approved,EMP040,2023-05-18,Not Received,CIF,"450 Park Blvd, Chicago, NY 19616",Expedite shipping,2023-05-16T13:00:00Z,Finance Team
539,PO0539,PO-2025-0539,VEND055,Deloitte & Touche LLP,EMP006,Amanda Lee,DEPT006,Sales,2025-09-18,2025-10-31,None,EUR,PT005,Net 60,155006.75,15500.67,1310.27,171817.69,Partially Received,Approved,EMP032,2025-09-24,Partially Received,FOB Origin,"875 Park Blvd, Phoenix, IL 38303",Keep in warehouse,2025-09-18T12:00:00Z,IT Team
540,PO0540,PO-2024-0540,VEND064,Aramark Corporation,EMP038,Stephanie Hall,DEPT008,Legal & Compliance,2024-10-09,2024-10-29,2024-10-24,EUR,PT007,2/10 Net 30,458033.26,45803.33,0,503836.59,Open,Submitted,None,None,Not Received,FOB Origin,"481 Market St, Phoenix, CA 21218",Keep in warehouse,2024-10-09T09:00:00Z,Procurement Team
541,PO0541,PO-2025-0541,VEND016,New Horizons,EMP003,Michael Johnson,DEPT003,Operations,2025-12-06,2025-12-27,None,GBP,PT007,2/10 Net 30,53328.39,9599.11,4971.25,67898.75,Open,Approved,EMP030,2025-12-13,Not Received,CIF,"902 Main St, New York, AZ 33566",Keep in warehouse,2025-12-06T14:00:00Z,Marketing Team
542,PO0542,PO-2023-0542,VEND012,Elite Services,EMP022,Cynthia Lewis,DEPT002,Procurement,2023-12-25,2024-01-19,2024-01-20,SEK,PT005,Net 60,498605.8,24930.29,2472.34,526008.43,Closed,Approved,EMP006,2023-12-31,Fully Received,Ex-Works,"694 Oak Ave, Houston, AZ 79932",Urgent,2023-12-25T14:00:00Z,Marketing Team
543,PO0543,PO-2024-0543,VEND078,Cintas Corporation,EMP010,Patricia Taylor,DEPT010,Executive Management,2024-01-20,2024-02-09,2024-02-12,USD,PT005,Net 60,353802.96,35380.3,0,389183.26,Partially Received,Approved,EMP004,2024-01-22,Partially Received,Ex-Works,"156 Main St, Los Angeles, AZ 38276",Keep in warehouse,2024-01-20T15:00:00Z,Sales Team
544,PO0544,PO-2026-0544,VEND070,Tyco International,EMP005,Robert Kim,DEPT005,Human Resources,2026-08-01,2026-08-23,None,GBP,PT002,Net 15,32133.41,0,0,32133.41,Closed,Approved,EMP017,2026-08-08,Fully Received,CIF,"720 Park Blvd, New York, TX 44763",Expedite shipping,2026-08-01T09:00:00Z,HR Team
545,PO0545,PO-2025-0545,VEND040,SAP SE,EMP036,Kimberly Wright,DEPT006,Sales,2025-10-18,2025-11-02,None,INR,PT002,Net 15,372652,67077.36,0,439729.36,Open,Submitted,None,None,Not Received,CIF,"187 Oak Ave, Chicago, AZ 45422",Call before delivery,2025-10-18T08:00:00Z,Procurement Team
546,PO0546,PO-2024-0546,VEND051,Thomson Reuters,EMP013,Kevin Moore,DEPT003,Operations,2024-05-31,2024-06-30,None,USD,PT002,Net 15,304504.47,54810.8,0,359315.27,Open,Rejected,None,None,Not Received,FOB Origin,"731 Market St, Phoenix, TX 13112",,2024-05-31T09:00:00Z,Marketing Team
547,PO0547,PO-2023-0547,VEND003,IMPORTING COMPANY,EMP019,Rachel Rodriguez,DEPT009,Warehouse & Logistics,2023-09-07,2023-10-07,None,GBP,PT003,Net 30,313014.26,56342.57,0,369356.83,Closed,Submitted,None,None,Fully Received,FOB Origin,"369 Market St, Los Angeles, CA 38440",Keep in warehouse,2023-09-07T09:00:00Z,Finance Team
548,PO0548,PO-2026-0548,VEND089,DeWalt Industrial Tool Co.,EMP020,Laura Adams,DEPT010,Executive Management,2026-05-10,2026-05-27,2026-05-27,INR,PT005,Net 60,217451.89,43490.38,1665.47,262607.74,Partially Received,Approved,EMP040,2026-05-16,Partially Received,FOB Destination,"988 Park Blvd, Chicago, CA 61727",,2026-05-10T13:00:00Z,IT Team
549,PO0549,PO-2023-0549,VEND049,Parker Hannifin Corporation,EMP011,Daniel Anderson,DEPT001,Finance,2023-04-29,2023-05-24,2023-05-25,USD,PT007,2/10 Net 30,443543.51,44354.35,1944.9,489842.76,Open,Approved,EMP004,2023-05-03,Not Received,FOB Origin,"742 Market St, Phoenix, IL 11695",Urgent,2023-04-29T13:00:00Z,IT Team
550,PO0550,PO-2024-0550,VEND090,Snap-on Incorporated,EMP006,Amanda Lee,DEPT006,Sales,2024-10-16,2024-11-09,None,GBP,PT005,Net 60,419272.63,41927.26,1438.98,462638.87,Closed,Approved,EMP029,2024-10-18,Fully Received,FOB Origin,"598 Park Blvd, New York, NY 97026",,2024-10-16T08:00:00Z,Finance Team
551,PO0551,PO-2026-0551,VEND063,McDonald's Corporate,EMP027,Nancy Davis,DEPT007,Marketing,2026-06-21,2026-07-14,2026-07-09,EUR,PT004,Net 45,202429.66,40485.93,0,242915.59,Closed,Approved,EMP037,2026-06-24,Fully Received,Ex-Works,"970 Market St, Chicago, TX 18230",Urgent,2026-06-21T15:00:00Z,Procurement Team
552,PO0552,PO-2026-0552,VEND050,Festo AG & Co. KG,EMP019,Rachel Rodriguez,DEPT009,Warehouse & Logistics,2026-03-10,2026-03-28,2026-04-02,INR,PT007,2/10 Net 30,155050.05,15505,0,170555.05,Open,Approved,EMP038,2026-03-12,Not Received,Ex-Works,"915 Park Blvd, Phoenix, TX 37865",Expedite shipping,2026-03-10T15:00:00Z,HR Team
553,PO0553,PO-2025-0553,VEND084,McMaster-Carr,EMP010,Patricia Taylor,DEPT010,Executive Management,2025-11-19,2025-12-21,2025-12-22,GBP,PT006,Net 90,459033.17,91806.63,0,550839.8,Closed,Approved,EMP037,2025-11-22,Fully Received,Ex-Works,"412 Market St, Houston, NY 84960",Expedite shipping,2025-11-19T11:00:00Z,HR Team
554,PO0554,PO-2025-0554,VEND002,Samira Hadid,EMP007,James Wilson,DEPT007,Marketing,2025-01-09,2025-02-10,2025-02-08,INR,PT003,Net 30,300703.56,60140.71,165.88,361010.15,Partially Received,Approved,EMP007,2025-01-15,Partially Received,Ex-Works,"547 Oak Ave, New York, AZ 24367",Expedite shipping,2025-01-09T16:00:00Z,Finance Team
555,PO0555,PO-2026-0555,VEND092,Baldor Electric Company,EMP005,Robert Kim,DEPT005,Human Resources,2026-01-06,2026-01-22,2026-01-18,CHF,PT003,Net 30,95733.6,19146.72,4872.3,119752.62,Closed,Approved,EMP040,2026-01-12,Fully Received,CIF,"393 Oak Ave, Chicago, TX 57210",Urgent,2026-01-06T17:00:00Z,Finance Team
556,PO0556,PO-2026-0556,VEND092,Baldor Electric Company,EMP022,Cynthia Lewis,DEPT002,Procurement,2026-01-31,2026-03-11,None,CHF,PT002,Net 15,458418.05,82515.25,2515.42,543448.72,Partially Received,Rejected,None,None,Partially Received,FOB Destination,"290 Oak Ave, Los Angeles, NY 26474",Expedite shipping,2026-01-31T12:00:00Z,Procurement Team
557,PO0557,PO-2025-0557,VEND089,DeWalt Industrial Tool Co.,EMP003,Michael Johnson,DEPT003,Operations,2025-06-03,2025-07-12,None,INR,PT002,Net 15,442868.23,22143.41,0,465011.64,Partially Received,Approved,EMP024,2025-06-07,Partially Received,FOB Destination,"787 Oak Ave, New York, IL 39987",Urgent,2025-06-03T12:00:00Z,Procurement Team
558,PO0558,PO-2023-0558,VEND021,Johnson Controls,EMP025,Jason Harris,DEPT005,Human Resources,2023-05-22,2023-06-26,2023-06-30,USD,PT002,Net 15,389550.36,77910.07,1221.11,468681.54,Closed,Submitted,None,None,Fully Received,Ex-Works,"236 Main St, New York, IL 26976",Keep in warehouse,2023-05-22T16:00:00Z,Procurement Team
559,PO0559,PO-2023-0559,VEND023,Caterpillar Inc.,EMP024,Kimberly White,DEPT004,Information Technology,2023-05-11,2023-06-18,None,INR,PT007,2/10 Net 30,96930.03,4846.5,0,101776.53,Open,Rejected,None,None,Not Received,FOB Origin,"803 Park Blvd, Chicago, AZ 55275",Keep in warehouse,2023-05-11T17:00:00Z,HR Team
560,PO0560,PO-2026-0560,VEND070,Tyco International,EMP033,Timothy Rodriguez,DEPT003,Operations,2026-11-20,2026-12-13,2026-12-15,GBP,PT004,Net 45,11429.36,1142.94,2353.07,14925.37,Closed,Submitted,None,None,Fully Received,FOB Origin,"471 Market St, Phoenix, IL 83424",Urgent,2026-11-20T13:00:00Z,Finance Team
561,PO0561,PO-2024-0561,VEND012,Elite Services,EMP017,Michelle Chen,DEPT007,Marketing,2024-04-27,2024-05-13,2024-05-16,SEK,PT004,Net 45,79744.63,14354.03,0,94098.66,Partially Received,Approved,EMP016,2024-05-03,Partially Received,CIF,"294 Park Blvd, New York, AZ 90978",Call before delivery,2024-04-27T11:00:00Z,Sales Team
562,PO0562,PO-2026-0562,VEND090,Snap-on Incorporated,EMP035,Joseph Wilson,DEPT005,Human Resources,2026-01-02,2026-02-15,None,GBP,PT007,2/10 Net 30,329999.37,16499.97,3657.2,350156.54,Partially Received,Approved,EMP032,2026-01-07,Partially Received,CIF,"888 Oak Ave, Houston, TX 14829",,2026-01-02T13:00:00Z,Sales Team
563,PO0563,PO-2024-0563,VEND051,Thomson Reuters,EMP004,Jessica Martinez,DEPT004,Information Technology,2024-04-18,2024-05-28,2024-05-27,USD,PT006,Net 90,57993.78,5799.38,4014.16,67807.32,Cancelled,Approved,EMP015,2024-04-19,Not Received,FOB Origin,"484 Oak Ave, Houston, IL 48756",Call before delivery,2024-04-18T09:00:00Z,Sales Team
564,PO0564,PO-2025-0564,VEND084,McMaster-Carr,EMP038,Stephanie Hall,DEPT008,Legal & Compliance,2025-05-16,2025-06-17,2025-06-17,GBP,PT006,Net 90,241960.05,48392.01,4212.3,294564.36,Cancelled,Approved,EMP001,2025-05-22,Not Received,Ex-Works,"486 Main St, Houston, IL 16267",Call before delivery,2025-05-16T17:00:00Z,Marketing Team
565,PO0565,PO-2026-0565,VEND016,New Horizons,EMP008,Maria Garcia,DEPT008,Legal & Compliance,2026-08-15,2026-09-28,2026-09-25,GBP,PT002,Net 15,192728.83,0,352.39,193081.22,Cancelled,Approved,EMP019,2026-08-22,Not Received,Ex-Works,"330 Main St, Los Angeles, TX 76759",Keep in warehouse,2026-08-15T14:00:00Z,Marketing Team
566,PO0566,PO-2023-0566,VEND062,Accenture PLC,EMP022,Cynthia Lewis,DEPT002,Procurement,2023-09-03,2023-10-09,2023-10-08,USD,PT005,Net 60,499613.87,24980.69,2638.99,527233.55,Closed,Approved,EMP020,2023-09-08,Fully Received,FOB Destination,"797 Park Blvd, Los Angeles, CA 21467",Call before delivery,2023-09-03T16:00:00Z,Sales Team
567,PO0567,PO-2025-0567,VEND060,Boston Consulting Group,EMP032,Susan Clark,DEPT002,Procurement,2025-05-21,2025-06-17,2025-06-14,SEK,PT002,Net 15,444047.57,44404.76,2427.57,490879.9,Closed,Submitted,None,None,Fully Received,CIF,"319 Main St, Chicago, AZ 70416",Expedite shipping,2025-05-21T11:00:00Z,IT Team
568,PO0568,PO-2023-0568,VEND092,Baldor Electric Company,EMP026,Amanda Thomas,DEPT006,Sales,2023-07-19,2023-08-03,2023-08-04,CHF,PT005,Net 60,233694.17,46738.83,297.88,280730.88,Partially Received,Approved,EMP005,2023-07-26,Partially Received,FOB Destination,"400 Park Blvd, Houston, NY 95347",Keep in warehouse,2023-07-19T10:00:00Z,HR Team
569,PO0569,PO-2024-0569,VEND022,Siemens AG,EMP014,Lisa Johnson,DEPT004,Information Technology,2024-09-21,2024-11-04,2024-11-09,USD,PT003,Net 30,334075.91,16703.8,0,350779.71,Closed,Rejected,None,None,Fully Received,FOB Origin,"526 Park Blvd, Houston, NY 98885",Urgent,2024-09-21T12:00:00Z,Marketing Team
570,PO0570,PO-2026-0570,VEND012,Elite Services,EMP016,Steven Park,DEPT006,Sales,2026-06-25,2026-07-22,2026-07-19,SEK,PT005,Net 60,210785.2,42157.04,0,252942.24,Open,Approved,EMP039,2026-07-01,Not Received,FOB Origin,"664 Oak Ave, Chicago, TX 95954",,2026-06-25T11:00:00Z,Finance Team
571,PO0571,PO-2026-0571,VEND031,FedEx Corporation,EMP026,Amanda Thomas,DEPT006,Sales,2026-10-12,2026-11-15,2026-11-12,SEK,PT004,Net 45,422665.18,21133.26,1100.57,444899.01,Open,Approved,EMP032,2026-10-18,Not Received,FOB Origin,"179 Oak Ave, Chicago, NY 87030",Urgent,2026-10-12T12:00:00Z,Procurement Team
572,PO0572,PO-2025-0572,VEND072,Republic Services,EMP033,Timothy Rodriguez,DEPT003,Operations,2025-07-25,2025-09-02,2025-09-04,SEK,PT003,Net 30,419504.97,75510.89,0,495015.86,Open,Approved,EMP002,2025-08-01,Not Received,FOB Origin,"840 Oak Ave, Los Angeles, AZ 43342",Keep in warehouse,2025-07-25T09:00:00Z,HR Team
573,PO0573,PO-2024-0573,VEND074,Verizon Business Group,EMP024,Kimberly White,DEPT004,Information Technology,2024-01-18,2024-02-03,2024-01-31,EUR,PT005,Net 60,278158.34,0,656.51,278814.85,Closed,Approved,EMP013,2024-01-21,Fully Received,Ex-Works,"632 Park Blvd, Phoenix, IL 46625",Expedite shipping,2024-01-18T08:00:00Z,Procurement Team
574,PO0574,PO-2023-0574,VEND016,New Horizons,EMP023,Richard Martinez,DEPT003,Operations,2023-10-26,2023-11-15,2023-11-16,GBP,PT004,Net 45,448882.75,0,0,448882.75,Closed,Approved,EMP003,2023-11-01,Fully Received,FOB Origin,"753 Park Blvd, Phoenix, TX 62403",Keep in warehouse,2023-10-26T13:00:00Z,Sales Team
575,PO0575,PO-2023-0575,VEND065,Sodexo S.A.,EMP018,Andrew Kim,DEPT008,Legal & Compliance,2023-07-13,2023-08-26,None,INR,PT007,2/10 Net 30,336493.26,0,1288.88,337782.14,Closed,Rejected,None,None,Fully Received,FOB Destination,"990 Main St, New York, NY 48058",Call before delivery,2023-07-13T14:00:00Z,Marketing Team
576,PO0576,PO-2023-0576,VEND060,Boston Consulting Group,EMP024,Kimberly White,DEPT004,Information Technology,2023-03-05,2023-03-26,2023-03-28,SEK,PT002,Net 15,328432.67,0,0,328432.67,Pending Approval,Submitted,None,None,Not Received,FOB Destination,"214 Main St, Chicago, CA 58707",Urgent,2023-03-05T12:00:00Z,Procurement Team
577,PO0577,PO-2026-0577,VEND048,Cummins Inc.,EMP020,Laura Adams,DEPT010,Executive Management,2026-06-20,2026-07-25,None,EUR,PT003,Net 30,356381.91,35638.19,3618.4,395638.5,Open,Approved,EMP020,2026-06-27,Not Received,FOB Origin,"623 Oak Ave, Los Angeles, NY 72612",,2026-06-20T08:00:00Z,Sales Team
578,PO0578,PO-2025-0578,VEND001,ABCD & CO,EMP039,David Nguyen,DEPT009,Warehouse & Logistics,2025-03-16,2025-04-28,2025-04-26,SEK,PT004,Net 45,388315.3,38831.53,0,427146.83,Open,Approved,EMP012,2025-03-23,Not Received,FOB Destination,"228 Main St, Phoenix, TX 40024",Expedite shipping,2025-03-16T11:00:00Z,Sales Team
579,PO0579,PO-2025-0579,VEND039,Oracle Corporation,EMP018,Andrew Kim,DEPT008,Legal & Compliance,2025-01-31,2025-03-07,None,CHF,PT003,Net 30,405353.8,40535.38,699.93,446589.11,Partially Received,Approved,EMP008,2025-02-06,Partially Received,FOB Destination,"899 Main St, Chicago, AZ 76911",Expedite shipping,2025-01-31T11:00:00Z,Sales Team
580,PO0580,PO-2023-0580,VEND088,Makita Corporation,EMP022,Cynthia Lewis,DEPT002,Procurement,2023-11-09,2023-12-14,2023-12-17,CHF,PT003,Net 30,415390.75,83078.15,120.97,498589.87,Closed,Submitted,None,None,Fully Received,Ex-Works,"757 Park Blvd, Phoenix, TX 51955",Urgent,2023-11-09T08:00:00Z,HR Team
581,PO0581,PO-2026-0581,VEND042,"VMware, Inc.",EMP014,Lisa Johnson,DEPT004,Information Technology,2026-02-22,2026-03-20,2026-03-24,SEK,PT001,Immediate,130814.64,23546.64,0,154361.28,Cancelled,Approved,EMP027,2026-02-28,Not Received,FOB Origin,"982 Main St, Houston, CA 93818",Keep in warehouse,2026-02-22T08:00:00Z,HR Team
582,PO0582,PO-2026-0582,VEND069,ADT Inc.,EMP004,Jessica Martinez,DEPT004,Information Technology,2026-08-21,2026-09-17,2026-09-15,EUR,PT005,Net 60,430542.07,0,0,430542.07,Open,Approved,EMP021,2026-08-22,Not Received,CIF,"440 Market St, Houston, IL 10917",Expedite shipping,2026-08-21T09:00:00Z,IT Team
583,PO0583,PO-2024-0583,VEND074,Verizon Business Group,EMP031,Charles Robinson,DEPT001,Finance,2024-08-08,2024-09-03,None,EUR,PT001,Immediate,44579.86,2228.99,0,46808.85,Open,Approved,EMP015,2024-08-14,Not Received,FOB Destination,"923 Market St, Los Angeles, TX 93398",Call before delivery,2024-08-08T17:00:00Z,HR Team
584,PO0584,PO-2024-0584,VEND022,Siemens AG,EMP005,Robert Kim,DEPT005,Human Resources,2024-03-17,2024-04-16,2024-04-15,USD,PT001,Immediate,268129.86,53625.97,0,321755.83,Open,Approved,EMP035,2024-03-22,Not Received,CIF,"106 Market St, Los Angeles, IL 26233",,2024-03-17T12:00:00Z,HR Team
585,PO0585,PO-2025-0585,VEND085,Fastenal Company,EMP013,Kevin Moore,DEPT003,Operations,2025-09-27,2025-11-04,2025-11-07,SEK,PT003,Net 30,327916.95,59025.05,0,386942,Partially Received,Approved,EMP005,2025-10-03,Partially Received,Ex-Works,"103 Oak Ave, New York, IL 19353",Urgent,2025-09-27T17:00:00Z,HR Team
586,PO0586,PO-2023-0586,VEND034,C.H. Robinson Worldwide,EMP031,Charles Robinson,DEPT001,Finance,2023-09-11,2023-10-10,None,SEK,PT002,Net 15,219748.66,39554.76,844.53,260147.95,Open,Submitted,None,None,Not Received,FOB Destination,"612 Park Blvd, Houston, AZ 49940",Call before delivery,2023-09-11T11:00:00Z,IT Team
587,PO0587,PO-2025-0587,VEND080,Ecolab Inc.,EMP001,David Chen,DEPT001,Finance,2025-01-27,2025-02-28,2025-03-03,INR,PT007,2/10 Net 30,233121.56,11656.08,0,244777.64,Closed,Approved,EMP009,2025-02-03,Fully Received,Ex-Works,"326 Park Blvd, New York, NY 33549",Keep in warehouse,2025-01-27T08:00:00Z,Procurement Team
588,PO0588,PO-2025-0588,VEND003,IMPORTING COMPANY,EMP028,Peter Garcia,DEPT008,Legal & Compliance,2025-07-23,2025-09-06,2025-09-07,GBP,PT002,Net 15,164341.63,16434.16,3063.13,183838.92,Closed,Approved,EMP018,2025-07-30,Fully Received,Ex-Works,"117 Main St, Phoenix, AZ 49922",,2025-07-23T15:00:00Z,Finance Team
589,PO0589,PO-2025-0589,VEND088,Makita Corporation,EMP026,Amanda Thomas,DEPT006,Sales,2025-09-27,2025-11-06,None,CHF,PT002,Net 15,124362.59,12436.26,1549.69,138348.54,Closed,Draft,None,None,Fully Received,CIF,"204 Oak Ave, Los Angeles, IL 67491",Keep in warehouse,2025-09-27T11:00:00Z,IT Team
590,PO0590,PO-2024-0590,VEND077,Spectrum Business,EMP009,Thomas Brown,DEPT009,Warehouse & Logistics,2024-11-22,2024-12-15,None,SEK,PT006,Net 90,143599.96,14360,0,157959.96,Open,Approved,EMP036,2024-11-29,Not Received,FOB Origin,"168 Oak Ave, Chicago, IL 26389",Keep in warehouse,2024-11-22T14:00:00Z,Sales Team
591,PO0591,PO-2023-0591,VEND089,DeWalt Industrial Tool Co.,EMP024,Kimberly White,DEPT004,Information Technology,2023-06-15,2023-07-02,None,INR,PT001,Immediate,359092.1,64636.58,1395.21,425123.89,Closed,Approved,EMP029,2023-06-16,Fully Received,FOB Destination,"300 Main St, New York, IL 16175",Call before delivery,2023-06-15T13:00:00Z,Sales Team
592,PO0592,PO-2026-0592,VEND030,Bosch Rexroth AG,EMP011,Daniel Anderson,DEPT001,Finance,2026-09-15,2026-10-10,2026-10-08,CHF,PT003,Net 30,485111.65,0,745.09,485856.74,Open,Submitted,None,None,Not Received,FOB Origin,"114 Main St, Los Angeles, CA 90840",Keep in warehouse,2026-09-15T12:00:00Z,IT Team
593,PO0593,PO-2025-0593,VEND034,C.H. Robinson Worldwide,EMP035,Joseph Wilson,DEPT005,Human Resources,2025-03-26,2025-04-19,None,SEK,PT003,Net 30,454560.14,81820.83,0,536380.97,Closed,Approved,EMP018,2025-03-31,Fully Received,CIF,"699 Park Blvd, Phoenix, CA 10725",Keep in warehouse,2025-03-26T16:00:00Z,Marketing Team
594,PO0594,PO-2024-0594,VEND070,Tyco International,EMP031,Charles Robinson,DEPT001,Finance,2024-12-04,2024-12-29,2024-12-30,GBP,PT002,Net 15,282139.67,28213.97,2001.97,312355.61,Closed,Approved,EMP010,2024-12-11,Fully Received,CIF,"309 Oak Ave, Phoenix, NY 24388",,2024-12-04T16:00:00Z,HR Team
595,PO0595,PO-2025-0595,VEND099,Bridgestone Americas,EMP030,Elizabeth Miller,DEPT010,Executive Management,2025-05-04,2025-05-24,2025-05-19,USD,PT003,Net 30,224469.76,44893.95,2885.09,272248.8,Closed,Approved,EMP031,2025-05-10,Fully Received,FOB Destination,"553 Park Blvd, Houston, CA 15643",Urgent,2025-05-04T16:00:00Z,Sales Team
596,PO0596,PO-2023-0596,VEND092,Baldor Electric Company,EMP006,Amanda Lee,DEPT006,Sales,2023-09-14,2023-10-16,None,CHF,PT006,Net 90,283119.75,0,0,283119.75,Partially Received,Approved,EMP019,2023-09-19,Partially Received,FOB Origin,"589 Park Blvd, Phoenix, IL 35899",Urgent,2023-09-14T16:00:00Z,Sales Team
597,PO0597,PO-2025-0597,VEND077,Spectrum Business,EMP031,Charles Robinson,DEPT001,Finance,2025-09-19,2025-10-24,2025-10-25,SEK,PT004,Net 45,309619.77,55731.56,4589.06,369940.39,Cancelled,Approved,EMP029,2025-09-21,Not Received,CIF,"235 Main St, New York, TX 97708",Urgent,2025-09-19T11:00:00Z,Sales Team
598,PO0598,PO-2023-0598,VEND050,Festo AG & Co. KG,EMP013,Kevin Moore,DEPT003,Operations,2023-08-20,2023-09-12,None,INR,PT004,Net 45,446809.38,22340.47,0,469149.85,Open,Submitted,None,None,Not Received,FOB Destination,"162 Main St, Houston, AZ 95435",,2023-08-20T10:00:00Z,HR Team
599,PO0599,PO-2024-0599,VEND095,SKF Group,EMP009,Thomas Brown,DEPT009,Warehouse & Logistics,2024-05-03,2024-06-07,2024-06-05,GBP,PT002,Net 15,90652.01,18130.4,0,108782.41,Partially Received,Submitted,None,None,Partially Received,CIF,"319 Oak Ave, New York, AZ 57702",Keep in warehouse,2024-05-03T08:00:00Z,Finance Team
600,PO0600,PO-2023-0600,VEND072,Republic Services,EMP003,Michael Johnson,DEPT003,Operations,2023-12-12,2023-12-29,2023-12-29,SEK,PT002,Net 15,304067.18,30406.72,4881.61,339355.51,Partially Received,Approved,EMP030,2023-12-18,Partially Received,Ex-Works,"986 Oak Ave, Chicago, IL 20165",Urgent,2023-12-12T16:00:00Z,Finance Team
601,PO0601,PO-2023-0601,VEND051,Thomson Reuters,EMP019,Rachel Rodriguez,DEPT009,Warehouse & Logistics,2023-12-27,2024-02-08,2024-02-09,USD,PT001,Immediate,347381.29,62528.63,0,409909.92,Closed,Approved,EMP018,2024-01-01,Fully Received,CIF,"423 Market St, New York, TX 53583",Call before delivery,2023-12-27T09:00:00Z,IT Team
602,PO0602,PO-2026-0602,VEND056,PricewaterhouseCoopers LLP,EMP012,Jennifer Park,DEPT002,Procurement,2026-04-08,2026-05-05,None,EUR,PT005,Net 60,312788.8,31278.88,4634.99,348702.67,Closed,Approved,EMP034,2026-04-10,Fully Received,Ex-Works,"652 Oak Ave, New York, TX 75371",Urgent,2026-04-08T13:00:00Z,Marketing Team
603,PO0603,PO-2026-0603,VEND010,Tech Solutions Ltd,EMP011,Daniel Anderson,DEPT001,Finance,2026-04-19,2026-05-23,2026-05-21,USD,PT002,Net 15,302224.97,54400.49,0,356625.46,Open,Approved,EMP027,2026-04-21,Not Received,FOB Destination,"974 Park Blvd, Houston, CA 22691",Urgent,2026-04-19T08:00:00Z,HR Team
604,PO0604,PO-2026-0604,VEND095,SKF Group,EMP038,Stephanie Hall,DEPT008,Legal & Compliance,2026-11-20,2026-12-29,2027-01-01,GBP,PT005,Net 60,77684.89,0,0,77684.89,Open,Approved,EMP030,2026-11-26,Not Received,FOB Origin,"354 Market St, Chicago, IL 12552",Call before delivery,2026-11-20T08:00:00Z,IT Team
605,PO0605,PO-2026-0605,VEND042,"VMware, Inc.",EMP016,Steven Park,DEPT006,Sales,2026-02-08,2026-03-16,2026-03-14,SEK,PT004,Net 45,449042.98,0,962.9,450005.88,Partially Received,Approved,EMP016,2026-02-13,Partially Received,FOB Origin,"697 Park Blvd, Houston, NY 63226",Keep in warehouse,2026-02-08T17:00:00Z,IT Team
606,PO0606,PO-2023-0606,VEND039,Oracle Corporation,EMP016,Steven Park,DEPT006,Sales,2023-05-14,2023-06-22,2023-06-18,CHF,PT005,Net 60,220316.62,22031.66,1102.43,243450.71,Cancelled,Approved,EMP011,2023-05-18,Not Received,CIF,"294 Main St, Los Angeles, AZ 97255",,2023-05-14T12:00:00Z,Sales Team
607,PO0607,PO-2025-0607,VEND094,Timken Company,EMP027,Nancy Davis,DEPT007,Marketing,2025-10-24,2025-12-02,2025-12-02,SEK,PT003,Net 30,229956.34,0,0,229956.34,Closed,Draft,None,None,Fully Received,FOB Destination,"932 Main St, Houston, AZ 43695",Keep in warehouse,2025-10-24T11:00:00Z,Procurement Team
608,PO0608,PO-2026-0608,VEND020,Alpha Industries,EMP010,Patricia Taylor,DEPT010,Executive Management,2026-12-20,2027-01-13,2027-01-11,SEK,PT004,Net 45,153426.66,15342.67,4826.74,173596.07,Open,Approved,EMP004,2026-12-21,Not Received,Ex-Works,"375 Oak Ave, Phoenix, IL 58470",Call before delivery,2026-12-20T15:00:00Z,Procurement Team
609,PO0609,PO-2026-0609,VEND015,Best Buy Corp,EMP007,James Wilson,DEPT007,Marketing,2026-01-25,2026-03-08,None,INR,PT007,2/10 Net 30,205561.32,0,4332.53,209893.85,Pending Approval,Approved,EMP038,2026-01-28,Not Received,Ex-Works,"756 Main St, Phoenix, AZ 62699",Call before delivery,2026-01-25T08:00:00Z,Sales Team
610,PO0610,PO-2026-0610,VEND035,Expeditors International,EMP037,Christopher Lee,DEPT007,Marketing,2026-08-20,2026-09-14,None,GBP,PT005,Net 60,58650.29,10557.05,431.7,69639.04,Open,Approved,EMP039,2026-08-23,Not Received,CIF,"506 Oak Ave, Los Angeles, TX 21125",Expedite shipping,2026-08-20T10:00:00Z,IT Team
611,PO0611,PO-2024-0611,VEND037,Atlas Air Worldwide,EMP018,Andrew Kim,DEPT008,Legal & Compliance,2024-12-30,2025-01-15,2025-01-11,CHF,PT006,Net 90,29671.51,5934.3,0,35605.81,Open,Approved,EMP040,2025-01-03,Not Received,FOB Destination,"511 Park Blvd, Phoenix, TX 95812",,2024-12-30T14:00:00Z,IT Team
612,PO0612,PO-2025-0612,VEND090,Snap-on Incorporated,EMP011,Daniel Anderson,DEPT001,Finance,2025-09-11,2025-10-17,2025-10-20,GBP,PT003,Net 30,260786.25,26078.62,3156.68,290021.55,Closed,Approved,EMP004,2025-09-16,Fully Received,CIF,"588 Oak Ave, New York, NY 72080",Keep in warehouse,2025-09-11T17:00:00Z,Procurement Team
613,PO0613,PO-2025-0613,VEND022,Siemens AG,EMP016,Steven Park,DEPT006,Sales,2025-06-18,2025-07-03,2025-07-04,USD,PT005,Net 60,93315.23,16796.74,3094.03,113206,Closed,Approved,EMP030,2025-06-24,Fully Received,FOB Destination,"815 Park Blvd, Los Angeles, AZ 40591",Keep in warehouse,2025-06-18T16:00:00Z,Sales Team
614,PO0614,PO-2025-0614,VEND042,"VMware, Inc.",EMP006,Amanda Lee,DEPT006,Sales,2025-06-10,2025-07-09,2025-07-11,SEK,PT004,Net 45,112922.01,5646.1,1486.55,120054.66,Closed,Approved,EMP029,2025-06-15,Fully Received,Ex-Works,"486 Park Blvd, Phoenix, CA 78704",Urgent,2025-06-10T15:00:00Z,Marketing Team
615,PO0615,PO-2026-0615,VEND059,McKinsey & Company,EMP039,David Nguyen,DEPT009,Warehouse & Logistics,2026-04-27,2026-05-16,2026-05-13,CHF,PT006,Net 90,159831.03,7991.55,0,167822.58,Cancelled,Approved,EMP002,2026-05-04,Not Received,FOB Destination,"511 Park Blvd, Phoenix, IL 54486",,2026-04-27T14:00:00Z,Sales Team
616,PO0616,PO-2025-0616,VEND071,Waste Management Inc.,EMP009,Thomas Brown,DEPT009,Warehouse & Logistics,2025-10-29,2025-12-06,2025-12-04,EUR,PT002,Net 15,11678.75,0,0,11678.75,Partially Received,Rejected,None,None,Partially Received,Ex-Works,"144 Oak Ave, Phoenix, TX 77463",Urgent,2025-10-29T09:00:00Z,IT Team
617,PO0617,PO-2026-0617,VEND057,Ernst & Young LLP,EMP004,Jessica Martinez,DEPT004,Information Technology,2026-10-23,2026-11-24,2026-11-21,INR,PT003,Net 30,21050.82,3789.15,931.42,25771.39,Pending Approval,Approved,EMP020,2026-10-25,Not Received,Ex-Works,"644 Oak Ave, Houston, AZ 74763",Keep in warehouse,2026-10-23T11:00:00Z,Finance Team
618,PO0618,PO-2023-0618,VEND062,Accenture PLC,EMP040,Melissa Torres,DEPT010,Executive Management,2023-03-29,2023-04-15,2023-04-12,USD,PT003,Net 30,283735.72,0,0,283735.72,Closed,Approved,EMP030,2023-04-03,Fully Received,FOB Destination,"121 Main St, Chicago, CA 49926",Expedite shipping,2023-03-29T14:00:00Z,Finance Team
619,PO0619,PO-2023-0619,VEND099,Bridgestone Americas,EMP034,Angela Martinez,DEPT004,Information Technology,2023-02-01,2023-02-26,2023-02-21,USD,PT007,2/10 Net 30,113496.33,22699.27,1340.96,137536.56,Partially Received,Approved,EMP011,2023-02-08,Partially Received,CIF,"567 Oak Ave, Chicago, IL 79358",Keep in warehouse,2023-02-01T09:00:00Z,Marketing Team
620,PO0620,PO-2025-0620,VEND090,Snap-on Incorporated,EMP039,David Nguyen,DEPT009,Warehouse & Logistics,2025-07-03,2025-08-10,2025-08-11,GBP,PT007,2/10 Net 30,150816.35,15081.64,0,165897.99,Pending Approval,Approved,EMP028,2025-07-08,Not Received,FOB Destination,"603 Park Blvd, Phoenix, AZ 49458",Keep in warehouse,2025-07-03T15:00:00Z,Marketing Team
621,PO0621,PO-2023-0621,VEND015,Best Buy Corp,EMP006,Amanda Lee,DEPT006,Sales,2023-11-23,2023-12-25,2023-12-30,INR,PT004,Net 45,182814.5,9140.73,0,191955.23,Open,Approved,EMP021,2023-11-30,Not Received,FOB Destination,"682 Main St, Houston, CA 27663",Call before delivery,2023-11-23T11:00:00Z,HR Team
622,PO0622,PO-2024-0622,VEND046,Lenovo Group Limited,EMP039,David Nguyen,DEPT009,Warehouse & Logistics,2024-07-29,2024-08-18,None,INR,PT006,Net 90,100693.63,18124.85,0,118818.48,Open,Approved,EMP013,2024-08-03,Not Received,FOB Destination,"939 Market St, Chicago, AZ 84612",,2024-07-29T17:00:00Z,IT Team
623,PO0623,PO-2025-0623,VEND060,Boston Consulting Group,EMP026,Amanda Thomas,DEPT006,Sales,2025-02-15,2025-03-23,2025-03-25,SEK,PT004,Net 45,445967.83,22298.39,0,468266.22,Open,Approved,EMP004,2025-02-17,Not Received,FOB Destination,"367 Market St, Los Angeles, TX 25922",Urgent,2025-02-15T09:00:00Z,IT Team
624,PO0624,PO-2024-0624,VEND012,Elite Services,EMP015,Mark Davis,DEPT005,Human Resources,2024-10-31,2024-11-19,2024-11-15,SEK,PT002,Net 15,462557.91,46255.79,0,508813.7,Closed,Approved,EMP010,2024-11-05,Fully Received,FOB Origin,"853 Oak Ave, New York, AZ 88925",Call before delivery,2024-10-31T16:00:00Z,Marketing Team
625,PO0625,PO-2025-0625,VEND095,SKF Group,EMP015,Mark Davis,DEPT005,Human Resources,2025-06-24,2025-07-10,2025-07-13,GBP,PT006,Net 90,56636.04,2831.8,4233.71,63701.55,Open,Approved,EMP032,2025-06-26,Not Received,FOB Origin,"574 Main St, Houston, IL 90814",Expedite shipping,2025-06-24T16:00:00Z,IT Team
626,PO0626,PO-2023-0626,VEND059,McKinsey & Company,EMP007,James Wilson,DEPT007,Marketing,2023-05-05,2023-05-29,2023-05-25,CHF,PT005,Net 60,65958.74,6595.87,0,72554.61,Closed,Approved,EMP013,2023-05-06,Fully Received,CIF,"263 Market St, Chicago, TX 75735",Urgent,2023-05-05T14:00:00Z,Finance Team
627,PO0627,PO-2025-0627,VEND023,Caterpillar Inc.,EMP021,Brian Thompson,DEPT001,Finance,2025-10-15,2025-11-22,None,INR,PT003,Net 30,475831.41,0,0,475831.41,Closed,Approved,EMP011,2025-10-21,Fully Received,Ex-Works,"435 Market St, Los Angeles, IL 10084",Keep in warehouse,2025-10-15T11:00:00Z,HR Team
628,PO0628,PO-2025-0628,VEND035,Expeditors International,EMP026,Amanda Thomas,DEPT006,Sales,2025-12-22,2026-01-06,2026-01-02,GBP,PT003,Net 30,459550.91,22977.55,0,482528.46,Pending Approval,Submitted,None,None,Not Received,CIF,"143 Main St, Houston, AZ 82326",,2025-12-22T12:00:00Z,IT Team
629,PO0629,PO-2024-0629,VEND045,Hewlett Packard Enterprise,EMP010,Patricia Taylor,DEPT010,Executive Management,2024-10-18,2024-11-29,2024-12-04,CHF,PT007,2/10 Net 30,20138.73,2013.87,715.25,22867.85,Closed,Approved,EMP004,2024-10-22,Fully Received,CIF,"314 Park Blvd, Phoenix, AZ 38587",Keep in warehouse,2024-10-18T13:00:00Z,IT Team
630,PO0630,PO-2026-0630,VEND018,Summit Systems,EMP027,Nancy Davis,DEPT007,Marketing,2026-04-04,2026-05-09,2026-05-08,EUR,PT003,Net 30,41312.86,2065.64,0,43378.5,Open,Approved,EMP013,2026-04-09,Not Received,Ex-Works,"561 Market St, Phoenix, AZ 34292",,2026-04-04T14:00:00Z,Procurement Team
631,PO0631,PO-2026-0631,VEND058,KPMG LLP,EMP021,Brian Thompson,DEPT001,Finance,2026-01-26,2026-03-12,2026-03-08,GBP,PT002,Net 15,487095.13,24354.76,0,511449.89,Closed,Approved,EMP027,2026-01-28,Fully Received,Ex-Works,"647 Park Blvd, Los Angeles, CA 76495",Urgent,2026-01-26T15:00:00Z,Finance Team
632,PO0632,PO-2024-0632,VEND040,SAP SE,EMP028,Peter Garcia,DEPT008,Legal & Compliance,2024-06-20,2024-08-04,None,INR,PT005,Net 60,215945.51,21594.55,3851.85,241391.91,Closed,Approved,EMP032,2024-06-27,Fully Received,Ex-Works,"792 Oak Ave, Chicago, NY 58970",,2024-06-20T10:00:00Z,Sales Team
633,PO0633,PO-2024-0633,VEND002,Samira Hadid,EMP030,Elizabeth Miller,DEPT010,Executive Management,2024-09-13,2024-10-13,2024-10-08,INR,PT005,Net 60,13225.35,2645.07,4199.9,20070.32,Closed,Approved,EMP005,2024-09-16,Fully Received,FOB Origin,"337 Park Blvd, New York, TX 50414",Keep in warehouse,2024-09-13T14:00:00Z,Marketing Team
634,PO0634,PO-2023-0634,VEND082,Grainger Inc.,EMP016,Steven Park,DEPT006,Sales,2023-03-08,2023-04-21,None,GBP,PT006,Net 90,352732.59,35273.26,4978.63,392984.48,Partially Received,Approved,EMP016,2023-03-14,Partially Received,CIF,"911 Oak Ave, Phoenix, CA 77908",Expedite shipping,2023-03-08T11:00:00Z,HR Team
635,PO0635,PO-2026-0635,VEND073,AT&T Business,EMP024,Kimberly White,DEPT004,Information Technology,2026-03-20,2026-04-09,2026-04-08,SEK,PT001,Immediate,122870.55,0,4998.97,127869.52,Pending Approval,Approved,EMP035,2026-03-21,Not Received,FOB Origin,"896 Market St, Phoenix, CA 11878",Call before delivery,2026-03-20T11:00:00Z,Finance Team
636,PO0636,PO-2026-0636,VEND093,Regal Beloit Corporation,EMP040,Melissa Torres,DEPT010,Executive Management,2026-10-02,2026-11-15,None,CHF,PT004,Net 45,262647.28,47276.51,1906.46,311830.25,Closed,Approved,EMP006,2026-10-06,Fully Received,FOB Origin,"779 Oak Ave, Los Angeles, CA 13527",,2026-10-02T11:00:00Z,Procurement Team
637,PO0637,PO-2025-0637,VEND008,DHL Express,EMP031,Charles Robinson,DEPT001,Finance,2025-10-17,2025-11-14,2025-11-13,INR,PT001,Immediate,433363,21668.15,0,455031.15,Partially Received,Approved,EMP022,2025-10-18,Partially Received,Ex-Works,"984 Main St, New York, CA 62432",Keep in warehouse,2025-10-17T17:00:00Z,Finance Team
638,PO0638,PO-2023-0638,VEND022,Siemens AG,EMP009,Thomas Brown,DEPT009,Warehouse & Logistics,2023-05-18,2023-06-09,None,USD,PT003,Net 30,27315.58,0,2207.74,29523.32,Closed,Approved,EMP008,2023-05-24,Fully Received,Ex-Works,"826 Park Blvd, Phoenix, CA 95109",Expedite shipping,2023-05-18T11:00:00Z,IT Team
639,PO0639,PO-2024-0639,VEND076,Comcast Business,EMP008,Maria Garcia,DEPT008,Legal & Compliance,2024-12-25,2025-02-03,2025-01-31,GBP,PT002,Net 15,92608.89,18521.78,1562.06,112692.73,Partially Received,Approved,EMP040,2024-12-27,Partially Received,FOB Origin,"279 Main St, Phoenix, NY 75366",Expedite shipping,2024-12-25T13:00:00Z,Procurement Team
640,PO0640,PO-2025-0640,VEND043,Cisco Systems Inc.,EMP029,Jennifer Lee,DEPT009,Warehouse & Logistics,2025-11-18,2025-12-11,2025-12-10,GBP,PT007,2/10 Net 30,319467.5,63893.5,0,383361,Closed,Submitted,None,None,Fully Received,Ex-Works,"915 Park Blvd, Houston, NY 56672",,2025-11-18T16:00:00Z,IT Team
641,PO0641,PO-2023-0641,VEND008,DHL Express,EMP037,Christopher Lee,DEPT007,Marketing,2023-08-11,2023-09-20,2023-09-18,INR,PT002,Net 15,472282.41,0,4400.64,476683.05,Open,Approved,EMP025,2023-08-16,Not Received,Ex-Works,"746 Oak Ave, Houston, NY 64604",,2023-08-11T11:00:00Z,Procurement Team
642,PO0642,PO-2024-0642,VEND025,ABB Ltd,EMP010,Patricia Taylor,DEPT010,Executive Management,2024-05-24,2024-06-30,2024-07-04,GBP,PT007,2/10 Net 30,83829.32,16765.86,727.58,101322.76,Pending Approval,Approved,EMP014,2024-05-25,Not Received,Ex-Works,"779 Main St, Phoenix, AZ 83015",,2024-05-24T16:00:00Z,Marketing Team
643,PO0643,PO-2024-0643,VEND026,General Electric,EMP014,Lisa Johnson,DEPT004,Information Technology,2024-07-02,2024-07-20,2024-07-21,SEK,PT006,Net 90,108340.39,0,0,108340.39,Closed,Rejected,None,None,Fully Received,FOB Destination,"843 Oak Ave, Chicago, TX 88064",Urgent,2024-07-02T11:00:00Z,Finance Team
644,PO0644,PO-2023-0644,VEND014,Modern Office Co,EMP037,Christopher Lee,DEPT007,Marketing,2023-05-11,2023-06-01,None,USD,PT006,Net 90,432584.28,86516.86,2535.58,521636.72,Partially Received,Approved,EMP034,2023-05-13,Partially Received,CIF,"335 Main St, Chicago, NY 63020",Call before delivery,2023-05-11T17:00:00Z,Procurement Team
645,PO0645,PO-2024-0645,VEND021,Johnson Controls,EMP022,Cynthia Lewis,DEPT002,Procurement,2024-08-19,2024-09-06,2024-09-05,USD,PT003,Net 30,164580.52,32916.1,3204.66,200701.28,Closed,Approved,EMP018,2024-08-22,Fully Received,CIF,"990 Oak Ave, Los Angeles, NY 65475",Keep in warehouse,2024-08-19T14:00:00Z,Procurement Team
646,PO0646,PO-2023-0646,VEND075,T-Mobile for Business,EMP011,Daniel Anderson,DEPT001,Finance,2023-09-17,2023-10-30,2023-10-29,GBP,PT001,Immediate,19488,0,0,19488,Partially Received,Submitted,None,None,Partially Received,FOB Destination,"941 Park Blvd, Phoenix, IL 38059",,2023-09-17T17:00:00Z,Procurement Team
647,PO0647,PO-2023-0647,VEND040,SAP SE,EMP019,Rachel Rodriguez,DEPT009,Warehouse & Logistics,2023-07-15,2023-08-29,2023-09-02,INR,PT002,Net 15,157888.48,28419.93,4881.9,191190.31,Partially Received,Approved,EMP008,2023-07-19,Partially Received,FOB Destination,"191 Oak Ave, New York, TX 32008",Urgent,2023-07-15T09:00:00Z,Procurement Team
648,PO0648,PO-2026-0648,VEND023,Caterpillar Inc.,EMP025,Jason Harris,DEPT005,Human Resources,2026-12-08,2027-01-21,2027-01-24,INR,PT007,2/10 Net 30,496085.94,24804.3,0,520890.24,Partially Received,Approved,EMP018,2026-12-13,Partially Received,FOB Destination,"481 Park Blvd, Phoenix, IL 21151",Urgent,2026-12-08T17:00:00Z,Marketing Team
649,PO0649,PO-2025-0649,VEND092,Baldor Electric Company,EMP013,Kevin Moore,DEPT003,Operations,2025-06-03,2025-07-07,None,CHF,PT001,Immediate,445361.81,22268.09,597.35,468227.25,Closed,Approved,EMP010,2025-06-04,Fully Received,CIF,"544 Oak Ave, Phoenix, CA 79313",,2025-06-03T08:00:00Z,HR Team
650,PO0650,PO-2024-0650,VEND040,SAP SE,EMP011,Daniel Anderson,DEPT001,Finance,2024-05-24,2024-06-29,2024-07-02,INR,PT004,Net 45,448974.75,22448.74,0,471423.49,Partially Received,Approved,EMP004,2024-05-27,Partially Received,CIF,"393 Park Blvd, Houston, TX 55172",,2024-05-24T17:00:00Z,HR Team
651,PO0651,PO-2024-0651,VEND047,Apple Inc.,EMP033,Timothy Rodriguez,DEPT003,Operations,2024-11-23,2024-12-12,2024-12-07,GBP,PT007,2/10 Net 30,73130.6,7313.06,203.88,80647.54,Open,Approved,EMP008,2024-11-28,Not Received,CIF,"738 Main St, Chicago, NY 98204",Expedite shipping,2024-11-23T14:00:00Z,Procurement Team
652,PO0652,PO-2026-0652,VEND005,Microsoft Corporation,EMP024,Kimberly White,DEPT004,Information Technology,2026-03-22,2026-04-24,2026-04-24,SEK,PT006,Net 90,178664.86,35732.97,1687.4,216085.23,Open,Draft,None,None,Not Received,CIF,"612 Market St, Los Angeles, NY 63269",Urgent,2026-03-22T10:00:00Z,Finance Team
653,PO0653,PO-2025-0653,VEND038,Penske Logistics,EMP002,Sarah Williams,DEPT002,Procurement,2025-12-03,2026-01-15,2026-01-16,SEK,PT003,Net 30,32077.5,6415.5,0,38493,Closed,Draft,None,None,Fully Received,Ex-Works,"410 Oak Ave, Los Angeles, AZ 36542",Keep in warehouse,2025-12-03T14:00:00Z,Sales Team
654,PO0654,PO-2025-0654,VEND056,PricewaterhouseCoopers LLP,EMP032,Susan Clark,DEPT002,Procurement,2025-11-22,2025-12-12,None,EUR,PT003,Net 30,274918.79,54983.76,0,329902.55,Closed,Approved,EMP023,2025-11-25,Fully Received,CIF,"267 Main St, New York, NY 73886",Expedite shipping,2025-11-22T16:00:00Z,Finance Team
655,PO0655,PO-2025-0655,VEND098,Michelin North America,EMP004,Jessica Martinez,DEPT004,Information Technology,2025-08-30,2025-09-30,None,USD,PT003,Net 30,383090.73,76618.15,847.74,460556.62,Open,Approved,EMP023,2025-09-06,Not Received,FOB Destination,"191 Market St, Houston, NY 14249",Expedite shipping,2025-08-30T11:00:00Z,Procurement Team
656,PO0656,PO-2026-0656,VEND012,Elite Services,EMP009,Thomas Brown,DEPT009,Warehouse & Logistics,2026-10-15,2026-10-31,2026-10-28,SEK,PT004,Net 45,256554.32,46179.78,0,302734.1,Open,Approved,EMP002,2026-10-22,Not Received,FOB Origin,"870 Park Blvd, Houston, CA 73761",Keep in warehouse,2026-10-15T17:00:00Z,Procurement Team
657,PO0657,PO-2023-0657,VEND041,Salesforce.com Inc.,EMP002,Sarah Williams,DEPT002,Procurement,2023-07-20,2023-08-04,2023-08-05,GBP,PT005,Net 60,346578.3,17328.92,0,363907.22,Partially Received,Approved,EMP004,2023-07-24,Partially Received,Ex-Works,"564 Main St, Los Angeles, TX 50655",Call before delivery,2023-07-20T10:00:00Z,IT Team
658,PO0658,PO-2024-0658,VEND051,Thomson Reuters,EMP003,Michael Johnson,DEPT003,Operations,2024-06-30,2024-07-29,2024-08-02,USD,PT001,Immediate,223773.61,40279.25,0,264052.86,Open,Approved,EMP024,2024-07-05,Not Received,FOB Origin,"435 Park Blvd, Phoenix, IL 97470",Urgent,2024-06-30T08:00:00Z,Sales Team
659,PO0659,PO-2024-0659,VEND077,Spectrum Business,EMP034,Angela Martinez,DEPT004,Information Technology,2024-01-12,2024-01-30,2024-01-31,SEK,PT006,Net 90,221415.07,44283.01,4640.85,270338.93,Closed,Approved,EMP001,2024-01-15,Fully Received,Ex-Works,"829 Main St, New York, CA 46561",Urgent,2024-01-12T12:00:00Z,Marketing Team
660,PO0660,PO-2023-0660,VEND062,Accenture PLC,EMP002,Sarah Williams,DEPT002,Procurement,2023-03-26,2023-05-05,2023-05-02,USD,PT007,2/10 Net 30,155408.04,31081.61,0,186489.65,Partially Received,Approved,EMP001,2023-03-31,Partially Received,FOB Origin,"685 Main St, Phoenix, AZ 19001",Urgent,2023-03-26T08:00:00Z,Procurement Team
661,PO0661,PO-2024-0661,VEND009,Office Furniture World,EMP019,Rachel Rodriguez,DEPT009,Warehouse & Logistics,2024-11-01,2024-12-09,None,USD,PT004,Net 45,293528.78,29352.88,56.77,322938.43,Closed,Approved,EMP030,2024-11-03,Fully Received,FOB Origin,"233 Main St, New York, IL 55414",Keep in warehouse,2024-11-01T08:00:00Z,IT Team
662,PO0662,PO-2026-0662,VEND001,ABCD & CO,EMP031,Charles Robinson,DEPT001,Finance,2026-05-25,2026-06-11,2026-06-08,SEK,PT006,Net 90,463125.39,46312.54,4902.69,514340.62,Closed,Submitted,None,None,Fully Received,Ex-Works,"592 Main St, New York, TX 62631",Keep in warehouse,2026-05-25T13:00:00Z,HR Team
663,PO0663,PO-2023-0663,VEND085,Fastenal Company,EMP022,Cynthia Lewis,DEPT002,Procurement,2023-02-13,2023-03-22,2023-03-18,SEK,PT007,2/10 Net 30,472039.77,84967.16,4427.33,561434.26,Partially Received,Submitted,None,None,Partially Received,Ex-Works,"943 Park Blvd, New York, CA 52728",,2023-02-13T12:00:00Z,HR Team
664,PO0664,PO-2025-0664,VEND003,IMPORTING COMPANY,EMP020,Laura Adams,DEPT010,Executive Management,2025-07-12,2025-08-16,2025-08-12,GBP,PT006,Net 90,241029.66,24102.97,2138.22,267270.85,Open,Draft,None,None,Not Received,CIF,"592 Market St, Houston, IL 66766",Call before delivery,2025-07-12T17:00:00Z,Marketing Team
665,PO0665,PO-2024-0665,VEND081,Kimberly-Clark Professional,EMP005,Robert Kim,DEPT005,Human Resources,2024-11-07,2024-12-16,None,SEK,PT002,Net 15,407843.2,20392.16,907.99,429143.35,Cancelled,Approved,EMP040,2024-11-11,Not Received,FOB Origin,"906 Market St, Los Angeles, IL 52986",Expedite shipping,2024-11-07T11:00:00Z,Finance Team
666,PO0666,PO-2024-0666,VEND093,Regal Beloit Corporation,EMP031,Charles Robinson,DEPT001,Finance,2024-01-02,2024-02-09,None,CHF,PT006,Net 90,108641.89,19555.54,3040.03,131237.46,Open,Approved,EMP036,2024-01-08,Not Received,FOB Destination,"276 Market St, Houston, AZ 54356",Expedite shipping,2024-01-02T15:00:00Z,Marketing Team
667,PO0667,PO-2024-0667,VEND083,MSC Industrial Direct,EMP018,Andrew Kim,DEPT008,Legal & Compliance,2024-05-18,2024-06-18,2024-06-17,SEK,PT006,Net 90,358312,64496.16,189.54,422997.7,Partially Received,Approved,EMP031,2024-05-25,Partially Received,FOB Origin,"595 Oak Ave, Los Angeles, CA 68241",Call before delivery,2024-05-18T14:00:00Z,Marketing Team
668,PO0668,PO-2026-0668,VEND026,General Electric,EMP028,Peter Garcia,DEPT008,Legal & Compliance,2026-09-04,2026-10-08,None,SEK,PT002,Net 15,331109.24,59599.66,0,390708.9,Cancelled,Approved,EMP011,2026-09-08,Not Received,Ex-Works,"287 Park Blvd, Houston, AZ 24995",Urgent,2026-09-04T13:00:00Z,Procurement Team
669,PO0669,PO-2025-0669,VEND055,Deloitte & Touche LLP,EMP029,Jennifer Lee,DEPT009,Warehouse & Logistics,2025-06-06,2025-07-09,2025-07-05,EUR,PT004,Net 45,407161.03,40716.1,1589.28,449466.41,Open,Approved,EMP022,2025-06-10,Not Received,Ex-Works,"310 Park Blvd, Los Angeles, TX 82929",,2025-06-06T17:00:00Z,Procurement Team
670,PO0670,PO-2025-0670,VEND098,Michelin North America,EMP007,James Wilson,DEPT007,Marketing,2025-10-07,2025-10-27,2025-10-26,USD,PT004,Net 45,470479.98,0,4264.92,474744.9,Partially Received,Approved,EMP012,2025-10-13,Partially Received,FOB Origin,"952 Main St, Phoenix, TX 22868",Keep in warehouse,2025-10-07T15:00:00Z,Procurement Team
671,PO0671,PO-2026-0671,VEND027,Honeywell International,EMP015,Mark Davis,DEPT005,Human Resources,2026-08-12,2026-09-06,2026-09-11,SEK,PT007,2/10 Net 30,21627.61,2162.76,1655.87,25446.24,Open,Submitted,None,None,Not Received,CIF,"790 Park Blvd, New York, TX 18054",,2026-08-12T08:00:00Z,Finance Team
672,PO0672,PO-2023-0672,VEND044,IBM Corporation,EMP032,Susan Clark,DEPT002,Procurement,2023-03-31,2023-04-21,None,SEK,PT001,Immediate,479444.2,95888.84,2644.6,577977.64,Pending Approval,Approved,EMP035,2023-04-06,Not Received,FOB Destination,"907 Park Blvd, New York, NY 26815",Urgent,2023-03-31T10:00:00Z,IT Team
673,PO0673,PO-2023-0673,VEND054,"FTI Consulting, Inc.",EMP020,Laura Adams,DEPT010,Executive Management,2023-11-15,2023-12-14,2023-12-13,USD,PT003,Net 30,212242.37,42448.47,4127.32,258818.16,Open,Approved,EMP037,2023-11-21,Not Received,FOB Destination,"138 Market St, Phoenix, NY 98147",Keep in warehouse,2023-11-15T17:00:00Z,Procurement Team
674,PO0674,PO-2023-0674,VEND019,Vanguard Tech,EMP032,Susan Clark,DEPT002,Procurement,2023-04-02,2023-05-09,None,USD,PT003,Net 30,288533.61,51936.05,3324.6,343794.26,Cancelled,Draft,None,None,Not Received,FOB Destination,"920 Park Blvd, Chicago, AZ 55225",Keep in warehouse,2023-04-02T08:00:00Z,IT Team
675,PO0675,PO-2023-0675,VEND059,McKinsey & Company,EMP001,David Chen,DEPT001,Finance,2023-03-24,2023-05-08,2023-05-07,CHF,PT004,Net 45,134334.23,26866.85,4431.61,165632.69,Closed,Approved,EMP031,2023-03-26,Fully Received,CIF,"671 Park Blvd, Phoenix, CA 21424",Expedite shipping,2023-03-24T10:00:00Z,Procurement Team
676,PO0676,PO-2023-0676,VEND065,Sodexo S.A.,EMP019,Rachel Rodriguez,DEPT009,Warehouse & Logistics,2023-02-21,2023-03-26,None,INR,PT007,2/10 Net 30,216585.08,10829.25,3461.75,230876.08,Closed,Approved,EMP036,2023-02-27,Fully Received,Ex-Works,"529 Oak Ave, Los Angeles, TX 68295",,2023-02-21T11:00:00Z,HR Team
677,PO0677,PO-2024-0677,VEND084,McMaster-Carr,EMP025,Jason Harris,DEPT005,Human Resources,2024-07-26,2024-08-13,None,GBP,PT004,Net 45,240235.91,12011.8,0,252247.71,Partially Received,Approved,EMP030,2024-07-30,Partially Received,Ex-Works,"358 Park Blvd, New York, TX 96458",Urgent,2024-07-26T14:00:00Z,Sales Team
678,PO0678,PO-2024-0678,VEND086,W.W. Grainger International,EMP004,Jessica Martinez,DEPT004,Information Technology,2024-11-12,2024-12-06,None,EUR,PT005,Net 60,201128.63,40225.73,1942.9,243297.26,Cancelled,Approved,EMP038,2024-11-16,Not Received,FOB Origin,"407 Oak Ave, Phoenix, TX 77283",Call before delivery,2024-11-12T09:00:00Z,Finance Team
679,PO0679,PO-2024-0679,VEND006,Amazon Business,EMP015,Mark Davis,DEPT005,Human Resources,2024-03-10,2024-04-17,2024-04-18,SEK,PT004,Net 45,414719.22,74649.46,0,489368.68,Cancelled,Approved,EMP011,2024-03-13,Not Received,FOB Destination,"208 Market St, Los Angeles, NY 53960",Keep in warehouse,2024-03-10T13:00:00Z,Marketing Team
680,PO0680,PO-2025-0680,VEND021,Johnson Controls,EMP034,Angela Martinez,DEPT004,Information Technology,2025-11-05,2025-12-05,2025-12-10,USD,PT002,Net 15,37506.02,3750.6,0,41256.62,Pending Approval,Approved,EMP038,2025-11-10,Not Received,FOB Destination,"741 Oak Ave, Los Angeles, CA 79798",Expedite shipping,2025-11-05T10:00:00Z,Marketing Team
681,PO0681,PO-2026-0681,VEND064,Aramark Corporation,EMP031,Charles Robinson,DEPT001,Finance,2026-04-08,2026-05-19,None,EUR,PT005,Net 60,187610.88,33769.96,0,221380.84,Closed,Approved,EMP019,2026-04-13,Fully Received,Ex-Works,"131 Main St, Los Angeles, NY 23570",,2026-04-08T11:00:00Z,IT Team
682,PO0682,PO-2026-0682,VEND093,Regal Beloit Corporation,EMP017,Michelle Chen,DEPT007,Marketing,2026-07-10,2026-08-06,2026-08-08,CHF,PT006,Net 90,365607.91,0,0,365607.91,Closed,Approved,EMP006,2026-07-11,Fully Received,Ex-Works,"514 Main St, Houston, CA 21582",Urgent,2026-07-10T10:00:00Z,Sales Team
683,PO0683,PO-2025-0683,VEND027,Honeywell International,EMP036,Kimberly Wright,DEPT006,Sales,2025-04-26,2025-06-01,2025-06-04,SEK,PT003,Net 30,222308.76,22230.88,2504.17,247043.81,Pending Approval,Draft,None,None,Not Received,Ex-Works,"853 Oak Ave, Chicago, IL 44368",Expedite shipping,2025-04-26T16:00:00Z,Sales Team
684,PO0684,PO-2024-0684,VEND091,Ingersoll Rand,EMP004,Jessica Martinez,DEPT004,Information Technology,2024-11-06,2024-11-22,2024-11-18,GBP,PT004,Net 45,123080.86,0,0,123080.86,Pending Approval,Submitted,None,None,Not Received,CIF,"374 Market St, Chicago, CA 98391",Keep in warehouse,2024-11-06T17:00:00Z,Sales Team
685,PO0685,PO-2025-0685,VEND097,Goodyear Tire & Rubber,EMP007,James Wilson,DEPT007,Marketing,2025-01-02,2025-02-02,2025-01-29,GBP,PT006,Net 90,463700.33,0,0,463700.33,Partially Received,Approved,EMP007,2025-01-09,Partially Received,FOB Origin,"386 Main St, Los Angeles, AZ 43480",Urgent,2025-01-02T13:00:00Z,Sales Team
686,PO0686,PO-2023-0686,VEND042,"VMware, Inc.",EMP028,Peter Garcia,DEPT008,Legal & Compliance,2023-01-18,2023-02-19,2023-02-15,SEK,PT005,Net 60,216516.84,38973.03,4594.79,260084.66,Partially Received,Approved,EMP001,2023-01-22,Partially Received,FOB Origin,"245 Park Blvd, Houston, AZ 62569",Urgent,2023-01-18T13:00:00Z,Finance Team
687,PO0687,PO-2024-0687,VEND040,SAP SE,EMP003,Michael Johnson,DEPT003,Operations,2024-05-18,2024-06-12,2024-06-09,INR,PT002,Net 15,71219.11,12819.44,0,84038.55,Partially Received,Approved,EMP026,2024-05-23,Partially Received,FOB Origin,"872 Market St, New York, NY 35386",Call before delivery,2024-05-18T08:00:00Z,Finance Team
688,PO0688,PO-2024-0688,VEND068,Securitas AB,EMP022,Cynthia Lewis,DEPT002,Procurement,2024-05-14,2024-06-22,2024-06-25,EUR,PT001,Immediate,130567.51,26113.5,0,156681.01,Open,Approved,EMP013,2024-05-20,Not Received,CIF,"584 Main St, Houston, AZ 49673",,2024-05-14T13:00:00Z,HR Team
689,PO0689,PO-2023-0689,VEND100,ZF Friedrichshafen AG,EMP021,Brian Thompson,DEPT001,Finance,2023-12-27,2024-02-06,2024-02-11,USD,PT006,Net 90,10082.27,0,0,10082.27,Closed,Approved,EMP035,2023-12-28,Fully Received,FOB Destination,"370 Park Blvd, Phoenix, CA 85763",Expedite shipping,2023-12-27T08:00:00Z,Procurement Team
690,PO0690,PO-2023-0690,VEND016,New Horizons,EMP029,Jennifer Lee,DEPT009,Warehouse & Logistics,2023-04-07,2023-05-18,None,GBP,PT002,Net 15,93911.77,9391.18,2940.21,106243.16,Pending Approval,Approved,EMP033,2023-04-14,Not Received,FOB Origin,"111 Park Blvd, Phoenix, IL 50325",,2023-04-07T17:00:00Z,Procurement Team
691,PO0691,PO-2023-0691,VEND075,T-Mobile for Business,EMP006,Amanda Lee,DEPT006,Sales,2023-05-13,2023-06-22,2023-06-17,GBP,PT007,2/10 Net 30,335646.52,33564.65,0,369211.17,Closed,Approved,EMP008,2023-05-17,Fully Received,FOB Destination,"747 Main St, Phoenix, IL 96200",Expedite shipping,2023-05-13T13:00:00Z,Marketing Team
692,PO0692,PO-2023-0692,VEND032,UPS Supply Chain Solutions,EMP034,Angela Martinez,DEPT004,Information Technology,2023-04-27,2023-05-29,None,EUR,PT001,Immediate,206655.65,10332.78,2119.85,219108.28,Open,Approved,EMP019,2023-05-03,Not Received,Ex-Works,"488 Main St, Los Angeles, NY 14767",,2023-04-27T09:00:00Z,Sales Team
693,PO0693,PO-2024-0693,VEND020,Alpha Industries,EMP027,Nancy Davis,DEPT007,Marketing,2024-10-11,2024-11-15,None,SEK,PT004,Net 45,433530.81,78035.55,3866.33,515432.69,Open,Approved,EMP023,2024-10-13,Not Received,CIF,"192 Market St, Chicago, CA 95061",Urgent,2024-10-11T08:00:00Z,HR Team
694,PO0694,PO-2024-0694,VEND089,DeWalt Industrial Tool Co.,EMP022,Cynthia Lewis,DEPT002,Procurement,2024-07-28,2024-08-29,2024-08-31,INR,PT004,Net 45,216703.11,10835.16,728.51,228266.78,Open,Approved,EMP027,2024-07-29,Not Received,Ex-Works,"921 Park Blvd, Houston, AZ 76747",Urgent,2024-07-28T14:00:00Z,Marketing Team
695,PO0695,PO-2023-0695,VEND088,Makita Corporation,EMP022,Cynthia Lewis,DEPT002,Procurement,2023-12-06,2024-01-15,None,CHF,PT004,Net 45,334966.24,33496.62,0,368462.86,Partially Received,Approved,EMP034,2023-12-12,Partially Received,FOB Destination,"265 Park Blvd, Chicago, CA 67685",Urgent,2023-12-06T13:00:00Z,Finance Team
696,PO0696,PO-2025-0696,VEND068,Securitas AB,EMP015,Mark Davis,DEPT005,Human Resources,2025-09-14,2025-10-06,2025-10-03,EUR,PT006,Net 90,417186.71,75093.61,4014.85,496295.17,Open,Draft,None,None,Not Received,FOB Origin,"402 Main St, Los Angeles, TX 45314",Keep in warehouse,2025-09-14T13:00:00Z,Sales Team
697,PO0697,PO-2026-0697,VEND001,ABCD & CO,EMP019,Rachel Rodriguez,DEPT009,Warehouse & Logistics,2026-09-15,2026-10-10,2026-10-07,SEK,PT007,2/10 Net 30,168512.94,33702.59,1045.96,203261.49,Open,Rejected,None,None,Not Received,CIF,"646 Main St, Phoenix, CA 38883",Call before delivery,2026-09-15T09:00:00Z,Finance Team
698,PO0698,PO-2024-0698,VEND070,Tyco International,EMP026,Amanda Thomas,DEPT006,Sales,2024-11-08,2024-12-05,2024-12-08,GBP,PT004,Net 45,474803.8,94960.76,0,569764.56,Open,Approved,EMP028,2024-11-12,Not Received,FOB Origin,"312 Park Blvd, New York, CA 30416",Keep in warehouse,2024-11-08T09:00:00Z,Marketing Team
699,PO0699,PO-2025-0699,VEND023,Caterpillar Inc.,EMP035,Joseph Wilson,DEPT005,Human Resources,2025-11-25,2026-01-04,2025-12-31,INR,PT004,Net 45,212070.17,21207.02,0,233277.19,Closed,Approved,EMP014,2025-11-27,Fully Received,FOB Origin,"795 Oak Ave, Los Angeles, TX 46970",Call before delivery,2025-11-25T09:00:00Z,Marketing Team
700,PO0700,PO-2024-0700,VEND033,Maersk Line,EMP011,Daniel Anderson,DEPT001,Finance,2024-09-22,2024-10-17,None,SEK,PT001,Immediate,75009.89,13501.78,422.05,88933.72,Pending Approval,Draft,None,None,Not Received,Ex-Works,"786 Park Blvd, Houston, IL 72764",Call before delivery,2024-09-22T14:00:00Z,Procurement Team
701,PO0701,PO-2024-0701,VEND016,New Horizons,EMP012,Jennifer Park,DEPT002,Procurement,2024-03-30,2024-04-28,2024-04-28,GBP,PT005,Net 60,487360.57,24368.03,0,511728.6,Open,Approved,EMP016,2024-04-03,Not Received,FOB Destination,"118 Park Blvd, Phoenix, CA 27803",Call before delivery,2024-03-30T16:00:00Z,HR Team
702,PO0702,PO-2025-0702,VEND067,"CBRE Group, Inc.",EMP020,Laura Adams,DEPT010,Executive Management,2025-05-15,2025-05-31,2025-05-27,EUR,PT007,2/10 Net 30,242779.99,0,0,242779.99,Pending Approval,Approved,EMP022,2025-05-21,Not Received,FOB Destination,"938 Park Blvd, Phoenix, NY 91931",Keep in warehouse,2025-05-15T15:00:00Z,Sales Team
703,PO0703,PO-2026-0703,VEND040,SAP SE,EMP027,Nancy Davis,DEPT007,Marketing,2026-01-25,2026-03-02,None,INR,PT002,Net 15,203120.28,0,2073.22,205193.5,Open,Approved,EMP032,2026-01-29,Not Received,CIF,"722 Market St, Houston, IL 45588",Call before delivery,2026-01-25T10:00:00Z,Marketing Team
704,PO0704,PO-2025-0704,VEND075,T-Mobile for Business,EMP010,Patricia Taylor,DEPT010,Executive Management,2025-12-17,2026-01-24,2026-01-19,GBP,PT007,2/10 Net 30,15920.28,1592.03,208.37,17720.68,Partially Received,Approved,EMP037,2025-12-24,Partially Received,FOB Origin,"817 Park Blvd, New York, NY 81948",Keep in warehouse,2025-12-17T13:00:00Z,IT Team
705,PO0705,PO-2024-0705,VEND025,ABB Ltd,EMP022,Cynthia Lewis,DEPT002,Procurement,2024-02-25,2024-03-12,2024-03-08,GBP,PT002,Net 15,377847.23,0,0,377847.23,Cancelled,Approved,EMP031,2024-02-28,Not Received,FOB Origin,"858 Main St, Phoenix, NY 61567",,2024-02-25T15:00:00Z,Finance Team
706,PO0706,PO-2024-0706,VEND068,Securitas AB,EMP006,Amanda Lee,DEPT006,Sales,2024-09-21,2024-10-18,None,EUR,PT005,Net 60,193565.56,9678.28,240.51,203484.35,Open,Approved,EMP034,2024-09-25,Not Received,FOB Destination,"113 Oak Ave, Phoenix, AZ 65225",Expedite shipping,2024-09-21T14:00:00Z,Procurement Team
707,PO0707,PO-2024-0707,VEND066,Jones Lang LaSalle,EMP037,Christopher Lee,DEPT007,Marketing,2024-09-24,2024-10-29,None,CHF,PT001,Immediate,138311.14,24896.01,0,163207.15,Partially Received,Approved,EMP040,2024-09-25,Partially Received,FOB Origin,"765 Oak Ave, Houston, IL 83187",Urgent,2024-09-24T08:00:00Z,IT Team
708,PO0708,PO-2023-0708,VEND048,Cummins Inc.,EMP011,Daniel Anderson,DEPT001,Finance,2023-12-29,2024-01-15,None,EUR,PT006,Net 90,134560,26912,4726.63,166198.63,Closed,Approved,EMP033,2023-12-31,Fully Received,FOB Destination,"908 Main St, New York, NY 53656",Keep in warehouse,2023-12-29T13:00:00Z,Marketing Team
709,PO0709,PO-2024-0709,VEND024,Schneider Electric,EMP021,Brian Thompson,DEPT001,Finance,2024-01-13,2024-02-15,2024-02-20,USD,PT003,Net 30,207940.07,0,0,207940.07,Closed,Approved,EMP013,2024-01-14,Fully Received,CIF,"821 Park Blvd, Chicago, CA 37182",Expedite shipping,2024-01-13T14:00:00Z,Sales Team
710,PO0710,PO-2023-0710,VEND033,Maersk Line,EMP033,Timothy Rodriguez,DEPT003,Operations,2023-09-02,2023-09-21,2023-09-18,SEK,PT004,Net 45,188335.26,37667.05,1483.46,227485.77,Partially Received,Approved,EMP021,2023-09-09,Partially Received,FOB Destination,"942 Market St, Los Angeles, CA 19370",Expedite shipping,2023-09-02T15:00:00Z,Sales Team
711,PO0711,PO-2024-0711,VEND008,DHL Express,EMP025,Jason Harris,DEPT005,Human Resources,2024-07-05,2024-07-27,2024-07-24,INR,PT006,Net 90,287481.39,0,4726.41,292207.8,Open,Draft,None,None,Not Received,FOB Destination,"324 Park Blvd, New York, NY 84872",Urgent,2024-07-05T08:00:00Z,Sales Team
712,PO0712,PO-2023-0712,VEND020,Alpha Industries,EMP022,Cynthia Lewis,DEPT002,Procurement,2023-06-07,2023-07-05,None,SEK,PT006,Net 90,204286.44,0,1631.58,205918.02,Open,Approved,EMP021,2023-06-09,Not Received,Ex-Works,"360 Oak Ave, Chicago, TX 68969",Expedite shipping,2023-06-07T17:00:00Z,Procurement Team
713,PO0713,PO-2023-0713,VEND014,Modern Office Co,EMP027,Nancy Davis,DEPT007,Marketing,2023-01-03,2023-02-04,2023-02-08,USD,PT004,Net 45,398807.63,0,0,398807.63,Pending Approval,Approved,EMP005,2023-01-10,Not Received,CIF,"563 Market St, New York, IL 86625",Call before delivery,2023-01-03T08:00:00Z,Sales Team
714,PO0714,PO-2025-0714,VEND061,Bain & Company,EMP006,Amanda Lee,DEPT006,Sales,2025-09-18,2025-10-04,2025-10-02,INR,PT003,Net 30,112664.41,20279.59,374.01,133318.01,Closed,Approved,EMP039,2025-09-21,Fully Received,FOB Destination,"787 Oak Ave, Houston, AZ 29656",,2025-09-18T10:00:00Z,HR Team
715,PO0715,PO-2025-0715,VEND046,Lenovo Group Limited,EMP005,Robert Kim,DEPT005,Human Resources,2025-11-01,2025-11-23,2025-11-24,INR,PT006,Net 90,469515.09,84512.72,2057.76,556085.57,Cancelled,Approved,EMP009,2025-11-06,Not Received,FOB Origin,"629 Main St, Houston, TX 76551",Expedite shipping,2025-11-01T11:00:00Z,Marketing Team
716,PO0716,PO-2025-0716,VEND027,Honeywell International,EMP024,Kimberly White,DEPT004,Information Technology,2025-08-20,2025-09-23,2025-09-27,SEK,PT001,Immediate,109610.64,21922.13,503.1,132035.87,Open,Rejected,None,None,Not Received,FOB Origin,"692 Park Blvd, Phoenix, NY 93007",Keep in warehouse,2025-08-20T10:00:00Z,IT Team
717,PO0717,PO-2026-0717,VEND023,Caterpillar Inc.,EMP038,Stephanie Hall,DEPT008,Legal & Compliance,2026-03-18,2026-04-05,None,INR,PT003,Net 30,301937.82,0,1648.21,303586.03,Closed,Approved,EMP024,2026-03-23,Fully Received,FOB Origin,"669 Market St, Houston, CA 73278",Keep in warehouse,2026-03-18T08:00:00Z,Sales Team
718,PO0718,PO-2023-0718,VEND041,Salesforce.com Inc.,EMP017,Michelle Chen,DEPT007,Marketing,2023-12-26,2024-01-27,2024-01-30,GBP,PT002,Net 15,359961,71992.2,3919.26,435872.46,Pending Approval,Approved,EMP016,2024-01-02,Not Received,FOB Origin,"689 Market St, Chicago, IL 47593",Expedite shipping,2023-12-26T08:00:00Z,Marketing Team
719,PO0719,PO-2026-0719,VEND054,"FTI Consulting, Inc.",EMP013,Kevin Moore,DEPT003,Operations,2026-08-17,2026-09-07,None,USD,PT002,Net 15,487295.67,24364.78,1126.41,512786.86,Open,Approved,EMP010,2026-08-18,Not Received,FOB Origin,"665 Main St, Houston, NY 73095",,2026-08-17T16:00:00Z,Finance Team
720,PO0720,PO-2023-0720,VEND050,Festo AG & Co. KG,EMP023,Richard Martinez,DEPT003,Operations,2023-04-04,2023-05-15,None,INR,PT004,Net 45,303900.79,60780.16,1582.4,366263.35,Open,Approved,EMP035,2023-04-08,Not Received,CIF,"583 Main St, Houston, CA 28798",,2023-04-04T08:00:00Z,Marketing Team
721,PO0721,PO-2023-0721,VEND068,Securitas AB,EMP027,Nancy Davis,DEPT007,Marketing,2023-03-21,2023-04-29,2023-04-29,EUR,PT003,Net 30,277101.65,27710.17,4029.4,308841.22,Closed,Approved,EMP019,2023-03-25,Fully Received,Ex-Works,"492 Park Blvd, New York, AZ 66946",,2023-03-21T17:00:00Z,Finance Team
722,PO0722,PO-2023-0722,VEND075,T-Mobile for Business,EMP037,Christopher Lee,DEPT007,Marketing,2023-02-22,2023-04-08,2023-04-10,GBP,PT002,Net 15,106700.97,21340.19,3440.05,131481.21,Open,Approved,EMP012,2023-02-28,Not Received,CIF,"122 Park Blvd, New York, AZ 42606",Expedite shipping,2023-02-22T11:00:00Z,HR Team
723,PO0723,PO-2026-0723,VEND095,SKF Group,EMP018,Andrew Kim,DEPT008,Legal & Compliance,2026-02-22,2026-04-08,2026-04-12,GBP,PT003,Net 30,251929.85,50385.97,0,302315.82,Closed,Approved,EMP003,2026-02-26,Fully Received,FOB Destination,"888 Park Blvd, Los Angeles, NY 20984",Urgent,2026-02-22T14:00:00Z,Marketing Team
724,PO0724,PO-2023-0724,VEND069,ADT Inc.,EMP019,Rachel Rodriguez,DEPT009,Warehouse & Logistics,2023-08-01,2023-08-21,2023-08-19,EUR,PT003,Net 30,218815.05,43763.01,0,262578.06,Open,Approved,EMP027,2023-08-03,Not Received,Ex-Works,"245 Park Blvd, Phoenix, NY 86404",Call before delivery,2023-08-01T13:00:00Z,HR Team
725,PO0725,PO-2023-0725,VEND056,PricewaterhouseCoopers LLP,EMP023,Richard Martinez,DEPT003,Operations,2023-10-11,2023-11-04,2023-11-09,EUR,PT006,Net 90,22006.13,1100.31,2357.35,25463.79,Partially Received,Approved,EMP025,2023-10-18,Partially Received,CIF,"637 Main St, New York, AZ 50194",Urgent,2023-10-11T15:00:00Z,Procurement Team
726,PO0726,PO-2024-0726,VEND031,FedEx Corporation,EMP021,Brian Thompson,DEPT001,Finance,2024-02-25,2024-03-19,2024-03-20,SEK,PT005,Net 60,30890.54,3089.05,0,33979.59,Pending Approval,Approved,EMP005,2024-02-28,Not Received,Ex-Works,"456 Main St, Chicago, TX 54684",Urgent,2024-02-25T17:00:00Z,Procurement Team
727,PO0727,PO-2023-0727,VEND075,T-Mobile for Business,EMP033,Timothy Rodriguez,DEPT003,Operations,2023-05-19,2023-06-07,None,GBP,PT005,Net 60,287768.76,57553.75,0,345322.51,Open,Approved,EMP031,2023-05-21,Not Received,Ex-Works,"428 Main St, New York, IL 26553",,2023-05-19T15:00:00Z,HR Team
728,PO0728,PO-2025-0728,VEND065,Sodexo S.A.,EMP039,David Nguyen,DEPT009,Warehouse & Logistics,2025-01-23,2025-02-13,2025-02-13,INR,PT003,Net 30,186074.53,37214.91,0,223289.44,Closed,Approved,EMP039,2025-01-30,Fully Received,FOB Origin,"375 Park Blvd, Chicago, CA 72669",Urgent,2025-01-23T09:00:00Z,HR Team
729,PO0729,PO-2026-0729,VEND017,Pinnacle Partners,EMP025,Jason Harris,DEPT005,Human Resources,2026-04-04,2026-04-20,None,CHF,PT004,Net 45,481436.87,96287.37,2557.73,580281.97,Partially Received,Approved,EMP017,2026-04-08,Partially Received,FOB Destination,"342 Market St, New York, TX 26762",,2026-04-04T09:00:00Z,Finance Team
730,PO0730,PO-2024-0730,VEND006,Amazon Business,EMP028,Peter Garcia,DEPT008,Legal & Compliance,2024-09-22,2024-10-10,None,SEK,PT005,Net 60,465172.15,93034.43,0,558206.58,Closed,Rejected,None,None,Fully Received,CIF,"890 Oak Ave, Phoenix, NY 19616",Call before delivery,2024-09-22T09:00:00Z,Sales Team
731,PO0731,PO-2023-0731,VEND092,Baldor Electric Company,EMP019,Rachel Rodriguez,DEPT009,Warehouse & Logistics,2023-06-08,2023-06-27,None,CHF,PT003,Net 30,159846.85,28772.43,75.83,188695.11,Closed,Submitted,None,None,Fully Received,FOB Origin,"608 Main St, Phoenix, CA 44840",Keep in warehouse,2023-06-08T09:00:00Z,Marketing Team
732,PO0732,PO-2025-0732,VEND071,Waste Management Inc.,EMP034,Angela Martinez,DEPT004,Information Technology,2025-04-13,2025-05-24,None,EUR,PT005,Net 60,100869.02,0,2966.34,103835.36,Closed,Approved,EMP011,2025-04-20,Fully Received,FOB Origin,"914 Market St, Los Angeles, IL 94314",,2025-04-13T10:00:00Z,HR Team
733,PO0733,PO-2025-0733,VEND084,McMaster-Carr,EMP005,Robert Kim,DEPT005,Human Resources,2025-04-29,2025-06-06,2025-06-11,GBP,PT003,Net 30,366684.75,0,0,366684.75,Open,Approved,EMP035,2025-05-01,Not Received,CIF,"546 Park Blvd, Los Angeles, TX 42946",Keep in warehouse,2025-04-29T13:00:00Z,Procurement Team
734,PO0734,PO-2023-0734,VEND027,Honeywell International,EMP025,Jason Harris,DEPT005,Human Resources,2023-12-26,2024-02-01,2024-01-27,SEK,PT006,Net 90,484784.17,87261.15,3745.67,575790.99,Closed,Approved,EMP022,2023-12-30,Fully Received,Ex-Works,"189 Market St, Los Angeles, IL 43046",Urgent,2023-12-26T08:00:00Z,Procurement Team
735,PO0735,PO-2025-0735,VEND068,Securitas AB,EMP024,Kimberly White,DEPT004,Information Technology,2025-04-25,2025-06-01,2025-06-02,EUR,PT003,Net 30,292444.97,0,0,292444.97,Partially Received,Approved,EMP011,2025-04-26,Partially Received,CIF,"657 Oak Ave, Los Angeles, AZ 17622",,2025-04-25T10:00:00Z,HR Team
736,PO0736,PO-2023-0736,VEND004,Dell Technologies,EMP001,David Chen,DEPT001,Finance,2023-10-16,2023-11-05,2023-10-31,CHF,PT002,Net 15,390486.03,70287.49,2992.41,463765.93,Pending Approval,Approved,EMP018,2023-10-20,Not Received,Ex-Works,"764 Market St, Houston, TX 46327",Keep in warehouse,2023-10-16T10:00:00Z,Procurement Team
737,PO0737,PO-2023-0737,VEND018,Summit Systems,EMP017,Michelle Chen,DEPT007,Marketing,2023-09-04,2023-10-09,2023-10-13,EUR,PT004,Net 45,165229.14,29741.25,3689.37,198659.76,Cancelled,Approved,EMP004,2023-09-06,Not Received,FOB Origin,"142 Main St, Chicago, IL 69542",Expedite shipping,2023-09-04T08:00:00Z,Procurement Team
738,PO0738,PO-2023-0738,VEND074,Verizon Business Group,EMP002,Sarah Williams,DEPT002,Procurement,2023-05-11,2023-05-26,None,EUR,PT003,Net 30,380768.43,0,0,380768.43,Pending Approval,Approved,EMP028,2023-05-18,Not Received,FOB Origin,"622 Main St, Chicago, TX 40873",,2023-05-11T14:00:00Z,IT Team
739,PO0739,PO-2025-0739,VEND001,ABCD & CO,EMP005,Robert Kim,DEPT005,Human Resources,2025-06-25,2025-08-09,2025-08-09,SEK,PT006,Net 90,429810.23,85962.05,0,515772.28,Closed,Approved,EMP012,2025-06-29,Fully Received,FOB Origin,"787 Oak Ave, Chicago, IL 18083",,2025-06-25T13:00:00Z,HR Team
740,PO0740,PO-2023-0740,VEND053,S&P Global Inc.,EMP040,Melissa Torres,DEPT010,Executive Management,2023-04-28,2023-05-13,2023-05-08,SEK,PT003,Net 30,112384.27,22476.85,0,134861.12,Partially Received,Approved,EMP025,2023-05-02,Partially Received,CIF,"505 Park Blvd, Los Angeles, CA 65262",Urgent,2023-04-28T16:00:00Z,Finance Team
741,PO0741,PO-2024-0741,VEND018,Summit Systems,EMP007,James Wilson,DEPT007,Marketing,2024-04-08,2024-04-29,2024-05-01,EUR,PT001,Immediate,55263.61,11052.72,2018.85,68335.18,Open,Submitted,None,None,Not Received,FOB Origin,"821 Main St, Los Angeles, AZ 79772",Expedite shipping,2024-04-08T17:00:00Z,IT Team
742,PO0742,PO-2023-0742,VEND080,Ecolab Inc.,EMP019,Rachel Rodriguez,DEPT009,Warehouse & Logistics,2023-01-25,2023-02-26,None,INR,PT001,Immediate,187514.7,33752.65,0,221267.35,Closed,Approved,EMP025,2023-01-29,Fully Received,FOB Origin,"904 Main St, Chicago, NY 68542",Expedite shipping,2023-01-25T12:00:00Z,IT Team
743,PO0743,PO-2024-0743,VEND009,Office Furniture World,EMP007,James Wilson,DEPT007,Marketing,2024-08-11,2024-08-26,None,USD,PT007,2/10 Net 30,415937,74868.66,977.23,491782.89,Closed,Approved,EMP028,2024-08-16,Fully Received,CIF,"155 Park Blvd, Los Angeles, CA 89152",Urgent,2024-08-11T11:00:00Z,Procurement Team
744,PO0744,PO-2026-0744,VEND025,ABB Ltd,EMP034,Angela Martinez,DEPT004,Information Technology,2026-10-02,2026-10-27,None,GBP,PT007,2/10 Net 30,12187.62,1218.76,0,13406.38,Closed,Approved,EMP032,2026-10-09,Fully Received,FOB Origin,"681 Main St, Los Angeles, AZ 54678",,2026-10-02T12:00:00Z,Procurement Team
745,PO0745,PO-2025-0745,VEND055,Deloitte & Touche LLP,EMP035,Joseph Wilson,DEPT005,Human Resources,2025-02-11,2025-03-01,2025-03-04,EUR,PT004,Net 45,386917.05,38691.71,0,425608.76,Closed,Approved,EMP005,2025-02-14,Fully Received,CIF,"896 Main St, New York, TX 53138",Expedite shipping,2025-02-11T13:00:00Z,IT Team
746,PO0746,PO-2026-0746,VEND034,C.H. Robinson Worldwide,EMP003,Michael Johnson,DEPT003,Operations,2026-04-17,2026-05-06,None,SEK,PT004,Net 45,460356.04,82864.09,0,543220.13,Closed,Approved,EMP003,2026-04-20,Fully Received,FOB Origin,"445 Main St, Los Angeles, CA 25310",Urgent,2026-04-17T17:00:00Z,Sales Team
747,PO0747,PO-2023-0747,VEND038,Penske Logistics,EMP026,Amanda Thomas,DEPT006,Sales,2023-08-10,2023-09-06,2023-09-07,SEK,PT006,Net 90,174563.45,0,3011.08,177574.53,Open,Approved,EMP040,2023-08-17,Not Received,Ex-Works,"764 Market St, Los Angeles, IL 40162",Urgent,2023-08-10T13:00:00Z,HR Team
748,PO0748,PO-2024-0748,VEND014,Modern Office Co,EMP004,Jessica Martinez,DEPT004,Information Technology,2024-10-09,2024-11-14,2024-11-19,USD,PT006,Net 90,345918.03,17295.9,3518.75,366732.68,Closed,Approved,EMP020,2024-10-11,Fully Received,Ex-Works,"850 Park Blvd, Los Angeles, NY 36959",Keep in warehouse,2024-10-09T12:00:00Z,IT Team
749,PO0749,PO-2024-0749,VEND015,Best Buy Corp,EMP003,Michael Johnson,DEPT003,Operations,2024-06-13,2024-07-11,2024-07-16,INR,PT007,2/10 Net 30,267914.8,13395.74,0,281310.54,Closed,Draft,None,None,Fully Received,FOB Destination,"153 Main St, New York, AZ 33251",Call before delivery,2024-06-13T15:00:00Z,Procurement Team
750,PO0750,PO-2026-0750,VEND022,Siemens AG,EMP013,Kevin Moore,DEPT003,Operations,2026-01-18,2026-02-26,None,USD,PT005,Net 60,284314.91,14215.75,0,298530.66,Open,Submitted,None,None,Not Received,CIF,"759 Park Blvd, Chicago, TX 95469",Keep in warehouse,2026-01-18T10:00:00Z,Marketing Team
751,PO0751,PO-2025-0751,VEND085,Fastenal Company,EMP026,Amanda Thomas,DEPT006,Sales,2025-11-09,2025-12-24,None,SEK,PT006,Net 90,184028.48,36805.7,2870.25,223704.43,Closed,Approved,EMP012,2025-11-16,Fully Received,FOB Destination,"632 Oak Ave, Los Angeles, CA 85030",Call before delivery,2025-11-09T09:00:00Z,Finance Team
752,PO0752,PO-2026-0752,VEND080,Ecolab Inc.,EMP030,Elizabeth Miller,DEPT010,Executive Management,2026-04-18,2026-05-24,2026-05-28,INR,PT003,Net 30,192214.08,19221.41,0,211435.49,Partially Received,Approved,EMP027,2026-04-23,Partially Received,CIF,"629 Main St, New York, NY 36843",Call before delivery,2026-04-18T10:00:00Z,Sales Team
753,PO0753,PO-2023-0753,VEND048,Cummins Inc.,EMP003,Michael Johnson,DEPT003,Operations,2023-09-06,2023-10-04,2023-10-06,EUR,PT004,Net 45,216357.83,43271.57,1729.12,261358.52,Partially Received,Approved,EMP024,2023-09-07,Partially Received,FOB Origin,"889 Market St, Phoenix, CA 61963",,2023-09-06T09:00:00Z,Finance Team
754,PO0754,PO-2023-0754,VEND086,W.W. Grainger International,EMP021,Brian Thompson,DEPT001,Finance,2023-01-05,2023-01-23,2023-01-27,EUR,PT004,Net 45,288697.76,51965.6,2703.18,343366.54,Open,Approved,EMP014,2023-01-08,Not Received,FOB Destination,"501 Main St, New York, AZ 93501",Urgent,2023-01-05T17:00:00Z,HR Team
755,PO0755,PO-2025-0755,VEND100,ZF Friedrichshafen AG,EMP024,Kimberly White,DEPT004,Information Technology,2025-11-14,2025-12-02,2025-11-27,USD,PT005,Net 60,257049.63,25704.96,2191.48,284946.07,Cancelled,Approved,EMP023,2025-11-21,Not Received,CIF,"691 Main St, Phoenix, IL 79068",Keep in warehouse,2025-11-14T13:00:00Z,Sales Team
756,PO0756,PO-2026-0756,VEND052,Moody's Analytics,EMP031,Charles Robinson,DEPT001,Finance,2026-08-01,2026-08-30,None,GBP,PT003,Net 30,427249.04,0,2044.52,429293.56,Pending Approval,Approved,EMP027,2026-08-07,Not Received,FOB Origin,"225 Market St, Phoenix, CA 24903",Call before delivery,2026-08-01T09:00:00Z,Finance Team
757,PO0757,PO-2026-0757,VEND028,Emerson Electric Co.,EMP033,Timothy Rodriguez,DEPT003,Operations,2026-07-13,2026-08-22,2026-08-17,INR,PT007,2/10 Net 30,378602.31,75720.46,4979.6,459302.37,Partially Received,Approved,EMP012,2026-07-20,Partially Received,FOB Origin,"409 Main St, Los Angeles, TX 92655",Urgent,2026-07-13T09:00:00Z,Procurement Team
758,PO0758,PO-2023-0758,VEND020,Alpha Industries,EMP011,Daniel Anderson,DEPT001,Finance,2023-08-31,2023-10-12,None,SEK,PT005,Net 60,201684.48,0,744.75,202429.23,Partially Received,Approved,EMP002,2023-09-02,Partially Received,FOB Origin,"538 Main St, Phoenix, TX 28423",Call before delivery,2023-08-31T09:00:00Z,Marketing Team
759,PO0759,PO-2024-0759,VEND007,Staples Inc.,EMP038,Stephanie Hall,DEPT008,Legal & Compliance,2024-08-05,2024-09-18,None,EUR,PT004,Net 45,357103.98,35710.4,4761.25,397575.63,Closed,Submitted,None,None,Fully Received,CIF,"760 Market St, Chicago, NY 28479",Call before delivery,2024-08-05T17:00:00Z,Marketing Team
760,PO0760,PO-2026-0760,VEND089,DeWalt Industrial Tool Co.,EMP004,Jessica Martinez,DEPT004,Information Technology,2026-09-15,2026-10-29,2026-11-02,INR,PT003,Net 30,456593.62,22829.68,0,479423.3,Partially Received,Submitted,None,None,Partially Received,FOB Destination,"365 Oak Ave, New York, AZ 78007",Keep in warehouse,2026-09-15T09:00:00Z,Sales Team
761,PO0761,PO-2026-0761,VEND023,Caterpillar Inc.,EMP012,Jennifer Park,DEPT002,Procurement,2026-01-12,2026-02-03,2026-01-30,INR,PT005,Net 60,480752.8,86535.5,279.17,567567.47,Closed,Approved,EMP040,2026-01-19,Fully Received,Ex-Works,"746 Market St, Houston, NY 74445",Call before delivery,2026-01-12T17:00:00Z,Procurement Team
762,PO0762,PO-2025-0762,VEND084,McMaster-Carr,EMP017,Michelle Chen,DEPT007,Marketing,2025-02-02,2025-03-13,2025-03-08,GBP,PT006,Net 90,92616.38,16670.95,4803.44,114090.77,Open,Approved,EMP021,2025-02-07,Not Received,CIF,"124 Oak Ave, Phoenix, AZ 38878",Expedite shipping,2025-02-02T17:00:00Z,IT Team
763,PO0763,PO-2026-0763,VEND089,DeWalt Industrial Tool Co.,EMP013,Kevin Moore,DEPT003,Operations,2026-09-19,2026-10-12,2026-10-08,INR,PT004,Net 45,466102.03,83898.37,2343.7,552344.1,Open,Rejected,None,None,Not Received,FOB Destination,"669 Main St, Los Angeles, CA 16965",Call before delivery,2026-09-19T16:00:00Z,Sales Team
764,PO0764,PO-2023-0764,VEND005,Microsoft Corporation,EMP016,Steven Park,DEPT006,Sales,2023-01-03,2023-02-17,2023-02-19,SEK,PT003,Net 30,377595.59,0,0,377595.59,Open,Approved,EMP007,2023-01-05,Not Received,FOB Origin,"293 Market St, Phoenix, CA 36864",Urgent,2023-01-03T15:00:00Z,Procurement Team
765,PO0765,PO-2024-0765,VEND031,FedEx Corporation,EMP004,Jessica Martinez,DEPT004,Information Technology,2024-04-23,2024-05-28,2024-05-28,SEK,PT004,Net 45,487323.89,87718.3,783.65,575825.84,Closed,Approved,EMP034,2024-04-28,Fully Received,Ex-Works,"637 Market St, New York, AZ 29535",,2024-04-23T16:00:00Z,Sales Team
766,PO0766,PO-2024-0766,VEND022,Siemens AG,EMP010,Patricia Taylor,DEPT010,Executive Management,2024-01-06,2024-02-03,None,USD,PT006,Net 90,368733.28,18436.66,0,387169.94,Open,Approved,EMP007,2024-01-07,Not Received,Ex-Works,"888 Market St, New York, AZ 29198",,2024-01-06T11:00:00Z,IT Team
767,PO0767,PO-2025-0767,VEND091,Ingersoll Rand,EMP003,Michael Johnson,DEPT003,Operations,2025-11-15,2025-12-17,2025-12-16,GBP,PT007,2/10 Net 30,482729.39,0,2651.97,485381.36,Open,Approved,EMP010,2025-11-16,Not Received,Ex-Works,"885 Park Blvd, Houston, IL 76432",Keep in warehouse,2025-11-15T16:00:00Z,Procurement Team
768,PO0768,PO-2023-0768,VEND006,Amazon Business,EMP021,Brian Thompson,DEPT001,Finance,2023-08-10,2023-08-28,None,SEK,PT001,Immediate,192751.85,9637.59,2278.67,204668.11,Open,Draft,None,None,Not Received,FOB Origin,"544 Market St, Phoenix, TX 67797",Urgent,2023-08-10T13:00:00Z,Procurement Team
769,PO0769,PO-2026-0769,VEND069,ADT Inc.,EMP029,Jennifer Lee,DEPT009,Warehouse & Logistics,2026-05-20,2026-06-23,2026-06-28,EUR,PT007,2/10 Net 30,65553.01,3277.65,2270.1,71100.76,Closed,Submitted,None,None,Fully Received,Ex-Works,"143 Oak Ave, Los Angeles, IL 46324",Keep in warehouse,2026-05-20T09:00:00Z,Finance Team
770,PO0770,PO-2025-0770,VEND047,Apple Inc.,EMP014,Lisa Johnson,DEPT004,Information Technology,2025-09-05,2025-10-16,2025-10-15,GBP,PT003,Net 30,239150.96,47830.19,0,286981.15,Open,Submitted,None,None,Not Received,Ex-Works,"488 Market St, Los Angeles, IL 90896",Call before delivery,2025-09-05T08:00:00Z,Marketing Team
771,PO0771,PO-2026-0771,VEND077,Spectrum Business,EMP037,Christopher Lee,DEPT007,Marketing,2026-02-11,2026-02-26,None,SEK,PT001,Immediate,61818.57,11127.34,3839.75,76785.66,Pending Approval,Approved,EMP024,2026-02-17,Not Received,FOB Origin,"105 Main St, Chicago, TX 45795",Keep in warehouse,2026-02-11T08:00:00Z,IT Team
772,PO0772,PO-2023-0772,VEND100,ZF Friedrichshafen AG,EMP013,Kevin Moore,DEPT003,Operations,2023-09-20,2023-10-28,2023-10-24,USD,PT004,Net 45,222056.55,11102.83,4717.63,237877.01,Partially Received,Draft,None,None,Partially Received,FOB Destination,"502 Oak Ave, Chicago, CA 21007",Expedite shipping,2023-09-20T16:00:00Z,HR Team
773,PO0773,PO-2023-0773,VEND097,Goodyear Tire & Rubber,EMP039,David Nguyen,DEPT009,Warehouse & Logistics,2023-07-26,2023-08-22,2023-08-22,GBP,PT002,Net 15,167942.62,33588.52,0,201531.14,Cancelled,Submitted,None,None,Not Received,FOB Origin,"987 Oak Ave, New York, AZ 16269",,2023-07-26T12:00:00Z,Sales Team
774,PO0774,PO-2024-0774,VEND026,General Electric,EMP001,David Chen,DEPT001,Finance,2024-10-05,2024-11-09,None,SEK,PT002,Net 15,213708.22,0,1849.42,215557.64,Partially Received,Approved,EMP030,2024-10-08,Partially Received,FOB Destination,"619 Market St, Houston, CA 40527",Keep in warehouse,2024-10-05T12:00:00Z,Procurement Team
775,PO0775,PO-2024-0775,VEND061,Bain & Company,EMP023,Richard Martinez,DEPT003,Operations,2024-12-14,2025-01-14,2025-01-18,INR,PT002,Net 15,356490.54,17824.53,0,374315.07,Open,Approved,EMP027,2024-12-18,Not Received,Ex-Works,"631 Main St, Phoenix, TX 28374",Call before delivery,2024-12-14T10:00:00Z,Marketing Team
776,PO0776,PO-2024-0776,VEND024,Schneider Electric,EMP033,Timothy Rodriguez,DEPT003,Operations,2024-05-28,2024-07-12,2024-07-07,USD,PT001,Immediate,274958.19,49492.47,0,324450.66,Closed,Approved,EMP040,2024-05-31,Fully Received,FOB Origin,"440 Park Blvd, Phoenix, TX 58248",Call before delivery,2024-05-28T10:00:00Z,IT Team
777,PO0777,PO-2026-0777,VEND044,IBM Corporation,EMP007,James Wilson,DEPT007,Marketing,2026-05-11,2026-06-19,None,SEK,PT007,2/10 Net 30,438516.99,87703.4,715.83,526936.22,Partially Received,Approved,EMP027,2026-05-18,Partially Received,CIF,"632 Main St, New York, AZ 57545",Keep in warehouse,2026-05-11T13:00:00Z,Sales Team
778,PO0778,PO-2024-0778,VEND044,IBM Corporation,EMP022,Cynthia Lewis,DEPT002,Procurement,2024-11-20,2024-12-20,2024-12-22,SEK,PT001,Immediate,129680.95,12968.09,3176.01,145825.05,Closed,Rejected,None,None,Fully Received,FOB Origin,"334 Market St, Chicago, CA 95659",Expedite shipping,2024-11-20T09:00:00Z,HR Team
779,PO0779,PO-2025-0779,VEND017,Pinnacle Partners,EMP040,Melissa Torres,DEPT010,Executive Management,2025-07-14,2025-08-10,2025-08-14,CHF,PT007,2/10 Net 30,160331.7,32066.34,1670.82,194068.86,Open,Approved,EMP018,2025-07-19,Not Received,FOB Destination,"242 Oak Ave, Chicago, NY 64939",,2025-07-14T13:00:00Z,Procurement Team
780,PO0780,PO-2023-0780,VEND019,Vanguard Tech,EMP025,Jason Harris,DEPT005,Human Resources,2023-10-04,2023-11-06,2023-11-04,USD,PT004,Net 45,465206.94,83737.25,0,548944.19,Open,Approved,EMP031,2023-10-05,Not Received,FOB Origin,"967 Market St, Houston, CA 15591",,2023-10-04T14:00:00Z,Sales Team
781,PO0781,PO-2025-0781,VEND064,Aramark Corporation,EMP035,Joseph Wilson,DEPT005,Human Resources,2025-06-17,2025-07-02,2025-06-27,EUR,PT003,Net 30,193677.37,9683.87,0,203361.24,Closed,Approved,EMP033,2025-06-24,Fully Received,FOB Destination,"232 Market St, Phoenix, IL 64454",Expedite shipping,2025-06-17T10:00:00Z,Procurement Team
782,PO0782,PO-2023-0782,VEND071,Waste Management Inc.,EMP035,Joseph Wilson,DEPT005,Human Resources,2023-08-29,2023-09-19,2023-09-23,EUR,PT001,Immediate,215960.32,38872.86,1690.05,256523.23,Closed,Approved,EMP010,2023-09-04,Fully Received,FOB Origin,"603 Park Blvd, Los Angeles, AZ 35049",Call before delivery,2023-08-29T13:00:00Z,Sales Team
783,PO0783,PO-2023-0783,VEND092,Baldor Electric Company,EMP021,Brian Thompson,DEPT001,Finance,2023-03-25,2023-04-12,2023-04-13,CHF,PT004,Net 45,292040.6,14602.03,0,306642.63,Closed,Approved,EMP002,2023-03-29,Fully Received,FOB Origin,"828 Main St, Chicago, NY 51307",Keep in warehouse,2023-03-25T16:00:00Z,Finance Team
784,PO0784,PO-2024-0784,VEND080,Ecolab Inc.,EMP034,Angela Martinez,DEPT004,Information Technology,2024-09-15,2024-10-14,2024-10-14,INR,PT003,Net 30,187387.85,9369.39,0,196757.24,Closed,Draft,None,None,Fully Received,FOB Origin,"204 Main St, Chicago, CA 49154",Urgent,2024-09-15T08:00:00Z,Marketing Team
785,PO0785,PO-2023-0785,VEND019,Vanguard Tech,EMP019,Rachel Rodriguez,DEPT009,Warehouse & Logistics,2023-11-06,2023-11-21,2023-11-22,USD,PT001,Immediate,492947.14,49294.71,0,542241.85,Partially Received,Submitted,None,None,Partially Received,FOB Destination,"436 Main St, Phoenix, CA 75346",Urgent,2023-11-06T14:00:00Z,Procurement Team
786,PO0786,PO-2024-0786,VEND100,ZF Friedrichshafen AG,EMP004,Jessica Martinez,DEPT004,Information Technology,2024-12-13,2024-12-30,2024-12-30,USD,PT007,2/10 Net 30,98660.64,17758.92,114.21,116533.77,Pending Approval,Approved,EMP021,2024-12-16,Not Received,FOB Destination,"742 Market St, Houston, IL 89650",Call before delivery,2024-12-13T17:00:00Z,Procurement Team
787,PO0787,PO-2024-0787,VEND030,Bosch Rexroth AG,EMP013,Kevin Moore,DEPT003,Operations,2024-02-21,2024-04-04,2024-04-08,CHF,PT004,Net 45,221452.15,22145.22,4028.23,247625.6,Closed,Approved,EMP037,2024-02-23,Fully Received,FOB Origin,"101 Park Blvd, Chicago, TX 68825",Keep in warehouse,2024-02-21T12:00:00Z,Marketing Team
788,PO0788,PO-2023-0788,VEND068,Securitas AB,EMP028,Peter Garcia,DEPT008,Legal & Compliance,2023-08-17,2023-09-06,None,EUR,PT004,Net 45,11667.79,2333.56,0,14001.35,Open,Approved,EMP032,2023-08-18,Not Received,Ex-Works,"939 Oak Ave, New York, TX 12390",Call before delivery,2023-08-17T10:00:00Z,Sales Team
789,PO0789,PO-2023-0789,VEND087,Hilti Corporation,EMP029,Jennifer Lee,DEPT009,Warehouse & Logistics,2023-07-11,2023-08-11,2023-08-11,CHF,PT004,Net 45,149662.1,7483.1,0,157145.2,Closed,Approved,EMP004,2023-07-13,Fully Received,CIF,"711 Main St, New York, AZ 25699",Keep in warehouse,2023-07-11T14:00:00Z,Procurement Team
790,PO0790,PO-2023-0790,VEND075,T-Mobile for Business,EMP036,Kimberly Wright,DEPT006,Sales,2023-04-22,2023-06-01,None,GBP,PT007,2/10 Net 30,358697.41,17934.87,0,376632.28,Closed,Submitted,None,None,Fully Received,CIF,"398 Park Blvd, Los Angeles, IL 38429",Call before delivery,2023-04-22T09:00:00Z,Procurement Team
791,PO0791,PO-2025-0791,VEND086,W.W. Grainger International,EMP031,Charles Robinson,DEPT001,Finance,2025-12-09,2026-01-06,2026-01-05,EUR,PT001,Immediate,13650.48,2730.1,0,16380.58,Open,Approved,EMP019,2025-12-16,Not Received,CIF,"299 Park Blvd, Chicago, NY 62096",,2025-12-09T10:00:00Z,Finance Team
792,PO0792,PO-2025-0792,VEND011,Global Supplies Inc,EMP004,Jessica Martinez,DEPT004,Information Technology,2025-08-03,2025-09-07,2025-09-11,SEK,PT003,Net 30,252686.92,0,0,252686.92,Open,Submitted,None,None,Not Received,CIF,"425 Market St, Los Angeles, TX 76795",,2025-08-03T12:00:00Z,Finance Team
793,PO0793,PO-2026-0793,VEND017,Pinnacle Partners,EMP013,Kevin Moore,DEPT003,Operations,2026-09-02,2026-09-19,2026-09-17,CHF,PT005,Net 60,480028.7,24001.44,0,504030.14,Closed,Approved,EMP020,2026-09-07,Fully Received,FOB Origin,"826 Park Blvd, Chicago, CA 48148",Call before delivery,2026-09-02T16:00:00Z,Sales Team
794,PO0794,PO-2025-0794,VEND025,ABB Ltd,EMP005,Robert Kim,DEPT005,Human Resources,2025-04-16,2025-05-22,2025-05-21,GBP,PT003,Net 30,204841.36,10242.07,0,215083.43,Pending Approval,Approved,EMP012,2025-04-23,Not Received,CIF,"762 Park Blvd, Phoenix, CA 34891",Expedite shipping,2025-04-16T10:00:00Z,IT Team
795,PO0795,PO-2026-0795,VEND025,ABB Ltd,EMP028,Peter Garcia,DEPT008,Legal & Compliance,2026-10-06,2026-11-04,2026-11-04,GBP,PT007,2/10 Net 30,387255.21,38725.52,1175.24,427155.97,Partially Received,Approved,EMP011,2026-10-10,Partially Received,CIF,"435 Oak Ave, Los Angeles, CA 22966",,2026-10-06T10:00:00Z,HR Team
796,PO0796,PO-2024-0796,VEND025,ABB Ltd,EMP032,Susan Clark,DEPT002,Procurement,2024-02-06,2024-02-26,None,GBP,PT007,2/10 Net 30,476362.74,47636.27,0,523999.01,Open,Approved,EMP005,2024-02-09,Not Received,CIF,"551 Main St, New York, AZ 89692",Call before delivery,2024-02-06T08:00:00Z,HR Team
797,PO0797,PO-2026-0797,VEND089,DeWalt Industrial Tool Co.,EMP033,Timothy Rodriguez,DEPT003,Operations,2026-12-23,2027-01-26,None,INR,PT001,Immediate,424420.39,76395.67,4564.43,505380.49,Open,Approved,EMP002,2026-12-24,Not Received,Ex-Works,"610 Main St, New York, AZ 76395",Call before delivery,2026-12-23T08:00:00Z,HR Team
798,PO0798,PO-2023-0798,VEND051,Thomson Reuters,EMP024,Kimberly White,DEPT004,Information Technology,2023-03-11,2023-04-14,2023-04-14,USD,PT003,Net 30,339912.26,0,2219.52,342131.78,Partially Received,Approved,EMP012,2023-03-14,Partially Received,FOB Origin,"304 Oak Ave, Phoenix, IL 67071",Expedite shipping,2023-03-11T10:00:00Z,Procurement Team
799,PO0799,PO-2023-0799,VEND046,Lenovo Group Limited,EMP013,Kevin Moore,DEPT003,Operations,2023-09-18,2023-10-24,None,INR,PT003,Net 30,422000.92,42200.09,3053.08,467254.09,Open,Approved,EMP011,2023-09-24,Not Received,FOB Origin,"452 Market St, Los Angeles, AZ 99948",Call before delivery,2023-09-18T10:00:00Z,Procurement Team
800,PO0800,PO-2026-0800,VEND017,Pinnacle Partners,EMP023,Richard Martinez,DEPT003,Operations,2026-06-13,2026-07-24,2026-07-29,CHF,PT001,Immediate,234366.96,23436.7,2902.8,260706.46,Closed,Rejected,None,None,Fully Received,CIF,"225 Park Blvd, Phoenix, TX 60191",Urgent,2026-06-13T13:00:00Z,Sales Team
801,PO0801,PO-2025-0801,VEND055,Deloitte & Touche LLP,EMP011,Daniel Anderson,DEPT001,Finance,2025-02-03,2025-02-22,2025-02-27,EUR,PT005,Net 60,189109.26,34039.67,646.12,223795.05,Open,Approved,EMP038,2025-02-09,Not Received,CIF,"639 Main St, Los Angeles, CA 13391",,2025-02-03T11:00:00Z,Procurement Team
802,PO0802,PO-2025-0802,VEND043,Cisco Systems Inc.,EMP010,Patricia Taylor,DEPT010,Executive Management,2025-01-14,2025-02-21,2025-02-17,GBP,PT004,Net 45,461133.68,83004.06,0,544137.74,Open,Submitted,None,None,Not Received,CIF,"857 Main St, Los Angeles, CA 72864",Urgent,2025-01-14T17:00:00Z,Sales Team
803,PO0803,PO-2025-0803,VEND055,Deloitte & Touche LLP,EMP024,Kimberly White,DEPT004,Information Technology,2025-10-11,2025-11-02,2025-11-06,EUR,PT004,Net 45,133570.29,0,1907.77,135478.06,Cancelled,Rejected,None,None,Not Received,FOB Destination,"974 Park Blvd, Phoenix, NY 56283",Urgent,2025-10-11T17:00:00Z,Procurement Team
804,PO0804,PO-2024-0804,VEND073,AT&T Business,EMP017,Michelle Chen,DEPT007,Marketing,2024-12-03,2024-12-19,2024-12-17,SEK,PT007,2/10 Net 30,460737.24,0,2802.32,463539.56,Open,Draft,None,None,Not Received,FOB Origin,"156 Oak Ave, Houston, CA 62656",Expedite shipping,2024-12-03T11:00:00Z,Sales Team
805,PO0805,PO-2023-0805,VEND001,ABCD & CO,EMP002,Sarah Williams,DEPT002,Procurement,2023-12-07,2023-12-29,2023-12-26,SEK,PT002,Net 15,184167.81,9208.39,0,193376.2,Open,Approved,EMP016,2023-12-13,Not Received,FOB Destination,"331 Park Blvd, Chicago, IL 91564",,2023-12-07T13:00:00Z,IT Team
806,PO0806,PO-2023-0806,VEND071,Waste Management Inc.,EMP025,Jason Harris,DEPT005,Human Resources,2023-12-26,2024-01-14,2024-01-15,EUR,PT003,Net 30,66813.41,13362.68,1043.25,81219.34,Pending Approval,Approved,EMP035,2023-12-30,Not Received,CIF,"729 Main St, Houston, NY 34841",Expedite shipping,2023-12-26T17:00:00Z,Finance Team
807,PO0807,PO-2025-0807,VEND071,Waste Management Inc.,EMP001,David Chen,DEPT001,Finance,2025-10-18,2025-11-26,2025-11-27,EUR,PT006,Net 90,389170.39,38917.04,261.46,428348.89,Open,Approved,EMP005,2025-10-19,Not Received,Ex-Works,"756 Park Blvd, Houston, AZ 79161",Call before delivery,2025-10-18T08:00:00Z,Finance Team
808,PO0808,PO-2024-0808,VEND021,Johnson Controls,EMP027,Nancy Davis,DEPT007,Marketing,2024-02-04,2024-02-20,2024-02-21,USD,PT006,Net 90,281917.33,28191.73,0,310109.06,Pending Approval,Approved,EMP028,2024-02-09,Not Received,CIF,"440 Oak Ave, Phoenix, IL 16783",Urgent,2024-02-04T13:00:00Z,HR Team
809,PO0809,PO-2025-0809,VEND074,Verizon Business Group,EMP030,Elizabeth Miller,DEPT010,Executive Management,2025-07-22,2025-08-10,2025-08-11,EUR,PT007,2/10 Net 30,178283.88,17828.39,0,196112.27,Cancelled,Approved,EMP039,2025-07-25,Not Received,FOB Origin,"737 Main St, Los Angeles, IL 31968",,2025-07-22T14:00:00Z,HR Team
810,PO0810,PO-2023-0810,VEND088,Makita Corporation,EMP015,Mark Davis,DEPT005,Human Resources,2023-09-29,2023-10-22,2023-10-24,CHF,PT007,2/10 Net 30,332078.84,59774.19,0,391853.03,Closed,Approved,EMP021,2023-10-06,Fully Received,FOB Destination,"523 Oak Ave, Houston, AZ 33306",,2023-09-29T13:00:00Z,Finance Team
811,PO0811,PO-2026-0811,VEND075,T-Mobile for Business,EMP036,Kimberly Wright,DEPT006,Sales,2026-08-15,2026-09-23,None,GBP,PT002,Net 15,281256.58,56251.32,3443.12,340951.02,Partially Received,Approved,EMP023,2026-08-19,Partially Received,FOB Destination,"435 Oak Ave, Houston, TX 14961",Keep in warehouse,2026-08-15T09:00:00Z,Procurement Team
812,PO0812,PO-2026-0812,VEND025,ABB Ltd,EMP038,Stephanie Hall,DEPT008,Legal & Compliance,2026-01-09,2026-01-30,None,GBP,PT002,Net 15,171934.07,30948.13,0,202882.2,Partially Received,Approved,EMP007,2026-01-14,Partially Received,FOB Origin,"956 Park Blvd, New York, NY 37183",Urgent,2026-01-09T08:00:00Z,Procurement Team
813,PO0813,PO-2026-0813,VEND092,Baldor Electric Company,EMP007,James Wilson,DEPT007,Marketing,2026-05-25,2026-07-02,2026-06-29,CHF,PT001,Immediate,396346.29,71342.33,106.29,467794.91,Partially Received,Approved,EMP023,2026-05-28,Partially Received,Ex-Works,"156 Market St, Houston, CA 85097",Keep in warehouse,2026-05-25T14:00:00Z,Procurement Team
814,PO0814,PO-2023-0814,VEND055,Deloitte & Touche LLP,EMP032,Susan Clark,DEPT002,Procurement,2023-06-02,2023-07-09,2023-07-13,EUR,PT006,Net 90,312480.3,62496.06,0,374976.36,Open,Approved,EMP029,2023-06-05,Not Received,FOB Destination,"244 Market St, Chicago, CA 80012",Call before delivery,2023-06-02T08:00:00Z,Marketing Team
815,PO0815,PO-2026-0815,VEND013,Quick Logistics,EMP005,Robert Kim,DEPT005,Human Resources,2026-07-24,2026-08-08,2026-08-11,GBP,PT004,Net 45,242619.44,12130.97,2419.19,257169.6,Open,Approved,EMP035,2026-07-25,Not Received,FOB Origin,"698 Park Blvd, Houston, CA 12512",Urgent,2026-07-24T10:00:00Z,Marketing Team
816,PO0816,PO-2023-0816,VEND025,ABB Ltd,EMP037,Christopher Lee,DEPT007,Marketing,2023-03-12,2023-04-15,2023-04-17,GBP,PT004,Net 45,228465.47,41123.78,0,269589.25,Closed,Draft,None,None,Fully Received,FOB Destination,"612 Main St, Phoenix, NY 60965",Keep in warehouse,2023-03-12T10:00:00Z,Marketing Team
817,PO0817,PO-2026-0817,VEND047,Apple Inc.,EMP013,Kevin Moore,DEPT003,Operations,2026-02-18,2026-03-08,2026-03-04,GBP,PT004,Net 45,216391.57,43278.31,2848.5,262518.38,Open,Approved,EMP035,2026-02-25,Not Received,Ex-Works,"929 Main St, Phoenix, AZ 89427",Expedite shipping,2026-02-18T10:00:00Z,Marketing Team
818,PO0818,PO-2026-0818,VEND010,Tech Solutions Ltd,EMP002,Sarah Williams,DEPT002,Procurement,2026-04-14,2026-05-06,2026-05-05,USD,PT006,Net 90,116504.66,0,0,116504.66,Pending Approval,Submitted,None,None,Not Received,Ex-Works,"177 Park Blvd, New York, CA 59041",Urgent,2026-04-14T11:00:00Z,Procurement Team
819,PO0819,PO-2024-0819,VEND066,Jones Lang LaSalle,EMP006,Amanda Lee,DEPT006,Sales,2024-04-17,2024-05-24,2024-05-29,CHF,PT007,2/10 Net 30,324823.04,58468.15,0,383291.19,Partially Received,Approved,EMP029,2024-04-20,Partially Received,CIF,"455 Park Blvd, Houston, AZ 45774",Urgent,2024-04-17T12:00:00Z,HR Team
820,PO0820,PO-2024-0820,VEND009,Office Furniture World,EMP038,Stephanie Hall,DEPT008,Legal & Compliance,2024-03-15,2024-04-09,2024-04-14,USD,PT005,Net 60,153279.77,0,0,153279.77,Closed,Approved,EMP028,2024-03-20,Fully Received,FOB Origin,"942 Market St, Los Angeles, IL 76842",Urgent,2024-03-15T11:00:00Z,Finance Team
821,PO0821,PO-2026-0821,VEND039,Oracle Corporation,EMP040,Melissa Torres,DEPT010,Executive Management,2026-08-04,2026-09-14,2026-09-14,CHF,PT007,2/10 Net 30,341896.18,0,0,341896.18,Open,Submitted,None,None,Not Received,Ex-Works,"277 Park Blvd, Phoenix, AZ 90485",,2026-08-04T08:00:00Z,Sales Team
822,PO0822,PO-2026-0822,VEND036,Kuehne + Nagel,EMP014,Lisa Johnson,DEPT004,Information Technology,2026-07-29,2026-08-24,None,INR,PT003,Net 30,117966.96,21234.05,2207.78,141408.79,Open,Approved,EMP026,2026-08-04,Not Received,Ex-Works,"329 Market St, Phoenix, CA 11929",,2026-07-29T12:00:00Z,Marketing Team
823,PO0823,PO-2025-0823,VEND006,Amazon Business,EMP030,Elizabeth Miller,DEPT010,Executive Management,2025-07-28,2025-08-25,2025-08-25,SEK,PT006,Net 90,50154,2507.7,0,52661.7,Partially Received,Approved,EMP014,2025-08-03,Partially Received,FOB Origin,"172 Market St, New York, IL 64684",,2025-07-28T12:00:00Z,Sales Team
824,PO0824,PO-2024-0824,VEND017,Pinnacle Partners,EMP029,Jennifer Lee,DEPT009,Warehouse & Logistics,2024-06-02,2024-07-04,2024-06-29,CHF,PT002,Net 15,491409.45,49140.94,4722.78,545273.17,Open,Approved,EMP007,2024-06-06,Not Received,Ex-Works,"851 Main St, Los Angeles, CA 45769",Urgent,2024-06-02T13:00:00Z,Marketing Team
825,PO0825,PO-2023-0825,VEND041,Salesforce.com Inc.,EMP018,Andrew Kim,DEPT008,Legal & Compliance,2023-02-26,2023-03-19,2023-03-21,GBP,PT002,Net 15,241543.76,12077.19,3415.93,257036.88,Closed,Approved,EMP031,2023-03-03,Fully Received,FOB Origin,"422 Oak Ave, Chicago, AZ 62666",Urgent,2023-02-26T12:00:00Z,HR Team
826,PO0826,PO-2023-0826,VEND081,Kimberly-Clark Professional,EMP002,Sarah Williams,DEPT002,Procurement,2023-09-13,2023-10-08,2023-10-13,SEK,PT006,Net 90,42574.07,2128.7,916.43,45619.2,Closed,Approved,EMP016,2023-09-17,Fully Received,CIF,"406 Market St, Houston, IL 61494",Call before delivery,2023-09-13T11:00:00Z,Procurement Team
827,PO0827,PO-2024-0827,VEND041,Salesforce.com Inc.,EMP036,Kimberly Wright,DEPT006,Sales,2024-08-13,2024-09-07,2024-09-02,GBP,PT004,Net 45,160836.22,8041.81,0,168878.03,Closed,Submitted,None,None,Fully Received,FOB Destination,"816 Park Blvd, Phoenix, TX 60078",Call before delivery,2024-08-13T17:00:00Z,IT Team
828,PO0828,PO-2026-0828,VEND083,MSC Industrial Direct,EMP014,Lisa Johnson,DEPT004,Information Technology,2026-10-23,2026-11-10,2026-11-08,SEK,PT005,Net 60,381525.38,76305.08,0,457830.46,Pending Approval,Submitted,None,None,Not Received,Ex-Works,"328 Market St, Los Angeles, AZ 76102",Expedite shipping,2026-10-23T08:00:00Z,Sales Team
829,PO0829,PO-2023-0829,VEND057,Ernst & Young LLP,EMP019,Rachel Rodriguez,DEPT009,Warehouse & Logistics,2023-02-20,2023-04-04,2023-04-05,INR,PT003,Net 30,377576.21,37757.62,0,415333.83,Open,Approved,EMP032,2023-02-25,Not Received,CIF,"281 Market St, Chicago, AZ 98188",Urgent,2023-02-20T13:00:00Z,Finance Team
830,PO0830,PO-2025-0830,VEND093,Regal Beloit Corporation,EMP003,Michael Johnson,DEPT003,Operations,2025-07-10,2025-08-17,2025-08-15,CHF,PT004,Net 45,348653.5,69730.7,0,418384.2,Closed,Approved,EMP004,2025-07-12,Fully Received,Ex-Works,"372 Park Blvd, Phoenix, IL 63946",,2025-07-10T14:00:00Z,Sales Team
831,PO0831,PO-2024-0831,VEND074,Verizon Business Group,EMP016,Steven Park,DEPT006,Sales,2024-12-06,2024-12-29,2025-01-02,EUR,PT006,Net 90,245505.24,49101.05,0,294606.29,Open,Approved,EMP010,2024-12-10,Not Received,Ex-Works,"370 Market St, Houston, CA 18218",Urgent,2024-12-06T12:00:00Z,HR Team
832,PO0832,PO-2023-0832,VEND079,UniFirst Corporation,EMP004,Jessica Martinez,DEPT004,Information Technology,2023-09-19,2023-10-26,2023-10-29,USD,PT002,Net 15,269488.58,26948.86,0,296437.44,Open,Draft,None,None,Not Received,Ex-Works,"273 Park Blvd, Phoenix, CA 28673",Urgent,2023-09-19T11:00:00Z,Sales Team
833,PO0833,PO-2025-0833,VEND030,Bosch Rexroth AG,EMP004,Jessica Martinez,DEPT004,Information Technology,2025-11-29,2026-01-01,2025-12-28,CHF,PT001,Immediate,64873.7,11677.27,1106.05,77657.02,Partially Received,Approved,EMP024,2025-12-04,Partially Received,FOB Destination,"832 Park Blvd, New York, NY 21028",Call before delivery,2025-11-29T12:00:00Z,Procurement Team
834,PO0834,PO-2024-0834,VEND026,General Electric,EMP006,Amanda Lee,DEPT006,Sales,2024-05-25,2024-07-05,None,SEK,PT001,Immediate,383355.65,19167.78,0,402523.43,Open,Approved,EMP032,2024-05-28,Not Received,CIF,"620 Market St, Houston, AZ 23850",Expedite shipping,2024-05-25T10:00:00Z,Finance Team
835,PO0835,PO-2024-0835,VEND011,Global Supplies Inc,EMP040,Melissa Torres,DEPT010,Executive Management,2024-07-04,2024-08-04,None,SEK,PT004,Net 45,15548.38,1554.84,0,17103.22,Partially Received,Rejected,None,None,Partially Received,FOB Origin,"746 Main St, Los Angeles, CA 20758",Keep in warehouse,2024-07-04T16:00:00Z,IT Team
836,PO0836,PO-2023-0836,VEND032,UPS Supply Chain Solutions,EMP015,Mark Davis,DEPT005,Human Resources,2023-12-26,2024-02-03,2024-02-03,EUR,PT001,Immediate,493360.15,88804.83,3211.12,585376.1,Cancelled,Submitted,None,None,Not Received,FOB Destination,"483 Market St, Los Angeles, NY 89010",Keep in warehouse,2023-12-26T09:00:00Z,Marketing Team
837,PO0837,PO-2024-0837,VEND040,SAP SE,EMP018,Andrew Kim,DEPT008,Legal & Compliance,2024-03-11,2024-04-13,None,INR,PT001,Immediate,255331.11,51066.22,0,306397.33,Closed,Approved,EMP027,2024-03-15,Fully Received,FOB Destination,"554 Main St, Houston, NY 18051",,2024-03-11T13:00:00Z,Procurement Team
838,PO0838,PO-2024-0838,VEND049,Parker Hannifin Corporation,EMP033,Timothy Rodriguez,DEPT003,Operations,2024-09-25,2024-10-11,None,USD,PT003,Net 30,474050.77,0,0,474050.77,Pending Approval,Rejected,None,None,Not Received,Ex-Works,"422 Oak Ave, Phoenix, IL 15674",Call before delivery,2024-09-25T13:00:00Z,Finance Team
839,PO0839,PO-2026-0839,VEND088,Makita Corporation,EMP026,Amanda Thomas,DEPT006,Sales,2026-11-27,2027-01-08,2027-01-08,CHF,PT007,2/10 Net 30,340678.11,34067.81,2478.17,377224.09,Closed,Approved,EMP039,2026-11-30,Fully Received,FOB Origin,"960 Oak Ave, Phoenix, AZ 56963",Call before delivery,2026-11-27T13:00:00Z,Sales Team
840,PO0840,PO-2024-0840,VEND086,W.W. Grainger International,EMP028,Peter Garcia,DEPT008,Legal & Compliance,2024-02-20,2024-03-11,2024-03-07,EUR,PT007,2/10 Net 30,99375.54,0,2072.78,101448.32,Closed,Submitted,None,None,Fully Received,Ex-Works,"476 Oak Ave, New York, NY 77831",Urgent,2024-02-20T10:00:00Z,HR Team
841,PO0841,PO-2023-0841,VEND084,McMaster-Carr,EMP021,Brian Thompson,DEPT001,Finance,2023-04-29,2023-05-19,2023-05-23,GBP,PT003,Net 30,433469.43,86693.89,4767.13,524930.45,Open,Draft,None,None,Not Received,Ex-Works,"770 Main St, Los Angeles, IL 94415",Keep in warehouse,2023-04-29T08:00:00Z,Procurement Team
842,PO0842,PO-2023-0842,VEND071,Waste Management Inc.,EMP006,Amanda Lee,DEPT006,Sales,2023-01-05,2023-01-22,None,EUR,PT004,Net 45,491770.51,88518.69,2131.89,582421.09,Open,Approved,EMP007,2023-01-09,Not Received,CIF,"305 Main St, New York, IL 89804",Keep in warehouse,2023-01-05T15:00:00Z,Procurement Team
843,PO0843,PO-2023-0843,VEND056,PricewaterhouseCoopers LLP,EMP034,Angela Martinez,DEPT004,Information Technology,2023-07-24,2023-08-20,None,EUR,PT001,Immediate,217625.8,21762.58,0,239388.38,Pending Approval,Approved,EMP032,2023-07-29,Not Received,FOB Destination,"193 Market St, Chicago, AZ 85290",Keep in warehouse,2023-07-24T12:00:00Z,Procurement Team
844,PO0844,PO-2025-0844,VEND040,SAP SE,EMP034,Angela Martinez,DEPT004,Information Technology,2025-07-02,2025-07-25,None,INR,PT006,Net 90,465730.83,46573.08,0,512303.91,Closed,Approved,EMP016,2025-07-04,Fully Received,CIF,"639 Main St, Phoenix, CA 89745",,2025-07-02T08:00:00Z,IT Team
845,PO0845,PO-2024-0845,VEND045,Hewlett Packard Enterprise,EMP027,Nancy Davis,DEPT007,Marketing,2024-12-01,2024-12-30,2025-01-04,CHF,PT001,Immediate,333623.92,60052.31,4179.89,397856.12,Open,Approved,EMP016,2024-12-04,Not Received,CIF,"672 Park Blvd, New York, IL 92671",Urgent,2024-12-01T17:00:00Z,Sales Team
846,PO0846,PO-2026-0846,VEND071,Waste Management Inc.,EMP028,Peter Garcia,DEPT008,Legal & Compliance,2026-07-20,2026-08-27,2026-08-26,EUR,PT007,2/10 Net 30,352064.07,35206.41,4290.87,391561.35,Partially Received,Approved,EMP035,2026-07-22,Partially Received,FOB Origin,"610 Main St, Los Angeles, TX 44215",Call before delivery,2026-07-20T10:00:00Z,IT Team
847,PO0847,PO-2024-0847,VEND100,ZF Friedrichshafen AG,EMP017,Michelle Chen,DEPT007,Marketing,2024-01-13,2024-02-27,2024-03-03,USD,PT004,Net 45,298581.79,29858.18,1702.3,330142.27,Partially Received,Approved,EMP014,2024-01-15,Partially Received,FOB Origin,"485 Main St, Houston, NY 22872",Urgent,2024-01-13T12:00:00Z,Procurement Team
848,PO0848,PO-2024-0848,VEND086,W.W. Grainger International,EMP010,Patricia Taylor,DEPT010,Executive Management,2024-10-17,2024-11-09,2024-11-07,EUR,PT001,Immediate,44447.1,8000.48,0,52447.58,Open,Approved,EMP033,2024-10-20,Not Received,CIF,"607 Main St, Phoenix, CA 46669",,2024-10-17T09:00:00Z,Marketing Team
849,PO0849,PO-2024-0849,VEND008,DHL Express,EMP010,Patricia Taylor,DEPT010,Executive Management,2024-07-14,2024-08-24,2024-08-29,INR,PT005,Net 60,254162.92,45749.33,4905.42,304817.67,Open,Approved,EMP007,2024-07-15,Not Received,CIF,"916 Oak Ave, Phoenix, NY 99880",Call before delivery,2024-07-14T17:00:00Z,Procurement Team
850,PO0850,PO-2023-0850,VEND028,Emerson Electric Co.,EMP009,Thomas Brown,DEPT009,Warehouse & Logistics,2023-04-01,2023-04-19,2023-04-21,INR,PT002,Net 15,452759.87,22637.99,0,475397.86,Closed,Approved,EMP022,2023-04-02,Fully Received,FOB Destination,"259 Main St, New York, CA 37490",Urgent,2023-04-01T13:00:00Z,Sales Team
851,PO0851,PO-2024-0851,VEND070,Tyco International,EMP036,Kimberly Wright,DEPT006,Sales,2024-09-20,2024-10-22,2024-10-22,GBP,PT006,Net 90,431292.34,86258.47,4514.25,522065.06,Partially Received,Approved,EMP022,2024-09-26,Partially Received,FOB Destination,"100 Market St, Chicago, IL 64457",Keep in warehouse,2024-09-20T14:00:00Z,Marketing Team
852,PO0852,PO-2023-0852,VEND085,Fastenal Company,EMP004,Jessica Martinez,DEPT004,Information Technology,2023-08-11,2023-09-09,2023-09-08,SEK,PT002,Net 15,190232.15,19023.22,0,209255.37,Closed,Approved,EMP018,2023-08-18,Fully Received,FOB Destination,"842 Park Blvd, Chicago, NY 59939",,2023-08-11T16:00:00Z,Finance Team
853,PO0853,PO-2023-0853,VEND071,Waste Management Inc.,EMP039,David Nguyen,DEPT009,Warehouse & Logistics,2023-11-10,2023-11-30,2023-11-30,EUR,PT002,Net 15,269607.6,0,4000.4,273608,Closed,Approved,EMP011,2023-11-17,Fully Received,CIF,"375 Main St, Houston, AZ 77373",Call before delivery,2023-11-10T17:00:00Z,HR Team
854,PO0854,PO-2026-0854,VEND019,Vanguard Tech,EMP034,Angela Martinez,DEPT004,Information Technology,2026-11-05,2026-12-19,2026-12-24,USD,PT006,Net 90,462321,92464.2,0,554785.2,Partially Received,Submitted,None,None,Partially Received,Ex-Works,"977 Oak Ave, Los Angeles, IL 80098",Call before delivery,2026-11-05T15:00:00Z,Sales Team
855,PO0855,PO-2023-0855,VEND020,Alpha Industries,EMP016,Steven Park,DEPT006,Sales,2023-12-27,2024-01-14,None,SEK,PT001,Immediate,179403.22,0,0,179403.22,Closed,Approved,EMP011,2023-12-28,Fully Received,FOB Origin,"708 Park Blvd, Chicago, TX 67785",Expedite shipping,2023-12-27T09:00:00Z,Finance Team
856,PO0856,PO-2026-0856,VEND024,Schneider Electric,EMP035,Joseph Wilson,DEPT005,Human Resources,2026-04-01,2026-05-16,None,USD,PT005,Net 60,150139.75,7506.99,0,157646.74,Pending Approval,Approved,EMP020,2026-04-03,Not Received,CIF,"194 Park Blvd, Chicago, AZ 84139",Keep in warehouse,2026-04-01T11:00:00Z,HR Team
857,PO0857,PO-2025-0857,VEND001,ABCD & CO,EMP019,Rachel Rodriguez,DEPT009,Warehouse & Logistics,2025-03-19,2025-04-16,2025-04-14,SEK,PT003,Net 30,107729.85,21545.97,1619.78,130895.6,Closed,Submitted,None,None,Fully Received,CIF,"264 Park Blvd, Chicago, IL 54063",Keep in warehouse,2025-03-19T16:00:00Z,HR Team
858,PO0858,PO-2026-0858,VEND030,Bosch Rexroth AG,EMP017,Michelle Chen,DEPT007,Marketing,2026-07-12,2026-08-13,None,CHF,PT006,Net 90,425856.55,42585.65,0,468442.2,Pending Approval,Approved,EMP036,2026-07-17,Not Received,CIF,"410 Park Blvd, Phoenix, CA 76322",Expedite shipping,2026-07-12T14:00:00Z,Finance Team
859,PO0859,PO-2023-0859,VEND023,Caterpillar Inc.,EMP014,Lisa Johnson,DEPT004,Information Technology,2023-10-22,2023-11-24,None,INR,PT002,Net 15,164018,0,4346.05,168364.05,Closed,Approved,EMP001,2023-10-24,Fully Received,FOB Destination,"743 Market St, New York, AZ 49440",Urgent,2023-10-22T11:00:00Z,Procurement Team
860,PO0860,PO-2026-0860,VEND093,Regal Beloit Corporation,EMP016,Steven Park,DEPT006,Sales,2026-09-23,2026-10-19,2026-10-15,CHF,PT004,Net 45,113600.73,22720.15,3868.07,140188.95,Open,Approved,EMP037,2026-09-25,Not Received,CIF,"794 Main St, Phoenix, CA 71130",Keep in warehouse,2026-09-23T13:00:00Z,Sales Team
861,PO0861,PO-2025-0861,VEND098,Michelin North America,EMP031,Charles Robinson,DEPT001,Finance,2025-01-03,2025-02-14,None,USD,PT005,Net 60,429924.02,85984.8,0,515908.82,Pending Approval,Approved,EMP035,2025-01-10,Not Received,Ex-Works,"557 Oak Ave, New York, AZ 71064",,2025-01-03T17:00:00Z,HR Team
862,PO0862,PO-2025-0862,VEND010,Tech Solutions Ltd,EMP037,Christopher Lee,DEPT007,Marketing,2025-09-22,2025-11-04,None,USD,PT005,Net 60,206819.8,20681.98,0,227501.78,Pending Approval,Approved,EMP038,2025-09-23,Not Received,FOB Origin,"776 Market St, New York, CA 75485",,2025-09-22T12:00:00Z,Sales Team
863,PO0863,PO-2026-0863,VEND005,Microsoft Corporation,EMP040,Melissa Torres,DEPT010,Executive Management,2026-01-02,2026-02-05,2026-02-08,SEK,PT004,Net 45,76565.27,13781.75,313.8,90660.82,Open,Rejected,None,None,Not Received,CIF,"132 Main St, New York, NY 30894",Expedite shipping,2026-01-02T16:00:00Z,Procurement Team
864,PO0864,PO-2025-0864,VEND011,Global Supplies Inc,EMP003,Michael Johnson,DEPT003,Operations,2025-01-31,2025-02-28,None,SEK,PT002,Net 15,391959.53,39195.95,0,431155.48,Open,Approved,EMP039,2025-02-04,Not Received,FOB Origin,"926 Market St, Houston, CA 10700",Expedite shipping,2025-01-31T10:00:00Z,IT Team
865,PO0865,PO-2024-0865,VEND045,Hewlett Packard Enterprise,EMP019,Rachel Rodriguez,DEPT009,Warehouse & Logistics,2024-01-24,2024-02-22,2024-02-24,CHF,PT006,Net 90,475501.46,0,0,475501.46,Open,Approved,EMP011,2024-01-30,Not Received,FOB Origin,"393 Main St, New York, AZ 27340",Keep in warehouse,2024-01-24T12:00:00Z,Procurement Team
866,PO0866,PO-2025-0866,VEND038,Penske Logistics,EMP039,David Nguyen,DEPT009,Warehouse & Logistics,2025-10-07,2025-11-21,2025-11-24,SEK,PT003,Net 30,199495.13,9974.76,0,209469.89,Open,Rejected,None,None,Not Received,Ex-Works,"679 Market St, Houston, IL 37648",Keep in warehouse,2025-10-07T12:00:00Z,Sales Team
867,PO0867,PO-2023-0867,VEND007,Staples Inc.,EMP013,Kevin Moore,DEPT003,Operations,2023-11-30,2023-12-16,2023-12-20,EUR,PT003,Net 30,244014.45,12200.72,3047.64,259262.81,Open,Approved,EMP037,2023-12-04,Not Received,Ex-Works,"940 Main St, New York, CA 67033",Call before delivery,2023-11-30T16:00:00Z,Marketing Team
868,PO0868,PO-2024-0868,VEND090,Snap-on Incorporated,EMP026,Amanda Thomas,DEPT006,Sales,2024-10-14,2024-10-29,None,GBP,PT007,2/10 Net 30,455207.03,22760.35,0,477967.38,Closed,Approved,EMP004,2024-10-16,Fully Received,FOB Destination,"654 Market St, Houston, CA 95752",Expedite shipping,2024-10-14T08:00:00Z,Procurement Team
869,PO0869,PO-2025-0869,VEND063,McDonald's Corporate,EMP024,Kimberly White,DEPT004,Information Technology,2025-07-16,2025-08-24,2025-08-23,EUR,PT004,Net 45,98793.94,0,0,98793.94,Partially Received,Approved,EMP027,2025-07-20,Partially Received,FOB Destination,"768 Oak Ave, Houston, AZ 70185",Expedite shipping,2025-07-16T09:00:00Z,Marketing Team
870,PO0870,PO-2023-0870,VEND078,Cintas Corporation,EMP038,Stephanie Hall,DEPT008,Legal & Compliance,2023-12-20,2024-02-02,2024-01-30,USD,PT006,Net 90,219184.98,10959.25,3139.86,233284.09,Pending Approval,Approved,EMP014,2023-12-22,Not Received,Ex-Works,"171 Market St, Houston, TX 48378",,2023-12-20T13:00:00Z,Procurement Team
871,PO0871,PO-2026-0871,VEND098,Michelin North America,EMP004,Jessica Martinez,DEPT004,Information Technology,2026-04-03,2026-04-20,None,USD,PT002,Net 15,39284.85,7856.97,0,47141.82,Partially Received,Approved,EMP021,2026-04-05,Partially Received,CIF,"282 Market St, Chicago, AZ 63456",Keep in warehouse,2026-04-03T10:00:00Z,IT Team
872,PO0872,PO-2024-0872,VEND080,Ecolab Inc.,EMP025,Jason Harris,DEPT005,Human Resources,2024-11-08,2024-11-26,2024-11-29,INR,PT006,Net 90,284608.77,56921.75,1638.77,343169.29,Closed,Approved,EMP035,2024-11-15,Fully Received,CIF,"892 Market St, New York, TX 82555",Expedite shipping,2024-11-08T16:00:00Z,Finance Team
873,PO0873,PO-2025-0873,VEND029,Rockwell Automation,EMP001,David Chen,DEPT001,Finance,2025-11-07,2025-11-28,2025-12-01,USD,PT004,Net 45,476925.17,95385.03,502.62,572812.82,Closed,Approved,EMP010,2025-11-11,Fully Received,CIF,"511 Oak Ave, Chicago, TX 68449",,2025-11-07T09:00:00Z,Marketing Team
874,PO0874,PO-2026-0874,VEND075,T-Mobile for Business,EMP007,James Wilson,DEPT007,Marketing,2026-01-18,2026-02-13,2026-02-08,GBP,PT002,Net 15,96898.74,19379.75,0,116278.49,Open,Approved,EMP008,2026-01-19,Not Received,FOB Destination,"932 Park Blvd, Los Angeles, IL 22131",,2026-01-18T16:00:00Z,Finance Team
875,PO0875,PO-2025-0875,VEND061,Bain & Company,EMP030,Elizabeth Miller,DEPT010,Executive Management,2025-01-15,2025-02-06,2025-02-11,INR,PT002,Net 15,454139.24,81745.06,0,535884.3,Partially Received,Submitted,None,None,Partially Received,CIF,"341 Market St, Phoenix, IL 17993",Expedite shipping,2025-01-15T17:00:00Z,Marketing Team
876,PO0876,PO-2024-0876,VEND039,Oracle Corporation,EMP009,Thomas Brown,DEPT009,Warehouse & Logistics,2024-12-30,2025-02-07,None,CHF,PT007,2/10 Net 30,381596.67,68687.4,0,450284.07,Open,Rejected,None,None,Not Received,FOB Origin,"854 Oak Ave, Houston, AZ 66640",Urgent,2024-12-30T15:00:00Z,Marketing Team
877,PO0877,PO-2025-0877,VEND010,Tech Solutions Ltd,EMP027,Nancy Davis,DEPT007,Marketing,2025-01-23,2025-02-10,None,USD,PT004,Net 45,475186.13,85533.5,2394.82,563114.45,Open,Approved,EMP009,2025-01-25,Not Received,FOB Origin,"642 Main St, Chicago, TX 99571",Expedite shipping,2025-01-23T15:00:00Z,Marketing Team
878,PO0878,PO-2023-0878,VEND028,Emerson Electric Co.,EMP007,James Wilson,DEPT007,Marketing,2023-05-06,2023-05-29,2023-05-30,INR,PT002,Net 15,87207.83,15697.41,3416.55,106321.79,Cancelled,Approved,EMP004,2023-05-07,Not Received,FOB Destination,"500 Main St, Los Angeles, AZ 35718",Expedite shipping,2023-05-06T08:00:00Z,HR Team
879,PO0879,PO-2023-0879,VEND034,C.H. Robinson Worldwide,EMP031,Charles Robinson,DEPT001,Finance,2023-06-24,2023-08-06,2023-08-02,SEK,PT001,Immediate,333526.2,60034.72,2165.82,395726.74,Closed,Approved,EMP018,2023-06-29,Fully Received,FOB Destination,"286 Market St, Phoenix, IL 39013",Expedite shipping,2023-06-24T09:00:00Z,Sales Team
880,PO0880,PO-2026-0880,VEND012,Elite Services,EMP032,Susan Clark,DEPT002,Procurement,2026-03-10,2026-04-06,None,SEK,PT007,2/10 Net 30,102090.98,18376.38,34.73,120502.09,Closed,Submitted,None,None,Fully Received,CIF,"320 Market St, Houston, NY 94434",Urgent,2026-03-10T17:00:00Z,Finance Team
881,PO0881,PO-2025-0881,VEND011,Global Supplies Inc,EMP006,Amanda Lee,DEPT006,Sales,2025-11-07,2025-11-27,2025-11-30,SEK,PT006,Net 90,71333.27,7133.33,0,78466.6,Cancelled,Approved,EMP037,2025-11-13,Not Received,FOB Origin,"912 Market St, Los Angeles, CA 55054",Urgent,2025-11-07T14:00:00Z,Sales Team
882,PO0882,PO-2023-0882,VEND029,Rockwell Automation,EMP039,David Nguyen,DEPT009,Warehouse & Logistics,2023-01-12,2023-01-29,2023-01-24,USD,PT002,Net 15,421133.05,0,4984.64,426117.69,Open,Approved,EMP030,2023-01-18,Not Received,FOB Destination,"492 Park Blvd, Houston, CA 52472",Expedite shipping,2023-01-12T10:00:00Z,Marketing Team
883,PO0883,PO-2026-0883,VEND075,T-Mobile for Business,EMP009,Thomas Brown,DEPT009,Warehouse & Logistics,2026-09-28,2026-11-04,None,GBP,PT007,2/10 Net 30,182222.35,32800.02,0,215022.37,Open,Approved,EMP011,2026-09-30,Not Received,FOB Destination,"495 Park Blvd, Houston, CA 84248",Keep in warehouse,2026-09-28T14:00:00Z,Marketing Team
884,PO0884,PO-2023-0884,VEND095,SKF Group,EMP035,Joseph Wilson,DEPT005,Human Resources,2023-11-07,2023-11-26,2023-11-27,GBP,PT001,Immediate,274137.65,13706.88,0,287844.53,Closed,Approved,EMP009,2023-11-10,Fully Received,CIF,"484 Market St, Houston, TX 41279",Call before delivery,2023-11-07T15:00:00Z,Marketing Team
885,PO0885,PO-2025-0885,VEND093,Regal Beloit Corporation,EMP023,Richard Martinez,DEPT003,Operations,2025-03-27,2025-04-28,None,CHF,PT007,2/10 Net 30,406816.89,20340.84,0,427157.73,Open,Approved,EMP009,2025-04-02,Not Received,FOB Origin,"646 Oak Ave, New York, IL 22797",Call before delivery,2025-03-27T14:00:00Z,Procurement Team
886,PO0886,PO-2026-0886,VEND089,DeWalt Industrial Tool Co.,EMP039,David Nguyen,DEPT009,Warehouse & Logistics,2026-01-17,2026-02-08,2026-02-05,INR,PT001,Immediate,110847.57,5542.38,1436.73,117826.68,Closed,Submitted,None,None,Fully Received,CIF,"123 Park Blvd, Phoenix, IL 76741",Keep in warehouse,2026-01-17T10:00:00Z,Sales Team
887,PO0887,PO-2026-0887,VEND085,Fastenal Company,EMP026,Amanda Thomas,DEPT006,Sales,2026-03-27,2026-05-07,2026-05-08,SEK,PT004,Net 45,281937.5,28193.75,0,310131.25,Cancelled,Approved,EMP028,2026-04-01,Not Received,FOB Destination,"500 Main St, Chicago, CA 69926",Urgent,2026-03-27T16:00:00Z,Marketing Team
888,PO0888,PO-2025-0888,VEND001,ABCD & CO,EMP024,Kimberly White,DEPT004,Information Technology,2025-08-10,2025-09-04,2025-09-06,SEK,PT006,Net 90,170998.3,30779.69,0,201777.99,Open,Approved,EMP013,2025-08-11,Not Received,Ex-Works,"915 Park Blvd, Phoenix, NY 87635",Keep in warehouse,2025-08-10T10:00:00Z,Marketing Team
889,PO0889,PO-2024-0889,VEND067,"CBRE Group, Inc.",EMP031,Charles Robinson,DEPT001,Finance,2024-11-24,2024-12-16,2024-12-14,EUR,PT007,2/10 Net 30,233767.67,0,0,233767.67,Closed,Submitted,None,None,Fully Received,FOB Origin,"576 Main St, New York, IL 82394",Expedite shipping,2024-11-24T08:00:00Z,Sales Team
890,PO0890,PO-2023-0890,VEND008,DHL Express,EMP038,Stephanie Hall,DEPT008,Legal & Compliance,2023-06-22,2023-07-25,2023-07-22,INR,PT007,2/10 Net 30,465532.28,93106.46,749.76,559388.5,Pending Approval,Approved,EMP021,2023-06-26,Not Received,FOB Destination,"836 Main St, Houston, TX 45284",Expedite shipping,2023-06-22T16:00:00Z,Sales Team
891,PO0891,PO-2025-0891,VEND045,Hewlett Packard Enterprise,EMP009,Thomas Brown,DEPT009,Warehouse & Logistics,2025-02-04,2025-03-08,2025-03-05,CHF,PT001,Immediate,432529.33,77855.28,4689.45,515074.06,Closed,Approved,EMP011,2025-02-11,Fully Received,FOB Origin,"222 Main St, Phoenix, TX 66895",Call before delivery,2025-02-04T12:00:00Z,Finance Team
892,PO0892,PO-2024-0892,VEND075,T-Mobile for Business,EMP002,Sarah Williams,DEPT002,Procurement,2024-08-15,2024-08-31,2024-08-29,GBP,PT004,Net 45,488971.51,48897.15,0,537868.66,Pending Approval,Approved,EMP027,2024-08-21,Not Received,FOB Origin,"900 Oak Ave, Chicago, CA 58772",Expedite shipping,2024-08-15T13:00:00Z,Procurement Team
893,PO0893,PO-2026-0893,VEND025,ABB Ltd,EMP011,Daniel Anderson,DEPT001,Finance,2026-02-08,2026-03-22,2026-03-23,GBP,PT002,Net 15,343702.53,0,2551.1,346253.63,Cancelled,Approved,EMP016,2026-02-10,Not Received,CIF,"143 Main St, Chicago, IL 66218",Call before delivery,2026-02-08T17:00:00Z,Procurement Team
894,PO0894,PO-2024-0894,VEND002,Samira Hadid,EMP013,Kevin Moore,DEPT003,Operations,2024-02-23,2024-04-01,2024-04-06,INR,PT004,Net 45,277149.83,0,2358.21,279508.04,Partially Received,Submitted,None,None,Partially Received,CIF,"132 Main St, Chicago, NY 89955",Expedite shipping,2024-02-23T09:00:00Z,HR Team
895,PO0895,PO-2024-0895,VEND061,Bain & Company,EMP007,James Wilson,DEPT007,Marketing,2024-06-20,2024-07-05,2024-07-03,INR,PT005,Net 60,319942.89,31994.29,4661.2,356598.38,Closed,Approved,EMP003,2024-06-22,Fully Received,Ex-Works,"366 Main St, Houston, AZ 42739",Call before delivery,2024-06-20T11:00:00Z,Finance Team
896,PO0896,PO-2024-0896,VEND036,Kuehne + Nagel,EMP013,Kevin Moore,DEPT003,Operations,2024-05-29,2024-07-12,None,INR,PT001,Immediate,120511.8,24102.36,3286.8,147900.96,Open,Approved,EMP016,2024-05-30,Not Received,CIF,"895 Park Blvd, Phoenix, IL 44862",Urgent,2024-05-29T11:00:00Z,Procurement Team
897,PO0897,PO-2024-0897,VEND056,PricewaterhouseCoopers LLP,EMP033,Timothy Rodriguez,DEPT003,Operations,2024-06-17,2024-07-30,2024-07-29,EUR,PT002,Net 15,424917.64,0,4196.83,429114.47,Open,Approved,EMP025,2024-06-19,Not Received,CIF,"476 Main St, Chicago, TX 61772",Call before delivery,2024-06-17T13:00:00Z,Finance Team
898,PO0898,PO-2023-0898,VEND041,Salesforce.com Inc.,EMP003,Michael Johnson,DEPT003,Operations,2023-05-20,2023-06-16,2023-06-20,GBP,PT004,Net 45,98788.92,4939.45,0,103728.37,Closed,Approved,EMP023,2023-05-24,Fully Received,FOB Destination,"874 Park Blvd, Houston, NY 52462",Urgent,2023-05-20T10:00:00Z,Finance Team
899,PO0899,PO-2025-0899,VEND077,Spectrum Business,EMP013,Kevin Moore,DEPT003,Operations,2025-04-29,2025-05-16,2025-05-21,SEK,PT006,Net 90,311844.57,56132.02,0,367976.59,Closed,Approved,EMP010,2025-05-05,Fully Received,CIF,"794 Main St, Phoenix, AZ 47085",Call before delivery,2025-04-29T08:00:00Z,Marketing Team
900,PO0900,PO-2025-0900,VEND069,ADT Inc.,EMP002,Sarah Williams,DEPT002,Procurement,2025-09-19,2025-10-28,None,EUR,PT007,2/10 Net 30,382763.37,38276.34,0,421039.71,Open,Approved,EMP027,2025-09-23,Not Received,FOB Origin,"473 Oak Ave, Phoenix, TX 39637",,2025-09-19T15:00:00Z,HR Team
901,PO0901,PO-2023-0901,VEND069,ADT Inc.,EMP017,Michelle Chen,DEPT007,Marketing,2023-12-03,2024-01-10,2024-01-08,EUR,PT006,Net 90,384771.55,0,893.83,385665.38,Open,Approved,EMP018,2023-12-09,Not Received,FOB Origin,"325 Park Blvd, Phoenix, TX 33281",Urgent,2023-12-03T13:00:00Z,Sales Team
902,PO0902,PO-2026-0902,VEND002,Samira Hadid,EMP017,Michelle Chen,DEPT007,Marketing,2026-02-21,2026-03-16,2026-03-20,INR,PT002,Net 15,278619.73,0,1205.29,279825.02,Closed,Approved,EMP024,2026-02-25,Fully Received,Ex-Works,"378 Park Blvd, Phoenix, CA 29890",Expedite shipping,2026-02-21T12:00:00Z,Finance Team
903,PO0903,PO-2024-0903,VEND081,Kimberly-Clark Professional,EMP018,Andrew Kim,DEPT008,Legal & Compliance,2024-12-19,2025-01-31,2025-01-29,SEK,PT001,Immediate,469599.56,84527.92,0,554127.48,Cancelled,Approved,EMP028,2024-12-25,Not Received,FOB Destination,"720 Oak Ave, New York, IL 60605",,2024-12-19T11:00:00Z,HR Team
904,PO0904,PO-2025-0904,VEND064,Aramark Corporation,EMP005,Robert Kim,DEPT005,Human Resources,2025-03-09,2025-04-23,None,EUR,PT007,2/10 Net 30,278351.46,0,0,278351.46,Cancelled,Submitted,None,None,Not Received,CIF,"673 Main St, Houston, AZ 35444",Urgent,2025-03-09T13:00:00Z,HR Team
905,PO0905,PO-2026-0905,VEND003,IMPORTING COMPANY,EMP001,David Chen,DEPT001,Finance,2026-10-31,2026-12-12,2026-12-15,GBP,PT003,Net 30,401699.92,80339.98,0,482039.9,Open,Approved,EMP016,2026-11-07,Not Received,CIF,"322 Oak Ave, Chicago, CA 76504",Urgent,2026-10-31T10:00:00Z,Marketing Team
906,PO0906,PO-2023-0906,VEND094,Timken Company,EMP016,Steven Park,DEPT006,Sales,2023-06-08,2023-07-09,2023-07-14,SEK,PT005,Net 60,131513.22,23672.38,0,155185.6,Closed,Approved,EMP006,2023-06-09,Fully Received,CIF,"332 Oak Ave, Chicago, NY 61133",Keep in warehouse,2023-06-08T13:00:00Z,IT Team
907,PO0907,PO-2026-0907,VEND037,Atlas Air Worldwide,EMP038,Stephanie Hall,DEPT008,Legal & Compliance,2026-10-08,2026-11-21,2026-11-16,CHF,PT002,Net 15,156750.64,0,2482.83,159233.47,Closed,Approved,EMP023,2026-10-12,Fully Received,FOB Origin,"745 Main St, Phoenix, TX 21334",Keep in warehouse,2026-10-08T09:00:00Z,Sales Team
908,PO0908,PO-2025-0908,VEND085,Fastenal Company,EMP033,Timothy Rodriguez,DEPT003,Operations,2025-04-09,2025-05-16,2025-05-15,SEK,PT006,Net 90,201267.55,36228.16,0,237495.71,Closed,Approved,EMP022,2025-04-13,Fully Received,CIF,"673 Main St, New York, TX 64086",Urgent,2025-04-09T10:00:00Z,Procurement Team
909,PO0909,PO-2026-0909,VEND026,General Electric,EMP036,Kimberly Wright,DEPT006,Sales,2026-06-10,2026-07-19,2026-07-19,SEK,PT006,Net 90,223189.26,11159.46,0,234348.72,Open,Draft,None,None,Not Received,FOB Origin,"120 Main St, New York, CA 59559",Expedite shipping,2026-06-10T17:00:00Z,Finance Team
910,PO0910,PO-2023-0910,VEND064,Aramark Corporation,EMP036,Kimberly Wright,DEPT006,Sales,2023-03-08,2023-04-11,2023-04-11,EUR,PT001,Immediate,127868.29,0,0,127868.29,Open,Approved,EMP003,2023-03-09,Not Received,CIF,"597 Main St, Phoenix, AZ 90316",Call before delivery,2023-03-08T16:00:00Z,Procurement Team
911,PO0911,PO-2025-0911,VEND065,Sodexo S.A.,EMP010,Patricia Taylor,DEPT010,Executive Management,2025-11-24,2025-12-21,2025-12-21,INR,PT005,Net 60,444132.82,22206.64,0,466339.46,Open,Submitted,None,None,Not Received,FOB Destination,"429 Main St, New York, CA 59646",Expedite shipping,2025-11-24T16:00:00Z,Procurement Team
912,PO0912,PO-2025-0912,VEND044,IBM Corporation,EMP010,Patricia Taylor,DEPT010,Executive Management,2025-06-30,2025-07-22,None,SEK,PT004,Net 45,451413.4,45141.34,0,496554.74,Closed,Approved,EMP006,2025-07-02,Fully Received,FOB Origin,"640 Oak Ave, Chicago, IL 98345",,2025-06-30T15:00:00Z,Finance Team
913,PO0913,PO-2026-0913,VEND051,Thomson Reuters,EMP001,David Chen,DEPT001,Finance,2026-10-19,2026-11-07,2026-11-03,USD,PT005,Net 60,209194.47,0,1964.47,211158.94,Pending Approval,Approved,EMP021,2026-10-25,Not Received,Ex-Works,"654 Park Blvd, Phoenix, TX 51047",Keep in warehouse,2026-10-19T11:00:00Z,IT Team
914,PO0914,PO-2023-0914,VEND090,Snap-on Incorporated,EMP019,Rachel Rodriguez,DEPT009,Warehouse & Logistics,2023-07-22,2023-08-20,None,GBP,PT002,Net 15,396037.96,0,0,396037.96,Closed,Approved,EMP010,2023-07-28,Fully Received,Ex-Works,"267 Main St, Phoenix, TX 19046",Call before delivery,2023-07-22T14:00:00Z,Sales Team
915,PO0915,PO-2024-0915,VEND097,Goodyear Tire & Rubber,EMP027,Nancy Davis,DEPT007,Marketing,2024-09-03,2024-10-16,None,GBP,PT005,Net 60,156868.92,0,452.91,157321.83,Closed,Submitted,None,None,Fully Received,FOB Destination,"422 Main St, Houston, CA 91682",Urgent,2024-09-03T13:00:00Z,HR Team
916,PO0916,PO-2023-0916,VEND091,Ingersoll Rand,EMP012,Jennifer Park,DEPT002,Procurement,2023-05-09,2023-06-12,2023-06-16,GBP,PT006,Net 90,424240.8,42424.08,0,466664.88,Partially Received,Approved,EMP036,2023-05-15,Partially Received,CIF,"366 Oak Ave, New York, AZ 97642",Keep in warehouse,2023-05-09T11:00:00Z,Finance Team
917,PO0917,PO-2024-0917,VEND002,Samira Hadid,EMP028,Peter Garcia,DEPT008,Legal & Compliance,2024-11-08,2024-12-19,2024-12-23,INR,PT001,Immediate,264753.66,13237.68,2971.08,280962.42,Pending Approval,Approved,EMP033,2024-11-12,Not Received,FOB Destination,"259 Main St, New York, IL 24719",Urgent,2024-11-08T17:00:00Z,IT Team
918,PO0918,PO-2025-0918,VEND002,Samira Hadid,EMP003,Michael Johnson,DEPT003,Operations,2025-01-22,2025-03-07,2025-03-10,INR,PT006,Net 90,93688.63,0,0,93688.63,Partially Received,Approved,EMP023,2025-01-27,Partially Received,Ex-Works,"392 Oak Ave, Los Angeles, IL 72652",,2025-01-22T08:00:00Z,Finance Team
919,PO0919,PO-2025-0919,VEND003,IMPORTING COMPANY,EMP017,Michelle Chen,DEPT007,Marketing,2025-08-26,2025-09-24,2025-09-22,GBP,PT004,Net 45,380550.02,0,4719.85,385269.87,Open,Approved,EMP004,2025-08-30,Not Received,FOB Destination,"417 Park Blvd, Phoenix, NY 80571",Urgent,2025-08-26T14:00:00Z,HR Team
920,PO0920,PO-2023-0920,VEND012,Elite Services,EMP040,Melissa Torres,DEPT010,Executive Management,2023-03-24,2023-05-04,2023-05-03,SEK,PT001,Immediate,464014.67,92802.93,0,556817.6,Closed,Approved,EMP040,2023-03-29,Fully Received,Ex-Works,"492 Park Blvd, Phoenix, IL 92522",,2023-03-24T16:00:00Z,HR Team
921,PO0921,PO-2024-0921,VEND025,ABB Ltd,EMP012,Jennifer Park,DEPT002,Procurement,2024-02-18,2024-03-07,2024-03-02,GBP,PT004,Net 45,249072.31,44833.02,0,293905.33,Partially Received,Approved,EMP001,2024-02-25,Partially Received,FOB Origin,"843 Main St, Houston, NY 96517",Call before delivery,2024-02-18T12:00:00Z,IT Team
922,PO0922,PO-2025-0922,VEND064,Aramark Corporation,EMP008,Maria Garcia,DEPT008,Legal & Compliance,2025-08-23,2025-10-01,2025-10-05,EUR,PT004,Net 45,199553.82,39910.76,0,239464.58,Pending Approval,Approved,EMP001,2025-08-29,Not Received,FOB Origin,"755 Park Blvd, New York, AZ 36527",Expedite shipping,2025-08-23T10:00:00Z,HR Team
923,PO0923,PO-2023-0923,VEND091,Ingersoll Rand,EMP031,Charles Robinson,DEPT001,Finance,2023-04-26,2023-06-01,None,GBP,PT005,Net 60,482552.82,86859.51,2939.47,572351.8,Pending Approval,Approved,EMP014,2023-04-29,Not Received,Ex-Works,"530 Oak Ave, New York, TX 53458",,2023-04-26T14:00:00Z,IT Team
924,PO0924,PO-2026-0924,VEND086,W.W. Grainger International,EMP040,Melissa Torres,DEPT010,Executive Management,2026-04-20,2026-05-06,None,EUR,PT003,Net 30,344118.15,68823.63,0,412941.78,Open,Approved,EMP040,2026-04-21,Not Received,FOB Origin,"510 Oak Ave, Houston, NY 91659",Keep in warehouse,2026-04-20T08:00:00Z,HR Team
925,PO0925,PO-2026-0925,VEND100,ZF Friedrichshafen AG,EMP004,Jessica Martinez,DEPT004,Information Technology,2026-02-11,2026-03-12,2026-03-16,USD,PT007,2/10 Net 30,95418.76,19083.75,1508.11,116010.62,Partially Received,Approved,EMP010,2026-02-16,Partially Received,CIF,"974 Park Blvd, New York, AZ 64754",Call before delivery,2026-02-11T13:00:00Z,Marketing Team
926,PO0926,PO-2026-0926,VEND025,ABB Ltd,EMP010,Patricia Taylor,DEPT010,Executive Management,2026-08-17,2026-09-24,None,GBP,PT004,Net 45,413541.29,20677.06,4272.35,438490.7,Closed,Approved,EMP018,2026-08-24,Fully Received,Ex-Works,"400 Market St, Chicago, NY 37537",Call before delivery,2026-08-17T16:00:00Z,Finance Team
927,PO0927,PO-2023-0927,VEND013,Quick Logistics,EMP013,Kevin Moore,DEPT003,Operations,2023-04-19,2023-05-27,None,GBP,PT007,2/10 Net 30,424189.98,84838,0,509027.98,Closed,Submitted,None,None,Fully Received,CIF,"430 Main St, Phoenix, IL 56593",Keep in warehouse,2023-04-19T13:00:00Z,IT Team
928,PO0928,PO-2024-0928,VEND067,"CBRE Group, Inc.",EMP027,Nancy Davis,DEPT007,Marketing,2024-06-14,2024-07-16,None,EUR,PT004,Net 45,27731.29,5546.26,0,33277.55,Closed,Approved,EMP017,2024-06-17,Fully Received,CIF,"465 Oak Ave, Chicago, IL 92180",Expedite shipping,2024-06-14T13:00:00Z,IT Team
929,PO0929,PO-2024-0929,VEND039,Oracle Corporation,EMP001,David Chen,DEPT001,Finance,2024-05-07,2024-05-25,2024-05-23,CHF,PT005,Net 60,101325.02,20265,0,121590.02,Pending Approval,Approved,EMP007,2024-05-14,Not Received,Ex-Works,"509 Main St, Chicago, IL 83300",Urgent,2024-05-07T16:00:00Z,HR Team
930,PO0930,PO-2025-0930,VEND091,Ingersoll Rand,EMP010,Patricia Taylor,DEPT010,Executive Management,2025-03-16,2025-04-28,None,GBP,PT004,Net 45,225936.3,45187.26,0,271123.56,Cancelled,Approved,EMP029,2025-03-21,Not Received,Ex-Works,"617 Park Blvd, Los Angeles, AZ 89415",Urgent,2025-03-16T10:00:00Z,IT Team
931,PO0931,PO-2024-0931,VEND025,ABB Ltd,EMP001,David Chen,DEPT001,Finance,2024-12-07,2025-01-05,2025-01-10,GBP,PT002,Net 15,296589.77,53386.16,0,349975.93,Partially Received,Draft,None,None,Partially Received,Ex-Works,"175 Oak Ave, Phoenix, CA 25515",Call before delivery,2024-12-07T12:00:00Z,Marketing Team
932,PO0932,PO-2023-0932,VEND060,Boston Consulting Group,EMP008,Maria Garcia,DEPT008,Legal & Compliance,2023-01-27,2023-03-12,None,SEK,PT003,Net 30,132941.34,13294.13,1205.28,147440.75,Open,Approved,EMP030,2023-02-01,Not Received,FOB Destination,"315 Market St, New York, CA 48423",,2023-01-27T15:00:00Z,IT Team
933,PO0933,PO-2025-0933,VEND055,Deloitte & Touche LLP,EMP022,Cynthia Lewis,DEPT002,Procurement,2025-04-03,2025-05-10,2025-05-09,EUR,PT002,Net 15,79520.64,15904.13,779.28,96204.05,Open,Approved,EMP003,2025-04-05,Not Received,CIF,"205 Park Blvd, Chicago, CA 64292",Urgent,2025-04-03T16:00:00Z,Marketing Team
934,PO0934,PO-2025-0934,VEND077,Spectrum Business,EMP027,Nancy Davis,DEPT007,Marketing,2025-07-13,2025-08-21,2025-08-26,SEK,PT007,2/10 Net 30,285471.59,28547.16,3690.9,317709.65,Open,Approved,EMP027,2025-07-17,Not Received,Ex-Works,"436 Main St, New York, TX 51702",Urgent,2025-07-13T13:00:00Z,HR Team
935,PO0935,PO-2024-0935,VEND046,Lenovo Group Limited,EMP023,Richard Martinez,DEPT003,Operations,2024-07-22,2024-09-02,2024-09-07,INR,PT001,Immediate,11218.61,560.93,2770.86,14550.4,Pending Approval,Approved,EMP029,2024-07-25,Not Received,CIF,"570 Oak Ave, Chicago, CA 14008",Expedite shipping,2024-07-22T12:00:00Z,HR Team
936,PO0936,PO-2023-0936,VEND025,ABB Ltd,EMP036,Kimberly Wright,DEPT006,Sales,2023-10-04,2023-10-22,2023-10-27,GBP,PT003,Net 30,382102.23,0,2479.48,384581.71,Closed,Approved,EMP009,2023-10-09,Fully Received,CIF,"643 Main St, Los Angeles, IL 42558",Call before delivery,2023-10-04T13:00:00Z,IT Team
937,PO0937,PO-2026-0937,VEND067,"CBRE Group, Inc.",EMP028,Peter Garcia,DEPT008,Legal & Compliance,2026-11-04,2026-12-05,2026-12-08,EUR,PT001,Immediate,399406.31,71893.14,0,471299.45,Closed,Approved,EMP003,2026-11-10,Fully Received,CIF,"671 Market St, New York, NY 87151",Call before delivery,2026-11-04T15:00:00Z,Procurement Team
938,PO0938,PO-2026-0938,VEND093,Regal Beloit Corporation,EMP002,Sarah Williams,DEPT002,Procurement,2026-06-24,2026-07-11,None,CHF,PT006,Net 90,181058.42,18105.84,0,199164.26,Closed,Approved,EMP040,2026-06-29,Fully Received,CIF,"204 Main St, Chicago, TX 35427",Call before delivery,2026-06-24T17:00:00Z,Finance Team
939,PO0939,PO-2023-0939,VEND041,Salesforce.com Inc.,EMP018,Andrew Kim,DEPT008,Legal & Compliance,2023-04-02,2023-05-04,2023-04-30,GBP,PT004,Net 45,218146.33,10907.32,0,229053.65,Partially Received,Submitted,None,None,Partially Received,FOB Destination,"154 Main St, Phoenix, TX 57639",Keep in warehouse,2023-04-02T12:00:00Z,IT Team
940,PO0940,PO-2023-0940,VEND033,Maersk Line,EMP005,Robert Kim,DEPT005,Human Resources,2023-10-20,2023-12-03,None,SEK,PT007,2/10 Net 30,297493.2,0,3353.9,300847.1,Partially Received,Approved,EMP027,2023-10-21,Partially Received,Ex-Works,"684 Park Blvd, Houston, TX 22554",Expedite shipping,2023-10-20T10:00:00Z,HR Team
941,PO0941,PO-2024-0941,VEND054,"FTI Consulting, Inc.",EMP017,Michelle Chen,DEPT007,Marketing,2024-06-20,2024-07-24,None,USD,PT004,Net 45,177262.12,35452.42,4093.18,216807.72,Open,Approved,EMP007,2024-06-21,Not Received,FOB Destination,"448 Market St, Phoenix, CA 36029",,2024-06-20T08:00:00Z,IT Team
942,PO0942,PO-2023-0942,VEND078,Cintas Corporation,EMP009,Thomas Brown,DEPT009,Warehouse & Logistics,2023-09-29,2023-10-20,None,USD,PT004,Net 45,298022.24,14901.11,0,312923.35,Cancelled,Approved,EMP034,2023-10-06,Not Received,FOB Origin,"210 Park Blvd, Houston, AZ 67769",Keep in warehouse,2023-09-29T14:00:00Z,IT Team
943,PO0943,PO-2024-0943,VEND068,Securitas AB,EMP019,Rachel Rodriguez,DEPT009,Warehouse & Logistics,2024-05-25,2024-07-04,2024-07-09,EUR,PT006,Net 90,338362.6,33836.26,0,372198.86,Open,Approved,EMP038,2024-05-31,Not Received,FOB Destination,"724 Oak Ave, Houston, TX 28526",,2024-05-25T17:00:00Z,Sales Team
944,PO0944,PO-2024-0944,VEND099,Bridgestone Americas,EMP008,Maria Garcia,DEPT008,Legal & Compliance,2024-05-21,2024-06-15,2024-06-18,USD,PT003,Net 30,192275.49,19227.55,0,211503.04,Closed,Rejected,None,None,Fully Received,CIF,"561 Main St, Chicago, NY 28309",Call before delivery,2024-05-21T08:00:00Z,IT Team
945,PO0945,PO-2025-0945,VEND008,DHL Express,EMP025,Jason Harris,DEPT005,Human Resources,2025-02-03,2025-03-08,None,INR,PT003,Net 30,55459.48,2772.97,0,58232.45,Partially Received,Approved,EMP035,2025-02-06,Partially Received,Ex-Works,"704 Park Blvd, Phoenix, NY 21568",Call before delivery,2025-02-03T16:00:00Z,Procurement Team
946,PO0946,PO-2026-0946,VEND036,Kuehne + Nagel,EMP035,Joseph Wilson,DEPT005,Human Resources,2026-01-29,2026-02-18,2026-02-16,INR,PT002,Net 15,395173.36,79034.67,0,474208.03,Pending Approval,Approved,EMP003,2026-02-05,Not Received,CIF,"284 Main St, Los Angeles, NY 19897",Call before delivery,2026-01-29T12:00:00Z,Procurement Team
947,PO0947,PO-2026-0947,VEND070,Tyco International,EMP022,Cynthia Lewis,DEPT002,Procurement,2026-09-21,2026-10-23,2026-10-25,GBP,PT006,Net 90,467208.5,0,0,467208.5,Cancelled,Approved,EMP009,2026-09-26,Not Received,FOB Destination,"895 Market St, New York, CA 39333",Keep in warehouse,2026-09-21T08:00:00Z,Procurement Team
948,PO0948,PO-2026-0948,VEND006,Amazon Business,EMP033,Timothy Rodriguez,DEPT003,Operations,2026-03-21,2026-04-05,2026-04-08,SEK,PT001,Immediate,53690.75,2684.54,0,56375.29,Closed,Approved,EMP032,2026-03-26,Fully Received,CIF,"527 Main St, Houston, TX 19354",,2026-03-21T09:00:00Z,IT Team
949,PO0949,PO-2025-0949,VEND080,Ecolab Inc.,EMP024,Kimberly White,DEPT004,Information Technology,2025-05-27,2025-07-06,2025-07-03,INR,PT001,Immediate,243353.86,24335.39,0,267689.25,Open,Approved,EMP021,2025-05-29,Not Received,FOB Origin,"176 Park Blvd, New York, TX 92666",Keep in warehouse,2025-05-27T12:00:00Z,IT Team
950,PO0950,PO-2026-0950,VEND090,Snap-on Incorporated,EMP013,Kevin Moore,DEPT003,Operations,2026-06-27,2026-07-26,2026-07-30,GBP,PT006,Net 90,19083.22,0,0,19083.22,Cancelled,Approved,EMP004,2026-06-30,Not Received,Ex-Works,"598 Market St, Los Angeles, IL 41751",,2026-06-27T15:00:00Z,Procurement Team
951,PO0951,PO-2023-0951,VEND064,Aramark Corporation,EMP025,Jason Harris,DEPT005,Human Resources,2023-04-30,2023-06-06,None,EUR,PT004,Net 45,324230.05,16211.5,476.26,340917.81,Closed,Approved,EMP032,2023-05-07,Fully Received,FOB Origin,"951 Market St, Phoenix, AZ 44562",Expedite shipping,2023-04-30T09:00:00Z,Marketing Team
952,PO0952,PO-2023-0952,VEND063,McDonald's Corporate,EMP034,Angela Martinez,DEPT004,Information Technology,2023-10-10,2023-10-31,2023-11-02,EUR,PT004,Net 45,60898.22,0,1292.67,62190.89,Closed,Approved,EMP028,2023-10-14,Fully Received,CIF,"749 Oak Ave, Chicago, IL 45269",Keep in warehouse,2023-10-10T09:00:00Z,Marketing Team
953,PO0953,PO-2026-0953,VEND079,UniFirst Corporation,EMP025,Jason Harris,DEPT005,Human Resources,2026-03-19,2026-04-16,2026-04-15,USD,PT005,Net 60,377028.42,37702.84,0,414731.26,Closed,Approved,EMP022,2026-03-25,Fully Received,FOB Origin,"887 Oak Ave, Houston, CA 27545",Urgent,2026-03-19T17:00:00Z,IT Team
954,PO0954,PO-2026-0954,VEND037,Atlas Air Worldwide,EMP006,Amanda Lee,DEPT006,Sales,2026-09-01,2026-09-26,None,CHF,PT007,2/10 Net 30,75481.87,7548.19,1121.39,84151.45,Partially Received,Approved,EMP029,2026-09-08,Partially Received,Ex-Works,"974 Park Blvd, New York, CA 59487",Keep in warehouse,2026-09-01T12:00:00Z,HR Team
955,PO0955,PO-2024-0955,VEND072,Republic Services,EMP023,Richard Martinez,DEPT003,Operations,2024-11-05,2024-12-02,2024-12-05,SEK,PT003,Net 30,140447.29,25280.51,2698.4,168426.2,Partially Received,Approved,EMP010,2024-11-06,Partially Received,Ex-Works,"509 Park Blvd, Los Angeles, TX 37924",Call before delivery,2024-11-05T12:00:00Z,Sales Team
956,PO0956,PO-2026-0956,VEND015,Best Buy Corp,EMP010,Patricia Taylor,DEPT010,Executive Management,2026-10-04,2026-11-14,None,INR,PT003,Net 30,355507.4,71101.48,0,426608.88,Closed,Approved,EMP028,2026-10-09,Fully Received,FOB Origin,"124 Main St, Los Angeles, AZ 69286",Expedite shipping,2026-10-04T09:00:00Z,Procurement Team
957,PO0957,PO-2026-0957,VEND002,Samira Hadid,EMP025,Jason Harris,DEPT005,Human Resources,2026-08-29,2026-10-03,2026-09-30,INR,PT007,2/10 Net 30,458518.04,22925.9,0,481443.94,Partially Received,Submitted,None,None,Partially Received,FOB Destination,"777 Park Blvd, Phoenix, IL 71531",Urgent,2026-08-29T15:00:00Z,Sales Team
958,PO0958,PO-2025-0958,VEND085,Fastenal Company,EMP032,Susan Clark,DEPT002,Procurement,2025-03-24,2025-04-29,None,SEK,PT003,Net 30,225951.67,0,0,225951.67,Partially Received,Approved,EMP008,2025-03-26,Partially Received,Ex-Works,"778 Market St, New York, IL 11741",Keep in warehouse,2025-03-24T15:00:00Z,HR Team
959,PO0959,PO-2025-0959,VEND079,UniFirst Corporation,EMP010,Patricia Taylor,DEPT010,Executive Management,2025-05-13,2025-06-10,None,USD,PT003,Net 30,409670.9,73740.76,0,483411.66,Pending Approval,Draft,None,None,Not Received,FOB Destination,"358 Park Blvd, Chicago, TX 81974",Keep in warehouse,2025-05-13T10:00:00Z,IT Team
960,PO0960,PO-2024-0960,VEND095,SKF Group,EMP013,Kevin Moore,DEPT003,Operations,2024-07-15,2024-08-15,2024-08-19,GBP,PT003,Net 30,167800.29,16780.03,77.78,184658.1,Open,Approved,EMP036,2024-07-18,Not Received,FOB Origin,"520 Park Blvd, New York, AZ 36665",Keep in warehouse,2024-07-15T17:00:00Z,Marketing Team
961,PO0961,PO-2026-0961,VEND025,ABB Ltd,EMP030,Elizabeth Miller,DEPT010,Executive Management,2026-01-25,2026-02-22,2026-02-24,GBP,PT002,Net 15,191797.83,19179.78,272.55,211250.16,Open,Approved,EMP031,2026-01-28,Not Received,FOB Destination,"235 Market St, Phoenix, NY 82540",Call before delivery,2026-01-25T17:00:00Z,Finance Team
962,PO0962,PO-2023-0962,VEND100,ZF Friedrichshafen AG,EMP008,Maria Garcia,DEPT008,Legal & Compliance,2023-11-09,2023-11-30,2023-12-03,USD,PT007,2/10 Net 30,196514.72,0,2796.51,199311.23,Closed,Approved,EMP036,2023-11-10,Fully Received,FOB Origin,"429 Park Blvd, Los Angeles, TX 28660",Call before delivery,2023-11-09T12:00:00Z,Sales Team
963,PO0963,PO-2025-0963,VEND024,Schneider Electric,EMP017,Michelle Chen,DEPT007,Marketing,2025-06-04,2025-07-05,2025-07-04,USD,PT005,Net 60,272911.74,49124.11,0,322035.85,Closed,Approved,EMP008,2025-06-11,Fully Received,Ex-Works,"846 Oak Ave, Houston, CA 18161",Expedite shipping,2025-06-04T11:00:00Z,Marketing Team
964,PO0964,PO-2026-0964,VEND025,ABB Ltd,EMP026,Amanda Thomas,DEPT006,Sales,2026-02-17,2026-03-30,2026-03-30,GBP,PT005,Net 60,64363.36,12872.67,1052.76,78288.79,Open,Approved,EMP014,2026-02-22,Not Received,FOB Origin,"914 Oak Ave, New York, TX 27774",Keep in warehouse,2026-02-17T15:00:00Z,HR Team
965,PO0965,PO-2024-0965,VEND082,Grainger Inc.,EMP022,Cynthia Lewis,DEPT002,Procurement,2024-12-21,2025-01-23,2025-01-21,GBP,PT002,Net 15,372550.21,67059.04,1100.92,440710.17,Partially Received,Rejected,None,None,Partially Received,FOB Destination,"385 Market St, Houston, NY 18015",Keep in warehouse,2024-12-21T12:00:00Z,HR Team
966,PO0966,PO-2023-0966,VEND015,Best Buy Corp,EMP017,Michelle Chen,DEPT007,Marketing,2023-06-12,2023-07-27,2023-07-27,INR,PT007,2/10 Net 30,464660.74,23233.04,729.39,488623.17,Closed,Approved,EMP015,2023-06-18,Fully Received,FOB Origin,"285 Main St, Chicago, TX 17005",Call before delivery,2023-06-12T11:00:00Z,Finance Team
967,PO0967,PO-2023-0967,VEND024,Schneider Electric,EMP018,Andrew Kim,DEPT008,Legal & Compliance,2023-10-30,2023-12-08,2023-12-05,USD,PT004,Net 45,148965.64,26813.82,412.99,176192.45,Open,Approved,EMP023,2023-11-06,Not Received,Ex-Works,"991 Park Blvd, Los Angeles, IL 17114",Expedite shipping,2023-10-30T10:00:00Z,HR Team
968,PO0968,PO-2024-0968,VEND068,Securitas AB,EMP014,Lisa Johnson,DEPT004,Information Technology,2024-03-27,2024-04-14,2024-04-14,EUR,PT005,Net 60,334520.82,33452.08,4747.67,372720.57,Pending Approval,Approved,EMP032,2024-04-03,Not Received,Ex-Works,"427 Oak Ave, Phoenix, TX 34440",Urgent,2024-03-27T14:00:00Z,Marketing Team
969,PO0969,PO-2025-0969,VEND083,MSC Industrial Direct,EMP025,Jason Harris,DEPT005,Human Resources,2025-11-01,2025-11-22,2025-11-27,SEK,PT007,2/10 Net 30,228012.13,0,4185.19,232197.32,Closed,Approved,EMP001,2025-11-05,Fully Received,Ex-Works,"996 Main St, Phoenix, AZ 82067",,2025-11-01T15:00:00Z,IT Team
970,PO0970,PO-2023-0970,VEND080,Ecolab Inc.,EMP002,Sarah Williams,DEPT002,Procurement,2023-09-22,2023-10-27,None,INR,PT002,Net 15,154995.01,0,0,154995.01,Closed,Approved,EMP010,2023-09-26,Fully Received,CIF,"745 Main St, Chicago, CA 34814",Keep in warehouse,2023-09-22T12:00:00Z,Sales Team
971,PO0971,PO-2026-0971,VEND034,C.H. Robinson Worldwide,EMP025,Jason Harris,DEPT005,Human Resources,2026-10-29,2026-12-05,2026-12-02,SEK,PT005,Net 60,318249.48,0,1030.48,319279.96,Cancelled,Approved,EMP009,2026-11-01,Not Received,FOB Destination,"303 Main St, Houston, TX 26460",Expedite shipping,2026-10-29T17:00:00Z,Marketing Team
972,PO0972,PO-2023-0972,VEND099,Bridgestone Americas,EMP006,Amanda Lee,DEPT006,Sales,2023-12-31,2024-01-26,2024-01-23,USD,PT005,Net 60,331150.55,16557.53,4501.57,352209.65,Pending Approval,Approved,EMP008,2024-01-07,Not Received,FOB Origin,"945 Market St, Houston, NY 63929",Expedite shipping,2023-12-31T17:00:00Z,Procurement Team
973,PO0973,PO-2025-0973,VEND080,Ecolab Inc.,EMP039,David Nguyen,DEPT009,Warehouse & Logistics,2025-08-23,2025-09-10,None,INR,PT006,Net 90,320115.74,0,829.3,320945.04,Pending Approval,Rejected,None,None,Not Received,FOB Origin,"475 Main St, Houston, NY 51052",Expedite shipping,2025-08-23T10:00:00Z,Marketing Team
974,PO0974,PO-2023-0974,VEND051,Thomson Reuters,EMP014,Lisa Johnson,DEPT004,Information Technology,2023-11-12,2023-12-23,2023-12-27,USD,PT007,2/10 Net 30,492924.53,98584.91,3256.65,594766.09,Open,Approved,EMP016,2023-11-15,Not Received,Ex-Works,"282 Market St, New York, CA 24489",Urgent,2023-11-12T16:00:00Z,Procurement Team
975,PO0975,PO-2026-0975,VEND066,Jones Lang LaSalle,EMP017,Michelle Chen,DEPT007,Marketing,2026-02-26,2026-04-11,2026-04-08,CHF,PT004,Net 45,85919.89,15465.58,3737.37,105122.84,Open,Approved,EMP033,2026-03-01,Not Received,CIF,"663 Oak Ave, New York, TX 91640",,2026-02-26T08:00:00Z,Finance Team
976,PO0976,PO-2024-0976,VEND046,Lenovo Group Limited,EMP035,Joseph Wilson,DEPT005,Human Resources,2024-07-13,2024-07-29,2024-07-29,INR,PT002,Net 15,113789.52,5689.48,695.29,120174.29,Open,Approved,EMP038,2024-07-16,Not Received,Ex-Works,"276 Park Blvd, Houston, TX 28281",Call before delivery,2024-07-13T16:00:00Z,Finance Team
977,PO0977,PO-2024-0977,VEND017,Pinnacle Partners,EMP003,Michael Johnson,DEPT003,Operations,2024-08-25,2024-09-28,2024-10-02,CHF,PT007,2/10 Net 30,399133.37,39913.34,0,439046.71,Closed,Approved,EMP031,2024-08-28,Fully Received,Ex-Works,"927 Market St, Chicago, CA 58891",,2024-08-25T10:00:00Z,Sales Team
978,PO0978,PO-2024-0978,VEND075,T-Mobile for Business,EMP031,Charles Robinson,DEPT001,Finance,2024-10-03,2024-11-10,None,GBP,PT003,Net 30,212064.22,0,0,212064.22,Pending Approval,Approved,EMP010,2024-10-06,Not Received,FOB Origin,"596 Park Blvd, Chicago, TX 17905",Call before delivery,2024-10-03T13:00:00Z,Procurement Team
979,PO0979,PO-2023-0979,VEND033,Maersk Line,EMP009,Thomas Brown,DEPT009,Warehouse & Logistics,2023-05-18,2023-06-07,2023-06-08,SEK,PT002,Net 15,257771.82,46398.93,146.84,304317.59,Closed,Approved,EMP022,2023-05-20,Fully Received,FOB Destination,"473 Main St, Phoenix, IL 34720",Call before delivery,2023-05-18T08:00:00Z,Sales Team
980,PO0980,PO-2026-0980,VEND063,McDonald's Corporate,EMP031,Charles Robinson,DEPT001,Finance,2026-08-01,2026-08-29,2026-08-31,EUR,PT005,Net 60,331654.19,59697.75,0,391351.94,Closed,Approved,EMP005,2026-08-08,Fully Received,CIF,"834 Market St, Chicago, AZ 93483",Expedite shipping,2026-08-01T08:00:00Z,Procurement Team
981,PO0981,PO-2025-0981,VEND037,Atlas Air Worldwide,EMP035,Joseph Wilson,DEPT005,Human Resources,2025-05-19,2025-06-06,2025-06-11,CHF,PT003,Net 30,344509.77,34450.98,0,378960.75,Pending Approval,Approved,EMP021,2025-05-20,Not Received,FOB Destination,"612 Oak Ave, Phoenix, CA 37698",Urgent,2025-05-19T12:00:00Z,HR Team
982,PO0982,PO-2026-0982,VEND029,Rockwell Automation,EMP038,Stephanie Hall,DEPT008,Legal & Compliance,2026-10-15,2026-11-05,2026-11-01,USD,PT006,Net 90,300649.81,15032.49,2190.06,317872.36,Cancelled,Submitted,None,None,Not Received,FOB Origin,"171 Park Blvd, Phoenix, AZ 73657",Call before delivery,2026-10-15T09:00:00Z,IT Team
983,PO0983,PO-2025-0983,VEND091,Ingersoll Rand,EMP024,Kimberly White,DEPT004,Information Technology,2025-10-05,2025-11-14,2025-11-11,GBP,PT006,Net 90,415253.4,41525.34,0,456778.74,Closed,Approved,EMP003,2025-10-12,Fully Received,Ex-Works,"252 Oak Ave, Los Angeles, AZ 76663",Call before delivery,2025-10-05T12:00:00Z,HR Team
984,PO0984,PO-2026-0984,VEND006,Amazon Business,EMP021,Brian Thompson,DEPT001,Finance,2026-05-02,2026-05-26,None,SEK,PT001,Immediate,185898.41,18589.84,3704.57,208192.82,Closed,Draft,None,None,Fully Received,FOB Destination,"749 Oak Ave, Los Angeles, CA 50013",Call before delivery,2026-05-02T14:00:00Z,Finance Team
985,PO0985,PO-2023-0985,VEND065,Sodexo S.A.,EMP018,Andrew Kim,DEPT008,Legal & Compliance,2023-02-17,2023-03-23,None,INR,PT005,Net 60,49330.91,2466.55,2920.4,54717.86,Open,Approved,EMP029,2023-02-18,Not Received,FOB Origin,"277 Market St, Phoenix, TX 13164",Expedite shipping,2023-02-17T13:00:00Z,Procurement Team
986,PO0986,PO-2023-0986,VEND093,Regal Beloit Corporation,EMP038,Stephanie Hall,DEPT008,Legal & Compliance,2023-12-02,2023-12-19,2023-12-19,CHF,PT003,Net 30,229130.08,22913.01,2785.67,254828.76,Open,Approved,EMP010,2023-12-08,Not Received,CIF,"894 Market St, New York, IL 16010",Expedite shipping,2023-12-02T10:00:00Z,Finance Team
987,PO0987,PO-2026-0987,VEND056,PricewaterhouseCoopers LLP,EMP022,Cynthia Lewis,DEPT002,Procurement,2026-09-11,2026-09-29,2026-10-02,EUR,PT005,Net 60,315947.51,15797.38,1316.47,333061.36,Open,Approved,EMP017,2026-09-12,Not Received,FOB Origin,"127 Main St, Chicago, CA 25356",Call before delivery,2026-09-11T08:00:00Z,Sales Team
988,PO0988,PO-2025-0988,VEND078,Cintas Corporation,EMP019,Rachel Rodriguez,DEPT009,Warehouse & Logistics,2025-05-06,2025-06-08,2025-06-09,USD,PT005,Net 60,318212.19,31821.22,2191.03,352224.44,Open,Approved,EMP027,2025-05-10,Not Received,Ex-Works,"849 Market St, New York, AZ 61812",Expedite shipping,2025-05-06T09:00:00Z,IT Team
989,PO0989,PO-2024-0989,VEND058,KPMG LLP,EMP010,Patricia Taylor,DEPT010,Executive Management,2024-05-31,2024-07-08,None,GBP,PT003,Net 30,339818.13,0,0,339818.13,Open,Approved,EMP037,2024-06-02,Not Received,Ex-Works,"213 Main St, Chicago, IL 78294",Expedite shipping,2024-05-31T08:00:00Z,Marketing Team
990,PO0990,PO-2026-0990,VEND036,Kuehne + Nagel,EMP013,Kevin Moore,DEPT003,Operations,2026-01-12,2026-02-19,2026-02-16,INR,PT006,Net 90,469242.34,46924.23,0,516166.57,Closed,Approved,EMP013,2026-01-18,Fully Received,CIF,"821 Oak Ave, Houston, IL 53042",Keep in warehouse,2026-01-12T10:00:00Z,Procurement Team
991,PO0991,PO-2023-0991,VEND085,Fastenal Company,EMP029,Jennifer Lee,DEPT009,Warehouse & Logistics,2023-04-06,2023-05-08,2023-05-12,SEK,PT003,Net 30,451128.5,81203.13,4442.5,536774.13,Closed,Approved,EMP040,2023-04-12,Fully Received,FOB Destination,"827 Park Blvd, Los Angeles, IL 63400",Keep in warehouse,2023-04-06T14:00:00Z,Sales Team
992,PO0992,PO-2025-0992,VEND062,Accenture PLC,EMP035,Joseph Wilson,DEPT005,Human Resources,2025-04-11,2025-05-03,None,USD,PT006,Net 90,194114.89,19411.49,0,213526.38,Closed,Approved,EMP012,2025-04-15,Fully Received,Ex-Works,"977 Park Blvd, Phoenix, TX 81015",Expedite shipping,2025-04-11T14:00:00Z,Procurement Team
993,PO0993,PO-2023-0993,VEND051,Thomson Reuters,EMP005,Robert Kim,DEPT005,Human Resources,2023-07-07,2023-08-07,2023-08-11,USD,PT003,Net 30,498283.38,49828.34,0,548111.72,Partially Received,Approved,EMP014,2023-07-08,Partially Received,CIF,"832 Main St, Chicago, CA 47581",Keep in warehouse,2023-07-07T14:00:00Z,Marketing Team
994,PO0994,PO-2023-0994,VEND008,DHL Express,EMP032,Susan Clark,DEPT002,Procurement,2023-09-13,2023-10-24,2023-10-19,INR,PT005,Net 60,82427.03,16485.41,48.98,98961.42,Closed,Approved,EMP016,2023-09-20,Fully Received,FOB Destination,"467 Market St, Houston, CA 77030",Call before delivery,2023-09-13T12:00:00Z,Procurement Team
995,PO0995,PO-2024-0995,VEND039,Oracle Corporation,EMP038,Stephanie Hall,DEPT008,Legal & Compliance,2024-03-04,2024-03-27,None,CHF,PT004,Net 45,282218.03,50799.25,2009.4,335026.68,Closed,Approved,EMP038,2024-03-05,Fully Received,FOB Origin,"284 Main St, Los Angeles, IL 82284",,2024-03-04T17:00:00Z,Sales Team
996,PO0996,PO-2025-0996,VEND013,Quick Logistics,EMP040,Melissa Torres,DEPT010,Executive Management,2025-06-01,2025-07-15,2025-07-15,GBP,PT001,Immediate,258306.29,25830.63,0,284136.92,Pending Approval,Rejected,None,None,Not Received,CIF,"892 Market St, Houston, CA 48092",Call before delivery,2025-06-01T08:00:00Z,Sales Team
997,PO0997,PO-2026-0997,VEND024,Schneider Electric,EMP019,Rachel Rodriguez,DEPT009,Warehouse & Logistics,2026-01-22,2026-03-02,2026-03-03,USD,PT001,Immediate,445771.4,0,4633.07,450404.47,Closed,Approved,EMP003,2026-01-25,Fully Received,Ex-Works,"288 Oak Ave, Phoenix, IL 92873",,2026-01-22T08:00:00Z,Procurement Team
998,PO0998,PO-2024-0998,VEND050,Festo AG & Co. KG,EMP025,Jason Harris,DEPT005,Human Resources,2024-05-15,2024-06-25,2024-06-25,INR,PT006,Net 90,84425.37,16885.07,0,101310.44,Partially Received,Rejected,None,None,Partially Received,FOB Destination,"729 Main St, Chicago, IL 42583",Call before delivery,2024-05-15T08:00:00Z,IT Team
999,PO0999,PO-2026-0999,VEND002,Samira Hadid,EMP026,Amanda Thomas,DEPT006,Sales,2026-10-20,2026-11-16,None,INR,PT004,Net 45,298323.83,14916.19,0,313240.02,Open,Approved,EMP010,2026-10-22,Not Received,Ex-Works,"237 Park Blvd, Los Angeles, NY 95279",Urgent,2026-10-20T16:00:00Z,Procurement Team
1000,PO1000,PO-2024-1000,VEND038,Penske Logistics,EMP002,Sarah Williams,DEPT002,Procurement,2024-11-26,2025-01-02,2025-01-02,SEK,PT005,Net 60,96365.87,17345.86,1614.03,115325.76,Pending Approval,Approved,EMP015,2024-12-02,Not Received,FOB Origin,"869 Park Blvd, Houston, AZ 91409",Expedite shipping,2024-11-26T12:00:00Z,Procurement Team
1001,PO1001,PO-2025-1001,VEND093,Regal Beloit Corporation,EMP023,Richard Martinez,DEPT003,Operations,2025-02-22,2025-03-09,2025-03-13,CHF,PT005,Net 60,17813.2,1781.32,721.31,20315.83,Closed,Approved,EMP016,2025-02-27,Fully Received,Ex-Works,"667 Main St, New York, TX 92957",Expedite shipping,2025-02-22T09:00:00Z,Sales Team
1002,PO1002,PO-2023-1002,VEND064,Aramark Corporation,EMP035,Joseph Wilson,DEPT005,Human Resources,2023-09-30,2023-11-06,2023-11-03,EUR,PT001,Immediate,410985.05,41098.5,3922.91,456006.46,Open,Submitted,None,None,Not Received,FOB Origin,"696 Oak Ave, New York, CA 76387",Keep in warehouse,2023-09-30T08:00:00Z,Finance Team
1003,PO1003,PO-2026-1003,VEND042,"VMware, Inc.",EMP036,Kimberly Wright,DEPT006,Sales,2026-01-31,2026-03-14,2026-03-11,SEK,PT007,2/10 Net 30,124939.94,0,1030.39,125970.33,Closed,Approved,EMP030,2026-02-04,Fully Received,FOB Destination,"219 Market St, Los Angeles, TX 98089",Expedite shipping,2026-01-31T16:00:00Z,HR Team
1004,PO1004,PO-2026-1004,VEND017,Pinnacle Partners,EMP028,Peter Garcia,DEPT008,Legal & Compliance,2026-02-27,2026-04-01,2026-03-29,CHF,PT003,Net 30,197208.54,9860.43,0,207068.97,Pending Approval,Approved,EMP038,2026-03-03,Not Received,FOB Destination,"643 Oak Ave, New York, NY 70781",Expedite shipping,2026-02-27T13:00:00Z,IT Team
1005,PO1005,PO-2025-1005,VEND089,DeWalt Industrial Tool Co.,EMP019,Rachel Rodriguez,DEPT009,Warehouse & Logistics,2025-03-08,2025-04-04,2025-04-08,INR,PT003,Net 30,308702.95,15435.15,4147.53,328285.63,Open,Approved,EMP006,2025-03-12,Not Received,FOB Origin,"594 Main St, Chicago, CA 84538",Urgent,2025-03-08T16:00:00Z,HR Team
1006,PO1006,PO-2023-1006,VEND042,"VMware, Inc.",EMP024,Kimberly White,DEPT004,Information Technology,2023-12-23,2024-01-10,2024-01-12,SEK,PT001,Immediate,498541.35,24927.07,0,523468.42,Open,Approved,EMP005,2023-12-24,Not Received,Ex-Works,"920 Oak Ave, New York, TX 35947",,2023-12-23T10:00:00Z,Procurement Team
1007,PO1007,PO-2024-1007,VEND057,Ernst & Young LLP,EMP027,Nancy Davis,DEPT007,Marketing,2024-01-18,2024-02-04,2024-02-01,INR,PT002,Net 15,317673.22,15883.66,2968.1,336524.98,Pending Approval,Approved,EMP001,2024-01-24,Not Received,FOB Destination,"771 Market St, New York, TX 83483",Call before delivery,2024-01-18T16:00:00Z,Finance Team
1008,PO1008,PO-2023-1008,VEND038,Penske Logistics,EMP034,Angela Martinez,DEPT004,Information Technology,2023-12-26,2024-02-02,None,SEK,PT007,2/10 Net 30,247904.25,0,0,247904.25,Open,Approved,EMP002,2023-12-30,Not Received,Ex-Works,"971 Market St, Chicago, CA 56980",Keep in warehouse,2023-12-26T08:00:00Z,HR Team
1009,PO1009,PO-2025-1009,VEND088,Makita Corporation,EMP014,Lisa Johnson,DEPT004,Information Technology,2025-07-27,2025-09-06,2025-09-11,CHF,PT005,Net 60,41619.82,4161.98,0,45781.8,Open,Approved,EMP025,2025-07-30,Not Received,Ex-Works,"555 Market St, Houston, TX 87606",Call before delivery,2025-07-27T08:00:00Z,Procurement Team
1010,PO1010,PO-2023-1010,VEND001,ABCD & CO,EMP017,Michelle Chen,DEPT007,Marketing,2023-03-10,2023-04-23,2023-04-18,SEK,PT007,2/10 Net 30,176803.59,8840.18,0,185643.77,Closed,Draft,None,None,Fully Received,FOB Origin,"342 Oak Ave, Chicago, NY 40270",Expedite shipping,2023-03-10T16:00:00Z,Marketing Team
1011,PO1011,PO-2025-1011,VEND001,ABCD & CO,EMP019,Rachel Rodriguez,DEPT009,Warehouse & Logistics,2025-03-31,2025-04-18,2025-04-23,SEK,PT005,Net 60,422924.93,21146.25,0,444071.18,Closed,Submitted,None,None,Fully Received,FOB Destination,"255 Oak Ave, Houston, NY 98076",Call before delivery,2025-03-31T10:00:00Z,HR Team
1012,PO1012,PO-2026-1012,VEND087,Hilti Corporation,EMP035,Joseph Wilson,DEPT005,Human Resources,2026-01-08,2026-02-10,2026-02-05,CHF,PT001,Immediate,135675.94,13567.59,0,149243.53,Open,Approved,EMP029,2026-01-09,Not Received,CIF,"199 Oak Ave, Houston, CA 71148",Call before delivery,2026-01-08T12:00:00Z,Marketing Team
1013,PO1013,PO-2026-1013,VEND081,Kimberly-Clark Professional,EMP018,Andrew Kim,DEPT008,Legal & Compliance,2026-07-26,2026-09-09,2026-09-10,SEK,PT001,Immediate,132267.49,0,0,132267.49,Pending Approval,Approved,EMP038,2026-08-02,Not Received,Ex-Works,"996 Market St, Phoenix, IL 24602",,2026-07-26T17:00:00Z,Procurement Team
1014,PO1014,PO-2026-1014,VEND066,Jones Lang LaSalle,EMP015,Mark Davis,DEPT005,Human Resources,2026-01-16,2026-02-09,2026-02-07,CHF,PT001,Immediate,48458.67,2422.93,1227.17,52108.77,Cancelled,Approved,EMP015,2026-01-22,Not Received,FOB Destination,"986 Oak Ave, New York, CA 60093",,2026-01-16T15:00:00Z,HR Team
1015,PO1015,PO-2023-1015,VEND072,Republic Services,EMP018,Andrew Kim,DEPT008,Legal & Compliance,2023-08-06,2023-08-23,2023-08-21,SEK,PT005,Net 60,412192.42,41219.24,4054.55,457466.21,Closed,Draft,None,None,Fully Received,Ex-Works,"665 Oak Ave, Phoenix, NY 57497",,2023-08-06T10:00:00Z,IT Team
1016,PO1016,PO-2024-1016,VEND017,Pinnacle Partners,EMP030,Elizabeth Miller,DEPT010,Executive Management,2024-05-16,2024-06-22,2024-06-22,CHF,PT004,Net 45,21013.41,3782.41,0,24795.82,Closed,Approved,EMP025,2024-05-19,Fully Received,FOB Origin,"159 Park Blvd, Los Angeles, NY 34849",Keep in warehouse,2024-05-16T14:00:00Z,Sales Team
1017,PO1017,PO-2023-1017,VEND084,McMaster-Carr,EMP030,Elizabeth Miller,DEPT010,Executive Management,2023-12-18,2024-01-15,None,GBP,PT005,Net 60,396550.2,39655.02,4048.21,440253.43,Closed,Approved,EMP023,2023-12-21,Fully Received,FOB Origin,"358 Market St, Chicago, CA 28576",Keep in warehouse,2023-12-18T11:00:00Z,Sales Team
1018,PO1018,PO-2023-1018,VEND061,Bain & Company,EMP030,Elizabeth Miller,DEPT010,Executive Management,2023-07-01,2023-07-23,2023-07-24,INR,PT002,Net 15,104492.2,5224.61,0,109716.81,Pending Approval,Approved,EMP037,2023-07-02,Not Received,FOB Destination,"631 Park Blvd, Los Angeles, IL 26365",,2023-07-01T15:00:00Z,Procurement Team
1019,PO1019,PO-2024-1019,VEND092,Baldor Electric Company,EMP021,Brian Thompson,DEPT001,Finance,2024-03-17,2024-04-01,2024-03-31,CHF,PT006,Net 90,407345,73322.1,1790.72,482457.82,Closed,Approved,EMP029,2024-03-23,Fully Received,FOB Destination,"690 Oak Ave, Chicago, NY 32460",Urgent,2024-03-17T14:00:00Z,HR Team
1020,PO1020,PO-2026-1020,VEND032,UPS Supply Chain Solutions,EMP019,Rachel Rodriguez,DEPT009,Warehouse & Logistics,2026-01-29,2026-03-11,2026-03-08,EUR,PT001,Immediate,94268.99,16968.42,2641.4,113878.81,Open,Rejected,None,None,Not Received,Ex-Works,"142 Market St, New York, TX 44884",Call before delivery,2026-01-29T13:00:00Z,Finance Team
1021,PO1021,PO-2025-1021,VEND021,Johnson Controls,EMP024,Kimberly White,DEPT004,Information Technology,2025-04-16,2025-05-04,2025-05-06,USD,PT003,Net 30,173290.88,17329.09,2273.98,192893.95,Closed,Approved,EMP004,2025-04-23,Fully Received,FOB Origin,"377 Main St, Phoenix, CA 25765",Urgent,2025-04-16T13:00:00Z,IT Team
1022,PO1022,PO-2026-1022,VEND026,General Electric,EMP016,Steven Park,DEPT006,Sales,2026-07-18,2026-08-28,None,SEK,PT006,Net 90,15694.94,3138.99,34.02,18867.95,Closed,Approved,EMP027,2026-07-19,Fully Received,FOB Origin,"688 Park Blvd, Chicago, AZ 63573",Expedite shipping,2026-07-18T16:00:00Z,Procurement Team
1023,PO1023,PO-2026-1023,VEND040,SAP SE,EMP014,Lisa Johnson,DEPT004,Information Technology,2026-07-10,2026-07-25,None,INR,PT001,Immediate,428249.08,0,3688.69,431937.77,Open,Approved,EMP010,2026-07-17,Not Received,Ex-Works,"425 Main St, Chicago, TX 87576",Keep in warehouse,2026-07-10T11:00:00Z,Marketing Team
1024,PO1024,PO-2025-1024,VEND060,Boston Consulting Group,EMP006,Amanda Lee,DEPT006,Sales,2025-12-21,2026-01-21,None,SEK,PT003,Net 30,310992.42,15549.62,507.75,327049.79,Closed,Approved,EMP017,2025-12-23,Fully Received,Ex-Works,"870 Main St, Los Angeles, NY 25490",Call before delivery,2025-12-21T13:00:00Z,Finance Team
1025,PO1025,PO-2025-1025,VEND071,Waste Management Inc.,EMP028,Peter Garcia,DEPT008,Legal & Compliance,2025-01-25,2025-02-24,2025-02-24,EUR,PT001,Immediate,268873.09,48397.16,0,317270.25,Open,Approved,EMP040,2025-01-30,Not Received,FOB Destination,"127 Park Blvd, Phoenix, IL 55721",Keep in warehouse,2025-01-25T09:00:00Z,Finance Team
1026,PO1026,PO-2023-1026,VEND083,MSC Industrial Direct,EMP013,Kevin Moore,DEPT003,Operations,2023-09-17,2023-10-24,2023-10-21,SEK,PT007,2/10 Net 30,409065.86,20453.29,0,429519.15,Closed,Approved,EMP039,2023-09-18,Fully Received,FOB Origin,"613 Park Blvd, New York, NY 77260",Keep in warehouse,2023-09-17T11:00:00Z,IT Team
1027,PO1027,PO-2026-1027,VEND060,Boston Consulting Group,EMP029,Jennifer Lee,DEPT009,Warehouse & Logistics,2026-04-05,2026-04-20,2026-04-19,SEK,PT003,Net 30,264934.7,26493.47,1388.07,292816.24,Open,Approved,EMP007,2026-04-09,Not Received,FOB Origin,"658 Park Blvd, Los Angeles, TX 67549",Keep in warehouse,2026-04-05T17:00:00Z,HR Team
1028,PO1028,PO-2023-1028,VEND043,Cisco Systems Inc.,EMP029,Jennifer Lee,DEPT009,Warehouse & Logistics,2023-03-31,2023-04-21,None,GBP,PT002,Net 15,107422.43,21484.49,0,128906.92,Closed,Approved,EMP037,2023-04-05,Fully Received,Ex-Works,"802 Main St, Los Angeles, CA 79108",Expedite shipping,2023-03-31T14:00:00Z,IT Team
1029,PO1029,PO-2025-1029,VEND004,Dell Technologies,EMP021,Brian Thompson,DEPT001,Finance,2025-12-18,2026-01-28,2026-02-01,CHF,PT003,Net 30,14850.57,0,0,14850.57,Open,Approved,EMP034,2025-12-23,Not Received,Ex-Works,"388 Park Blvd, Houston, NY 60751",Urgent,2025-12-18T12:00:00Z,Sales Team
1030,PO1030,PO-2025-1030,VEND053,S&P Global Inc.,EMP007,James Wilson,DEPT007,Marketing,2025-03-24,2025-04-28,None,SEK,PT006,Net 90,260358.67,52071.73,126.54,312556.94,Partially Received,Approved,EMP023,2025-03-28,Partially Received,Ex-Works,"282 Park Blvd, Chicago, TX 84157",Call before delivery,2025-03-24T16:00:00Z,Sales Team
1031,PO1031,PO-2025-1031,VEND018,Summit Systems,EMP019,Rachel Rodriguez,DEPT009,Warehouse & Logistics,2025-09-16,2025-10-01,None,EUR,PT006,Net 90,14085.97,1408.6,1891.83,17386.4,Closed,Approved,EMP004,2025-09-17,Fully Received,Ex-Works,"600 Park Blvd, New York, AZ 40094",Expedite shipping,2025-09-16T10:00:00Z,Procurement Team
1032,PO1032,PO-2025-1032,VEND019,Vanguard Tech,EMP027,Nancy Davis,DEPT007,Marketing,2025-03-09,2025-04-15,2025-04-18,USD,PT003,Net 30,60632.91,6063.29,3296.42,69992.62,Closed,Rejected,None,None,Fully Received,FOB Destination,"740 Park Blvd, Phoenix, IL 13183",Expedite shipping,2025-03-09T12:00:00Z,HR Team
1033,PO1033,PO-2026-1033,VEND044,IBM Corporation,EMP011,Daniel Anderson,DEPT001,Finance,2026-10-30,2026-12-09,2026-12-09,SEK,PT001,Immediate,66070.07,0,2075.51,68145.58,Open,Submitted,None,None,Not Received,CIF,"403 Market St, Phoenix, NY 20838",,2026-10-30T17:00:00Z,Finance Team
1034,PO1034,PO-2023-1034,VEND055,Deloitte & Touche LLP,EMP036,Kimberly Wright,DEPT006,Sales,2023-01-14,2023-02-05,2023-02-05,EUR,PT003,Net 30,496673.09,49667.31,4350.89,550691.29,Closed,Approved,EMP021,2023-01-15,Fully Received,FOB Origin,"488 Oak Ave, Phoenix, NY 53201",Expedite shipping,2023-01-14T14:00:00Z,Procurement Team
1035,PO1035,PO-2026-1035,VEND085,Fastenal Company,EMP020,Laura Adams,DEPT010,Executive Management,2026-03-26,2026-04-14,None,SEK,PT004,Net 45,362895.8,36289.58,2663.05,401848.43,Open,Approved,EMP006,2026-03-28,Not Received,FOB Origin,"193 Market St, Los Angeles, AZ 35558",Urgent,2026-03-26T14:00:00Z,Marketing Team
1036,PO1036,PO-2024-1036,VEND042,"VMware, Inc.",EMP008,Maria Garcia,DEPT008,Legal & Compliance,2024-08-10,2024-09-24,2024-09-20,SEK,PT002,Net 15,330780.15,0,534.2,331314.35,Open,Submitted,None,None,Not Received,FOB Origin,"521 Oak Ave, Los Angeles, NY 51067",Keep in warehouse,2024-08-10T17:00:00Z,Marketing Team
1037,PO1037,PO-2025-1037,VEND088,Makita Corporation,EMP023,Richard Martinez,DEPT003,Operations,2025-01-14,2025-02-06,None,CHF,PT006,Net 90,137324.16,27464.83,0,164788.99,Closed,Approved,EMP006,2025-01-17,Fully Received,CIF,"420 Market St, Los Angeles, CA 26639",Urgent,2025-01-14T08:00:00Z,HR Team
1038,PO1038,PO-2024-1038,VEND059,McKinsey & Company,EMP014,Lisa Johnson,DEPT004,Information Technology,2024-07-21,2024-09-03,2024-08-30,CHF,PT001,Immediate,37790.61,0,1238.86,39029.47,Partially Received,Approved,EMP022,2024-07-23,Partially Received,CIF,"646 Oak Ave, Houston, NY 24958",Urgent,2024-07-21T14:00:00Z,IT Team
1039,PO1039,PO-2023-1039,VEND018,Summit Systems,EMP024,Kimberly White,DEPT004,Information Technology,2023-08-22,2023-09-12,2023-09-15,EUR,PT006,Net 90,359396.09,35939.61,0,395335.7,Open,Approved,EMP009,2023-08-24,Not Received,CIF,"124 Main St, New York, AZ 37798",Keep in warehouse,2023-08-22T15:00:00Z,Sales Team
1040,PO1040,PO-2026-1040,VEND072,Republic Services,EMP012,Jennifer Park,DEPT002,Procurement,2026-12-14,2027-01-06,2027-01-02,SEK,PT002,Net 15,63833.88,0,3537.33,67371.21,Closed,Approved,EMP040,2026-12-20,Fully Received,CIF,"202 Main St, New York, AZ 76676",Expedite shipping,2026-12-14T13:00:00Z,HR Team
1041,PO1041,PO-2024-1041,VEND004,Dell Technologies,EMP037,Christopher Lee,DEPT007,Marketing,2024-10-31,2024-11-23,2024-11-22,CHF,PT005,Net 60,51688.83,10337.77,1452.24,63478.84,Pending Approval,Approved,EMP027,2024-11-03,Not Received,FOB Origin,"145 Main St, Chicago, AZ 68032",Call before delivery,2024-10-31T14:00:00Z,IT Team
1042,PO1042,PO-2024-1042,VEND017,Pinnacle Partners,EMP032,Susan Clark,DEPT002,Procurement,2024-06-20,2024-07-19,None,CHF,PT004,Net 45,164930.34,8246.52,3486.77,176663.63,Open,Approved,EMP016,2024-06-25,Not Received,FOB Destination,"961 Main St, Houston, NY 50894",Keep in warehouse,2024-06-20T14:00:00Z,HR Team
1043,PO1043,PO-2025-1043,VEND047,Apple Inc.,EMP009,Thomas Brown,DEPT009,Warehouse & Logistics,2025-10-07,2025-11-20,2025-11-24,GBP,PT006,Net 90,65570.6,0,0,65570.6,Open,Approved,EMP030,2025-10-11,Not Received,Ex-Works,"760 Main St, Chicago, AZ 16311",Urgent,2025-10-07T14:00:00Z,IT Team
1044,PO1044,PO-2024-1044,VEND097,Goodyear Tire & Rubber,EMP002,Sarah Williams,DEPT002,Procurement,2024-04-07,2024-04-25,2024-04-28,GBP,PT003,Net 30,296781.71,14839.09,139.48,311760.28,Closed,Approved,EMP031,2024-04-09,Fully Received,Ex-Works,"831 Park Blvd, New York, AZ 68418",Urgent,2024-04-07T17:00:00Z,IT Team
1045,PO1045,PO-2024-1045,VEND003,IMPORTING COMPANY,EMP028,Peter Garcia,DEPT008,Legal & Compliance,2024-11-02,2024-11-30,2024-11-25,GBP,PT004,Net 45,362167.21,36216.72,0,398383.93,Open,Approved,EMP008,2024-11-05,Not Received,FOB Destination,"228 Main St, Houston, IL 66489",Expedite shipping,2024-11-02T10:00:00Z,Marketing Team
1046,PO1046,PO-2024-1046,VEND031,FedEx Corporation,EMP036,Kimberly Wright,DEPT006,Sales,2024-04-22,2024-05-11,2024-05-06,SEK,PT002,Net 15,424731.74,0,0,424731.74,Partially Received,Submitted,None,None,Partially Received,Ex-Works,"702 Park Blvd, Phoenix, NY 14512",Keep in warehouse,2024-04-22T15:00:00Z,IT Team
1047,PO1047,PO-2025-1047,VEND089,DeWalt Industrial Tool Co.,EMP028,Peter Garcia,DEPT008,Legal & Compliance,2025-06-28,2025-07-25,None,INR,PT002,Net 15,468319.8,0,1304.66,469624.46,Open,Approved,EMP011,2025-07-05,Not Received,CIF,"138 Main St, Chicago, NY 27071",Expedite shipping,2025-06-28T10:00:00Z,HR Team
1048,PO1048,PO-2026-1048,VEND062,Accenture PLC,EMP005,Robert Kim,DEPT005,Human Resources,2026-02-06,2026-02-26,2026-02-22,USD,PT003,Net 30,272164.12,27216.41,0,299380.53,Cancelled,Approved,EMP029,2026-02-13,Not Received,FOB Origin,"579 Market St, Los Angeles, NY 20847",,2026-02-06T16:00:00Z,Marketing Team
1049,PO1049,PO-2025-1049,VEND047,Apple Inc.,EMP028,Peter Garcia,DEPT008,Legal & Compliance,2025-11-26,2025-12-26,2025-12-28,GBP,PT004,Net 45,202846.23,36512.32,0,239358.55,Partially Received,Approved,EMP006,2025-12-01,Partially Received,FOB Origin,"552 Market St, New York, IL 40848",,2025-11-26T15:00:00Z,Procurement Team
1050,PO1050,PO-2025-1050,VEND080,Ecolab Inc.,EMP026,Amanda Thomas,DEPT006,Sales,2025-06-17,2025-07-12,2025-07-09,INR,PT006,Net 90,327150.26,32715.03,1227.28,361092.57,Open,Approved,EMP031,2025-06-23,Not Received,Ex-Works,"358 Oak Ave, Phoenix, TX 27003",,2025-06-17T14:00:00Z,Sales Team
1051,PO1051,PO-2024-1051,VEND050,Festo AG & Co. KG,EMP018,Andrew Kim,DEPT008,Legal & Compliance,2024-11-30,2025-01-04,2025-01-06,INR,PT002,Net 15,22396.54,2239.65,0,24636.19,Closed,Approved,EMP010,2024-12-01,Fully Received,FOB Destination,"348 Park Blvd, New York, AZ 32932",Call before delivery,2024-11-30T10:00:00Z,Sales Team
1052,PO1052,PO-2023-1052,VEND082,Grainger Inc.,EMP006,Amanda Lee,DEPT006,Sales,2023-04-28,2023-05-28,None,GBP,PT006,Net 90,263365.3,52673.06,2482.96,318521.32,Open,Approved,EMP018,2023-05-01,Not Received,FOB Destination,"760 Main St, Houston, IL 19966",,2023-04-28T17:00:00Z,Finance Team
1053,PO1053,PO-2026-1053,VEND042,"VMware, Inc.",EMP035,Joseph Wilson,DEPT005,Human Resources,2026-03-20,2026-04-20,2026-04-20,SEK,PT002,Net 15,359195.11,71839.02,1773.36,432807.49,Closed,Approved,EMP027,2026-03-21,Fully Received,CIF,"794 Oak Ave, Phoenix, AZ 53375",Keep in warehouse,2026-03-20T17:00:00Z,Procurement Team
1054,PO1054,PO-2023-1054,VEND096,Gates Corporation,EMP039,David Nguyen,DEPT009,Warehouse & Logistics,2023-06-28,2023-08-10,2023-08-13,EUR,PT004,Net 45,305116.03,0,1628.05,306744.08,Cancelled,Approved,EMP010,2023-06-29,Not Received,FOB Destination,"402 Market St, New York, TX 32730",Call before delivery,2023-06-28T08:00:00Z,Finance Team
1055,PO1055,PO-2025-1055,VEND007,Staples Inc.,EMP012,Jennifer Park,DEPT002,Procurement,2025-02-06,2025-03-07,2025-03-09,EUR,PT001,Immediate,271272.43,0,0,271272.43,Open,Approved,EMP016,2025-02-12,Not Received,CIF,"956 Main St, Los Angeles, TX 52899",Call before delivery,2025-02-06T15:00:00Z,Finance Team
1056,PO1056,PO-2025-1056,VEND048,Cummins Inc.,EMP036,Kimberly Wright,DEPT006,Sales,2025-10-12,2025-11-10,2025-11-12,EUR,PT005,Net 60,434801.72,86960.34,0,521762.06,Closed,Approved,EMP005,2025-10-16,Fully Received,FOB Origin,"261 Main St, New York, NY 71586",,2025-10-12T09:00:00Z,Marketing Team
1057,PO1057,PO-2023-1057,VEND061,Bain & Company,EMP006,Amanda Lee,DEPT006,Sales,2023-09-16,2023-10-18,2023-10-19,INR,PT007,2/10 Net 30,28810.23,0,4797.21,33607.44,Open,Approved,EMP031,2023-09-20,Not Received,Ex-Works,"921 Park Blvd, Phoenix, IL 30598",Call before delivery,2023-09-16T10:00:00Z,Procurement Team
1058,PO1058,PO-2023-1058,VEND087,Hilti Corporation,EMP016,Steven Park,DEPT006,Sales,2023-05-12,2023-06-11,2023-06-10,CHF,PT002,Net 15,436799.23,21839.96,1352.88,459992.07,Open,Draft,None,None,Not Received,FOB Origin,"634 Main St, Houston, IL 37202",Call before delivery,2023-05-12T11:00:00Z,IT Team
1059,PO1059,PO-2024-1059,VEND089,DeWalt Industrial Tool Co.,EMP027,Nancy Davis,DEPT007,Marketing,2024-07-07,2024-08-19,2024-08-21,INR,PT003,Net 30,257399.02,46331.82,3375.2,307106.04,Closed,Approved,EMP017,2024-07-11,Fully Received,Ex-Works,"773 Oak Ave, Phoenix, AZ 47661",Keep in warehouse,2024-07-07T14:00:00Z,IT Team
1060,PO1060,PO-2026-1060,VEND090,Snap-on Incorporated,EMP011,Daniel Anderson,DEPT001,Finance,2026-06-25,2026-08-05,2026-08-06,GBP,PT006,Net 90,264372.76,52874.55,0,317247.31,Partially Received,Approved,EMP008,2026-07-01,Partially Received,CIF,"630 Oak Ave, Houston, NY 94582",Expedite shipping,2026-06-25T09:00:00Z,Sales Team
1061,PO1061,PO-2026-1061,VEND086,W.W. Grainger International,EMP036,Kimberly Wright,DEPT006,Sales,2026-04-17,2026-05-28,None,EUR,PT004,Net 45,374029.67,37402.97,0,411432.64,Closed,Approved,EMP021,2026-04-23,Fully Received,CIF,"253 Park Blvd, New York, AZ 14380",,2026-04-17T14:00:00Z,HR Team
1062,PO1062,PO-2026-1062,VEND093,Regal Beloit Corporation,EMP016,Steven Park,DEPT006,Sales,2026-06-17,2026-07-26,None,CHF,PT001,Immediate,305226.19,61045.24,0,366271.43,Open,Rejected,None,None,Not Received,CIF,"822 Oak Ave, Houston, CA 54276",Expedite shipping,2026-06-17T15:00:00Z,Finance Team
1063,PO1063,PO-2023-1063,VEND033,Maersk Line,EMP035,Joseph Wilson,DEPT005,Human Resources,2023-06-13,2023-07-20,2023-07-23,SEK,PT007,2/10 Net 30,415056.22,20752.81,0,435809.03,Closed,Submitted,None,None,Fully Received,FOB Destination,"126 Market St, New York, CA 94468",Keep in warehouse,2023-06-13T12:00:00Z,Procurement Team
1064,PO1064,PO-2026-1064,VEND015,Best Buy Corp,EMP028,Peter Garcia,DEPT008,Legal & Compliance,2026-01-17,2026-02-09,None,INR,PT003,Net 30,228829.15,11441.46,4906.63,245177.24,Open,Approved,EMP016,2026-01-23,Not Received,FOB Origin,"185 Oak Ave, New York, AZ 40371",Keep in warehouse,2026-01-17T09:00:00Z,HR Team
1065,PO1065,PO-2024-1065,VEND018,Summit Systems,EMP014,Lisa Johnson,DEPT004,Information Technology,2024-02-03,2024-03-09,2024-03-10,EUR,PT001,Immediate,44910.32,4491.03,0,49401.35,Partially Received,Approved,EMP005,2024-02-05,Partially Received,FOB Destination,"970 Market St, Chicago, CA 23865",Expedite shipping,2024-02-03T17:00:00Z,Procurement Team
1066,PO1066,PO-2026-1066,VEND096,Gates Corporation,EMP011,Daniel Anderson,DEPT001,Finance,2026-10-12,2026-11-07,2026-11-07,EUR,PT005,Net 60,492278.72,98455.74,0,590734.46,Partially Received,Approved,EMP039,2026-10-15,Partially Received,FOB Origin,"638 Oak Ave, Phoenix, NY 49788",,2026-10-12T15:00:00Z,Sales Team
1067,PO1067,PO-2023-1067,VEND091,Ingersoll Rand,EMP039,David Nguyen,DEPT009,Warehouse & Logistics,2023-09-04,2023-09-27,2023-10-02,GBP,PT006,Net 90,142758.5,0,2195.4,144953.9,Pending Approval,Approved,EMP012,2023-09-10,Not Received,FOB Destination,"811 Oak Ave, Chicago, CA 39885",Call before delivery,2023-09-04T11:00:00Z,HR Team
1068,PO1068,PO-2023-1068,VEND008,DHL Express,EMP033,Timothy Rodriguez,DEPT003,Operations,2023-10-25,2023-11-23,2023-11-24,INR,PT007,2/10 Net 30,202545.2,10127.26,0,212672.46,Closed,Draft,None,None,Fully Received,CIF,"853 Oak Ave, New York, AZ 58729",Expedite shipping,2023-10-25T12:00:00Z,HR Team
1069,PO1069,PO-2025-1069,VEND003,IMPORTING COMPANY,EMP014,Lisa Johnson,DEPT004,Information Technology,2025-08-21,2025-10-05,2025-10-07,GBP,PT007,2/10 Net 30,134059.9,0,1691.78,135751.68,Open,Approved,EMP017,2025-08-27,Not Received,Ex-Works,"297 Market St, Phoenix, TX 63270",Call before delivery,2025-08-21T17:00:00Z,HR Team
1070,PO1070,PO-2025-1070,VEND064,Aramark Corporation,EMP013,Kevin Moore,DEPT003,Operations,2025-05-29,2025-07-04,2025-07-08,EUR,PT002,Net 15,45728.78,4572.88,4757.94,55059.6,Partially Received,Approved,EMP001,2025-06-03,Partially Received,Ex-Works,"653 Oak Ave, New York, TX 17702",Keep in warehouse,2025-05-29T13:00:00Z,IT Team
1071,PO1071,PO-2023-1071,VEND004,Dell Technologies,EMP010,Patricia Taylor,DEPT010,Executive Management,2023-06-07,2023-07-12,2023-07-14,CHF,PT003,Net 30,465724.48,0,4329.37,470053.85,Open,Approved,EMP002,2023-06-14,Not Received,Ex-Works,"243 Main St, Chicago, IL 25715",Keep in warehouse,2023-06-07T14:00:00Z,Procurement Team
1072,PO1072,PO-2025-1072,VEND091,Ingersoll Rand,EMP017,Michelle Chen,DEPT007,Marketing,2025-09-26,2025-10-17,None,GBP,PT001,Immediate,114649.75,20636.96,2052.91,137339.62,Cancelled,Approved,EMP020,2025-09-28,Not Received,FOB Origin,"612 Market St, Chicago, TX 82655",Keep in warehouse,2025-09-26T15:00:00Z,Finance Team
1073,PO1073,PO-2024-1073,VEND088,Makita Corporation,EMP024,Kimberly White,DEPT004,Information Technology,2024-10-30,2024-11-30,2024-11-30,CHF,PT007,2/10 Net 30,10193.87,509.69,17.81,10721.37,Pending Approval,Approved,EMP008,2024-11-06,Not Received,Ex-Works,"208 Park Blvd, Los Angeles, AZ 29709",Urgent,2024-10-30T13:00:00Z,Procurement Team
1074,PO1074,PO-2025-1074,VEND060,Boston Consulting Group,EMP025,Jason Harris,DEPT005,Human Resources,2025-11-14,2025-12-15,2025-12-10,SEK,PT001,Immediate,494328.58,24716.43,0,519045.01,Open,Approved,EMP033,2025-11-19,Not Received,FOB Destination,"745 Main St, Chicago, NY 72138",Keep in warehouse,2025-11-14T17:00:00Z,Finance Team
1075,PO1075,PO-2026-1075,VEND015,Best Buy Corp,EMP012,Jennifer Park,DEPT002,Procurement,2026-12-18,2027-01-29,2027-01-29,INR,PT006,Net 90,353185.5,70637.1,3232.39,427054.99,Partially Received,Approved,EMP024,2026-12-20,Partially Received,CIF,"303 Oak Ave, Los Angeles, NY 65121",Urgent,2026-12-18T08:00:00Z,Finance Team
1076,PO1076,PO-2026-1076,VEND010,Tech Solutions Ltd,EMP009,Thomas Brown,DEPT009,Warehouse & Logistics,2026-01-18,2026-02-24,None,USD,PT006,Net 90,22400.42,0,1367.31,23767.73,Closed,Approved,EMP007,2026-01-24,Fully Received,Ex-Works,"195 Main St, Los Angeles, CA 38441",,2026-01-18T14:00:00Z,HR Team
1077,PO1077,PO-2025-1077,VEND023,Caterpillar Inc.,EMP004,Jessica Martinez,DEPT004,Information Technology,2025-11-19,2025-12-06,2025-12-11,INR,PT001,Immediate,465422.1,46542.21,2784.32,514748.63,Open,Approved,EMP033,2025-11-25,Not Received,CIF,"557 Main St, Chicago, TX 36685",Expedite shipping,2025-11-19T10:00:00Z,IT Team
1078,PO1078,PO-2023-1078,VEND074,Verizon Business Group,EMP010,Patricia Taylor,DEPT010,Executive Management,2023-12-12,2024-01-01,2024-01-05,EUR,PT002,Net 15,149152.34,29830.47,0,178982.81,Open,Approved,EMP023,2023-12-19,Not Received,CIF,"700 Main St, Los Angeles, TX 73701",,2023-12-12T10:00:00Z,Procurement Team
1079,PO1079,PO-2023-1079,VEND006,Amazon Business,EMP022,Cynthia Lewis,DEPT002,Procurement,2023-06-03,2023-07-13,2023-07-15,SEK,PT002,Net 15,406874,73237.32,0,480111.32,Closed,Rejected,None,None,Fully Received,CIF,"913 Main St, Los Angeles, AZ 71731",Call before delivery,2023-06-03T17:00:00Z,Marketing Team
1080,PO1080,PO-2023-1080,VEND039,Oracle Corporation,EMP008,Maria Garcia,DEPT008,Legal & Compliance,2023-07-12,2023-08-20,2023-08-21,CHF,PT002,Net 15,112816.16,5640.81,2415.07,120872.04,Closed,Approved,EMP034,2023-07-15,Fully Received,FOB Origin,"628 Oak Ave, Los Angeles, NY 26315",,2023-07-12T16:00:00Z,Finance Team
1081,PO1081,PO-2023-1081,VEND008,DHL Express,EMP026,Amanda Thomas,DEPT006,Sales,2023-09-04,2023-10-12,2023-10-08,INR,PT004,Net 45,100061.58,20012.32,3116.49,123190.39,Partially Received,Approved,EMP007,2023-09-09,Partially Received,FOB Origin,"813 Park Blvd, Los Angeles, NY 90519",Keep in warehouse,2023-09-04T08:00:00Z,HR Team
1082,PO1082,PO-2024-1082,VEND024,Schneider Electric,EMP017,Michelle Chen,DEPT007,Marketing,2024-02-11,2024-03-11,None,USD,PT003,Net 30,15840.11,0,47.06,15887.17,Closed,Approved,EMP017,2024-02-17,Fully Received,CIF,"499 Oak Ave, New York, IL 72917",Keep in warehouse,2024-02-11T13:00:00Z,Marketing Team
1083,PO1083,PO-2023-1083,VEND054,"FTI Consulting, Inc.",EMP038,Stephanie Hall,DEPT008,Legal & Compliance,2023-08-23,2023-10-03,2023-09-28,USD,PT006,Net 90,237287.52,11864.38,3970.01,253121.91,Partially Received,Approved,EMP005,2023-08-24,Partially Received,Ex-Works,"563 Oak Ave, Houston, IL 48527",,2023-08-23T10:00:00Z,Sales Team
1084,PO1084,PO-2024-1084,VEND065,Sodexo S.A.,EMP019,Rachel Rodriguez,DEPT009,Warehouse & Logistics,2024-01-24,2024-02-12,2024-02-11,INR,PT007,2/10 Net 30,27097.48,2709.75,4773.99,34581.22,Open,Approved,EMP003,2024-01-27,Not Received,FOB Destination,"167 Oak Ave, Chicago, NY 14550",Keep in warehouse,2024-01-24T10:00:00Z,HR Team
1085,PO1085,PO-2025-1085,VEND092,Baldor Electric Company,EMP035,Joseph Wilson,DEPT005,Human Resources,2025-07-05,2025-08-14,2025-08-09,CHF,PT004,Net 45,487022.42,97404.48,0,584426.9,Closed,Approved,EMP037,2025-07-07,Fully Received,CIF,"454 Oak Ave, Houston, NY 84617",Keep in warehouse,2025-07-05T14:00:00Z,Sales Team
1086,PO1086,PO-2026-1086,VEND094,Timken Company,EMP034,Angela Martinez,DEPT004,Information Technology,2026-10-16,2026-11-08,None,SEK,PT007,2/10 Net 30,427684.1,85536.82,2149.81,515370.73,Closed,Approved,EMP004,2026-10-19,Fully Received,FOB Origin,"462 Park Blvd, Houston, AZ 86673",,2026-10-16T14:00:00Z,Finance Team
1087,PO1087,PO-2026-1087,VEND010,Tech Solutions Ltd,EMP034,Angela Martinez,DEPT004,Information Technology,2026-02-22,2026-03-16,2026-03-19,USD,PT002,Net 15,165872.43,0,472.65,166345.08,Closed,Approved,EMP030,2026-03-01,Fully Received,FOB Destination,"676 Main St, New York, AZ 80555",Call before delivery,2026-02-22T16:00:00Z,HR Team
1088,PO1088,PO-2026-1088,VEND025,ABB Ltd,EMP032,Susan Clark,DEPT002,Procurement,2026-06-16,2026-07-12,2026-07-13,GBP,PT001,Immediate,490612.58,88310.26,0,578922.84,Open,Approved,EMP001,2026-06-23,Not Received,Ex-Works,"690 Park Blvd, New York, TX 84534",,2026-06-16T10:00:00Z,Finance Team
1089,PO1089,PO-2024-1089,VEND016,New Horizons,EMP032,Susan Clark,DEPT002,Procurement,2024-01-19,2024-02-20,2024-02-25,GBP,PT007,2/10 Net 30,246731.01,24673.1,0,271404.11,Closed,Rejected,None,None,Fully Received,Ex-Works,"386 Oak Ave, Los Angeles, TX 48012",,2024-01-19T08:00:00Z,Sales Team
1090,PO1090,PO-2024-1090,VEND072,Republic Services,EMP015,Mark Davis,DEPT005,Human Resources,2024-01-25,2024-02-22,None,SEK,PT007,2/10 Net 30,64896.09,12979.22,0,77875.31,Open,Approved,EMP004,2024-02-01,Not Received,FOB Destination,"131 Market St, Chicago, CA 86850",Expedite shipping,2024-01-25T13:00:00Z,IT Team
1091,PO1091,PO-2026-1091,VEND012,Elite Services,EMP016,Steven Park,DEPT006,Sales,2026-10-31,2026-11-19,2026-11-19,SEK,PT005,Net 60,345984.03,17299.2,3467.81,366751.04,Pending Approval,Approved,EMP014,2026-11-03,Not Received,FOB Origin,"885 Park Blvd, Los Angeles, TX 98082",Keep in warehouse,2026-10-31T14:00:00Z,IT Team
1092,PO1092,PO-2025-1092,VEND053,S&P Global Inc.,EMP002,Sarah Williams,DEPT002,Procurement,2025-04-04,2025-05-15,2025-05-15,SEK,PT004,Net 45,475787.28,47578.73,1101.85,524467.86,Pending Approval,Rejected,None,None,Not Received,FOB Origin,"362 Park Blvd, Phoenix, AZ 25080",,2025-04-04T17:00:00Z,IT Team
1093,PO1093,PO-2026-1093,VEND077,Spectrum Business,EMP009,Thomas Brown,DEPT009,Warehouse & Logistics,2026-09-07,2026-09-27,2026-09-25,SEK,PT007,2/10 Net 30,122109.61,21979.73,0,144089.34,Open,Approved,EMP030,2026-09-08,Not Received,FOB Destination,"970 Market St, Phoenix, AZ 54223",Expedite shipping,2026-09-07T13:00:00Z,HR Team
1094,PO1094,PO-2025-1094,VEND085,Fastenal Company,EMP034,Angela Martinez,DEPT004,Information Technology,2025-03-08,2025-04-14,2025-04-15,SEK,PT005,Net 60,336635.02,60594.3,137.99,397367.31,Closed,Approved,EMP014,2025-03-14,Fully Received,Ex-Works,"151 Oak Ave, New York, TX 19669",Urgent,2025-03-08T15:00:00Z,IT Team
1095,PO1095,PO-2025-1095,VEND084,McMaster-Carr,EMP017,Michelle Chen,DEPT007,Marketing,2025-08-27,2025-09-29,2025-09-25,GBP,PT007,2/10 Net 30,433368.44,43336.84,0,476705.28,Open,Approved,EMP013,2025-08-29,Not Received,CIF,"234 Main St, Houston, AZ 80309",Expedite shipping,2025-08-27T13:00:00Z,Procurement Team
1096,PO1096,PO-2023-1096,VEND001,ABCD & CO,EMP013,Kevin Moore,DEPT003,Operations,2023-06-17,2023-07-10,2023-07-06,SEK,PT003,Net 30,10126.49,2025.3,0,12151.79,Closed,Approved,EMP021,2023-06-21,Fully Received,FOB Origin,"357 Park Blvd, Los Angeles, IL 72763",,2023-06-17T11:00:00Z,HR Team
1097,PO1097,PO-2026-1097,VEND029,Rockwell Automation,EMP006,Amanda Lee,DEPT006,Sales,2026-01-18,2026-02-25,2026-02-26,USD,PT007,2/10 Net 30,147958.1,0,0,147958.1,Closed,Approved,EMP019,2026-01-21,Fully Received,FOB Destination,"489 Main St, Chicago, AZ 10812",Urgent,2026-01-18T10:00:00Z,Finance Team
1098,PO1098,PO-2023-1098,VEND085,Fastenal Company,EMP016,Steven Park,DEPT006,Sales,2023-04-06,2023-05-01,2023-05-01,SEK,PT005,Net 60,427352.25,0,0,427352.25,Cancelled,Submitted,None,None,Not Received,Ex-Works,"916 Main St, New York, AZ 68660",Call before delivery,2023-04-06T13:00:00Z,Finance Team
1099,PO1099,PO-2026-1099,VEND027,Honeywell International,EMP033,Timothy Rodriguez,DEPT003,Operations,2026-05-08,2026-06-03,None,SEK,PT006,Net 90,140925.9,7046.3,0,147972.2,Closed,Approved,EMP016,2026-05-12,Fully Received,FOB Destination,"968 Market St, Phoenix, IL 36015",Urgent,2026-05-08T10:00:00Z,IT Team
1100,PO1100,PO-2024-1100,VEND062,Accenture PLC,EMP031,Charles Robinson,DEPT001,Finance,2024-05-11,2024-06-12,2024-06-14,USD,PT002,Net 15,435408.77,43540.88,4281.67,483231.32,Closed,Draft,None,None,Fully Received,CIF,"139 Oak Ave, Phoenix, IL 38867",Urgent,2024-05-11T10:00:00Z,Marketing Team
1101,PO1101,PO-2023-1101,VEND020,Alpha Industries,EMP026,Amanda Thomas,DEPT006,Sales,2023-01-03,2023-01-24,None,SEK,PT002,Net 15,269643.19,26964.32,0,296607.51,Partially Received,Approved,EMP030,2023-01-04,Partially Received,Ex-Works,"582 Main St, Chicago, IL 69878",,2023-01-03T17:00:00Z,Procurement Team
1102,PO1102,PO-2024-1102,VEND097,Goodyear Tire & Rubber,EMP002,Sarah Williams,DEPT002,Procurement,2024-11-16,2024-12-01,2024-11-26,GBP,PT007,2/10 Net 30,98879.42,17798.3,0,116677.72,Closed,Approved,EMP022,2024-11-22,Fully Received,Ex-Works,"718 Main St, New York, AZ 44408",,2024-11-16T09:00:00Z,HR Team
1103,PO1103,PO-2023-1103,VEND091,Ingersoll Rand,EMP032,Susan Clark,DEPT002,Procurement,2023-01-08,2023-02-11,2023-02-13,GBP,PT006,Net 90,305319.56,15265.98,3338.07,323923.61,Closed,Approved,EMP027,2023-01-10,Fully Received,Ex-Works,"356 Park Blvd, Houston, NY 54669",,2023-01-08T12:00:00Z,Procurement Team
1104,PO1104,PO-2024-1104,VEND001,ABCD & CO,EMP035,Joseph Wilson,DEPT005,Human Resources,2024-12-19,2025-02-02,2025-01-30,SEK,PT007,2/10 Net 30,430691.89,77524.54,0,508216.43,Closed,Submitted,None,None,Fully Received,FOB Origin,"199 Market St, New York, NY 36375",Urgent,2024-12-19T10:00:00Z,Procurement Team
1105,PO1105,PO-2026-1105,VEND015,Best Buy Corp,EMP015,Mark Davis,DEPT005,Human Resources,2026-08-21,2026-09-08,2026-09-11,INR,PT007,2/10 Net 30,14095.58,1409.56,0,15505.14,Closed,Approved,EMP012,2026-08-25,Fully Received,FOB Destination,"726 Main St, Los Angeles, CA 44629",Urgent,2026-08-21T16:00:00Z,Marketing Team
1106,PO1106,PO-2024-1106,VEND001,ABCD & CO,EMP032,Susan Clark,DEPT002,Procurement,2024-08-08,2024-09-03,2024-09-07,SEK,PT001,Immediate,431983.65,43198.36,4007.7,479189.71,Pending Approval,Approved,EMP031,2024-08-13,Not Received,FOB Origin,"238 Oak Ave, Houston, NY 26828",Keep in warehouse,2024-08-08T08:00:00Z,Sales Team
1107,PO1107,PO-2026-1107,VEND053,S&P Global Inc.,EMP001,David Chen,DEPT001,Finance,2026-04-27,2026-05-27,2026-05-24,SEK,PT003,Net 30,186786.97,0,4506.88,191293.85,Partially Received,Approved,EMP031,2026-05-01,Partially Received,CIF,"145 Park Blvd, Houston, AZ 39869",,2026-04-27T14:00:00Z,HR Team
1108,PO1108,PO-2024-1108,VEND044,IBM Corporation,EMP004,Jessica Martinez,DEPT004,Information Technology,2024-01-13,2024-02-12,2024-02-14,SEK,PT002,Net 15,430922.45,86184.49,0,517106.94,Closed,Approved,EMP008,2024-01-18,Fully Received,FOB Destination,"570 Oak Ave, New York, CA 72747",Expedite shipping,2024-01-13T16:00:00Z,Sales Team
1109,PO1109,PO-2026-1109,VEND047,Apple Inc.,EMP013,Kevin Moore,DEPT003,Operations,2026-05-26,2026-07-02,2026-07-02,GBP,PT004,Net 45,47437.45,2371.87,1701.2,51510.52,Pending Approval,Approved,EMP035,2026-05-30,Not Received,FOB Origin,"755 Market St, Chicago, NY 90322",Call before delivery,2026-05-26T10:00:00Z,Finance Team
1110,PO1110,PO-2025-1110,VEND048,Cummins Inc.,EMP026,Amanda Thomas,DEPT006,Sales,2025-11-30,2025-12-21,2025-12-21,EUR,PT005,Net 60,282112.68,50780.28,3195.53,336088.49,Closed,Draft,None,None,Fully Received,Ex-Works,"112 Oak Ave, New York, IL 49479",Urgent,2025-11-30T16:00:00Z,Procurement Team
1111,PO1111,PO-2026-1111,VEND040,SAP SE,EMP013,Kevin Moore,DEPT003,Operations,2026-02-16,2026-03-12,2026-03-17,INR,PT001,Immediate,94977.64,4748.88,4693.1,104419.62,Closed,Approved,EMP038,2026-02-20,Fully Received,FOB Origin,"322 Main St, Chicago, CA 15897",Urgent,2026-02-16T16:00:00Z,Finance Team
1112,PO1112,PO-2024-1112,VEND007,Staples Inc.,EMP016,Steven Park,DEPT006,Sales,2024-02-16,2024-03-10,2024-03-08,EUR,PT006,Net 90,102504.25,10250.42,0,112754.67,Closed,Approved,EMP040,2024-02-19,Fully Received,FOB Origin,"175 Market St, Phoenix, CA 36550",Keep in warehouse,2024-02-16T13:00:00Z,Marketing Team
1113,PO1113,PO-2024-1113,VEND023,Caterpillar Inc.,EMP005,Robert Kim,DEPT005,Human Resources,2024-02-23,2024-03-28,None,INR,PT003,Net 30,212727.61,21272.76,2780.82,236781.19,Closed,Approved,EMP010,2024-02-26,Fully Received,FOB Destination,"305 Park Blvd, New York, IL 83786",Keep in warehouse,2024-02-23T14:00:00Z,Finance Team
1114,PO1114,PO-2026-1114,VEND017,Pinnacle Partners,EMP004,Jessica Martinez,DEPT004,Information Technology,2026-08-13,2026-09-02,2026-09-06,CHF,PT004,Net 45,278577.33,50143.92,0,328721.25,Closed,Submitted,None,None,Fully Received,Ex-Works,"694 Oak Ave, Houston, CA 28373",Call before delivery,2026-08-13T16:00:00Z,Procurement Team
1115,PO1115,PO-2025-1115,VEND002,Samira Hadid,EMP007,James Wilson,DEPT007,Marketing,2025-03-07,2025-04-07,2025-04-03,INR,PT001,Immediate,407296.19,81459.24,0,488755.43,Closed,Approved,EMP035,2025-03-11,Fully Received,FOB Destination,"472 Market St, Chicago, TX 80759",Keep in warehouse,2025-03-07T16:00:00Z,Sales Team
1116,PO1116,PO-2023-1116,VEND036,Kuehne + Nagel,EMP027,Nancy Davis,DEPT007,Marketing,2023-03-22,2023-04-29,2023-04-27,INR,PT003,Net 30,330110.36,59419.86,0,389530.22,Closed,Submitted,None,None,Fully Received,FOB Origin,"542 Park Blvd, Los Angeles, AZ 86346",Expedite shipping,2023-03-22T11:00:00Z,HR Team
1117,PO1117,PO-2023-1117,VEND044,IBM Corporation,EMP004,Jessica Martinez,DEPT004,Information Technology,2023-02-19,2023-03-23,2023-03-21,SEK,PT001,Immediate,343334.41,34333.44,0,377667.85,Partially Received,Approved,EMP010,2023-02-20,Partially Received,FOB Destination,"254 Park Blvd, Chicago, AZ 87756",Urgent,2023-02-19T11:00:00Z,IT Team
1118,PO1118,PO-2023-1118,VEND051,Thomson Reuters,EMP029,Jennifer Lee,DEPT009,Warehouse & Logistics,2023-11-18,2023-12-03,2023-11-30,USD,PT002,Net 15,355328.3,35532.83,3312.15,394173.28,Closed,Draft,None,None,Fully Received,Ex-Works,"457 Park Blvd, Chicago, CA 84349",,2023-11-18T10:00:00Z,Sales Team
1119,PO1119,PO-2025-1119,VEND005,Microsoft Corporation,EMP011,Daniel Anderson,DEPT001,Finance,2025-12-11,2026-01-18,2026-01-20,SEK,PT004,Net 45,47879.58,2393.98,3961.33,54234.89,Open,Approved,EMP039,2025-12-16,Not Received,CIF,"757 Oak Ave, Phoenix, NY 90339",,2025-12-11T12:00:00Z,IT Team
1120,PO1120,PO-2024-1120,VEND030,Bosch Rexroth AG,EMP029,Jennifer Lee,DEPT009,Warehouse & Logistics,2024-03-16,2024-04-29,2024-05-04,CHF,PT002,Net 15,326644.15,58795.95,4202.18,389642.28,Partially Received,Approved,EMP003,2024-03-18,Partially Received,Ex-Works,"138 Oak Ave, New York, TX 91860",Keep in warehouse,2024-03-16T17:00:00Z,Marketing Team
1121,PO1121,PO-2026-1121,VEND061,Bain & Company,EMP012,Jennifer Park,DEPT002,Procurement,2026-04-01,2026-05-15,2026-05-16,INR,PT003,Net 30,372848.49,37284.85,0,410133.34,Open,Approved,EMP014,2026-04-02,Not Received,FOB Destination,"961 Market St, Los Angeles, NY 90703",,2026-04-01T13:00:00Z,HR Team
1122,PO1122,PO-2024-1122,VEND087,Hilti Corporation,EMP035,Joseph Wilson,DEPT005,Human Resources,2024-09-28,2024-10-28,2024-10-25,CHF,PT006,Net 90,247436.33,44538.54,4135.98,296110.85,Closed,Submitted,None,None,Fully Received,CIF,"536 Market St, New York, AZ 47795",Urgent,2024-09-28T15:00:00Z,Sales Team
1123,PO1123,PO-2023-1123,VEND070,Tyco International,EMP012,Jennifer Park,DEPT002,Procurement,2023-01-20,2023-02-11,None,GBP,PT006,Net 90,482292.9,96458.58,0,578751.48,Partially Received,Submitted,None,None,Partially Received,CIF,"957 Oak Ave, Chicago, TX 82355",Expedite shipping,2023-01-20T16:00:00Z,IT Team
1124,PO1124,PO-2026-1124,VEND066,Jones Lang LaSalle,EMP007,James Wilson,DEPT007,Marketing,2026-10-08,2026-10-26,2026-10-24,CHF,PT005,Net 60,32893.87,6578.77,1887.94,41360.58,Closed,Approved,EMP019,2026-10-15,Fully Received,CIF,"126 Park Blvd, New York, AZ 76663",,2026-10-08T15:00:00Z,Procurement Team
1125,PO1125,PO-2026-1125,VEND054,"FTI Consulting, Inc.",EMP012,Jennifer Park,DEPT002,Procurement,2026-01-14,2026-02-15,None,USD,PT002,Net 15,105693.12,21138.62,0,126831.74,Partially Received,Approved,EMP014,2026-01-21,Partially Received,FOB Destination,"856 Market St, Los Angeles, AZ 68184",Keep in warehouse,2026-01-14T13:00:00Z,Finance Team
1126,PO1126,PO-2023-1126,VEND035,Expeditors International,EMP022,Cynthia Lewis,DEPT002,Procurement,2023-06-20,2023-07-07,2023-07-11,GBP,PT005,Net 60,431797.78,21589.89,0,453387.67,Open,Approved,EMP014,2023-06-21,Not Received,CIF,"484 Market St, New York, IL 39426",,2023-06-20T15:00:00Z,IT Team
1127,PO1127,PO-2023-1127,VEND089,DeWalt Industrial Tool Co.,EMP021,Brian Thompson,DEPT001,Finance,2023-10-09,2023-11-05,2023-11-01,INR,PT004,Net 45,263644.51,0,3827.04,267471.55,Open,Submitted,None,None,Not Received,FOB Origin,"411 Park Blvd, Phoenix, IL 15575",Expedite shipping,2023-10-09T10:00:00Z,Procurement Team
1128,PO1128,PO-2023-1128,VEND006,Amazon Business,EMP015,Mark Davis,DEPT005,Human Resources,2023-06-17,2023-07-31,2023-07-29,SEK,PT005,Net 60,138004.49,6900.22,1622.04,146526.75,Closed,Approved,EMP001,2023-06-21,Fully Received,Ex-Works,"707 Market St, New York, NY 20396",Keep in warehouse,2023-06-17T17:00:00Z,IT Team
1129,PO1129,PO-2023-1129,VEND045,Hewlett Packard Enterprise,EMP029,Jennifer Lee,DEPT009,Warehouse & Logistics,2023-10-08,2023-11-09,None,CHF,PT005,Net 60,347687.5,34768.75,0,382456.25,Partially Received,Approved,EMP040,2023-10-11,Partially Received,FOB Destination,"303 Main St, New York, CA 69905",Call before delivery,2023-10-08T15:00:00Z,Sales Team
1130,PO1130,PO-2025-1130,VEND054,"FTI Consulting, Inc.",EMP012,Jennifer Park,DEPT002,Procurement,2025-12-10,2026-01-15,2026-01-12,USD,PT007,2/10 Net 30,188562.16,0,0,188562.16,Closed,Draft,None,None,Fully Received,FOB Destination,"377 Market St, Houston, CA 71715",Keep in warehouse,2025-12-10T11:00:00Z,HR Team
1131,PO1131,PO-2025-1131,VEND093,Regal Beloit Corporation,EMP025,Jason Harris,DEPT005,Human Resources,2025-11-12,2025-12-18,2025-12-23,CHF,PT006,Net 90,432097.31,0,0,432097.31,Closed,Submitted,None,None,Fully Received,FOB Destination,"271 Main St, New York, NY 20184",Expedite shipping,2025-11-12T13:00:00Z,Finance Team
1132,PO1132,PO-2025-1132,VEND099,Bridgestone Americas,EMP003,Michael Johnson,DEPT003,Operations,2025-06-11,2025-07-11,None,USD,PT003,Net 30,445724.08,22286.2,0,468010.28,Cancelled,Approved,EMP029,2025-06-12,Not Received,Ex-Works,"824 Main St, New York, CA 59579",,2025-06-11T12:00:00Z,IT Team
1133,PO1133,PO-2026-1133,VEND079,UniFirst Corporation,EMP040,Melissa Torres,DEPT010,Executive Management,2026-09-21,2026-11-04,2026-11-01,USD,PT003,Net 30,290798.83,58159.77,0,348958.6,Open,Approved,EMP012,2026-09-28,Not Received,FOB Destination,"319 Oak Ave, Houston, NY 22061",Keep in warehouse,2026-09-21T10:00:00Z,Sales Team
1134,PO1134,PO-2024-1134,VEND007,Staples Inc.,EMP040,Melissa Torres,DEPT010,Executive Management,2024-01-13,2024-02-02,2024-01-31,EUR,PT005,Net 60,175324.33,31558.38,1573.61,208456.32,Open,Approved,EMP002,2024-01-17,Not Received,CIF,"801 Park Blvd, Chicago, TX 47859",Call before delivery,2024-01-13T10:00:00Z,Marketing Team
1135,PO1135,PO-2025-1135,VEND064,Aramark Corporation,EMP003,Michael Johnson,DEPT003,Operations,2025-05-15,2025-06-12,2025-06-16,EUR,PT005,Net 60,81466.68,8146.67,0,89613.35,Open,Draft,None,None,Not Received,FOB Destination,"112 Oak Ave, Los Angeles, AZ 74740",Urgent,2025-05-15T09:00:00Z,Sales Team
1136,PO1136,PO-2024-1136,VEND090,Snap-on Incorporated,EMP006,Amanda Lee,DEPT006,Sales,2024-09-05,2024-09-22,2024-09-17,GBP,PT006,Net 90,398962.36,19948.12,4410.57,423321.05,Closed,Approved,EMP016,2024-09-09,Fully Received,FOB Destination,"500 Park Blvd, Phoenix, TX 72555",Keep in warehouse,2024-09-05T17:00:00Z,HR Team
1137,PO1137,PO-2023-1137,VEND091,Ingersoll Rand,EMP014,Lisa Johnson,DEPT004,Information Technology,2023-07-09,2023-08-02,2023-08-06,GBP,PT006,Net 90,156045.08,7802.25,338.39,164185.72,Open,Approved,EMP011,2023-07-11,Not Received,Ex-Works,"500 Park Blvd, Phoenix, AZ 47694",Call before delivery,2023-07-09T09:00:00Z,HR Team
1138,PO1138,PO-2024-1138,VEND013,Quick Logistics,EMP015,Mark Davis,DEPT005,Human Resources,2024-07-15,2024-08-29,2024-08-26,GBP,PT005,Net 60,59897.93,5989.79,0,65887.72,Open,Approved,EMP017,2024-07-21,Not Received,FOB Origin,"715 Park Blvd, Chicago, AZ 29634",Expedite shipping,2024-07-15T13:00:00Z,Finance Team
1139,PO1139,PO-2025-1139,VEND041,Salesforce.com Inc.,EMP038,Stephanie Hall,DEPT008,Legal & Compliance,2025-09-30,2025-10-20,None,GBP,PT003,Net 30,304202.96,60840.59,0,365043.55,Open,Approved,EMP031,2025-10-01,Not Received,Ex-Works,"202 Market St, Houston, AZ 64030",,2025-09-30T11:00:00Z,IT Team
1140,PO1140,PO-2026-1140,VEND026,General Electric,EMP029,Jennifer Lee,DEPT009,Warehouse & Logistics,2026-11-12,2026-12-04,2026-11-29,SEK,PT007,2/10 Net 30,89038.06,8903.81,2144.21,100086.08,Open,Approved,EMP004,2026-11-19,Not Received,CIF,"635 Main St, Houston, IL 48714",,2026-11-12T09:00:00Z,Procurement Team
1141,PO1141,PO-2024-1141,VEND015,Best Buy Corp,EMP017,Michelle Chen,DEPT007,Marketing,2024-05-18,2024-06-10,2024-06-05,INR,PT007,2/10 Net 30,397663.85,71579.49,4335.63,473578.97,Pending Approval,Approved,EMP008,2024-05-24,Not Received,CIF,"138 Market St, New York, TX 23899",,2024-05-18T16:00:00Z,Marketing Team
1142,PO1142,PO-2025-1142,VEND021,Johnson Controls,EMP009,Thomas Brown,DEPT009,Warehouse & Logistics,2025-06-10,2025-07-13,2025-07-14,USD,PT005,Net 60,141883.78,7094.19,0,148977.97,Closed,Approved,EMP018,2025-06-11,Fully Received,Ex-Works,"846 Oak Ave, New York, IL 10933",Expedite shipping,2025-06-10T10:00:00Z,Marketing Team
1143,PO1143,PO-2025-1143,VEND093,Regal Beloit Corporation,EMP008,Maria Garcia,DEPT008,Legal & Compliance,2025-12-08,2026-01-06,2026-01-07,CHF,PT005,Net 60,321834.12,32183.41,4021.97,358039.5,Closed,Approved,EMP007,2025-12-13,Fully Received,FOB Origin,"956 Market St, New York, IL 67131",Keep in warehouse,2025-12-08T12:00:00Z,Marketing Team
1144,PO1144,PO-2026-1144,VEND096,Gates Corporation,EMP029,Jennifer Lee,DEPT009,Warehouse & Logistics,2026-01-15,2026-02-07,2026-02-09,EUR,PT005,Net 60,479744.21,23987.21,0,503731.42,Partially Received,Approved,EMP006,2026-01-19,Partially Received,FOB Destination,"264 Market St, Los Angeles, AZ 67394",,2026-01-15T10:00:00Z,Marketing Team
1145,PO1145,PO-2023-1145,VEND031,FedEx Corporation,EMP015,Mark Davis,DEPT005,Human Resources,2023-08-23,2023-09-28,2023-10-01,SEK,PT006,Net 90,392209.66,39220.97,1010.58,432441.21,Open,Approved,EMP005,2023-08-24,Not Received,Ex-Works,"452 Park Blvd, New York, NY 44625",Call before delivery,2023-08-23T11:00:00Z,HR Team
1146,PO1146,PO-2026-1146,VEND080,Ecolab Inc.,EMP025,Jason Harris,DEPT005,Human Resources,2026-05-19,2026-06-23,None,INR,PT005,Net 60,336220.31,60519.66,0,396739.97,Closed,Approved,EMP013,2026-05-22,Fully Received,CIF,"889 Market St, Phoenix, NY 14142",Keep in warehouse,2026-05-19T12:00:00Z,Finance Team
1147,PO1147,PO-2024-1147,VEND094,Timken Company,EMP017,Michelle Chen,DEPT007,Marketing,2024-12-16,2025-01-18,None,SEK,PT005,Net 60,195349.06,0,702.82,196051.88,Pending Approval,Approved,EMP038,2024-12-21,Not Received,Ex-Works,"797 Market St, New York, CA 75572",Keep in warehouse,2024-12-16T10:00:00Z,HR Team
1148,PO1148,PO-2023-1148,VEND023,Caterpillar Inc.,EMP029,Jennifer Lee,DEPT009,Warehouse & Logistics,2023-02-24,2023-03-21,None,INR,PT006,Net 90,370442,66679.56,4354.71,441476.27,Partially Received,Approved,EMP002,2023-03-03,Partially Received,FOB Origin,"620 Main St, Phoenix, IL 11075",Urgent,2023-02-24T09:00:00Z,Procurement Team
1149,PO1149,PO-2023-1149,VEND045,Hewlett Packard Enterprise,EMP032,Susan Clark,DEPT002,Procurement,2023-09-08,2023-10-09,2023-10-04,CHF,PT005,Net 60,290525.93,14526.3,0,305052.23,Pending Approval,Approved,EMP015,2023-09-14,Not Received,Ex-Works,"397 Market St, Phoenix, NY 85454",Expedite shipping,2023-09-08T12:00:00Z,Marketing Team
1150,PO1150,PO-2024-1150,VEND090,Snap-on Incorporated,EMP025,Jason Harris,DEPT005,Human Resources,2024-10-16,2024-11-14,2024-11-14,GBP,PT006,Net 90,325603.6,32560.36,0,358163.96,Closed,Approved,EMP018,2024-10-23,Fully Received,CIF,"821 Main St, Phoenix, IL 89110",Keep in warehouse,2024-10-16T12:00:00Z,Finance Team
1151,PO1151,PO-2023-1151,VEND016,New Horizons,EMP037,Christopher Lee,DEPT007,Marketing,2023-04-06,2023-04-21,2023-04-25,GBP,PT007,2/10 Net 30,264952.01,0,3192.11,268144.12,Pending Approval,Approved,EMP013,2023-04-13,Not Received,FOB Destination,"543 Oak Ave, Los Angeles, IL 78228",,2023-04-06T08:00:00Z,Procurement Team
1152,PO1152,PO-2025-1152,VEND091,Ingersoll Rand,EMP009,Thomas Brown,DEPT009,Warehouse & Logistics,2025-02-27,2025-04-02,2025-03-31,GBP,PT005,Net 60,120852.37,0,0,120852.37,Open,Approved,EMP029,2025-03-05,Not Received,CIF,"457 Park Blvd, New York, NY 37804",,2025-02-27T12:00:00Z,Procurement Team
1153,PO1153,PO-2024-1153,VEND094,Timken Company,EMP028,Peter Garcia,DEPT008,Legal & Compliance,2024-03-21,2024-04-15,None,SEK,PT001,Immediate,92060.07,18412.01,2184.72,112656.8,Open,Approved,EMP015,2024-03-22,Not Received,Ex-Works,"348 Main St, New York, CA 94791",Call before delivery,2024-03-21T15:00:00Z,Procurement Team
1154,PO1154,PO-2026-1154,VEND012,Elite Services,EMP005,Robert Kim,DEPT005,Human Resources,2026-07-15,2026-08-12,None,SEK,PT003,Net 30,380232.24,68441.8,0,448674.04,Partially Received,Draft,None,None,Partially Received,CIF,"324 Main St, Chicago, CA 88995",Expedite shipping,2026-07-15T13:00:00Z,HR Team
1155,PO1155,PO-2023-1155,VEND092,Baldor Electric Company,EMP025,Jason Harris,DEPT005,Human Resources,2023-11-16,2023-12-24,2023-12-27,CHF,PT001,Immediate,453101.72,0,4480.46,457582.18,Closed,Approved,EMP028,2023-11-23,Fully Received,FOB Destination,"996 Market St, Houston, IL 35558",Call before delivery,2023-11-16T15:00:00Z,Marketing Team
1156,PO1156,PO-2023-1156,VEND060,Boston Consulting Group,EMP014,Lisa Johnson,DEPT004,Information Technology,2023-10-13,2023-11-07,None,SEK,PT003,Net 30,472382.29,85028.81,0,557411.1,Open,Submitted,None,None,Not Received,CIF,"641 Main St, Chicago, NY 12305",Call before delivery,2023-10-13T12:00:00Z,Finance Team
1157,PO1157,PO-2025-1157,VEND052,Moody's Analytics,EMP024,Kimberly White,DEPT004,Information Technology,2025-11-27,2026-01-09,None,GBP,PT005,Net 60,74979.81,0,0,74979.81,Open,Approved,EMP007,2025-11-28,Not Received,FOB Origin,"656 Main St, Los Angeles, AZ 39603",Keep in warehouse,2025-11-27T09:00:00Z,HR Team
1158,PO1158,PO-2024-1158,VEND072,Republic Services,EMP021,Brian Thompson,DEPT001,Finance,2024-11-11,2024-12-11,None,SEK,PT002,Net 15,491873.21,24593.66,0,516466.87,Open,Approved,EMP027,2024-11-13,Not Received,CIF,"774 Main St, Phoenix, TX 52246",Keep in warehouse,2024-11-11T17:00:00Z,Sales Team
1159,PO1159,PO-2023-1159,VEND064,Aramark Corporation,EMP033,Timothy Rodriguez,DEPT003,Operations,2023-08-18,2023-09-22,2023-09-17,EUR,PT001,Immediate,209225.73,20922.57,2253.3,232401.6,Partially Received,Approved,EMP024,2023-08-19,Partially Received,FOB Destination,"402 Main St, Phoenix, IL 27197",Keep in warehouse,2023-08-18T08:00:00Z,Procurement Team
1160,PO1160,PO-2025-1160,VEND087,Hilti Corporation,EMP029,Jennifer Lee,DEPT009,Warehouse & Logistics,2025-09-29,2025-11-07,None,CHF,PT007,2/10 Net 30,408798.35,81759.67,1165.67,491723.69,Open,Approved,EMP015,2025-09-30,Not Received,FOB Origin,"233 Main St, New York, TX 37982",Urgent,2025-09-29T12:00:00Z,Sales Team
1161,PO1161,PO-2025-1161,VEND019,Vanguard Tech,EMP020,Laura Adams,DEPT010,Executive Management,2025-03-02,2025-03-23,2025-03-26,USD,PT001,Immediate,177796.91,32003.44,943.89,210744.24,Pending Approval,Approved,EMP026,2025-03-06,Not Received,FOB Origin,"879 Market St, Phoenix, IL 32082",Urgent,2025-03-02T13:00:00Z,Finance Team
1162,PO1162,PO-2026-1162,VEND006,Amazon Business,EMP034,Angela Martinez,DEPT004,Information Technology,2026-10-21,2026-11-08,None,SEK,PT005,Net 60,329479.11,65895.82,1722.99,397097.92,Partially Received,Submitted,None,None,Partially Received,FOB Destination,"683 Market St, Chicago, NY 89521",Expedite shipping,2026-10-21T16:00:00Z,Finance Team
1163,PO1163,PO-2024-1163,VEND062,Accenture PLC,EMP016,Steven Park,DEPT006,Sales,2024-02-04,2024-03-13,None,USD,PT001,Immediate,297110.33,14855.52,0,311965.85,Open,Approved,EMP036,2024-02-10,Not Received,FOB Destination,"662 Oak Ave, Houston, TX 71350",Call before delivery,2024-02-04T10:00:00Z,IT Team
1164,PO1164,PO-2023-1164,VEND044,IBM Corporation,EMP004,Jessica Martinez,DEPT004,Information Technology,2023-08-06,2023-09-10,2023-09-14,SEK,PT001,Immediate,194521.47,0,26.51,194547.98,Closed,Submitted,None,None,Fully Received,Ex-Works,"106 Oak Ave, Houston, TX 57700",Urgent,2023-08-06T10:00:00Z,HR Team
1165,PO1165,PO-2026-1165,VEND056,PricewaterhouseCoopers LLP,EMP018,Andrew Kim,DEPT008,Legal & Compliance,2026-03-03,2026-04-02,2026-04-03,EUR,PT003,Net 30,230693.21,0,0,230693.21,Open,Approved,EMP002,2026-03-10,Not Received,Ex-Works,"342 Main St, New York, CA 54944",Expedite shipping,2026-03-03T15:00:00Z,Procurement Team
1166,PO1166,PO-2023-1166,VEND070,Tyco International,EMP016,Steven Park,DEPT006,Sales,2023-07-04,2023-08-08,2023-08-06,GBP,PT004,Net 45,258907.58,0,2427.84,261335.42,Closed,Submitted,None,None,Fully Received,CIF,"593 Oak Ave, Chicago, IL 30225",Call before delivery,2023-07-04T15:00:00Z,IT Team
1167,PO1167,PO-2023-1167,VEND082,Grainger Inc.,EMP020,Laura Adams,DEPT010,Executive Management,2023-09-07,2023-10-15,2023-10-20,GBP,PT006,Net 90,212840.5,21284.05,0,234124.55,Partially Received,Approved,EMP038,2023-09-12,Partially Received,FOB Destination,"610 Oak Ave, New York, AZ 59283",,2023-09-07T17:00:00Z,Finance Team
1168,PO1168,PO-2026-1168,VEND076,Comcast Business,EMP028,Peter Garcia,DEPT008,Legal & Compliance,2026-06-20,2026-07-16,None,GBP,PT005,Net 60,426416,76754.88,829.05,503999.93,Closed,Approved,EMP002,2026-06-25,Fully Received,Ex-Works,"969 Market St, Phoenix, IL 91036",Expedite shipping,2026-06-20T16:00:00Z,IT Team
1169,PO1169,PO-2024-1169,VEND096,Gates Corporation,EMP022,Cynthia Lewis,DEPT002,Procurement,2024-01-01,2024-01-31,2024-01-29,EUR,PT003,Net 30,293326.56,58665.31,0,351991.87,Open,Approved,EMP025,2024-01-08,Not Received,FOB Destination,"992 Park Blvd, New York, CA 52839",Urgent,2024-01-01T17:00:00Z,Sales Team
1170,PO1170,PO-2024-1170,VEND055,Deloitte & Touche LLP,EMP005,Robert Kim,DEPT005,Human Resources,2024-06-11,2024-07-18,None,EUR,PT005,Net 60,165863.61,29855.45,0,195719.06,Closed,Approved,EMP023,2024-06-12,Fully Received,FOB Origin,"289 Oak Ave, Los Angeles, CA 24426",Keep in warehouse,2024-06-11T17:00:00Z,Procurement Team
1171,PO1171,PO-2024-1171,VEND035,Expeditors International,EMP025,Jason Harris,DEPT005,Human Resources,2024-11-10,2024-11-26,2024-12-01,GBP,PT006,Net 90,498073.92,0,1258.21,499332.13,Closed,Approved,EMP025,2024-11-12,Fully Received,FOB Origin,"942 Main St, Los Angeles, NY 86468",Keep in warehouse,2024-11-10T13:00:00Z,IT Team
1172,PO1172,PO-2023-1172,VEND022,Siemens AG,EMP030,Elizabeth Miller,DEPT010,Executive Management,2023-12-10,2023-12-25,2023-12-26,USD,PT007,2/10 Net 30,228526.75,41134.82,4481.24,274142.81,Closed,Approved,EMP029,2023-12-14,Fully Received,Ex-Works,"118 Main St, Chicago, NY 76560",,2023-12-10T12:00:00Z,IT Team
1173,PO1173,PO-2023-1173,VEND060,Boston Consulting Group,EMP010,Patricia Taylor,DEPT010,Executive Management,2023-07-03,2023-08-12,2023-08-11,SEK,PT005,Net 60,213942.87,42788.57,0,256731.44,Closed,Approved,EMP026,2023-07-08,Fully Received,FOB Origin,"706 Main St, Houston, IL 37410",Call before delivery,2023-07-03T11:00:00Z,Procurement Team
1174,PO1174,PO-2025-1174,VEND031,FedEx Corporation,EMP028,Peter Garcia,DEPT008,Legal & Compliance,2025-02-04,2025-02-21,None,SEK,PT001,Immediate,257760.25,0,0,257760.25,Cancelled,Approved,EMP021,2025-02-05,Not Received,FOB Destination,"140 Park Blvd, Phoenix, AZ 15926",,2025-02-04T10:00:00Z,Procurement Team
1175,PO1175,PO-2025-1175,VEND025,ABB Ltd,EMP011,Daniel Anderson,DEPT001,Finance,2025-05-21,2025-06-29,2025-07-04,GBP,PT006,Net 90,20724.79,2072.48,0,22797.27,Pending Approval,Approved,EMP036,2025-05-24,Not Received,Ex-Works,"366 Park Blvd, New York, IL 86057",Urgent,2025-05-21T14:00:00Z,IT Team
1176,PO1176,PO-2026-1176,VEND020,Alpha Industries,EMP038,Stephanie Hall,DEPT008,Legal & Compliance,2026-09-27,2026-10-18,2026-10-13,SEK,PT007,2/10 Net 30,308538.35,30853.83,0,339392.18,Closed,Submitted,None,None,Fully Received,FOB Origin,"817 Park Blvd, Phoenix, TX 36355",Keep in warehouse,2026-09-27T10:00:00Z,Finance Team
1177,PO1177,PO-2023-1177,VEND051,Thomson Reuters,EMP006,Amanda Lee,DEPT006,Sales,2023-01-10,2023-02-02,None,USD,PT002,Net 15,25515,0,3422.76,28937.76,Open,Approved,EMP027,2023-01-14,Not Received,FOB Destination,"734 Main St, Chicago, TX 45722",Call before delivery,2023-01-10T11:00:00Z,Marketing Team
1178,PO1178,PO-2026-1178,VEND100,ZF Friedrichshafen AG,EMP040,Melissa Torres,DEPT010,Executive Management,2026-11-25,2026-12-11,2026-12-11,USD,PT005,Net 60,170800.32,30744.06,0,201544.38,Open,Approved,EMP001,2026-11-29,Not Received,FOB Origin,"948 Market St, New York, CA 93336",Keep in warehouse,2026-11-25T13:00:00Z,IT Team
1179,PO1179,PO-2023-1179,VEND006,Amazon Business,EMP015,Mark Davis,DEPT005,Human Resources,2023-02-21,2023-03-30,2023-03-28,SEK,PT003,Net 30,281021.31,56204.26,3120.73,340346.3,Open,Approved,EMP025,2023-02-28,Not Received,FOB Origin,"121 Market St, Chicago, TX 59284",Keep in warehouse,2023-02-21T17:00:00Z,Marketing Team
1180,PO1180,PO-2025-1180,VEND057,Ernst & Young LLP,EMP033,Timothy Rodriguez,DEPT003,Operations,2025-04-22,2025-05-31,None,INR,PT004,Net 45,368784.53,0,4125.45,372909.98,Closed,Approved,EMP029,2025-04-27,Fully Received,CIF,"555 Main St, Chicago, IL 76370",Call before delivery,2025-04-22T13:00:00Z,Finance Team
1181,PO1181,PO-2024-1181,VEND022,Siemens AG,EMP007,James Wilson,DEPT007,Marketing,2024-11-21,2024-12-17,None,USD,PT007,2/10 Net 30,330766.21,0,355.51,331121.72,Pending Approval,Approved,EMP029,2024-11-28,Not Received,FOB Origin,"432 Oak Ave, Houston, TX 63484",Urgent,2024-11-21T10:00:00Z,HR Team
1182,PO1182,PO-2026-1182,VEND013,Quick Logistics,EMP022,Cynthia Lewis,DEPT002,Procurement,2026-11-22,2026-12-24,2026-12-24,GBP,PT005,Net 60,171869.11,30936.44,0,202805.55,Partially Received,Submitted,None,None,Partially Received,FOB Destination,"613 Main St, Houston, TX 57161",Urgent,2026-11-22T13:00:00Z,Procurement Team
1183,PO1183,PO-2026-1183,VEND027,Honeywell International,EMP005,Robert Kim,DEPT005,Human Resources,2026-11-10,2026-12-25,2026-12-21,SEK,PT004,Net 45,91115.95,0,1228.24,92344.19,Closed,Approved,EMP004,2026-11-11,Fully Received,Ex-Works,"306 Market St, Houston, TX 46822",Expedite shipping,2026-11-10T08:00:00Z,Procurement Team
1184,PO1184,PO-2026-1184,VEND063,McDonald's Corporate,EMP012,Jennifer Park,DEPT002,Procurement,2026-03-09,2026-04-17,None,EUR,PT007,2/10 Net 30,321439.79,64287.96,4616.58,390344.33,Open,Approved,EMP012,2026-03-14,Not Received,FOB Destination,"424 Market St, Phoenix, TX 89745",Urgent,2026-03-09T08:00:00Z,HR Team
1185,PO1185,PO-2026-1185,VEND062,Accenture PLC,EMP016,Steven Park,DEPT006,Sales,2026-08-29,2026-10-04,None,USD,PT007,2/10 Net 30,164405.98,32881.2,0,197287.18,Open,Approved,EMP040,2026-09-01,Not Received,FOB Destination,"498 Oak Ave, Los Angeles, CA 47769",Urgent,2026-08-29T10:00:00Z,Marketing Team
1186,PO1186,PO-2026-1186,VEND006,Amazon Business,EMP039,David Nguyen,DEPT009,Warehouse & Logistics,2026-12-21,2027-01-12,2027-01-07,SEK,PT003,Net 30,153181.54,7659.08,4742.65,165583.27,Pending Approval,Approved,EMP032,2026-12-25,Not Received,CIF,"379 Main St, Houston, TX 44543",Keep in warehouse,2026-12-21T15:00:00Z,Finance Team
1187,PO1187,PO-2026-1187,VEND053,S&P Global Inc.,EMP005,Robert Kim,DEPT005,Human Resources,2026-05-14,2026-06-28,None,SEK,PT004,Net 45,238655.7,47731.14,0,286386.84,Partially Received,Rejected,None,None,Partially Received,FOB Destination,"718 Main St, Houston, TX 84937",Urgent,2026-05-14T12:00:00Z,Procurement Team
1188,PO1188,PO-2026-1188,VEND045,Hewlett Packard Enterprise,EMP019,Rachel Rodriguez,DEPT009,Warehouse & Logistics,2026-08-14,2026-09-25,2026-09-26,CHF,PT006,Net 90,398277.15,39827.71,0,438104.86,Open,Approved,EMP001,2026-08-15,Not Received,FOB Destination,"682 Park Blvd, Phoenix, TX 27859",Expedite shipping,2026-08-14T10:00:00Z,HR Team
1189,PO1189,PO-2026-1189,VEND014,Modern Office Co,EMP032,Susan Clark,DEPT002,Procurement,2026-09-14,2026-10-06,None,USD,PT001,Immediate,418097.31,83619.46,4550.86,506267.63,Open,Submitted,None,None,Not Received,FOB Destination,"788 Main St, Houston, TX 18236",Keep in warehouse,2026-09-14T12:00:00Z,Finance Team
1190,PO1190,PO-2025-1190,VEND091,Ingersoll Rand,EMP001,David Chen,DEPT001,Finance,2025-06-26,2025-07-24,None,GBP,PT003,Net 30,262058.06,52411.61,2987.12,317456.79,Closed,Approved,EMP017,2025-06-30,Fully Received,FOB Destination,"342 Market St, Phoenix, NY 72189",,2025-06-26T08:00:00Z,Sales Team
1191,PO1191,PO-2024-1191,VEND039,Oracle Corporation,EMP030,Elizabeth Miller,DEPT010,Executive Management,2024-11-21,2025-01-03,2025-01-02,CHF,PT004,Net 45,483264.73,96652.95,1619.71,581537.39,Open,Approved,EMP024,2024-11-26,Not Received,FOB Origin,"638 Oak Ave, New York, IL 43118",Urgent,2024-11-21T13:00:00Z,IT Team
1192,PO1192,PO-2023-1192,VEND040,SAP SE,EMP017,Michelle Chen,DEPT007,Marketing,2023-12-22,2024-01-14,2024-01-17,INR,PT002,Net 15,374372.1,18718.6,4846.02,397936.72,Closed,Approved,EMP029,2023-12-29,Fully Received,Ex-Works,"169 Main St, New York, CA 44615",Keep in warehouse,2023-12-22T09:00:00Z,Sales Team
1193,PO1193,PO-2023-1193,VEND046,Lenovo Group Limited,EMP008,Maria Garcia,DEPT008,Legal & Compliance,2023-02-18,2023-03-31,2023-03-31,INR,PT005,Net 60,123124.16,22162.35,3539.08,148825.59,Closed,Submitted,None,None,Fully Received,FOB Origin,"737 Market St, Houston, TX 56340",Expedite shipping,2023-02-18T15:00:00Z,IT Team
1194,PO1194,PO-2024-1194,VEND061,Bain & Company,EMP004,Jessica Martinez,DEPT004,Information Technology,2024-07-30,2024-09-09,2024-09-08,INR,PT006,Net 90,249669.34,49933.87,0,299603.21,Open,Approved,EMP012,2024-08-03,Not Received,Ex-Works,"973 Main St, Los Angeles, AZ 35552",Urgent,2024-07-30T09:00:00Z,HR Team
1195,PO1195,PO-2023-1195,VEND034,C.H. Robinson Worldwide,EMP039,David Nguyen,DEPT009,Warehouse & Logistics,2023-12-31,2024-02-14,2024-02-09,SEK,PT003,Net 30,322419.31,64483.86,2254.98,389158.15,Partially Received,Approved,EMP006,2024-01-06,Partially Received,FOB Destination,"769 Oak Ave, New York, TX 17249",Expedite shipping,2023-12-31T10:00:00Z,Finance Team
1196,PO1196,PO-2026-1196,VEND098,Michelin North America,EMP017,Michelle Chen,DEPT007,Marketing,2026-07-15,2026-08-01,None,USD,PT007,2/10 Net 30,491673.51,49167.35,0,540840.86,Closed,Approved,EMP040,2026-07-20,Fully Received,Ex-Works,"995 Park Blvd, New York, CA 47734",Urgent,2026-07-15T12:00:00Z,Procurement Team
1197,PO1197,PO-2026-1197,VEND046,Lenovo Group Limited,EMP024,Kimberly White,DEPT004,Information Technology,2026-07-25,2026-08-21,None,INR,PT002,Net 15,461868.9,23093.44,0,484962.34,Closed,Approved,EMP023,2026-07-31,Fully Received,FOB Destination,"616 Oak Ave, Los Angeles, IL 54968",,2026-07-25T10:00:00Z,HR Team
1198,PO1198,PO-2023-1198,VEND077,Spectrum Business,EMP031,Charles Robinson,DEPT001,Finance,2023-04-01,2023-05-11,2023-05-12,SEK,PT005,Net 60,434454.45,43445.44,1625.9,479525.79,Closed,Approved,EMP032,2023-04-04,Fully Received,FOB Origin,"487 Park Blvd, Houston, IL 13908",Keep in warehouse,2023-04-01T12:00:00Z,Sales Team
1199,PO1199,PO-2024-1199,VEND054,"FTI Consulting, Inc.",EMP005,Robert Kim,DEPT005,Human Resources,2024-12-07,2025-01-15,2025-01-16,USD,PT005,Net 60,226803.95,11340.2,0,238144.15,Pending Approval,Approved,EMP018,2024-12-11,Not Received,Ex-Works,"143 Oak Ave, Los Angeles, TX 15111",Expedite shipping,2024-12-07T12:00:00Z,HR Team
1200,PO1200,PO-2023-1200,VEND100,ZF Friedrichshafen AG,EMP026,Amanda Thomas,DEPT006,Sales,2023-01-21,2023-03-06,None,USD,PT004,Net 45,35361.32,7072.26,0,42433.58,Open,Approved,EMP021,2023-01-26,Not Received,FOB Destination,"395 Park Blvd, Houston, NY 36482",Keep in warehouse,2023-01-21T15:00:00Z,Sales Team
1201,PO1201,PO-2025-1201,VEND022,Siemens AG,EMP028,Peter Garcia,DEPT008,Legal & Compliance,2025-05-14,2025-05-31,None,USD,PT001,Immediate,150828.64,30165.73,1401.37,182395.74,Cancelled,Approved,EMP007,2025-05-20,Not Received,Ex-Works,"946 Oak Ave, New York, CA 49001",Urgent,2025-05-14T16:00:00Z,HR Team
1202,PO1202,PO-2024-1202,VEND028,Emerson Electric Co.,EMP018,Andrew Kim,DEPT008,Legal & Compliance,2024-11-06,2024-12-09,2024-12-08,INR,PT006,Net 90,494436.12,24721.81,3796.49,522954.42,Closed,Approved,EMP005,2024-11-13,Fully Received,FOB Origin,"829 Oak Ave, Los Angeles, NY 14480",Keep in warehouse,2024-11-06T10:00:00Z,HR Team
1203,PO1203,PO-2024-1203,VEND080,Ecolab Inc.,EMP026,Amanda Thomas,DEPT006,Sales,2024-08-22,2024-09-13,2024-09-10,INR,PT004,Net 45,492673.13,49267.31,1701.73,543642.17,Closed,Approved,EMP028,2024-08-24,Fully Received,FOB Destination,"796 Park Blvd, Phoenix, IL 78554",Urgent,2024-08-22T12:00:00Z,Procurement Team
1204,PO1204,PO-2025-1204,VEND025,ABB Ltd,EMP021,Brian Thompson,DEPT001,Finance,2025-06-11,2025-07-11,2025-07-14,GBP,PT007,2/10 Net 30,100392.34,10039.23,3456.83,113888.4,Pending Approval,Approved,EMP003,2025-06-15,Not Received,CIF,"306 Main St, Los Angeles, TX 68274",Urgent,2025-06-11T12:00:00Z,Procurement Team
1205,PO1205,PO-2025-1205,VEND013,Quick Logistics,EMP035,Joseph Wilson,DEPT005,Human Resources,2025-05-05,2025-05-23,2025-05-21,GBP,PT006,Net 90,55103.58,5510.36,0,60613.94,Closed,Submitted,None,None,Fully Received,FOB Origin,"329 Market St, Phoenix, NY 76521",Keep in warehouse,2025-05-05T11:00:00Z,IT Team
1206,PO1206,PO-2023-1206,VEND066,Jones Lang LaSalle,EMP007,James Wilson,DEPT007,Marketing,2023-01-01,2023-01-29,None,CHF,PT006,Net 90,373428.32,18671.42,2309.47,394409.21,Pending Approval,Approved,EMP025,2023-01-05,Not Received,CIF,"893 Main St, Houston, IL 43195",Expedite shipping,2023-01-01T16:00:00Z,Sales Team
1207,PO1207,PO-2023-1207,VEND076,Comcast Business,EMP025,Jason Harris,DEPT005,Human Resources,2023-02-15,2023-03-17,2023-03-18,GBP,PT002,Net 15,314274.17,0,2391,316665.17,Partially Received,Approved,EMP003,2023-02-17,Partially Received,FOB Origin,"831 Market St, Houston, IL 21537",Keep in warehouse,2023-02-15T15:00:00Z,IT Team
1208,PO1208,PO-2025-1208,VEND046,Lenovo Group Limited,EMP013,Kevin Moore,DEPT003,Operations,2025-03-01,2025-03-25,2025-03-29,INR,PT004,Net 45,329861.33,32986.13,1594.23,364441.69,Partially Received,Approved,EMP008,2025-03-03,Partially Received,FOB Destination,"959 Market St, Los Angeles, TX 18108",Keep in warehouse,2025-03-01T08:00:00Z,HR Team
1209,PO1209,PO-2025-1209,VEND067,"CBRE Group, Inc.",EMP023,Richard Martinez,DEPT003,Operations,2025-06-02,2025-07-17,2025-07-12,EUR,PT003,Net 30,16101.5,1610.15,245.23,17956.88,Closed,Approved,EMP002,2025-06-04,Fully Received,CIF,"862 Market St, Houston, NY 81798",Urgent,2025-06-02T08:00:00Z,IT Team
1210,PO1210,PO-2024-1210,VEND010,Tech Solutions Ltd,EMP024,Kimberly White,DEPT004,Information Technology,2024-05-09,2024-06-20,None,USD,PT003,Net 30,427996.14,21399.81,0,449395.95,Closed,Approved,EMP006,2024-05-10,Fully Received,CIF,"493 Park Blvd, Houston, CA 62345",Call before delivery,2024-05-09T12:00:00Z,Finance Team
1211,PO1211,PO-2024-1211,VEND018,Summit Systems,EMP037,Christopher Lee,DEPT007,Marketing,2024-06-03,2024-06-20,None,EUR,PT006,Net 90,130432.28,13043.23,3632.76,147108.27,Partially Received,Approved,EMP003,2024-06-10,Partially Received,CIF,"166 Oak Ave, Los Angeles, TX 61510",Urgent,2024-06-03T14:00:00Z,Marketing Team
1212,PO1212,PO-2026-1212,VEND057,Ernst & Young LLP,EMP019,Rachel Rodriguez,DEPT009,Warehouse & Logistics,2026-05-06,2026-06-07,None,INR,PT001,Immediate,125253.22,0,0,125253.22,Pending Approval,Submitted,None,None,Not Received,FOB Destination,"235 Market St, Chicago, CA 52183",Expedite shipping,2026-05-06T08:00:00Z,IT Team
1213,PO1213,PO-2026-1213,VEND038,Penske Logistics,EMP003,Michael Johnson,DEPT003,Operations,2026-03-24,2026-05-02,None,SEK,PT007,2/10 Net 30,24337.25,1216.86,0,25554.11,Open,Draft,None,None,Not Received,FOB Origin,"658 Market St, Chicago, IL 96541",,2026-03-24T08:00:00Z,Procurement Team
1214,PO1214,PO-2026-1214,VEND065,Sodexo S.A.,EMP023,Richard Martinez,DEPT003,Operations,2026-12-21,2027-02-03,2027-02-01,INR,PT004,Net 45,10927.83,1967.01,0,12894.84,Cancelled,Rejected,None,None,Not Received,CIF,"318 Park Blvd, Houston, CA 17435",Urgent,2026-12-21T12:00:00Z,Sales Team
1215,PO1215,PO-2025-1215,VEND025,ABB Ltd,EMP036,Kimberly Wright,DEPT006,Sales,2025-04-27,2025-06-05,2025-06-09,GBP,PT006,Net 90,163703.96,29466.71,0,193170.67,Closed,Submitted,None,None,Fully Received,CIF,"848 Market St, New York, NY 22845",Keep in warehouse,2025-04-27T10:00:00Z,IT Team
1216,PO1216,PO-2024-1216,VEND030,Bosch Rexroth AG,EMP033,Timothy Rodriguez,DEPT003,Operations,2024-03-26,2024-04-14,None,CHF,PT005,Net 60,52613.7,2630.68,0,55244.38,Cancelled,Submitted,None,None,Not Received,Ex-Works,"948 Park Blvd, Chicago, NY 40801",,2024-03-26T12:00:00Z,Procurement Team
1217,PO1217,PO-2026-1217,VEND044,IBM Corporation,EMP020,Laura Adams,DEPT010,Executive Management,2026-02-17,2026-04-02,2026-03-28,SEK,PT006,Net 90,136575.26,6828.76,0,143404.02,Partially Received,Rejected,None,None,Partially Received,FOB Origin,"447 Market St, Phoenix, CA 59732",Expedite shipping,2026-02-17T15:00:00Z,Marketing Team
1218,PO1218,PO-2026-1218,VEND069,ADT Inc.,EMP003,Michael Johnson,DEPT003,Operations,2026-10-28,2026-11-29,2026-11-30,EUR,PT002,Net 15,125092.29,0,1306.29,126398.58,Closed,Approved,EMP014,2026-11-04,Fully Received,Ex-Works,"497 Main St, Houston, AZ 57998",,2026-10-28T10:00:00Z,IT Team
1219,PO1219,PO-2025-1219,VEND038,Penske Logistics,EMP033,Timothy Rodriguez,DEPT003,Operations,2025-03-25,2025-05-09,2025-05-11,SEK,PT003,Net 30,336625.01,0,2594.78,339219.79,Closed,Approved,EMP021,2025-03-30,Fully Received,FOB Origin,"375 Park Blvd, Houston, AZ 57670",,2025-03-25T11:00:00Z,IT Team
1220,PO1220,PO-2023-1220,VEND033,Maersk Line,EMP032,Susan Clark,DEPT002,Procurement,2023-10-01,2023-10-31,2023-11-04,SEK,PT007,2/10 Net 30,263579.66,47444.34,3443.63,314467.63,Closed,Approved,EMP021,2023-10-07,Fully Received,CIF,"875 Park Blvd, Phoenix, TX 38220",Expedite shipping,2023-10-01T17:00:00Z,Marketing Team
1221,PO1221,PO-2025-1221,VEND067,"CBRE Group, Inc.",EMP039,David Nguyen,DEPT009,Warehouse & Logistics,2025-04-04,2025-05-05,2025-05-05,EUR,PT007,2/10 Net 30,301074.14,0,1424.51,302498.65,Closed,Approved,EMP010,2025-04-11,Fully Received,CIF,"474 Oak Ave, Phoenix, IL 33081",Urgent,2025-04-04T08:00:00Z,HR Team
1222,PO1222,PO-2026-1222,VEND030,Bosch Rexroth AG,EMP015,Mark Davis,DEPT005,Human Resources,2026-07-14,2026-07-29,2026-07-29,CHF,PT001,Immediate,381895.2,68741.14,0,450636.34,Open,Approved,EMP026,2026-07-18,Not Received,CIF,"636 Oak Ave, Los Angeles, CA 73930",,2026-07-14T14:00:00Z,IT Team
1223,PO1223,PO-2025-1223,VEND070,Tyco International,EMP001,David Chen,DEPT001,Finance,2025-09-14,2025-10-10,2025-10-09,GBP,PT002,Net 15,251578.26,0,507.44,252085.7,Closed,Submitted,None,None,Fully Received,CIF,"645 Market St, Phoenix, AZ 92759",Keep in warehouse,2025-09-14T16:00:00Z,Marketing Team
1224,PO1224,PO-2025-1224,VEND082,Grainger Inc.,EMP001,David Chen,DEPT001,Finance,2025-05-12,2025-06-14,None,GBP,PT005,Net 60,369038.61,18451.93,4251.85,391742.39,Closed,Approved,EMP008,2025-05-17,Fully Received,CIF,"365 Market St, New York, NY 53268",Call before delivery,2025-05-12T17:00:00Z,Marketing Team
1225,PO1225,PO-2023-1225,VEND074,Verizon Business Group,EMP003,Michael Johnson,DEPT003,Operations,2023-12-27,2024-01-29,2024-01-26,EUR,PT006,Net 90,367869.71,73573.94,0,441443.65,Closed,Submitted,None,None,Fully Received,CIF,"239 Main St, Houston, IL 35884",Keep in warehouse,2023-12-27T15:00:00Z,Sales Team
1226,PO1226,PO-2024-1226,VEND094,Timken Company,EMP036,Kimberly Wright,DEPT006,Sales,2024-05-24,2024-06-19,2024-06-18,SEK,PT003,Net 30,367579.78,73515.96,3750.16,444845.9,Closed,Approved,EMP019,2024-05-29,Fully Received,FOB Destination,"472 Market St, Phoenix, CA 86509",Keep in warehouse,2024-05-24T15:00:00Z,Procurement Team
1227,PO1227,PO-2026-1227,VEND014,Modern Office Co,EMP004,Jessica Martinez,DEPT004,Information Technology,2026-09-18,2026-10-04,2026-10-02,USD,PT003,Net 30,202279.63,20227.96,3007.22,225514.81,Closed,Approved,EMP034,2026-09-20,Fully Received,CIF,"361 Park Blvd, Los Angeles, TX 19809",Urgent,2026-09-18T14:00:00Z,Sales Team
1228,PO1228,PO-2025-1228,VEND084,McMaster-Carr,EMP027,Nancy Davis,DEPT007,Marketing,2025-06-19,2025-07-23,None,GBP,PT003,Net 30,35409.17,1770.46,0,37179.63,Open,Approved,EMP002,2025-06-26,Not Received,FOB Origin,"653 Park Blvd, Los Angeles, CA 68199",Expedite shipping,2025-06-19T11:00:00Z,Sales Team
1229,PO1229,PO-2025-1229,VEND082,Grainger Inc.,EMP009,Thomas Brown,DEPT009,Warehouse & Logistics,2025-08-04,2025-09-10,2025-09-08,GBP,PT007,2/10 Net 30,298835.12,59767.02,0,358602.14,Partially Received,Approved,EMP025,2025-08-07,Partially Received,FOB Destination,"694 Market St, Los Angeles, CA 37036",Expedite shipping,2025-08-04T16:00:00Z,HR Team
1230,PO1230,PO-2023-1230,VEND026,General Electric,EMP032,Susan Clark,DEPT002,Procurement,2023-11-17,2023-12-18,2023-12-22,SEK,PT001,Immediate,213864.88,21386.49,0,235251.37,Closed,Approved,EMP016,2023-11-23,Fully Received,FOB Origin,"374 Market St, Los Angeles, NY 14188",,2023-11-17T16:00:00Z,Procurement Team
1231,PO1231,PO-2024-1231,VEND037,Atlas Air Worldwide,EMP020,Laura Adams,DEPT010,Executive Management,2024-03-19,2024-04-25,2024-04-20,CHF,PT005,Net 60,382105.71,68779.03,0,450884.74,Closed,Approved,EMP030,2024-03-23,Fully Received,Ex-Works,"968 Main St, Phoenix, IL 46991",Urgent,2024-03-19T16:00:00Z,Sales Team
1232,PO1232,PO-2023-1232,VEND007,Staples Inc.,EMP024,Kimberly White,DEPT004,Information Technology,2023-02-05,2023-03-07,2023-03-12,EUR,PT002,Net 15,97506.05,19501.21,1350.51,118357.77,Closed,Submitted,None,None,Fully Received,FOB Origin,"972 Park Blvd, Phoenix, IL 84041",Urgent,2023-02-05T10:00:00Z,Marketing Team
1233,PO1233,PO-2024-1233,VEND010,Tech Solutions Ltd,EMP031,Charles Robinson,DEPT001,Finance,2024-07-09,2024-07-27,2024-07-31,USD,PT004,Net 45,13161.99,2632.4,4605.46,20399.85,Open,Submitted,None,None,Not Received,Ex-Works,"801 Market St, Houston, IL 76204",Urgent,2024-07-09T16:00:00Z,IT Team
1234,PO1234,PO-2025-1234,VEND100,ZF Friedrichshafen AG,EMP016,Steven Park,DEPT006,Sales,2025-12-19,2026-01-13,2026-01-11,USD,PT002,Net 15,395775.57,0,2642.51,398418.08,Partially Received,Approved,EMP022,2025-12-23,Partially Received,FOB Destination,"110 Park Blvd, Phoenix, TX 63411",Keep in warehouse,2025-12-19T15:00:00Z,HR Team
1235,PO1235,PO-2024-1235,VEND075,T-Mobile for Business,EMP016,Steven Park,DEPT006,Sales,2024-08-17,2024-09-19,None,GBP,PT006,Net 90,285841.62,0,0,285841.62,Closed,Approved,EMP023,2024-08-23,Fully Received,Ex-Works,"772 Oak Ave, New York, NY 11045",,2024-08-17T11:00:00Z,Finance Team
1236,PO1236,PO-2024-1236,VEND012,Elite Services,EMP003,Michael Johnson,DEPT003,Operations,2024-04-08,2024-04-23,2024-04-20,SEK,PT002,Net 15,313740.36,56473.26,0,370213.62,Closed,Approved,EMP034,2024-04-15,Fully Received,FOB Destination,"980 Main St, Houston, NY 29368",Urgent,2024-04-08T12:00:00Z,Marketing Team
1237,PO1237,PO-2023-1237,VEND087,Hilti Corporation,EMP031,Charles Robinson,DEPT001,Finance,2023-12-10,2024-01-12,None,CHF,PT006,Net 90,214594.66,42918.93,183,257696.59,Closed,Approved,EMP013,2023-12-13,Fully Received,Ex-Works,"946 Park Blvd, Chicago, AZ 52133",Call before delivery,2023-12-10T16:00:00Z,HR Team
1238,PO1238,PO-2023-1238,VEND016,New Horizons,EMP032,Susan Clark,DEPT002,Procurement,2023-04-08,2023-05-21,2023-05-22,GBP,PT006,Net 90,416841.79,20842.09,0,437683.88,Open,Approved,EMP024,2023-04-15,Not Received,CIF,"673 Main St, Chicago, IL 98618",Keep in warehouse,2023-04-08T16:00:00Z,Procurement Team
1239,PO1239,PO-2023-1239,VEND068,Securitas AB,EMP014,Lisa Johnson,DEPT004,Information Technology,2023-07-16,2023-08-12,2023-08-12,EUR,PT001,Immediate,158597.78,15859.78,2725.62,177183.18,Partially Received,Approved,EMP024,2023-07-21,Partially Received,CIF,"270 Main St, Chicago, AZ 36998",Urgent,2023-07-16T14:00:00Z,Marketing Team
1240,PO1240,PO-2025-1240,VEND012,Elite Services,EMP036,Kimberly Wright,DEPT006,Sales,2025-08-31,2025-10-06,2025-10-09,SEK,PT005,Net 60,101414.37,5070.72,29.95,106515.04,Closed,Approved,EMP016,2025-09-03,Fully Received,FOB Destination,"937 Park Blvd, Los Angeles, TX 52087",Expedite shipping,2025-08-31T11:00:00Z,Marketing Team
1241,PO1241,PO-2024-1241,VEND060,Boston Consulting Group,EMP027,Nancy Davis,DEPT007,Marketing,2024-03-12,2024-04-06,2024-04-05,SEK,PT004,Net 45,255647.92,51129.58,0,306777.5,Open,Approved,EMP009,2024-03-14,Not Received,Ex-Works,"239 Park Blvd, New York, CA 36800",Keep in warehouse,2024-03-12T14:00:00Z,IT Team
1242,PO1242,PO-2024-1242,VEND098,Michelin North America,EMP027,Nancy Davis,DEPT007,Marketing,2024-11-08,2024-12-05,None,USD,PT005,Net 60,193176.77,9658.84,2235.5,205071.11,Partially Received,Approved,EMP021,2024-11-09,Partially Received,Ex-Works,"730 Oak Ave, Los Angeles, AZ 38789",Urgent,2024-11-08T15:00:00Z,Finance Team
1243,PO1243,PO-2023-1243,VEND061,Bain & Company,EMP006,Amanda Lee,DEPT006,Sales,2023-01-06,2023-01-31,2023-01-30,INR,PT001,Immediate,473939.95,94787.99,1006.7,569734.64,Open,Approved,EMP013,2023-01-09,Not Received,Ex-Works,"331 Oak Ave, Phoenix, AZ 34987",Keep in warehouse,2023-01-06T12:00:00Z,Finance Team
1244,PO1244,PO-2024-1244,VEND028,Emerson Electric Co.,EMP014,Lisa Johnson,DEPT004,Information Technology,2024-08-16,2024-09-23,2024-09-21,INR,PT007,2/10 Net 30,143246.41,7162.32,3086.8,153495.53,Open,Approved,EMP029,2024-08-22,Not Received,CIF,"777 Market St, Los Angeles, IL 94457",,2024-08-16T15:00:00Z,Marketing Team
1245,PO1245,PO-2023-1245,VEND073,AT&T Business,EMP011,Daniel Anderson,DEPT001,Finance,2023-05-04,2023-06-11,2023-06-16,SEK,PT003,Net 30,467088.38,23354.42,2395.23,492838.03,Closed,Approved,EMP018,2023-05-09,Fully Received,CIF,"776 Oak Ave, Los Angeles, CA 97574",,2023-05-04T08:00:00Z,Finance Team
1246,PO1246,PO-2023-1246,VEND035,Expeditors International,EMP035,Joseph Wilson,DEPT005,Human Resources,2023-06-18,2023-07-22,None,GBP,PT001,Immediate,403944.02,40394.4,0,444338.42,Partially Received,Submitted,None,None,Partially Received,FOB Origin,"701 Main St, New York, AZ 77749",Call before delivery,2023-06-18T11:00:00Z,Sales Team
1247,PO1247,PO-2026-1247,VEND060,Boston Consulting Group,EMP001,David Chen,DEPT001,Finance,2026-08-13,2026-09-19,None,SEK,PT004,Net 45,496236,89322.48,169.45,585727.93,Closed,Approved,EMP026,2026-08-14,Fully Received,CIF,"105 Market St, Los Angeles, CA 66048",Urgent,2026-08-13T09:00:00Z,IT Team
1248,PO1248,PO-2024-1248,VEND038,Penske Logistics,EMP021,Brian Thompson,DEPT001,Finance,2024-12-11,2025-01-06,2025-01-07,SEK,PT003,Net 30,326625.83,58792.65,3924.21,389342.69,Pending Approval,Approved,EMP024,2024-12-13,Not Received,Ex-Works,"952 Park Blvd, New York, AZ 31285",Expedite shipping,2024-12-11T10:00:00Z,HR Team
1249,PO1249,PO-2026-1249,VEND076,Comcast Business,EMP034,Angela Martinez,DEPT004,Information Technology,2026-07-21,2026-08-12,None,GBP,PT006,Net 90,68012.46,12242.24,0,80254.7,Closed,Approved,EMP032,2026-07-25,Fully Received,CIF,"694 Park Blvd, Chicago, IL 32452",Keep in warehouse,2026-07-21T10:00:00Z,Sales Team
1250,PO1250,PO-2024-1250,VEND096,Gates Corporation,EMP033,Timothy Rodriguez,DEPT003,Operations,2024-10-26,2024-12-08,2024-12-06,EUR,PT005,Net 60,253964.86,0,2560.71,256525.57,Open,Approved,EMP015,2024-10-28,Not Received,Ex-Works,"826 Market St, Los Angeles, CA 59845",Urgent,2024-10-26T14:00:00Z,Sales Team
1251,PO1251,PO-2026-1251,VEND089,DeWalt Industrial Tool Co.,EMP013,Kevin Moore,DEPT003,Operations,2026-08-07,2026-09-07,2026-09-07,INR,PT002,Net 15,398303.84,0,0,398303.84,Open,Approved,EMP028,2026-08-13,Not Received,FOB Origin,"291 Oak Ave, Los Angeles, IL 67806",Expedite shipping,2026-08-07T17:00:00Z,Finance Team
1252,PO1252,PO-2026-1252,VEND034,C.H. Robinson Worldwide,EMP033,Timothy Rodriguez,DEPT003,Operations,2026-12-14,2026-12-30,2026-12-30,SEK,PT004,Net 45,445695.25,44569.53,0,490264.78,Open,Approved,EMP012,2026-12-16,Not Received,FOB Origin,"342 Main St, Chicago, AZ 86488",,2026-12-14T10:00:00Z,Procurement Team
1253,PO1253,PO-2026-1253,VEND036,Kuehne + Nagel,EMP035,Joseph Wilson,DEPT005,Human Resources,2026-03-31,2026-04-28,None,INR,PT007,2/10 Net 30,25552.12,2555.21,2560.02,30667.35,Closed,Approved,EMP008,2026-04-01,Fully Received,Ex-Works,"347 Market St, Los Angeles, CA 77882",Call before delivery,2026-03-31T14:00:00Z,Sales Team
1254,PO1254,PO-2025-1254,VEND004,Dell Technologies,EMP021,Brian Thompson,DEPT001,Finance,2025-09-21,2025-10-14,2025-10-18,CHF,PT005,Net 60,238677.36,42961.92,262.86,281902.14,Partially Received,Submitted,None,None,Partially Received,Ex-Works,"870 Oak Ave, Phoenix, TX 79637",Expedite shipping,2025-09-21T17:00:00Z,Procurement Team
1255,PO1255,PO-2023-1255,VEND060,Boston Consulting Group,EMP023,Richard Martinez,DEPT003,Operations,2023-12-31,2024-01-28,2024-01-30,SEK,PT005,Net 60,314518.68,15725.93,4722.35,334966.96,Closed,Approved,EMP020,2024-01-04,Fully Received,FOB Destination,"172 Park Blvd, Los Angeles, IL 60230",,2023-12-31T12:00:00Z,Marketing Team
1256,PO1256,PO-2025-1256,VEND052,Moody's Analytics,EMP022,Cynthia Lewis,DEPT002,Procurement,2025-05-21,2025-06-05,None,GBP,PT004,Net 45,280392.73,56078.55,0,336471.28,Closed,Approved,EMP029,2025-05-25,Fully Received,FOB Destination,"811 Park Blvd, Los Angeles, AZ 72612",Keep in warehouse,2025-05-21T10:00:00Z,Finance Team
1257,PO1257,PO-2024-1257,VEND028,Emerson Electric Co.,EMP032,Susan Clark,DEPT002,Procurement,2024-09-14,2024-10-03,2024-10-08,INR,PT001,Immediate,467484.1,23374.21,0,490858.31,Open,Approved,EMP010,2024-09-15,Not Received,FOB Destination,"195 Main St, New York, AZ 45144",Call before delivery,2024-09-14T09:00:00Z,IT Team
1258,PO1258,PO-2025-1258,VEND005,Microsoft Corporation,EMP022,Cynthia Lewis,DEPT002,Procurement,2025-04-29,2025-05-25,2025-05-29,SEK,PT007,2/10 Net 30,226350.33,40743.06,0,267093.39,Closed,Approved,EMP034,2025-05-05,Fully Received,FOB Destination,"494 Park Blvd, Houston, TX 17689",Urgent,2025-04-29T11:00:00Z,Marketing Team
1259,PO1259,PO-2024-1259,VEND075,T-Mobile for Business,EMP040,Melissa Torres,DEPT010,Executive Management,2024-07-08,2024-07-31,2024-08-03,GBP,PT007,2/10 Net 30,301549.97,15077.5,0,316627.47,Closed,Approved,EMP015,2024-07-10,Fully Received,Ex-Works,"924 Park Blvd, Los Angeles, AZ 96172",Keep in warehouse,2024-07-08T09:00:00Z,Procurement Team
1260,PO1260,PO-2025-1260,VEND007,Staples Inc.,EMP001,David Chen,DEPT001,Finance,2025-01-11,2025-01-29,None,EUR,PT006,Net 90,186193.19,9309.66,0,195502.85,Open,Draft,None,None,Not Received,CIF,"700 Main St, Houston, TX 72013",Urgent,2025-01-11T13:00:00Z,Finance Team
1261,PO1261,PO-2026-1261,VEND005,Microsoft Corporation,EMP036,Kimberly Wright,DEPT006,Sales,2026-04-24,2026-05-23,2026-05-24,SEK,PT003,Net 30,78321.95,3916.1,2788.74,85026.79,Open,Approved,EMP029,2026-04-30,Not Received,FOB Destination,"517 Oak Ave, Houston, TX 40784",Keep in warehouse,2026-04-24T11:00:00Z,Finance Team
1262,PO1262,PO-2024-1262,VEND066,Jones Lang LaSalle,EMP035,Joseph Wilson,DEPT005,Human Resources,2024-11-02,2024-11-30,2024-11-30,CHF,PT005,Net 60,223123.12,11156.16,0,234279.28,Open,Approved,EMP037,2024-11-06,Not Received,FOB Destination,"478 Park Blvd, Houston, TX 15966",Urgent,2024-11-02T12:00:00Z,Marketing Team
1263,PO1263,PO-2024-1263,VEND029,Rockwell Automation,EMP019,Rachel Rodriguez,DEPT009,Warehouse & Logistics,2024-06-25,2024-07-27,2024-08-01,USD,PT001,Immediate,303793.51,30379.35,2512.41,336685.27,Pending Approval,Approved,EMP007,2024-06-30,Not Received,FOB Destination,"544 Park Blvd, New York, IL 58628",Keep in warehouse,2024-06-25T10:00:00Z,IT Team
1264,PO1264,PO-2026-1264,VEND024,Schneider Electric,EMP009,Thomas Brown,DEPT009,Warehouse & Logistics,2026-04-26,2026-05-13,None,USD,PT006,Net 90,95948.54,17270.74,4176.24,117395.52,Cancelled,Approved,EMP035,2026-05-01,Not Received,FOB Origin,"390 Market St, Phoenix, AZ 35884",Expedite shipping,2026-04-26T15:00:00Z,Marketing Team
1265,PO1265,PO-2023-1265,VEND040,SAP SE,EMP008,Maria Garcia,DEPT008,Legal & Compliance,2023-10-21,2023-11-19,None,INR,PT001,Immediate,284236.15,14211.81,0,298447.96,Closed,Approved,EMP036,2023-10-27,Fully Received,Ex-Works,"507 Park Blvd, Houston, AZ 26414",Expedite shipping,2023-10-21T12:00:00Z,Finance Team
1266,PO1266,PO-2024-1266,VEND093,Regal Beloit Corporation,EMP027,Nancy Davis,DEPT007,Marketing,2024-03-27,2024-04-18,2024-04-16,CHF,PT007,2/10 Net 30,101986.27,0,3167.86,105154.13,Cancelled,Approved,EMP029,2024-03-31,Not Received,FOB Destination,"180 Park Blvd, New York, NY 70231",,2024-03-27T14:00:00Z,Finance Team
1267,PO1267,PO-2026-1267,VEND094,Timken Company,EMP013,Kevin Moore,DEPT003,Operations,2026-06-24,2026-07-13,2026-07-18,SEK,PT005,Net 60,429225.05,21461.25,0,450686.3,Closed,Approved,EMP018,2026-06-26,Fully Received,FOB Origin,"281 Market St, Chicago, NY 59362",Expedite shipping,2026-06-24T13:00:00Z,Marketing Team
1268,PO1268,PO-2024-1268,VEND020,Alpha Industries,EMP008,Maria Garcia,DEPT008,Legal & Compliance,2024-03-10,2024-04-16,None,SEK,PT007,2/10 Net 30,344323.87,34432.39,0,378756.26,Closed,Approved,EMP014,2024-03-13,Fully Received,FOB Origin,"363 Oak Ave, Phoenix, IL 25133",Keep in warehouse,2024-03-10T14:00:00Z,Procurement Team
1269,PO1269,PO-2023-1269,VEND013,Quick Logistics,EMP022,Cynthia Lewis,DEPT002,Procurement,2023-10-08,2023-11-10,None,GBP,PT006,Net 90,293640.61,58728.12,2350.85,354719.58,Closed,Rejected,None,None,Fully Received,Ex-Works,"433 Market St, Chicago, CA 15995",Call before delivery,2023-10-08T12:00:00Z,Finance Team
1270,PO1270,PO-2025-1270,VEND016,New Horizons,EMP011,Daniel Anderson,DEPT001,Finance,2025-09-18,2025-10-26,None,GBP,PT001,Immediate,67045.03,6704.5,4287.18,78036.71,Partially Received,Approved,EMP009,2025-09-20,Partially Received,FOB Origin,"340 Oak Ave, Phoenix, CA 35019",Keep in warehouse,2025-09-18T11:00:00Z,IT Team
1271,PO1271,PO-2023-1271,VEND085,Fastenal Company,EMP025,Jason Harris,DEPT005,Human Resources,2023-12-22,2024-02-04,2024-02-05,SEK,PT002,Net 15,239559.48,0,0,239559.48,Open,Approved,EMP026,2023-12-29,Not Received,Ex-Works,"114 Market St, Houston, AZ 17796",Call before delivery,2023-12-22T17:00:00Z,HR Team
1272,PO1272,PO-2025-1272,VEND043,Cisco Systems Inc.,EMP001,David Chen,DEPT001,Finance,2025-01-22,2025-02-17,2025-02-22,GBP,PT002,Net 15,367594.48,36759.45,0,404353.93,Open,Approved,EMP023,2025-01-29,Not Received,FOB Destination,"783 Park Blvd, Los Angeles, IL 80835",,2025-01-22T13:00:00Z,Sales Team
1273,PO1273,PO-2025-1273,VEND033,Maersk Line,EMP040,Melissa Torres,DEPT010,Executive Management,2025-11-16,2025-12-29,None,SEK,PT006,Net 90,326364.56,16318.23,0,342682.79,Pending Approval,Approved,EMP027,2025-11-21,Not Received,FOB Origin,"908 Oak Ave, Houston, AZ 51115",Keep in warehouse,2025-11-16T12:00:00Z,HR Team
1274,PO1274,PO-2026-1274,VEND042,"VMware, Inc.",EMP037,Christopher Lee,DEPT007,Marketing,2026-11-28,2026-12-17,2026-12-19,SEK,PT007,2/10 Net 30,251824.19,25182.42,0,277006.61,Closed,Approved,EMP024,2026-11-29,Fully Received,FOB Origin,"306 Oak Ave, Phoenix, IL 79672",Urgent,2026-11-28T15:00:00Z,Finance Team
1275,PO1275,PO-2026-1275,VEND070,Tyco International,EMP022,Cynthia Lewis,DEPT002,Procurement,2026-01-04,2026-02-03,None,GBP,PT005,Net 60,94470.85,17004.75,0,111475.6,Open,Approved,EMP032,2026-01-11,Not Received,FOB Destination,"468 Market St, Los Angeles, AZ 16166",Keep in warehouse,2026-01-04T14:00:00Z,Finance Team
1276,PO1276,PO-2025-1276,VEND064,Aramark Corporation,EMP028,Peter Garcia,DEPT008,Legal & Compliance,2025-07-09,2025-08-02,2025-07-31,EUR,PT004,Net 45,329470.8,59304.74,0,388775.54,Open,Approved,EMP006,2025-07-14,Not Received,FOB Origin,"854 Park Blvd, Houston, NY 18515",Keep in warehouse,2025-07-09T09:00:00Z,Procurement Team
1277,PO1277,PO-2024-1277,VEND050,Festo AG & Co. KG,EMP022,Cynthia Lewis,DEPT002,Procurement,2024-07-16,2024-08-27,2024-08-30,INR,PT005,Net 60,269757.54,48556.36,0,318313.9,Closed,Approved,EMP005,2024-07-21,Fully Received,FOB Destination,"567 Oak Ave, New York, NY 50807",Keep in warehouse,2024-07-16T11:00:00Z,Procurement Team
1278,PO1278,PO-2024-1278,VEND100,ZF Friedrichshafen AG,EMP009,Thomas Brown,DEPT009,Warehouse & Logistics,2024-06-30,2024-07-17,2024-07-21,USD,PT005,Net 60,313052.66,62610.53,334.15,375997.34,Partially Received,Approved,EMP033,2024-07-04,Partially Received,FOB Origin,"860 Main St, Houston, NY 37332",Call before delivery,2024-06-30T12:00:00Z,Sales Team
1279,PO1279,PO-2026-1279,VEND065,Sodexo S.A.,EMP040,Melissa Torres,DEPT010,Executive Management,2026-07-17,2026-08-09,2026-08-08,INR,PT002,Net 15,232776.81,46555.36,0,279332.17,Pending Approval,Draft,None,None,Not Received,Ex-Works,"350 Market St, Houston, IL 12332",Expedite shipping,2026-07-17T11:00:00Z,Sales Team
1280,PO1280,PO-2026-1280,VEND043,Cisco Systems Inc.,EMP006,Amanda Lee,DEPT006,Sales,2026-04-04,2026-05-12,2026-05-07,GBP,PT003,Net 30,499068.25,89832.29,520.56,589421.1,Open,Approved,EMP028,2026-04-05,Not Received,CIF,"639 Park Blvd, Houston, CA 68886",Urgent,2026-04-04T14:00:00Z,IT Team
1281,PO1281,PO-2023-1281,VEND016,New Horizons,EMP027,Nancy Davis,DEPT007,Marketing,2023-05-07,2023-06-17,2023-06-16,GBP,PT005,Net 60,485960.51,97192.1,2959.4,586112.01,Open,Approved,EMP034,2023-05-14,Not Received,CIF,"324 Oak Ave, New York, CA 74157",Expedite shipping,2023-05-07T11:00:00Z,Marketing Team
1282,PO1282,PO-2025-1282,VEND048,Cummins Inc.,EMP032,Susan Clark,DEPT002,Procurement,2025-05-06,2025-05-22,2025-05-21,EUR,PT005,Net 60,131448.47,0,2615.62,134064.09,Cancelled,Submitted,None,None,Not Received,CIF,"495 Oak Ave, Houston, TX 35853",Keep in warehouse,2025-05-06T11:00:00Z,Sales Team
1283,PO1283,PO-2025-1283,VEND010,Tech Solutions Ltd,EMP037,Christopher Lee,DEPT007,Marketing,2025-07-13,2025-08-08,2025-08-13,USD,PT003,Net 30,285049.46,14252.47,4255.17,303557.1,Cancelled,Approved,EMP040,2025-07-18,Not Received,Ex-Works,"321 Market St, Houston, AZ 32808",,2025-07-13T13:00:00Z,Marketing Team
1284,PO1284,PO-2024-1284,VEND007,Staples Inc.,EMP016,Steven Park,DEPT006,Sales,2024-05-30,2024-07-05,2024-07-05,EUR,PT004,Net 45,274484.03,49407.13,0,323891.16,Pending Approval,Approved,EMP011,2024-06-06,Not Received,FOB Destination,"205 Oak Ave, Los Angeles, AZ 66062",Urgent,2024-05-30T17:00:00Z,Procurement Team
1285,PO1285,PO-2023-1285,VEND055,Deloitte & Touche LLP,EMP034,Angela Martinez,DEPT004,Information Technology,2023-06-13,2023-07-25,None,EUR,PT004,Net 45,263509.77,47431.76,3621.16,314562.69,Pending Approval,Approved,EMP009,2023-06-18,Not Received,Ex-Works,"594 Market St, Chicago, AZ 62570",Expedite shipping,2023-06-13T17:00:00Z,Marketing Team
1286,PO1286,PO-2025-1286,VEND072,Republic Services,EMP019,Rachel Rodriguez,DEPT009,Warehouse & Logistics,2025-07-29,2025-08-20,2025-08-18,SEK,PT004,Net 45,276165.56,13808.28,0,289973.84,Closed,Submitted,None,None,Fully Received,CIF,"530 Main St, Houston, IL 91210",Urgent,2025-07-29T16:00:00Z,Sales Team
1287,PO1287,PO-2026-1287,VEND031,FedEx Corporation,EMP002,Sarah Williams,DEPT002,Procurement,2026-12-27,2027-02-09,2027-02-13,SEK,PT002,Net 15,240038.52,0,1541.99,241580.51,Closed,Rejected,None,None,Fully Received,CIF,"999 Market St, Los Angeles, IL 76443",Call before delivery,2026-12-27T12:00:00Z,Finance Team
1288,PO1288,PO-2023-1288,VEND004,Dell Technologies,EMP004,Jessica Martinez,DEPT004,Information Technology,2023-07-13,2023-08-10,2023-08-15,CHF,PT005,Net 60,225807.61,45161.52,0,270969.13,Closed,Approved,EMP002,2023-07-14,Fully Received,CIF,"195 Market St, Chicago, TX 69712",Expedite shipping,2023-07-13T12:00:00Z,Marketing Team
1289,PO1289,PO-2024-1289,VEND031,FedEx Corporation,EMP001,David Chen,DEPT001,Finance,2024-11-25,2024-12-15,2024-12-17,SEK,PT004,Net 45,389962.35,77992.47,1547.17,469501.99,Open,Approved,EMP001,2024-12-01,Not Received,CIF,"910 Market St, New York, IL 69705",Keep in warehouse,2024-11-25T13:00:00Z,Finance Team
1290,PO1290,PO-2023-1290,VEND019,Vanguard Tech,EMP017,Michelle Chen,DEPT007,Marketing,2023-03-15,2023-03-31,2023-04-02,USD,PT006,Net 90,477348.41,47734.84,0,525083.25,Partially Received,Approved,EMP039,2023-03-22,Partially Received,FOB Destination,"871 Main St, Los Angeles, CA 45924",Urgent,2023-03-15T16:00:00Z,Finance Team
1291,PO1291,PO-2026-1291,VEND077,Spectrum Business,EMP038,Stephanie Hall,DEPT008,Legal & Compliance,2026-12-04,2027-01-11,2027-01-10,SEK,PT005,Net 60,24050.15,1202.51,0,25252.66,Closed,Approved,EMP035,2026-12-06,Fully Received,CIF,"821 Oak Ave, Phoenix, CA 97702",Keep in warehouse,2026-12-04T13:00:00Z,IT Team
1292,PO1292,PO-2025-1292,VEND015,Best Buy Corp,EMP039,David Nguyen,DEPT009,Warehouse & Logistics,2025-11-08,2025-12-14,2025-12-10,INR,PT004,Net 45,45818.15,4581.81,0,50399.96,Closed,Approved,EMP029,2025-11-09,Fully Received,Ex-Works,"294 Main St, New York, NY 94303",Expedite shipping,2025-11-08T11:00:00Z,Sales Team
1293,PO1293,PO-2025-1293,VEND079,UniFirst Corporation,EMP020,Laura Adams,DEPT010,Executive Management,2025-10-09,2025-11-16,None,USD,PT006,Net 90,484501.38,87210.25,4057.4,575769.03,Open,Rejected,None,None,Not Received,FOB Destination,"382 Park Blvd, Chicago, TX 17187",Expedite shipping,2025-10-09T14:00:00Z,Sales Team
1294,PO1294,PO-2023-1294,VEND018,Summit Systems,EMP023,Richard Martinez,DEPT003,Operations,2023-05-21,2023-06-07,None,EUR,PT007,2/10 Net 30,223683.68,0,0,223683.68,Closed,Approved,EMP008,2023-05-26,Fully Received,FOB Origin,"977 Main St, Los Angeles, NY 49107",Expedite shipping,2023-05-21T12:00:00Z,Procurement Team
1295,PO1295,PO-2025-1295,VEND087,Hilti Corporation,EMP019,Rachel Rodriguez,DEPT009,Warehouse & Logistics,2025-09-07,2025-10-05,2025-10-06,CHF,PT004,Net 45,412311.09,41231.11,3183.44,456725.64,Partially Received,Approved,EMP005,2025-09-11,Partially Received,CIF,"738 Market St, Phoenix, AZ 65076",Keep in warehouse,2025-09-07T17:00:00Z,IT Team
1296,PO1296,PO-2024-1296,VEND076,Comcast Business,EMP016,Steven Park,DEPT006,Sales,2024-10-21,2024-11-13,2024-11-17,GBP,PT004,Net 45,251573.81,25157.38,3673.44,280404.63,Pending Approval,Approved,EMP016,2024-10-24,Not Received,Ex-Works,"482 Park Blvd, Phoenix, AZ 59053",Urgent,2024-10-21T09:00:00Z,Procurement Team
1297,PO1297,PO-2026-1297,VEND005,Microsoft Corporation,EMP022,Cynthia Lewis,DEPT002,Procurement,2026-12-03,2027-01-05,2027-01-04,SEK,PT002,Net 15,269698.69,0,0,269698.69,Open,Approved,EMP016,2026-12-07,Not Received,FOB Destination,"687 Park Blvd, Phoenix, AZ 80919",,2026-12-03T10:00:00Z,Finance Team
1298,PO1298,PO-2025-1298,VEND069,ADT Inc.,EMP031,Charles Robinson,DEPT001,Finance,2025-08-05,2025-08-24,2025-08-19,EUR,PT002,Net 15,339947.81,33994.78,3408.04,377350.63,Cancelled,Approved,EMP018,2025-08-07,Not Received,FOB Destination,"280 Main St, New York, NY 53493",Keep in warehouse,2025-08-05T10:00:00Z,Finance Team
1299,PO1299,PO-2024-1299,VEND098,Michelin North America,EMP033,Timothy Rodriguez,DEPT003,Operations,2024-06-12,2024-07-04,2024-07-07,USD,PT007,2/10 Net 30,125919.15,25183.83,0,151102.98,Closed,Approved,EMP032,2024-06-13,Fully Received,Ex-Works,"679 Market St, Los Angeles, CA 58525",,2024-06-12T16:00:00Z,HR Team
1300,PO1300,PO-2024-1300,VEND013,Quick Logistics,EMP040,Melissa Torres,DEPT010,Executive Management,2024-04-10,2024-05-04,2024-04-29,GBP,PT003,Net 30,219384.89,0,0,219384.89,Open,Submitted,None,None,Not Received,CIF,"506 Oak Ave, Houston, AZ 65003",Call before delivery,2024-04-10T14:00:00Z,Finance Team
1301,PO1301,PO-2025-1301,VEND062,Accenture PLC,EMP034,Angela Martinez,DEPT004,Information Technology,2025-06-22,2025-07-20,2025-07-21,USD,PT003,Net 30,89952.9,8995.29,4562.78,103510.97,Closed,Approved,EMP024,2025-06-23,Fully Received,FOB Destination,"248 Oak Ave, Houston, TX 44301",Urgent,2025-06-22T16:00:00Z,HR Team
1302,PO1302,PO-2026-1302,VEND062,Accenture PLC,EMP024,Kimberly White,DEPT004,Information Technology,2026-02-08,2026-02-24,2026-02-27,USD,PT006,Net 90,62766.4,0,1806.07,64572.47,Open,Approved,EMP017,2026-02-15,Not Received,CIF,"642 Main St, Phoenix, NY 53280",Call before delivery,2026-02-08T14:00:00Z,Procurement Team
1303,PO1303,PO-2023-1303,VEND028,Emerson Electric Co.,EMP040,Melissa Torres,DEPT010,Executive Management,2023-06-09,2023-07-20,2023-07-22,INR,PT004,Net 45,36341.21,6541.42,0,42882.63,Partially Received,Approved,EMP009,2023-06-16,Partially Received,FOB Origin,"188 Oak Ave, Phoenix, CA 46475",,2023-06-09T15:00:00Z,IT Team
1304,PO1304,PO-2024-1304,VEND078,Cintas Corporation,EMP019,Rachel Rodriguez,DEPT009,Warehouse & Logistics,2024-06-18,2024-07-26,2024-07-27,USD,PT003,Net 30,263474.76,13173.74,0,276648.5,Pending Approval,Approved,EMP019,2024-06-21,Not Received,FOB Origin,"321 Market St, New York, IL 42598",,2024-06-18T15:00:00Z,Marketing Team
1305,PO1305,PO-2026-1305,VEND065,Sodexo S.A.,EMP033,Timothy Rodriguez,DEPT003,Operations,2026-06-11,2026-07-20,2026-07-24,INR,PT001,Immediate,83332.63,4166.63,2952.93,90452.19,Closed,Approved,EMP002,2026-06-13,Fully Received,FOB Destination,"425 Main St, Houston, IL 64277",Urgent,2026-06-11T08:00:00Z,Finance Team
1306,PO1306,PO-2025-1306,VEND076,Comcast Business,EMP013,Kevin Moore,DEPT003,Operations,2025-10-21,2025-11-19,2025-11-19,GBP,PT001,Immediate,362809.27,72561.85,0,435371.12,Closed,Approved,EMP005,2025-10-25,Fully Received,FOB Origin,"793 Main St, New York, IL 73406",,2025-10-21T10:00:00Z,HR Team
1307,PO1307,PO-2024-1307,VEND047,Apple Inc.,EMP003,Michael Johnson,DEPT003,Operations,2024-05-13,2024-06-03,2024-06-04,GBP,PT004,Net 45,214913.4,42982.68,1161.02,259057.1,Closed,Approved,EMP024,2024-05-17,Fully Received,CIF,"406 Oak Ave, New York, NY 28953",Urgent,2024-05-13T09:00:00Z,Finance Team
1308,PO1308,PO-2026-1308,VEND079,UniFirst Corporation,EMP004,Jessica Martinez,DEPT004,Information Technology,2026-06-17,2026-07-28,2026-08-02,USD,PT004,Net 45,435283.13,87056.63,581.32,522921.08,Open,Approved,EMP013,2026-06-19,Not Received,FOB Destination,"140 Main St, New York, CA 92422",Urgent,2026-06-17T11:00:00Z,HR Team
1309,PO1309,PO-2026-1309,VEND065,Sodexo S.A.,EMP030,Elizabeth Miller,DEPT010,Executive Management,2026-04-11,2026-05-05,None,INR,PT006,Net 90,400407.79,40040.78,1740.01,442188.58,Closed,Approved,EMP001,2026-04-12,Fully Received,FOB Origin,"864 Main St, Phoenix, TX 99547",Call before delivery,2026-04-11T09:00:00Z,IT Team
1310,PO1310,PO-2024-1310,VEND031,FedEx Corporation,EMP040,Melissa Torres,DEPT010,Executive Management,2024-02-27,2024-04-07,None,SEK,PT006,Net 90,74513.61,13412.45,0,87926.06,Open,Submitted,None,None,Not Received,CIF,"428 Market St, Houston, AZ 16788",Expedite shipping,2024-02-27T08:00:00Z,HR Team
1311,PO1311,PO-2024-1311,VEND023,Caterpillar Inc.,EMP022,Cynthia Lewis,DEPT002,Procurement,2024-02-03,2024-02-26,2024-02-28,INR,PT006,Net 90,89676.47,17935.29,80.63,107692.39,Open,Approved,EMP009,2024-02-06,Not Received,CIF,"500 Park Blvd, Houston, NY 58523",,2024-02-03T09:00:00Z,Procurement Team
1312,PO1312,PO-2026-1312,VEND095,SKF Group,EMP031,Charles Robinson,DEPT001,Finance,2026-07-17,2026-08-20,None,GBP,PT006,Net 90,15535.82,3107.16,3937.36,22580.34,Partially Received,Draft,None,None,Partially Received,FOB Destination,"528 Market St, Los Angeles, CA 28882",Call before delivery,2026-07-17T13:00:00Z,Marketing Team
1313,PO1313,PO-2026-1313,VEND089,DeWalt Industrial Tool Co.,EMP022,Cynthia Lewis,DEPT002,Procurement,2026-04-23,2026-05-09,2026-05-12,INR,PT003,Net 30,119330.4,11933.04,0,131263.44,Open,Approved,EMP039,2026-04-27,Not Received,FOB Destination,"995 Main St, Phoenix, IL 16703",Expedite shipping,2026-04-23T15:00:00Z,Sales Team
1314,PO1314,PO-2025-1314,VEND095,SKF Group,EMP025,Jason Harris,DEPT005,Human Resources,2025-05-31,2025-06-16,None,GBP,PT006,Net 90,228173.79,0,0,228173.79,Open,Rejected,None,None,Not Received,CIF,"168 Market St, Chicago, CA 75757",,2025-05-31T15:00:00Z,HR Team
1315,PO1315,PO-2026-1315,VEND021,Johnson Controls,EMP032,Susan Clark,DEPT002,Procurement,2026-02-10,2026-03-10,None,USD,PT001,Immediate,467928.55,93585.71,308.53,561822.79,Closed,Approved,EMP037,2026-02-15,Fully Received,CIF,"249 Market St, Los Angeles, TX 59328",Call before delivery,2026-02-10T16:00:00Z,Marketing Team
1316,PO1316,PO-2023-1316,VEND014,Modern Office Co,EMP035,Joseph Wilson,DEPT005,Human Resources,2023-04-06,2023-05-13,2023-05-09,USD,PT001,Immediate,73281.6,14656.32,4836.04,92773.96,Closed,Approved,EMP037,2023-04-12,Fully Received,Ex-Works,"972 Main St, New York, CA 66101",Urgent,2023-04-06T15:00:00Z,Sales Team
1317,PO1317,PO-2023-1317,VEND087,Hilti Corporation,EMP030,Elizabeth Miller,DEPT010,Executive Management,2023-11-28,2023-12-29,None,CHF,PT002,Net 15,342419.61,61635.53,3358.3,407413.44,Partially Received,Approved,EMP017,2023-12-02,Partially Received,Ex-Works,"796 Oak Ave, Phoenix, CA 71313",Keep in warehouse,2023-11-28T10:00:00Z,Procurement Team
1318,PO1318,PO-2025-1318,VEND069,ADT Inc.,EMP011,Daniel Anderson,DEPT001,Finance,2025-02-26,2025-04-08,None,EUR,PT001,Immediate,210564.44,10528.22,0,221092.66,Closed,Approved,EMP024,2025-02-27,Fully Received,FOB Destination,"858 Park Blvd, New York, AZ 56014",Expedite shipping,2025-02-26T16:00:00Z,Marketing Team
1319,PO1319,PO-2023-1319,VEND048,Cummins Inc.,EMP017,Michelle Chen,DEPT007,Marketing,2023-10-05,2023-11-08,2023-11-03,EUR,PT005,Net 60,471709.74,84907.75,1712.51,558330,Closed,Approved,EMP002,2023-10-06,Fully Received,FOB Destination,"731 Main St, Chicago, IL 73964",Keep in warehouse,2023-10-05T14:00:00Z,Procurement Team
1320,PO1320,PO-2024-1320,VEND098,Michelin North America,EMP029,Jennifer Lee,DEPT009,Warehouse & Logistics,2024-11-06,2024-12-11,None,USD,PT001,Immediate,442484.58,44248.46,0,486733.04,Closed,Approved,EMP013,2024-11-08,Fully Received,FOB Origin,"946 Main St, New York, CA 26462",Urgent,2024-11-06T17:00:00Z,Finance Team
1321,PO1321,PO-2025-1321,VEND033,Maersk Line,EMP004,Jessica Martinez,DEPT004,Information Technology,2025-07-05,2025-07-20,2025-07-22,SEK,PT006,Net 90,119370.63,0,0,119370.63,Open,Submitted,None,None,Not Received,FOB Origin,"596 Oak Ave, Phoenix, IL 49903",,2025-07-05T10:00:00Z,IT Team
1322,PO1322,PO-2025-1322,VEND026,General Electric,EMP001,David Chen,DEPT001,Finance,2025-05-11,2025-06-06,2025-06-02,SEK,PT002,Net 15,214009.45,21400.94,3766.78,239177.17,Closed,Submitted,None,None,Fully Received,FOB Origin,"486 Market St, Chicago, IL 59407",Call before delivery,2025-05-11T10:00:00Z,Finance Team
1323,PO1323,PO-2024-1323,VEND006,Amazon Business,EMP027,Nancy Davis,DEPT007,Marketing,2024-07-14,2024-08-09,2024-08-04,SEK,PT007,2/10 Net 30,319241.05,57463.39,4032.74,380737.18,Partially Received,Approved,EMP026,2024-07-19,Partially Received,CIF,"633 Market St, Houston, IL 17603",Urgent,2024-07-14T12:00:00Z,HR Team
1324,PO1324,PO-2024-1324,VEND062,Accenture PLC,EMP031,Charles Robinson,DEPT001,Finance,2024-04-22,2024-05-09,None,USD,PT005,Net 60,460418.64,46041.86,0,506460.5,Pending Approval,Approved,EMP013,2024-04-25,Not Received,Ex-Works,"145 Park Blvd, Phoenix, TX 36431",,2024-04-22T10:00:00Z,Marketing Team
1325,PO1325,PO-2024-1325,VEND052,Moody's Analytics,EMP020,Laura Adams,DEPT010,Executive Management,2024-12-14,2025-01-11,2025-01-11,GBP,PT003,Net 30,79937.18,14388.69,3589.31,97915.18,Closed,Approved,EMP040,2024-12-19,Fully Received,FOB Destination,"224 Oak Ave, Chicago, NY 54459",Urgent,2024-12-14T14:00:00Z,IT Team
1326,PO1326,PO-2023-1326,VEND089,DeWalt Industrial Tool Co.,EMP020,Laura Adams,DEPT010,Executive Management,2023-03-21,2023-04-06,2023-04-04,INR,PT003,Net 30,320119.86,57621.57,0,377741.43,Open,Approved,EMP014,2023-03-28,Not Received,FOB Origin,"413 Market St, Phoenix, TX 77759",Keep in warehouse,2023-03-21T15:00:00Z,Procurement Team
1327,PO1327,PO-2026-1327,VEND024,Schneider Electric,EMP033,Timothy Rodriguez,DEPT003,Operations,2026-12-22,2027-01-29,2027-01-30,USD,PT002,Net 15,97125.89,17482.66,0,114608.55,Partially Received,Approved,EMP026,2026-12-23,Partially Received,CIF,"806 Oak Ave, Los Angeles, NY 73070",,2026-12-22T15:00:00Z,Procurement Team
1328,PO1328,PO-2024-1328,VEND058,KPMG LLP,EMP015,Mark Davis,DEPT005,Human Resources,2024-01-05,2024-02-09,2024-02-06,GBP,PT006,Net 90,176003.11,17600.31,0,193603.42,Closed,Approved,EMP031,2024-01-09,Fully Received,Ex-Works,"715 Park Blvd, Chicago, IL 14054",Urgent,2024-01-05T12:00:00Z,Finance Team
1329,PO1329,PO-2023-1329,VEND100,ZF Friedrichshafen AG,EMP001,David Chen,DEPT001,Finance,2023-02-20,2023-03-16,2023-03-21,USD,PT004,Net 45,315702.26,56826.41,3752.8,376281.47,Cancelled,Rejected,None,None,Not Received,FOB Origin,"573 Park Blvd, Phoenix, TX 15817",Call before delivery,2023-02-20T10:00:00Z,HR Team
1330,PO1330,PO-2026-1330,VEND083,MSC Industrial Direct,EMP006,Amanda Lee,DEPT006,Sales,2026-02-21,2026-03-20,2026-03-19,SEK,PT004,Net 45,278214.47,50078.6,2625.94,330919.01,Cancelled,Approved,EMP012,2026-02-25,Not Received,FOB Origin,"622 Oak Ave, Chicago, IL 81649",,2026-02-21T16:00:00Z,HR Team
1331,PO1331,PO-2026-1331,VEND017,Pinnacle Partners,EMP027,Nancy Davis,DEPT007,Marketing,2026-08-12,2026-09-08,2026-09-04,CHF,PT004,Net 45,282566.57,0,0,282566.57,Partially Received,Approved,EMP032,2026-08-19,Partially Received,FOB Destination,"657 Park Blvd, New York, NY 38836",Urgent,2026-08-12T10:00:00Z,Marketing Team
1332,PO1332,PO-2023-1332,VEND022,Siemens AG,EMP023,Richard Martinez,DEPT003,Operations,2023-08-21,2023-09-22,2023-09-21,USD,PT003,Net 30,474309.01,47430.9,1908.3,523648.21,Closed,Submitted,None,None,Fully Received,FOB Origin,"597 Main St, Los Angeles, TX 39117",Urgent,2023-08-21T15:00:00Z,Sales Team
1333,PO1333,PO-2024-1333,VEND060,Boston Consulting Group,EMP001,David Chen,DEPT001,Finance,2024-05-29,2024-06-26,2024-06-25,SEK,PT003,Net 30,375100.6,75020.12,2626.56,452747.28,Closed,Approved,EMP026,2024-05-31,Fully Received,FOB Destination,"486 Oak Ave, Chicago, TX 94298",Call before delivery,2024-05-29T15:00:00Z,IT Team
1334,PO1334,PO-2023-1334,VEND056,PricewaterhouseCoopers LLP,EMP023,Richard Martinez,DEPT003,Operations,2023-06-10,2023-07-15,2023-07-18,EUR,PT005,Net 60,468662.02,23433.1,0,492095.12,Closed,Approved,EMP014,2023-06-17,Fully Received,FOB Destination,"692 Park Blvd, Los Angeles, IL 87083",Urgent,2023-06-10T10:00:00Z,Finance Team
1335,PO1335,PO-2023-1335,VEND002,Samira Hadid,EMP006,Amanda Lee,DEPT006,Sales,2023-05-25,2023-07-07,None,INR,PT001,Immediate,372739.09,37273.91,0,410013,Closed,Approved,EMP018,2023-05-26,Fully Received,Ex-Works,"429 Market St, Los Angeles, AZ 12638",Urgent,2023-05-25T12:00:00Z,HR Team
1336,PO1336,PO-2026-1336,VEND094,Timken Company,EMP039,David Nguyen,DEPT009,Warehouse & Logistics,2026-11-22,2026-12-19,2026-12-19,SEK,PT003,Net 30,287697.74,14384.89,0,302082.63,Closed,Approved,EMP030,2026-11-24,Fully Received,FOB Destination,"778 Oak Ave, Los Angeles, CA 98559",Keep in warehouse,2026-11-22T11:00:00Z,Marketing Team
1337,PO1337,PO-2023-1337,VEND005,Microsoft Corporation,EMP028,Peter Garcia,DEPT008,Legal & Compliance,2023-06-16,2023-07-06,2023-07-06,SEK,PT002,Net 15,228164.41,41069.59,0,269234,Open,Approved,EMP002,2023-06-21,Not Received,Ex-Works,"205 Oak Ave, Phoenix, IL 66527",Expedite shipping,2023-06-16T15:00:00Z,Marketing Team
1338,PO1338,PO-2025-1338,VEND047,Apple Inc.,EMP037,Christopher Lee,DEPT007,Marketing,2025-07-02,2025-08-01,2025-08-05,GBP,PT001,Immediate,131815.05,6590.75,916.1,139321.9,Partially Received,Approved,EMP005,2025-07-03,Partially Received,FOB Destination,"666 Oak Ave, Phoenix, CA 60311",Urgent,2025-07-02T12:00:00Z,Marketing Team
1339,PO1339,PO-2024-1339,VEND080,Ecolab Inc.,EMP025,Jason Harris,DEPT005,Human Resources,2024-04-29,2024-06-12,2024-06-11,INR,PT003,Net 30,306255.81,30625.58,120.35,337001.74,Partially Received,Submitted,None,None,Partially Received,FOB Destination,"514 Park Blvd, Chicago, AZ 39046",Keep in warehouse,2024-04-29T11:00:00Z,HR Team
1340,PO1340,PO-2024-1340,VEND026,General Electric,EMP024,Kimberly White,DEPT004,Information Technology,2024-10-06,2024-11-15,2024-11-18,SEK,PT002,Net 15,121539.89,24307.98,230.92,146078.79,Partially Received,Approved,EMP039,2024-10-09,Partially Received,FOB Destination,"603 Main St, New York, AZ 18202",Call before delivery,2024-10-06T10:00:00Z,Finance Team
1341,PO1341,PO-2023-1341,VEND086,W.W. Grainger International,EMP023,Richard Martinez,DEPT003,Operations,2023-04-25,2023-06-05,2023-06-02,EUR,PT005,Net 60,324313.82,32431.38,766.14,357511.34,Closed,Approved,EMP017,2023-04-27,Fully Received,Ex-Works,"369 Market St, Los Angeles, TX 85772",,2023-04-25T15:00:00Z,Finance Team
1342,PO1342,PO-2024-1342,VEND054,"FTI Consulting, Inc.",EMP024,Kimberly White,DEPT004,Information Technology,2024-10-03,2024-11-16,2024-11-18,USD,PT005,Net 60,406113.57,0,2148.48,408262.05,Closed,Approved,EMP009,2024-10-04,Fully Received,FOB Destination,"833 Main St, Phoenix, CA 58279",Expedite shipping,2024-10-03T13:00:00Z,Marketing Team
1343,PO1343,PO-2026-1343,VEND019,Vanguard Tech,EMP040,Melissa Torres,DEPT010,Executive Management,2026-07-16,2026-08-10,2026-08-13,USD,PT007,2/10 Net 30,137173.46,0,0,137173.46,Pending Approval,Approved,EMP016,2026-07-19,Not Received,Ex-Works,"167 Oak Ave, Houston, NY 11986",,2026-07-16T15:00:00Z,Marketing Team
1344,PO1344,PO-2023-1344,VEND003,IMPORTING COMPANY,EMP020,Laura Adams,DEPT010,Executive Management,2023-08-05,2023-09-12,None,GBP,PT007,2/10 Net 30,251524.21,0,0,251524.21,Open,Approved,EMP021,2023-08-07,Not Received,FOB Destination,"892 Main St, Houston, IL 69298",Expedite shipping,2023-08-05T14:00:00Z,IT Team
1345,PO1345,PO-2024-1345,VEND078,Cintas Corporation,EMP027,Nancy Davis,DEPT007,Marketing,2024-10-19,2024-11-16,2024-11-18,USD,PT004,Net 45,160062.6,8003.13,2281.4,170347.13,Cancelled,Submitted,None,None,Not Received,FOB Origin,"187 Oak Ave, New York, CA 11219",,2024-10-19T12:00:00Z,Marketing Team
1346,PO1346,PO-2024-1346,VEND096,Gates Corporation,EMP002,Sarah Williams,DEPT002,Procurement,2024-11-06,2024-12-18,2024-12-22,EUR,PT007,2/10 Net 30,390311.14,70256.01,3838.24,464405.39,Partially Received,Approved,EMP039,2024-11-09,Partially Received,FOB Destination,"921 Market St, Los Angeles, NY 43779",Urgent,2024-11-06T09:00:00Z,Sales Team
1347,PO1347,PO-2024-1347,VEND002,Samira Hadid,EMP037,Christopher Lee,DEPT007,Marketing,2024-03-21,2024-04-18,2024-04-20,INR,PT006,Net 90,208827.88,41765.58,3030.97,253624.43,Partially Received,Approved,EMP026,2024-03-28,Partially Received,FOB Destination,"699 Main St, Houston, NY 95911",Call before delivery,2024-03-21T09:00:00Z,Sales Team
1348,PO1348,PO-2024-1348,VEND048,Cummins Inc.,EMP018,Andrew Kim,DEPT008,Legal & Compliance,2024-02-24,2024-04-03,2024-03-30,EUR,PT007,2/10 Net 30,165526.52,0,2589.79,168116.31,Closed,Approved,EMP035,2024-03-01,Fully Received,FOB Destination,"979 Park Blvd, Phoenix, TX 62128",Expedite shipping,2024-02-24T14:00:00Z,Sales Team
1349,PO1349,PO-2024-1349,VEND001,ABCD & CO,EMP028,Peter Garcia,DEPT008,Legal & Compliance,2024-07-02,2024-07-27,2024-07-27,SEK,PT007,2/10 Net 30,114736.52,5736.83,0,120473.35,Partially Received,Approved,EMP014,2024-07-08,Partially Received,Ex-Works,"647 Park Blvd, New York, AZ 73919",Call before delivery,2024-07-02T10:00:00Z,IT Team
1350,PO1350,PO-2025-1350,VEND020,Alpha Industries,EMP032,Susan Clark,DEPT002,Procurement,2025-11-20,2026-01-04,2026-01-08,SEK,PT007,2/10 Net 30,434612.59,86922.52,0,521535.11,Pending Approval,Approved,EMP030,2025-11-22,Not Received,CIF,"902 Park Blvd, Houston, CA 90952",Expedite shipping,2025-11-20T08:00:00Z,Finance Team
1351,PO1351,PO-2026-1351,VEND035,Expeditors International,EMP012,Jennifer Park,DEPT002,Procurement,2026-04-09,2026-04-25,None,GBP,PT006,Net 90,243996.97,24399.7,4569.44,272966.11,Pending Approval,Submitted,None,None,Not Received,CIF,"413 Park Blvd, Chicago, CA 21966",Expedite shipping,2026-04-09T16:00:00Z,Procurement Team
1352,PO1352,PO-2024-1352,VEND060,Boston Consulting Group,EMP002,Sarah Williams,DEPT002,Procurement,2024-12-30,2025-02-11,None,SEK,PT002,Net 15,17474.48,873.72,0,18348.2,Closed,Rejected,None,None,Fully Received,FOB Origin,"540 Main St, Houston, CA 82470",Urgent,2024-12-30T08:00:00Z,HR Team
1353,PO1353,PO-2024-1353,VEND045,Hewlett Packard Enterprise,EMP014,Lisa Johnson,DEPT004,Information Technology,2024-07-16,2024-08-03,2024-08-06,CHF,PT001,Immediate,437175.37,0,2668.83,439844.2,Closed,Approved,EMP022,2024-07-21,Fully Received,Ex-Works,"721 Oak Ave, Los Angeles, NY 61848",Call before delivery,2024-07-16T17:00:00Z,HR Team
1354,PO1354,PO-2026-1354,VEND094,Timken Company,EMP013,Kevin Moore,DEPT003,Operations,2026-10-28,2026-11-25,None,SEK,PT002,Net 15,356223.89,17811.19,0,374035.08,Closed,Approved,EMP037,2026-10-31,Fully Received,CIF,"824 Market St, Houston, TX 16431",Call before delivery,2026-10-28T10:00:00Z,Sales Team
1355,PO1355,PO-2026-1355,VEND005,Microsoft Corporation,EMP037,Christopher Lee,DEPT007,Marketing,2026-07-17,2026-08-08,2026-08-07,SEK,PT006,Net 90,432654.84,77877.87,0,510532.71,Closed,Draft,None,None,Fully Received,FOB Origin,"962 Market St, Houston, AZ 77942",Keep in warehouse,2026-07-17T14:00:00Z,Marketing Team
1356,PO1356,PO-2025-1356,VEND087,Hilti Corporation,EMP035,Joseph Wilson,DEPT005,Human Resources,2025-01-26,2025-02-10,None,CHF,PT007,2/10 Net 30,432938.6,43293.86,2458.3,478690.76,Partially Received,Approved,EMP007,2025-02-01,Partially Received,CIF,"765 Main St, Chicago, AZ 69601",Expedite shipping,2025-01-26T08:00:00Z,Procurement Team
1357,PO1357,PO-2026-1357,VEND051,Thomson Reuters,EMP015,Mark Davis,DEPT005,Human Resources,2026-11-06,2026-12-14,2026-12-10,USD,PT004,Net 45,428484.03,85696.81,3860.81,518041.65,Closed,Rejected,None,None,Fully Received,FOB Origin,"687 Oak Ave, Phoenix, AZ 29794",Keep in warehouse,2026-11-06T17:00:00Z,Marketing Team
1358,PO1358,PO-2024-1358,VEND050,Festo AG & Co. KG,EMP033,Timothy Rodriguez,DEPT003,Operations,2024-12-20,2025-01-14,None,INR,PT006,Net 90,88931.41,16007.65,0,104939.06,Open,Approved,EMP040,2024-12-26,Not Received,FOB Destination,"878 Main St, Phoenix, NY 18363",Expedite shipping,2024-12-20T13:00:00Z,Procurement Team
1359,PO1359,PO-2026-1359,VEND098,Michelin North America,EMP035,Joseph Wilson,DEPT005,Human Resources,2026-07-22,2026-09-05,2026-08-31,USD,PT001,Immediate,240246.42,43244.36,2029.35,285520.13,Open,Approved,EMP005,2026-07-29,Not Received,CIF,"703 Market St, Phoenix, AZ 15311",Urgent,2026-07-22T14:00:00Z,Procurement Team
1360,PO1360,PO-2024-1360,VEND012,Elite Services,EMP013,Kevin Moore,DEPT003,Operations,2024-08-09,2024-09-14,None,SEK,PT004,Net 45,130687.96,13068.8,3563.61,147320.37,Partially Received,Approved,EMP036,2024-08-11,Partially Received,FOB Destination,"380 Oak Ave, Los Angeles, CA 91737",,2024-08-09T15:00:00Z,Marketing Team
1361,PO1361,PO-2026-1361,VEND068,Securitas AB,EMP028,Peter Garcia,DEPT008,Legal & Compliance,2026-09-27,2026-10-26,2026-10-25,EUR,PT007,2/10 Net 30,91435.28,18287.06,0,109722.34,Closed,Approved,EMP002,2026-10-01,Fully Received,CIF,"424 Park Blvd, Houston, TX 10339",Call before delivery,2026-09-27T15:00:00Z,Marketing Team
1362,PO1362,PO-2023-1362,VEND051,Thomson Reuters,EMP024,Kimberly White,DEPT004,Information Technology,2023-05-16,2023-06-12,2023-06-09,USD,PT005,Net 60,194497.62,9724.88,1036.99,205259.49,Closed,Approved,EMP037,2023-05-17,Fully Received,CIF,"555 Oak Ave, Chicago, CA 66506",Expedite shipping,2023-05-16T12:00:00Z,Finance Team
1363,PO1363,PO-2024-1363,VEND078,Cintas Corporation,EMP012,Jennifer Park,DEPT002,Procurement,2024-04-12,2024-04-30,2024-04-25,USD,PT002,Net 15,79629.68,15925.94,0,95555.62,Partially Received,Approved,EMP028,2024-04-16,Partially Received,FOB Origin,"643 Oak Ave, Chicago, TX 60374",Keep in warehouse,2024-04-12T09:00:00Z,Sales Team
1364,PO1364,PO-2023-1364,VEND025,ABB Ltd,EMP022,Cynthia Lewis,DEPT002,Procurement,2023-11-14,2023-12-03,2023-12-08,GBP,PT003,Net 30,190039.23,19003.92,0,209043.15,Closed,Approved,EMP005,2023-11-16,Fully Received,Ex-Works,"553 Oak Ave, New York, NY 68792",,2023-11-14T10:00:00Z,Marketing Team
1365,PO1365,PO-2025-1365,VEND017,Pinnacle Partners,EMP004,Jessica Martinez,DEPT004,Information Technology,2025-06-17,2025-07-22,None,CHF,PT003,Net 30,191532.75,9576.64,0,201109.39,Open,Approved,EMP033,2025-06-24,Not Received,FOB Origin,"764 Main St, Phoenix, CA 49881",,2025-06-17T09:00:00Z,Procurement Team
1366,PO1366,PO-2023-1366,VEND034,C.H. Robinson Worldwide,EMP039,David Nguyen,DEPT009,Warehouse & Logistics,2023-09-15,2023-10-01,2023-09-30,SEK,PT001,Immediate,232410.5,11620.52,2455.28,246486.3,Cancelled,Approved,EMP032,2023-09-21,Not Received,CIF,"113 Main St, New York, TX 14579",,2023-09-15T14:00:00Z,IT Team
1367,PO1367,PO-2025-1367,VEND014,Modern Office Co,EMP006,Amanda Lee,DEPT006,Sales,2025-01-21,2025-02-08,2025-02-09,USD,PT005,Net 60,472467.64,47246.76,1878.68,521593.08,Open,Submitted,None,None,Not Received,Ex-Works,"484 Park Blvd, Chicago, TX 17834",Call before delivery,2025-01-21T11:00:00Z,Marketing Team
1368,PO1368,PO-2025-1368,VEND095,SKF Group,EMP008,Maria Garcia,DEPT008,Legal & Compliance,2025-07-03,2025-07-21,2025-07-24,GBP,PT005,Net 60,57423.33,10336.2,1323.64,69083.17,Closed,Approved,EMP025,2025-07-06,Fully Received,Ex-Works,"970 Oak Ave, Chicago, CA 48948",Keep in warehouse,2025-07-03T09:00:00Z,HR Team
1369,PO1369,PO-2025-1369,VEND068,Securitas AB,EMP020,Laura Adams,DEPT010,Executive Management,2025-10-23,2025-12-05,2025-12-02,EUR,PT001,Immediate,165568.69,33113.74,0,198682.43,Open,Approved,EMP025,2025-10-28,Not Received,FOB Origin,"471 Market St, Los Angeles, CA 62403",Expedite shipping,2025-10-23T16:00:00Z,Finance Team
1370,PO1370,PO-2024-1370,VEND054,"FTI Consulting, Inc.",EMP008,Maria Garcia,DEPT008,Legal & Compliance,2024-05-01,2024-06-08,2024-06-11,USD,PT005,Net 60,286450.19,28645.02,0,315095.21,Open,Approved,EMP012,2024-05-03,Not Received,Ex-Works,"401 Market St, Houston, AZ 35024",Keep in warehouse,2024-05-01T12:00:00Z,Procurement Team
1371,PO1371,PO-2023-1371,VEND058,KPMG LLP,EMP033,Timothy Rodriguez,DEPT003,Operations,2023-10-23,2023-11-28,None,GBP,PT006,Net 90,253338.39,45600.91,0,298939.3,Closed,Approved,EMP037,2023-10-25,Fully Received,FOB Destination,"471 Park Blvd, New York, AZ 24074",Keep in warehouse,2023-10-23T12:00:00Z,IT Team
1372,PO1372,PO-2024-1372,VEND024,Schneider Electric,EMP040,Melissa Torres,DEPT010,Executive Management,2024-02-25,2024-04-03,2024-04-02,USD,PT001,Immediate,479138.92,23956.95,0,503095.87,Closed,Approved,EMP040,2024-03-02,Fully Received,Ex-Works,"610 Park Blvd, Chicago, IL 61356",Call before delivery,2024-02-25T16:00:00Z,Finance Team
1373,PO1373,PO-2025-1373,VEND029,Rockwell Automation,EMP037,Christopher Lee,DEPT007,Marketing,2025-12-08,2026-01-13,None,USD,PT001,Immediate,335681.32,0,0,335681.32,Open,Approved,EMP016,2025-12-14,Not Received,FOB Destination,"427 Main St, New York, CA 47887",Urgent,2025-12-08T17:00:00Z,Marketing Team
1374,PO1374,PO-2025-1374,VEND008,DHL Express,EMP010,Patricia Taylor,DEPT010,Executive Management,2025-05-16,2025-06-20,None,INR,PT004,Net 45,440498.82,0,0,440498.82,Partially Received,Approved,EMP021,2025-05-20,Partially Received,FOB Destination,"450 Market St, Phoenix, IL 25370",Call before delivery,2025-05-16T16:00:00Z,Marketing Team
1375,PO1375,PO-2026-1375,VEND045,Hewlett Packard Enterprise,EMP002,Sarah Williams,DEPT002,Procurement,2026-09-12,2026-10-07,2026-10-10,CHF,PT001,Immediate,230191.73,23019.17,0,253210.9,Closed,Approved,EMP023,2026-09-16,Fully Received,FOB Origin,"438 Park Blvd, Chicago, AZ 15902",Keep in warehouse,2026-09-12T16:00:00Z,Sales Team
1376,PO1376,PO-2025-1376,VEND013,Quick Logistics,EMP001,David Chen,DEPT001,Finance,2025-05-30,2025-06-19,None,GBP,PT005,Net 60,300261.21,15013.06,49.68,315323.95,Closed,Approved,EMP028,2025-06-04,Fully Received,CIF,"968 Market St, New York, CA 55672",,2025-05-30T12:00:00Z,Sales Team
1377,PO1377,PO-2025-1377,VEND032,UPS Supply Chain Solutions,EMP029,Jennifer Lee,DEPT009,Warehouse & Logistics,2025-05-21,2025-06-17,2025-06-12,EUR,PT004,Net 45,187458.82,9372.94,1118.6,197950.36,Open,Draft,None,None,Not Received,FOB Destination,"961 Main St, Los Angeles, CA 19120",Keep in warehouse,2025-05-21T09:00:00Z,HR Team
1378,PO1378,PO-2026-1378,VEND040,SAP SE,EMP009,Thomas Brown,DEPT009,Warehouse & Logistics,2026-08-28,2026-09-22,2026-09-20,INR,PT004,Net 45,373971.93,37397.19,2558.63,413927.75,Open,Approved,EMP038,2026-08-29,Not Received,FOB Destination,"873 Oak Ave, Phoenix, AZ 38064",Urgent,2026-08-28T14:00:00Z,Procurement Team
1379,PO1379,PO-2024-1379,VEND074,Verizon Business Group,EMP007,James Wilson,DEPT007,Marketing,2024-03-27,2024-05-09,2024-05-05,EUR,PT002,Net 15,237159.53,11857.98,1163.76,250181.27,Open,Approved,EMP019,2024-03-29,Not Received,FOB Destination,"424 Market St, Houston, AZ 40318",Urgent,2024-03-27T08:00:00Z,Marketing Team
1380,PO1380,PO-2023-1380,VEND076,Comcast Business,EMP013,Kevin Moore,DEPT003,Operations,2023-01-08,2023-02-11,2023-02-12,GBP,PT003,Net 30,62457.57,3122.88,0,65580.45,Pending Approval,Approved,EMP011,2023-01-10,Not Received,FOB Origin,"292 Market St, Chicago, AZ 67836",Keep in warehouse,2023-01-08T13:00:00Z,IT Team
1381,PO1381,PO-2026-1381,VEND073,AT&T Business,EMP034,Angela Martinez,DEPT004,Information Technology,2026-06-01,2026-07-15,2026-07-10,SEK,PT005,Net 60,86985.98,8698.6,1432.99,97117.57,Closed,Approved,EMP014,2026-06-03,Fully Received,Ex-Works,"549 Oak Ave, Phoenix, TX 18474",Call before delivery,2026-06-01T13:00:00Z,HR Team
1382,PO1382,PO-2026-1382,VEND096,Gates Corporation,EMP016,Steven Park,DEPT006,Sales,2026-05-05,2026-06-13,2026-06-13,EUR,PT003,Net 30,417720.97,41772.1,741.71,460234.78,Closed,Approved,EMP021,2026-05-12,Fully Received,Ex-Works,"357 Main St, Houston, NY 72279",,2026-05-05T12:00:00Z,IT Team
1383,PO1383,PO-2026-1383,VEND020,Alpha Industries,EMP006,Amanda Lee,DEPT006,Sales,2026-07-19,2026-08-29,2026-08-28,SEK,PT002,Net 15,299724.87,53950.48,1296.59,354971.94,Open,Rejected,None,None,Not Received,FOB Origin,"778 Main St, Los Angeles, TX 67272",,2026-07-19T17:00:00Z,Marketing Team
1384,PO1384,PO-2024-1384,VEND063,McDonald's Corporate,EMP035,Joseph Wilson,DEPT005,Human Resources,2024-12-04,2024-12-19,None,EUR,PT002,Net 15,201913.12,40382.62,0,242295.74,Partially Received,Approved,EMP008,2024-12-06,Partially Received,Ex-Works,"259 Park Blvd, Los Angeles, TX 77555",Keep in warehouse,2024-12-04T14:00:00Z,HR Team
1385,PO1385,PO-2023-1385,VEND012,Elite Services,EMP029,Jennifer Lee,DEPT009,Warehouse & Logistics,2023-09-04,2023-10-08,2023-10-13,SEK,PT001,Immediate,492679.49,49267.95,0,541947.44,Open,Approved,EMP034,2023-09-06,Not Received,FOB Destination,"484 Park Blvd, Chicago, TX 87788",,2023-09-04T10:00:00Z,IT Team
1386,PO1386,PO-2026-1386,VEND045,Hewlett Packard Enterprise,EMP019,Rachel Rodriguez,DEPT009,Warehouse & Logistics,2026-03-10,2026-03-27,2026-03-22,CHF,PT007,2/10 Net 30,44514.59,0,3125.68,47640.27,Partially Received,Submitted,None,None,Partially Received,FOB Destination,"831 Main St, New York, TX 22990",Expedite shipping,2026-03-10T13:00:00Z,Marketing Team
1387,PO1387,PO-2023-1387,VEND083,MSC Industrial Direct,EMP025,Jason Harris,DEPT005,Human Resources,2023-03-30,2023-05-11,2023-05-08,SEK,PT002,Net 15,16060.95,1606.1,3236.76,20903.81,Open,Approved,EMP009,2023-04-05,Not Received,FOB Origin,"703 Park Blvd, New York, IL 69286",,2023-03-30T13:00:00Z,Sales Team
1388,PO1388,PO-2025-1388,VEND014,Modern Office Co,EMP033,Timothy Rodriguez,DEPT003,Operations,2025-01-14,2025-02-08,2025-02-09,USD,PT002,Net 15,185074.66,37014.93,3333.58,225423.17,Open,Approved,EMP001,2025-01-19,Not Received,FOB Origin,"488 Park Blvd, Los Angeles, NY 39637",,2025-01-14T09:00:00Z,Procurement Team
1389,PO1389,PO-2026-1389,VEND067,"CBRE Group, Inc.",EMP010,Patricia Taylor,DEPT010,Executive Management,2026-09-09,2026-10-20,2026-10-25,EUR,PT007,2/10 Net 30,493114.27,49311.43,0,542425.7,Open,Approved,EMP009,2026-09-16,Not Received,Ex-Works,"569 Main St, Los Angeles, AZ 30680",Urgent,2026-09-09T11:00:00Z,IT Team
1390,PO1390,PO-2025-1390,VEND010,Tech Solutions Ltd,EMP013,Kevin Moore,DEPT003,Operations,2025-04-01,2025-04-24,2025-04-20,USD,PT007,2/10 Net 30,120000.32,24000.06,0,144000.38,Pending Approval,Approved,EMP028,2025-04-05,Not Received,FOB Destination,"714 Market St, Houston, NY 94260",Urgent,2025-04-01T12:00:00Z,Procurement Team
1391,PO1391,PO-2025-1391,VEND054,"FTI Consulting, Inc.",EMP014,Lisa Johnson,DEPT004,Information Technology,2025-07-30,2025-09-13,None,USD,PT007,2/10 Net 30,265358.46,47764.52,0,313122.98,Pending Approval,Approved,EMP009,2025-08-02,Not Received,FOB Origin,"463 Park Blvd, Los Angeles, AZ 67746",Urgent,2025-07-30T14:00:00Z,IT Team
1392,PO1392,PO-2025-1392,VEND042,"VMware, Inc.",EMP040,Melissa Torres,DEPT010,Executive Management,2025-03-17,2025-04-06,None,SEK,PT003,Net 30,221686.56,39903.58,0,261590.14,Open,Approved,EMP013,2025-03-22,Not Received,Ex-Works,"186 Oak Ave, New York, CA 62329",Keep in warehouse,2025-03-17T09:00:00Z,Marketing Team
1393,PO1393,PO-2026-1393,VEND014,Modern Office Co,EMP025,Jason Harris,DEPT005,Human Resources,2026-03-06,2026-04-16,None,USD,PT002,Net 15,366941.92,0,0,366941.92,Closed,Draft,None,None,Fully Received,Ex-Works,"690 Oak Ave, Phoenix, IL 92984",Call before delivery,2026-03-06T16:00:00Z,Finance Team
1394,PO1394,PO-2023-1394,VEND099,Bridgestone Americas,EMP008,Maria Garcia,DEPT008,Legal & Compliance,2023-08-17,2023-09-15,2023-09-19,USD,PT006,Net 90,438226.34,43822.63,2898.16,484947.13,Closed,Approved,EMP027,2023-08-24,Fully Received,FOB Destination,"984 Park Blvd, Houston, CA 81359",Keep in warehouse,2023-08-17T10:00:00Z,Sales Team
1395,PO1395,PO-2023-1395,VEND062,Accenture PLC,EMP019,Rachel Rodriguez,DEPT009,Warehouse & Logistics,2023-05-19,2023-06-30,2023-07-02,USD,PT005,Net 60,60671.57,0,0,60671.57,Closed,Approved,EMP014,2023-05-23,Fully Received,CIF,"773 Park Blvd, Chicago, CA 65594",,2023-05-19T11:00:00Z,Procurement Team
1396,PO1396,PO-2023-1396,VEND055,Deloitte & Touche LLP,EMP022,Cynthia Lewis,DEPT002,Procurement,2023-02-23,2023-03-30,2023-03-27,EUR,PT004,Net 45,379624.08,0,0,379624.08,Open,Approved,EMP033,2023-02-25,Not Received,FOB Destination,"290 Oak Ave, Houston, AZ 90197",Keep in warehouse,2023-02-23T14:00:00Z,Sales Team
1397,PO1397,PO-2023-1397,VEND066,Jones Lang LaSalle,EMP030,Elizabeth Miller,DEPT010,Executive Management,2023-08-29,2023-09-27,2023-10-02,CHF,PT005,Net 60,68363.9,12305.5,0,80669.4,Closed,Approved,EMP003,2023-09-02,Fully Received,FOB Destination,"118 Oak Ave, Chicago, AZ 41078",Keep in warehouse,2023-08-29T09:00:00Z,HR Team
1398,PO1398,PO-2024-1398,VEND080,Ecolab Inc.,EMP012,Jennifer Park,DEPT002,Procurement,2024-04-21,2024-05-28,2024-06-01,INR,PT007,2/10 Net 30,41860.86,2093.04,546.97,44500.87,Pending Approval,Approved,EMP001,2024-04-22,Not Received,FOB Origin,"533 Main St, Chicago, NY 99796",Urgent,2024-04-21T08:00:00Z,Sales Team
1399,PO1399,PO-2023-1399,VEND082,Grainger Inc.,EMP033,Timothy Rodriguez,DEPT003,Operations,2023-05-28,2023-06-15,None,GBP,PT005,Net 60,47326.68,9465.34,2636.97,59428.99,Open,Approved,EMP032,2023-05-29,Not Received,CIF,"640 Main St, Los Angeles, IL 22429",Urgent,2023-05-28T08:00:00Z,Procurement Team
1400,PO1400,PO-2025-1400,VEND090,Snap-on Incorporated,EMP004,Jessica Martinez,DEPT004,Information Technology,2025-02-16,2025-03-04,None,GBP,PT006,Net 90,51106.95,9199.25,4558.62,64864.82,Partially Received,Approved,EMP008,2025-02-23,Partially Received,CIF,"913 Oak Ave, Chicago, IL 33210",Urgent,2025-02-16T16:00:00Z,Sales Team
1401,PO1401,PO-2026-1401,VEND016,New Horizons,EMP017,Michelle Chen,DEPT007,Marketing,2026-06-13,2026-07-15,None,GBP,PT005,Net 60,466734.01,84012.12,697.72,551443.85,Closed,Approved,EMP028,2026-06-20,Fully Received,FOB Destination,"101 Park Blvd, Los Angeles, CA 40022",Call before delivery,2026-06-13T17:00:00Z,Marketing Team
1402,PO1402,PO-2025-1402,VEND003,IMPORTING COMPANY,EMP015,Mark Davis,DEPT005,Human Resources,2025-05-12,2025-06-24,2025-06-26,GBP,PT007,2/10 Net 30,179221.95,35844.39,279.04,215345.38,Closed,Approved,EMP025,2025-05-15,Fully Received,CIF,"782 Market St, Chicago, IL 77056",Call before delivery,2025-05-12T08:00:00Z,IT Team
1403,PO1403,PO-2023-1403,VEND051,Thomson Reuters,EMP009,Thomas Brown,DEPT009,Warehouse & Logistics,2023-08-20,2023-09-20,None,USD,PT001,Immediate,458895.34,45889.53,4816.11,509600.98,Closed,Approved,EMP018,2023-08-21,Fully Received,FOB Destination,"967 Main St, Houston, TX 38355",Expedite shipping,2023-08-20T17:00:00Z,Procurement Team
1404,PO1404,PO-2024-1404,VEND060,Boston Consulting Group,EMP005,Robert Kim,DEPT005,Human Resources,2024-07-16,2024-08-29,2024-08-29,SEK,PT005,Net 60,488024.63,0,2324.56,490349.19,Closed,Submitted,None,None,Fully Received,CIF,"993 Park Blvd, Houston, CA 77410",Keep in warehouse,2024-07-16T08:00:00Z,Procurement Team
1405,PO1405,PO-2024-1405,VEND087,Hilti Corporation,EMP005,Robert Kim,DEPT005,Human Resources,2024-01-25,2024-02-21,None,CHF,PT007,2/10 Net 30,260458.81,0,2781.6,263240.41,Closed,Approved,EMP001,2024-01-28,Fully Received,CIF,"768 Market St, Houston, TX 88947",Expedite shipping,2024-01-25T17:00:00Z,IT Team
1406,PO1406,PO-2026-1406,VEND043,Cisco Systems Inc.,EMP021,Brian Thompson,DEPT001,Finance,2026-04-13,2026-05-28,2026-05-25,GBP,PT006,Net 90,372114.13,37211.41,0,409325.54,Closed,Approved,EMP004,2026-04-15,Fully Received,Ex-Works,"947 Market St, Los Angeles, IL 99006",Keep in warehouse,2026-04-13T14:00:00Z,Marketing Team
1407,PO1407,PO-2026-1407,VEND030,Bosch Rexroth AG,EMP027,Nancy Davis,DEPT007,Marketing,2026-03-09,2026-04-08,None,CHF,PT002,Net 15,205323.55,10266.18,0,215589.73,Open,Approved,EMP014,2026-03-15,Not Received,CIF,"612 Main St, Phoenix, NY 96145",Urgent,2026-03-09T16:00:00Z,IT Team
1408,PO1408,PO-2024-1408,VEND015,Best Buy Corp,EMP012,Jennifer Park,DEPT002,Procurement,2024-05-07,2024-06-14,None,INR,PT005,Net 60,273165,0,3141.6,276306.6,Partially Received,Approved,EMP036,2024-05-09,Partially Received,Ex-Works,"786 Park Blvd, New York, AZ 35304",Call before delivery,2024-05-07T12:00:00Z,Sales Team
1409,PO1409,PO-2025-1409,VEND088,Makita Corporation,EMP020,Laura Adams,DEPT010,Executive Management,2025-05-20,2025-06-19,2025-06-22,CHF,PT007,2/10 Net 30,64239.75,0,0,64239.75,Partially Received,Approved,EMP040,2025-05-22,Partially Received,CIF,"771 Oak Ave, New York, TX 31771",,2025-05-20T15:00:00Z,HR Team
1410,PO1410,PO-2025-1410,VEND057,Ernst & Young LLP,EMP002,Sarah Williams,DEPT002,Procurement,2025-06-05,2025-07-18,2025-07-16,INR,PT005,Net 60,272001.16,13600.06,48.7,285649.92,Closed,Approved,EMP014,2025-06-08,Fully Received,CIF,"601 Park Blvd, New York, CA 97540",Urgent,2025-06-05T10:00:00Z,Sales Team
1411,PO1411,PO-2026-1411,VEND100,ZF Friedrichshafen AG,EMP010,Patricia Taylor,DEPT010,Executive Management,2026-03-11,2026-03-31,2026-04-02,USD,PT004,Net 45,478689.04,0,2853.22,481542.26,Open,Draft,None,None,Not Received,Ex-Works,"376 Park Blvd, Phoenix, NY 68652",,2026-03-11T12:00:00Z,HR Team
1412,PO1412,PO-2024-1412,VEND022,Siemens AG,EMP022,Cynthia Lewis,DEPT002,Procurement,2024-04-01,2024-05-10,2024-05-13,USD,PT007,2/10 Net 30,277612.42,55522.48,0,333134.9,Open,Approved,EMP016,2024-04-02,Not Received,CIF,"636 Main St, Los Angeles, IL 99204",Call before delivery,2024-04-01T11:00:00Z,Procurement Team
1413,PO1413,PO-2025-1413,VEND083,MSC Industrial Direct,EMP040,Melissa Torres,DEPT010,Executive Management,2025-05-27,2025-07-10,2025-07-05,SEK,PT006,Net 90,383809.88,19190.49,0,403000.37,Open,Submitted,None,None,Not Received,CIF,"895 Main St, Houston, NY 90098",Urgent,2025-05-27T08:00:00Z,Marketing Team
1414,PO1414,PO-2023-1414,VEND006,Amazon Business,EMP032,Susan Clark,DEPT002,Procurement,2023-03-28,2023-05-06,2023-05-11,SEK,PT002,Net 15,434980.62,21749.03,0,456729.65,Pending Approval,Approved,EMP029,2023-03-31,Not Received,Ex-Works,"820 Market St, New York, CA 32427",Keep in warehouse,2023-03-28T15:00:00Z,IT Team
1415,PO1415,PO-2025-1415,VEND033,Maersk Line,EMP020,Laura Adams,DEPT010,Executive Management,2025-12-12,2026-01-04,None,SEK,PT007,2/10 Net 30,197642.95,39528.59,2244.05,239415.59,Open,Rejected,None,None,Not Received,FOB Destination,"767 Market St, Chicago, AZ 87592",Urgent,2025-12-12T13:00:00Z,IT Team
1416,PO1416,PO-2024-1416,VEND048,Cummins Inc.,EMP017,Michelle Chen,DEPT007,Marketing,2024-02-19,2024-03-17,2024-03-22,EUR,PT006,Net 90,16662.98,833.15,0,17496.13,Closed,Approved,EMP023,2024-02-26,Fully Received,FOB Origin,"919 Oak Ave, Los Angeles, TX 56626",Keep in warehouse,2024-02-19T15:00:00Z,Finance Team
1417,PO1417,PO-2023-1417,VEND082,Grainger Inc.,EMP005,Robert Kim,DEPT005,Human Resources,2023-11-11,2023-11-27,None,GBP,PT005,Net 60,120812.37,0,0,120812.37,Closed,Approved,EMP036,2023-11-13,Fully Received,CIF,"712 Park Blvd, Houston, NY 13741",Urgent,2023-11-11T14:00:00Z,Sales Team
1418,PO1418,PO-2024-1418,VEND071,Waste Management Inc.,EMP026,Amanda Thomas,DEPT006,Sales,2024-10-18,2024-11-28,None,EUR,PT005,Net 60,215578.28,38804.09,2474.53,256856.9,Pending Approval,Approved,EMP035,2024-10-21,Not Received,Ex-Works,"659 Main St, Chicago, IL 60169",Call before delivery,2024-10-18T16:00:00Z,Procurement Team
1419,PO1419,PO-2025-1419,VEND067,"CBRE Group, Inc.",EMP027,Nancy Davis,DEPT007,Marketing,2025-10-20,2025-11-25,2025-11-23,EUR,PT002,Net 15,159461.96,7973.1,0,167435.06,Open,Approved,EMP013,2025-10-22,Not Received,FOB Destination,"576 Oak Ave, Houston, AZ 55793",Keep in warehouse,2025-10-20T08:00:00Z,Marketing Team
1420,PO1420,PO-2026-1420,VEND097,Goodyear Tire & Rubber,EMP026,Amanda Thomas,DEPT006,Sales,2026-11-16,2026-12-06,2026-12-10,GBP,PT006,Net 90,168750.84,16875.08,0,185625.92,Cancelled,Approved,EMP030,2026-11-18,Not Received,Ex-Works,"209 Park Blvd, Houston, NY 77481",Keep in warehouse,2026-11-16T16:00:00Z,Sales Team
1421,PO1421,PO-2024-1421,VEND090,Snap-on Incorporated,EMP010,Patricia Taylor,DEPT010,Executive Management,2024-12-12,2024-12-28,None,GBP,PT006,Net 90,136425.76,27285.15,0,163710.91,Closed,Approved,EMP023,2024-12-13,Fully Received,FOB Destination,"163 Market St, Los Angeles, NY 74002",Keep in warehouse,2024-12-12T10:00:00Z,IT Team
1422,PO1422,PO-2025-1422,VEND041,Salesforce.com Inc.,EMP020,Laura Adams,DEPT010,Executive Management,2025-02-11,2025-03-15,2025-03-13,GBP,PT002,Net 15,42512,4251.2,1141.78,47904.98,Open,Approved,EMP037,2025-02-14,Not Received,FOB Destination,"569 Market St, New York, TX 12992",Urgent,2025-02-11T11:00:00Z,Finance Team
1423,PO1423,PO-2025-1423,VEND004,Dell Technologies,EMP010,Patricia Taylor,DEPT010,Executive Management,2025-10-07,2025-10-22,2025-10-27,CHF,PT002,Net 15,91303.28,4565.16,0,95868.44,Cancelled,Approved,EMP009,2025-10-12,Not Received,FOB Destination,"188 Park Blvd, Houston, AZ 42502",,2025-10-07T08:00:00Z,IT Team
1424,PO1424,PO-2025-1424,VEND016,New Horizons,EMP012,Jennifer Park,DEPT002,Procurement,2025-01-11,2025-02-23,2025-02-18,GBP,PT004,Net 45,473994.71,47399.47,1910.8,523304.98,Closed,Approved,EMP033,2025-01-14,Fully Received,FOB Destination,"594 Park Blvd, Houston, TX 31042",,2025-01-11T11:00:00Z,HR Team
1425,PO1425,PO-2023-1425,VEND067,"CBRE Group, Inc.",EMP030,Elizabeth Miller,DEPT010,Executive Management,2023-05-19,2023-06-11,2023-06-10,EUR,PT005,Net 60,180416.74,0,0,180416.74,Open,Submitted,None,None,Not Received,Ex-Works,"807 Park Blvd, New York, CA 96977",,2023-05-19T09:00:00Z,Sales Team
1426,PO1426,PO-2023-1426,VEND084,McMaster-Carr,EMP022,Cynthia Lewis,DEPT002,Procurement,2023-08-01,2023-08-17,2023-08-18,GBP,PT004,Net 45,379512.22,0,4406.62,383918.84,Open,Approved,EMP019,2023-08-05,Not Received,FOB Destination,"740 Oak Ave, Los Angeles, IL 10726",Keep in warehouse,2023-08-01T15:00:00Z,IT Team
1427,PO1427,PO-2026-1427,VEND014,Modern Office Co,EMP021,Brian Thompson,DEPT001,Finance,2026-08-17,2026-09-04,2026-09-02,USD,PT007,2/10 Net 30,289875.53,0,0,289875.53,Partially Received,Draft,None,None,Partially Received,FOB Destination,"549 Park Blvd, New York, IL 65106",Urgent,2026-08-17T09:00:00Z,Procurement Team
1428,PO1428,PO-2024-1428,VEND071,Waste Management Inc.,EMP013,Kevin Moore,DEPT003,Operations,2024-04-11,2024-05-03,None,EUR,PT006,Net 90,285900.07,14295,0,300195.07,Partially Received,Approved,EMP011,2024-04-12,Partially Received,CIF,"666 Main St, Houston, IL 88798",Urgent,2024-04-11T17:00:00Z,HR Team
1429,PO1429,PO-2023-1429,VEND046,Lenovo Group Limited,EMP038,Stephanie Hall,DEPT008,Legal & Compliance,2023-06-13,2023-07-13,2023-07-10,INR,PT003,Net 30,155959.82,28072.77,4417.7,188450.29,Partially Received,Approved,EMP006,2023-06-19,Partially Received,Ex-Works,"126 Main St, Houston, TX 65243",,2023-06-13T17:00:00Z,HR Team
1430,PO1430,PO-2025-1430,VEND051,Thomson Reuters,EMP018,Andrew Kim,DEPT008,Legal & Compliance,2025-05-26,2025-06-13,2025-06-13,USD,PT002,Net 15,175821.18,0,476.32,176297.5,Pending Approval,Approved,EMP010,2025-05-29,Not Received,FOB Destination,"722 Main St, Houston, AZ 57693",Call before delivery,2025-05-26T15:00:00Z,Sales Team
1431,PO1431,PO-2024-1431,VEND034,C.H. Robinson Worldwide,EMP027,Nancy Davis,DEPT007,Marketing,2024-06-08,2024-07-04,2024-07-01,SEK,PT002,Net 15,96413,19282.6,3598.13,119293.73,Pending Approval,Approved,EMP028,2024-06-14,Not Received,Ex-Works,"712 Oak Ave, Houston, NY 39129",Keep in warehouse,2024-06-08T10:00:00Z,Procurement Team
1432,PO1432,PO-2026-1432,VEND078,Cintas Corporation,EMP021,Brian Thompson,DEPT001,Finance,2026-07-17,2026-08-25,2026-08-28,USD,PT001,Immediate,342690.19,0,1227.96,343918.15,Partially Received,Approved,EMP025,2026-07-23,Partially Received,CIF,"195 Main St, Chicago, NY 56354",Urgent,2026-07-17T08:00:00Z,IT Team
1433,PO1433,PO-2025-1433,VEND026,General Electric,EMP021,Brian Thompson,DEPT001,Finance,2025-08-19,2025-10-01,None,SEK,PT005,Net 60,259982.73,0,0,259982.73,Closed,Approved,EMP002,2025-08-23,Fully Received,Ex-Works,"164 Oak Ave, Los Angeles, AZ 64626",,2025-08-19T10:00:00Z,IT Team
1434,PO1434,PO-2025-1434,VEND072,Republic Services,EMP007,James Wilson,DEPT007,Marketing,2025-05-21,2025-06-15,2025-06-12,SEK,PT001,Immediate,313566.03,31356.6,1489.39,346412.02,Pending Approval,Approved,EMP034,2025-05-24,Not Received,Ex-Works,"358 Oak Ave, Phoenix, NY 68045",Expedite shipping,2025-05-21T11:00:00Z,Sales Team
1435,PO1435,PO-2025-1435,VEND053,S&P Global Inc.,EMP003,Michael Johnson,DEPT003,Operations,2025-11-18,2025-12-24,None,SEK,PT006,Net 90,42536.79,0,0,42536.79,Open,Rejected,None,None,Not Received,FOB Origin,"738 Market St, Houston, AZ 18867",Call before delivery,2025-11-18T14:00:00Z,Procurement Team
1436,PO1436,PO-2026-1436,VEND070,Tyco International,EMP018,Andrew Kim,DEPT008,Legal & Compliance,2026-03-25,2026-04-24,None,GBP,PT006,Net 90,15509.15,2791.65,0,18300.8,Closed,Approved,EMP003,2026-03-27,Fully Received,FOB Destination,"306 Main St, New York, NY 92202",Urgent,2026-03-25T10:00:00Z,HR Team
1437,PO1437,PO-2024-1437,VEND092,Baldor Electric Company,EMP008,Maria Garcia,DEPT008,Legal & Compliance,2024-04-24,2024-06-02,2024-06-06,CHF,PT002,Net 15,28401.02,5112.18,0,33513.2,Cancelled,Submitted,None,None,Not Received,Ex-Works,"437 Oak Ave, New York, CA 66472",Urgent,2024-04-24T14:00:00Z,Finance Team
1438,PO1438,PO-2023-1438,VEND098,Michelin North America,EMP011,Daniel Anderson,DEPT001,Finance,2023-05-09,2023-06-13,2023-06-11,USD,PT005,Net 60,482693.77,24134.69,4625.88,511454.34,Open,Approved,EMP025,2023-05-15,Not Received,FOB Origin,"602 Main St, Houston, TX 69724",Call before delivery,2023-05-09T12:00:00Z,HR Team
1439,PO1439,PO-2023-1439,VEND034,C.H. Robinson Worldwide,EMP024,Kimberly White,DEPT004,Information Technology,2023-07-04,2023-08-14,2023-08-19,SEK,PT002,Net 15,339431.78,67886.36,0,407318.14,Open,Approved,EMP030,2023-07-06,Not Received,Ex-Works,"193 Oak Ave, Houston, TX 56511",,2023-07-04T08:00:00Z,HR Team
1440,PO1440,PO-2024-1440,VEND049,Parker Hannifin Corporation,EMP018,Andrew Kim,DEPT008,Legal & Compliance,2024-12-22,2025-01-27,None,USD,PT006,Net 90,483847.13,24192.36,0,508039.49,Open,Approved,EMP009,2024-12-27,Not Received,CIF,"322 Oak Ave, Phoenix, CA 54196",Call before delivery,2024-12-22T08:00:00Z,Sales Team
1441,PO1441,PO-2026-1441,VEND065,Sodexo S.A.,EMP022,Cynthia Lewis,DEPT002,Procurement,2026-07-26,2026-09-01,2026-09-05,INR,PT001,Immediate,150269.93,0,1018.89,151288.82,Closed,Rejected,None,None,Fully Received,FOB Destination,"546 Market St, Phoenix, NY 69299",Expedite shipping,2026-07-26T10:00:00Z,IT Team
1442,PO1442,PO-2026-1442,VEND004,Dell Technologies,EMP035,Joseph Wilson,DEPT005,Human Resources,2026-01-02,2026-02-16,2026-02-13,CHF,PT007,2/10 Net 30,48251.67,9650.33,1449.56,59351.56,Open,Approved,EMP009,2026-01-07,Not Received,CIF,"876 Main St, Houston, CA 91290",,2026-01-02T13:00:00Z,Marketing Team
1443,PO1443,PO-2024-1443,VEND062,Accenture PLC,EMP014,Lisa Johnson,DEPT004,Information Technology,2024-10-27,2024-11-27,2024-11-23,USD,PT005,Net 60,21933.49,3948.03,0,25881.52,Pending Approval,Approved,EMP014,2024-11-01,Not Received,CIF,"644 Oak Ave, Los Angeles, TX 68603",,2024-10-27T10:00:00Z,IT Team
1444,PO1444,PO-2023-1444,VEND088,Makita Corporation,EMP025,Jason Harris,DEPT005,Human Resources,2023-01-09,2023-02-10,None,CHF,PT007,2/10 Net 30,412611.52,74270.07,3782.46,490664.05,Open,Submitted,None,None,Not Received,FOB Origin,"495 Park Blvd, New York, CA 94527",Urgent,2023-01-09T15:00:00Z,HR Team
1445,PO1445,PO-2023-1445,VEND093,Regal Beloit Corporation,EMP002,Sarah Williams,DEPT002,Procurement,2023-11-22,2023-12-09,2023-12-10,CHF,PT007,2/10 Net 30,461329.15,92265.83,4547.8,558142.78,Partially Received,Approved,EMP019,2023-11-23,Partially Received,Ex-Works,"663 Main St, New York, AZ 86216",Keep in warehouse,2023-11-22T13:00:00Z,HR Team
1446,PO1446,PO-2023-1446,VEND016,New Horizons,EMP038,Stephanie Hall,DEPT008,Legal & Compliance,2023-02-09,2023-02-28,None,GBP,PT001,Immediate,247718.16,49543.63,2116.05,299377.84,Closed,Approved,EMP017,2023-02-10,Fully Received,FOB Destination,"270 Park Blvd, Houston, AZ 14555",Keep in warehouse,2023-02-09T08:00:00Z,Marketing Team
1447,PO1447,PO-2023-1447,VEND001,ABCD & CO,EMP019,Rachel Rodriguez,DEPT009,Warehouse & Logistics,2023-05-14,2023-06-03,2023-06-04,SEK,PT003,Net 30,48070.94,2403.55,0,50474.49,Pending Approval,Approved,EMP013,2023-05-18,Not Received,FOB Destination,"673 Main St, New York, AZ 88567",,2023-05-14T11:00:00Z,Finance Team
1448,PO1448,PO-2025-1448,VEND060,Boston Consulting Group,EMP025,Jason Harris,DEPT005,Human Resources,2025-08-18,2025-09-24,2025-09-20,SEK,PT005,Net 60,408822.12,0,0,408822.12,Closed,Approved,EMP031,2025-08-22,Fully Received,FOB Destination,"247 Oak Ave, Phoenix, AZ 10207",Call before delivery,2025-08-18T13:00:00Z,Finance Team
1449,PO1449,PO-2023-1449,VEND071,Waste Management Inc.,EMP031,Charles Robinson,DEPT001,Finance,2023-09-15,2023-10-18,None,EUR,PT004,Net 45,14153.12,707.66,3493.18,18353.96,Closed,Approved,EMP010,2023-09-18,Fully Received,Ex-Works,"313 Oak Ave, Chicago, NY 26503",Keep in warehouse,2023-09-15T11:00:00Z,IT Team
1450,PO1450,PO-2025-1450,VEND100,ZF Friedrichshafen AG,EMP002,Sarah Williams,DEPT002,Procurement,2025-08-10,2025-09-14,None,USD,PT003,Net 30,185118.91,33321.4,4045.83,222486.14,Open,Approved,EMP008,2025-08-16,Not Received,Ex-Works,"811 Oak Ave, Chicago, AZ 25274",,2025-08-10T12:00:00Z,Finance Team
1451,PO1451,PO-2024-1451,VEND010,Tech Solutions Ltd,EMP038,Stephanie Hall,DEPT008,Legal & Compliance,2024-07-31,2024-09-11,2024-09-15,USD,PT006,Net 90,190345.71,9517.29,4498.79,204361.79,Partially Received,Approved,EMP017,2024-08-03,Partially Received,Ex-Works,"316 Oak Ave, Houston, IL 47078",,2024-07-31T11:00:00Z,Sales Team
1452,PO1452,PO-2026-1452,VEND091,Ingersoll Rand,EMP004,Jessica Martinez,DEPT004,Information Technology,2026-11-09,2026-11-29,2026-12-04,GBP,PT007,2/10 Net 30,274520.83,0,843.18,275364.01,Closed,Approved,EMP005,2026-11-14,Fully Received,FOB Origin,"237 Main St, Chicago, CA 64852",,2026-11-09T15:00:00Z,IT Team
1453,PO1453,PO-2026-1453,VEND035,Expeditors International,EMP013,Kevin Moore,DEPT003,Operations,2026-04-28,2026-05-30,2026-06-02,GBP,PT004,Net 45,496228.64,24811.43,0,521040.07,Partially Received,Rejected,None,None,Partially Received,CIF,"768 Main St, Houston, NY 39896",Urgent,2026-04-28T08:00:00Z,Sales Team
1454,PO1454,PO-2025-1454,VEND008,DHL Express,EMP004,Jessica Martinez,DEPT004,Information Technology,2025-03-20,2025-04-06,2025-04-01,INR,PT002,Net 15,222124.31,0,0,222124.31,Closed,Approved,EMP032,2025-03-24,Fully Received,FOB Destination,"666 Market St, Chicago, AZ 45370",Keep in warehouse,2025-03-20T14:00:00Z,Finance Team
1455,PO1455,PO-2025-1455,VEND007,Staples Inc.,EMP022,Cynthia Lewis,DEPT002,Procurement,2025-11-19,2025-12-06,2025-12-05,EUR,PT004,Net 45,416183.48,74913.03,513.94,491610.45,Pending Approval,Approved,EMP015,2025-11-24,Not Received,FOB Destination,"286 Main St, Phoenix, IL 59770",Keep in warehouse,2025-11-19T13:00:00Z,Sales Team
1456,PO1456,PO-2025-1456,VEND045,Hewlett Packard Enterprise,EMP011,Daniel Anderson,DEPT001,Finance,2025-01-07,2025-02-06,2025-02-04,CHF,PT006,Net 90,178877.4,0,0,178877.4,Open,Approved,EMP005,2025-01-10,Not Received,FOB Origin,"612 Market St, Houston, NY 30072",Call before delivery,2025-01-07T17:00:00Z,Finance Team
1457,PO1457,PO-2026-1457,VEND043,Cisco Systems Inc.,EMP024,Kimberly White,DEPT004,Information Technology,2026-02-08,2026-03-13,2026-03-11,GBP,PT001,Immediate,163702.04,8185.1,0,171887.14,Open,Approved,EMP002,2026-02-12,Not Received,CIF,"881 Market St, Phoenix, CA 41224",Call before delivery,2026-02-08T13:00:00Z,Marketing Team
1458,PO1458,PO-2023-1458,VEND055,Deloitte & Touche LLP,EMP003,Michael Johnson,DEPT003,Operations,2023-01-01,2023-02-03,2023-02-08,EUR,PT005,Net 60,474071.76,47407.18,0,521478.94,Cancelled,Approved,EMP010,2023-01-05,Not Received,FOB Destination,"724 Park Blvd, Phoenix, AZ 97286",,2023-01-01T15:00:00Z,HR Team
1459,PO1459,PO-2024-1459,VEND043,Cisco Systems Inc.,EMP035,Joseph Wilson,DEPT005,Human Resources,2024-07-23,2024-08-26,None,GBP,PT001,Immediate,101867.52,10186.75,3193.04,115247.31,Partially Received,Submitted,None,None,Partially Received,Ex-Works,"386 Park Blvd, Chicago, CA 17935",Urgent,2024-07-23T11:00:00Z,Procurement Team
1460,PO1460,PO-2026-1460,VEND044,IBM Corporation,EMP030,Elizabeth Miller,DEPT010,Executive Management,2026-03-20,2026-04-04,None,SEK,PT005,Net 60,395610.6,39561.06,0,435171.66,Closed,Approved,EMP037,2026-03-24,Fully Received,FOB Destination,"368 Main St, Houston, TX 22877",Expedite shipping,2026-03-20T13:00:00Z,Finance Team
1461,PO1461,PO-2023-1461,VEND033,Maersk Line,EMP004,Jessica Martinez,DEPT004,Information Technology,2023-10-06,2023-11-17,2023-11-16,SEK,PT002,Net 15,407462,40746.2,0,448208.2,Closed,Approved,EMP020,2023-10-12,Fully Received,FOB Destination,"313 Main St, Los Angeles, AZ 78884",,2023-10-06T09:00:00Z,Sales Team
1462,PO1462,PO-2023-1462,VEND076,Comcast Business,EMP038,Stephanie Hall,DEPT008,Legal & Compliance,2023-12-07,2024-01-17,2024-01-12,GBP,PT007,2/10 Net 30,314453.04,31445.3,0,345898.34,Closed,Rejected,None,None,Fully Received,CIF,"833 Oak Ave, Houston, CA 28196",Call before delivery,2023-12-07T11:00:00Z,Finance Team
1463,PO1463,PO-2026-1463,VEND033,Maersk Line,EMP027,Nancy Davis,DEPT007,Marketing,2026-06-21,2026-07-26,None,SEK,PT002,Net 15,12004.4,1200.44,0,13204.84,Open,Draft,None,None,Not Received,CIF,"277 Park Blvd, New York, AZ 80784",Call before delivery,2026-06-21T14:00:00Z,IT Team
1464,PO1464,PO-2023-1464,VEND017,Pinnacle Partners,EMP037,Christopher Lee,DEPT007,Marketing,2023-04-07,2023-05-13,2023-05-17,CHF,PT005,Net 60,67805.47,3390.27,2615.63,73811.37,Partially Received,Submitted,None,None,Partially Received,FOB Destination,"867 Main St, Phoenix, CA 61820",Urgent,2023-04-07T16:00:00Z,Procurement Team
1465,PO1465,PO-2023-1465,VEND085,Fastenal Company,EMP019,Rachel Rodriguez,DEPT009,Warehouse & Logistics,2023-12-04,2024-01-08,2024-01-09,SEK,PT007,2/10 Net 30,325607.31,65121.46,0,390728.77,Closed,Approved,EMP020,2023-12-09,Fully Received,FOB Origin,"911 Main St, Houston, AZ 18457",Expedite shipping,2023-12-04T12:00:00Z,IT Team
1466,PO1466,PO-2023-1466,VEND005,Microsoft Corporation,EMP027,Nancy Davis,DEPT007,Marketing,2023-05-27,2023-07-01,2023-06-29,SEK,PT003,Net 30,31658.74,1582.94,0,33241.68,Partially Received,Approved,EMP007,2023-06-01,Partially Received,CIF,"111 Market St, Los Angeles, IL 69620",,2023-05-27T12:00:00Z,IT Team
1467,PO1467,PO-2024-1467,VEND051,Thomson Reuters,EMP015,Mark Davis,DEPT005,Human Resources,2024-03-09,2024-04-05,None,USD,PT004,Net 45,400758.02,40075.8,335.85,441169.67,Closed,Approved,EMP035,2024-03-10,Fully Received,FOB Origin,"145 Market St, Los Angeles, NY 44101",Urgent,2024-03-09T12:00:00Z,IT Team
1468,PO1468,PO-2023-1468,VEND096,Gates Corporation,EMP005,Robert Kim,DEPT005,Human Resources,2023-03-12,2023-04-20,2023-04-25,EUR,PT002,Net 15,106530.5,5326.52,0,111857.02,Closed,Approved,EMP032,2023-03-15,Fully Received,CIF,"877 Market St, Chicago, IL 87624",Keep in warehouse,2023-03-12T16:00:00Z,HR Team
1469,PO1469,PO-2024-1469,VEND081,Kimberly-Clark Professional,EMP033,Timothy Rodriguez,DEPT003,Operations,2024-05-19,2024-06-08,2024-06-04,SEK,PT004,Net 45,209017.42,41803.48,3628.53,254449.43,Closed,Approved,EMP034,2024-05-24,Fully Received,CIF,"585 Main St, Houston, NY 88658",,2024-05-19T17:00:00Z,HR Team
1470,PO1470,PO-2026-1470,VEND060,Boston Consulting Group,EMP027,Nancy Davis,DEPT007,Marketing,2026-11-02,2026-12-09,2026-12-09,SEK,PT005,Net 60,364127.93,0,0,364127.93,Open,Approved,EMP024,2026-11-04,Not Received,FOB Origin,"221 Market St, New York, NY 33737",,2026-11-02T11:00:00Z,Finance Team
1471,PO1471,PO-2023-1471,VEND086,W.W. Grainger International,EMP003,Michael Johnson,DEPT003,Operations,2023-09-29,2023-10-21,None,EUR,PT004,Net 45,473011.13,23650.56,1332.35,497994.04,Closed,Approved,EMP030,2023-10-06,Fully Received,CIF,"573 Oak Ave, Houston, CA 11187",Keep in warehouse,2023-09-29T14:00:00Z,IT Team
1472,PO1472,PO-2024-1472,VEND014,Modern Office Co,EMP011,Daniel Anderson,DEPT001,Finance,2024-10-29,2024-12-07,2024-12-06,USD,PT001,Immediate,199587.17,39917.43,0,239504.6,Pending Approval,Approved,EMP025,2024-11-03,Not Received,CIF,"514 Main St, Phoenix, AZ 81297",Expedite shipping,2024-10-29T17:00:00Z,Finance Team
1473,PO1473,PO-2024-1473,VEND046,Lenovo Group Limited,EMP009,Thomas Brown,DEPT009,Warehouse & Logistics,2024-01-08,2024-02-06,2024-02-03,INR,PT001,Immediate,320595.39,32059.54,0,352654.93,Partially Received,Approved,EMP035,2024-01-12,Partially Received,CIF,"370 Oak Ave, Phoenix, TX 54011",Keep in warehouse,2024-01-08T13:00:00Z,Marketing Team
1474,PO1474,PO-2026-1474,VEND068,Securitas AB,EMP012,Jennifer Park,DEPT002,Procurement,2026-07-16,2026-08-25,2026-08-23,EUR,PT004,Net 45,265873.74,0,1960.39,267834.13,Closed,Approved,EMP003,2026-07-20,Fully Received,FOB Origin,"136 Oak Ave, Los Angeles, TX 88067",Expedite shipping,2026-07-16T13:00:00Z,Marketing Team
1475,PO1475,PO-2026-1475,VEND047,Apple Inc.,EMP008,Maria Garcia,DEPT008,Legal & Compliance,2026-08-19,2026-09-17,2026-09-19,GBP,PT006,Net 90,431449.08,43144.91,0,474593.99,Partially Received,Rejected,None,None,Partially Received,Ex-Works,"415 Market St, Phoenix, AZ 22107",Call before delivery,2026-08-19T15:00:00Z,Finance Team
1476,PO1476,PO-2023-1476,VEND049,Parker Hannifin Corporation,EMP015,Mark Davis,DEPT005,Human Resources,2023-11-03,2023-12-13,2023-12-18,USD,PT005,Net 60,349800.05,62964.01,0,412764.06,Open,Submitted,None,None,Not Received,FOB Origin,"465 Oak Ave, Phoenix, CA 19035",,2023-11-03T17:00:00Z,Procurement Team
1477,PO1477,PO-2026-1477,VEND083,MSC Industrial Direct,EMP034,Angela Martinez,DEPT004,Information Technology,2026-03-28,2026-04-23,2026-04-25,SEK,PT005,Net 60,102472.64,20494.53,0,122967.17,Closed,Approved,EMP021,2026-04-04,Fully Received,FOB Origin,"164 Oak Ave, Los Angeles, NY 74868",Urgent,2026-03-28T11:00:00Z,Finance Team
1478,PO1478,PO-2026-1478,VEND034,C.H. Robinson Worldwide,EMP009,Thomas Brown,DEPT009,Warehouse & Logistics,2026-12-07,2027-01-03,2027-01-03,SEK,PT007,2/10 Net 30,471112.75,47111.28,0,518224.03,Closed,Approved,EMP035,2026-12-14,Fully Received,FOB Destination,"844 Park Blvd, Phoenix, TX 88960",Urgent,2026-12-07T15:00:00Z,Procurement Team
1479,PO1479,PO-2024-1479,VEND090,Snap-on Incorporated,EMP012,Jennifer Park,DEPT002,Procurement,2024-10-09,2024-11-02,2024-10-28,GBP,PT007,2/10 Net 30,346088.18,17304.41,0,363392.59,Open,Approved,EMP037,2024-10-13,Not Received,FOB Origin,"511 Market St, Chicago, CA 62688",Urgent,2024-10-09T15:00:00Z,Finance Team
1480,PO1480,PO-2026-1480,VEND045,Hewlett Packard Enterprise,EMP015,Mark Davis,DEPT005,Human Resources,2026-02-15,2026-03-28,None,CHF,PT005,Net 60,23128.78,4625.76,1781.52,29536.06,Closed,Approved,EMP002,2026-02-20,Fully Received,CIF,"492 Market St, Phoenix, IL 51084",Urgent,2026-02-15T16:00:00Z,HR Team
1481,PO1481,PO-2024-1481,VEND051,Thomson Reuters,EMP020,Laura Adams,DEPT010,Executive Management,2024-04-22,2024-05-21,2024-05-16,USD,PT006,Net 90,137709.77,27541.95,4396.88,169648.6,Closed,Approved,EMP040,2024-04-28,Fully Received,FOB Destination,"663 Oak Ave, Los Angeles, TX 66829",Keep in warehouse,2024-04-22T17:00:00Z,Procurement Team
1482,PO1482,PO-2023-1482,VEND018,Summit Systems,EMP021,Brian Thompson,DEPT001,Finance,2023-06-17,2023-07-18,2023-07-22,EUR,PT001,Immediate,446414.78,22320.74,0,468735.52,Partially Received,Approved,EMP013,2023-06-22,Partially Received,FOB Destination,"906 Oak Ave, Los Angeles, NY 74197",Expedite shipping,2023-06-17T12:00:00Z,Sales Team
1483,PO1483,PO-2025-1483,VEND026,General Electric,EMP033,Timothy Rodriguez,DEPT003,Operations,2025-07-24,2025-08-27,None,SEK,PT003,Net 30,212182.99,0,1663.15,213846.14,Open,Approved,EMP020,2025-07-28,Not Received,FOB Destination,"755 Oak Ave, Houston, TX 90873",Keep in warehouse,2025-07-24T17:00:00Z,IT Team
1484,PO1484,PO-2026-1484,VEND075,T-Mobile for Business,EMP021,Brian Thompson,DEPT001,Finance,2026-11-12,2026-12-13,2026-12-12,GBP,PT004,Net 45,369319.34,73863.87,0,443183.21,Open,Approved,EMP019,2026-11-18,Not Received,FOB Destination,"114 Market St, New York, IL 85630",Expedite shipping,2026-11-12T11:00:00Z,Marketing Team
1485,PO1485,PO-2023-1485,VEND057,Ernst & Young LLP,EMP003,Michael Johnson,DEPT003,Operations,2023-11-21,2023-12-26,2023-12-24,INR,PT002,Net 15,255193.74,45934.87,0,301128.61,Partially Received,Approved,EMP028,2023-11-26,Partially Received,FOB Destination,"418 Oak Ave, Los Angeles, NY 46723",,2023-11-21T16:00:00Z,HR Team
1486,PO1486,PO-2024-1486,VEND043,Cisco Systems Inc.,EMP012,Jennifer Park,DEPT002,Procurement,2024-04-11,2024-05-07,2024-05-11,GBP,PT006,Net 90,189595.92,9479.8,0,199075.72,Open,Draft,None,None,Not Received,FOB Destination,"226 Main St, Los Angeles, AZ 24764",Urgent,2024-04-11T12:00:00Z,Finance Team
1487,PO1487,PO-2026-1487,VEND014,Modern Office Co,EMP019,Rachel Rodriguez,DEPT009,Warehouse & Logistics,2026-07-24,2026-08-24,2026-08-26,USD,PT002,Net 15,285416.06,0,0,285416.06,Pending Approval,Rejected,None,None,Not Received,FOB Destination,"445 Oak Ave, Chicago, AZ 46631",Urgent,2026-07-24T08:00:00Z,HR Team
1488,PO1488,PO-2023-1488,VEND095,SKF Group,EMP004,Jessica Martinez,DEPT004,Information Technology,2023-08-16,2023-09-23,None,GBP,PT004,Net 45,330856.66,59554.2,3300.91,393711.77,Closed,Approved,EMP033,2023-08-17,Fully Received,FOB Destination,"364 Oak Ave, Houston, CA 89249",Expedite shipping,2023-08-16T10:00:00Z,Procurement Team
1489,PO1489,PO-2026-1489,VEND009,Office Furniture World,EMP020,Laura Adams,DEPT010,Executive Management,2026-09-25,2026-10-21,None,USD,PT007,2/10 Net 30,151278.55,30255.71,0,181534.26,Partially Received,Approved,EMP040,2026-10-02,Partially Received,FOB Origin,"764 Oak Ave, Chicago, NY 50514",Expedite shipping,2026-09-25T15:00:00Z,Sales Team
1490,PO1490,PO-2024-1490,VEND008,DHL Express,EMP016,Steven Park,DEPT006,Sales,2024-04-04,2024-05-10,2024-05-15,INR,PT004,Net 45,113583.11,20444.96,0,134028.07,Open,Approved,EMP014,2024-04-06,Not Received,FOB Origin,"255 Park Blvd, Los Angeles, TX 22161",Keep in warehouse,2024-04-04T08:00:00Z,IT Team
1491,PO1491,PO-2024-1491,VEND068,Securitas AB,EMP002,Sarah Williams,DEPT002,Procurement,2024-07-16,2024-08-25,2024-08-20,EUR,PT004,Net 45,26183.07,5236.61,0,31419.68,Closed,Approved,EMP029,2024-07-19,Fully Received,CIF,"297 Oak Ave, Phoenix, TX 49089",Urgent,2024-07-16T17:00:00Z,Finance Team
1492,PO1492,PO-2026-1492,VEND074,Verizon Business Group,EMP017,Michelle Chen,DEPT007,Marketing,2026-08-02,2026-09-09,None,EUR,PT007,2/10 Net 30,228167.14,45633.43,1231.35,275031.92,Closed,Approved,EMP013,2026-08-06,Fully Received,FOB Destination,"266 Market St, Chicago, AZ 59130",Keep in warehouse,2026-08-02T15:00:00Z,Procurement Team
1493,PO1493,PO-2025-1493,VEND011,Global Supplies Inc,EMP036,Kimberly Wright,DEPT006,Sales,2025-06-23,2025-07-28,2025-08-02,SEK,PT006,Net 90,420384.43,75669.2,1685.27,497738.9,Closed,Approved,EMP035,2025-06-29,Fully Received,FOB Destination,"471 Park Blvd, New York, CA 10832",Call before delivery,2025-06-23T11:00:00Z,Finance Team
1494,PO1494,PO-2025-1494,VEND090,Snap-on Incorporated,EMP003,Michael Johnson,DEPT003,Operations,2025-03-11,2025-04-24,2025-04-24,GBP,PT002,Net 15,260594.7,13029.74,0,273624.44,Closed,Approved,EMP007,2025-03-17,Fully Received,Ex-Works,"765 Market St, Houston, TX 71802",Keep in warehouse,2025-03-11T16:00:00Z,HR Team
1495,PO1495,PO-2023-1495,VEND070,Tyco International,EMP036,Kimberly Wright,DEPT006,Sales,2023-09-01,2023-10-04,2023-10-08,GBP,PT002,Net 15,273621.88,54724.38,0,328346.26,Closed,Approved,EMP027,2023-09-03,Fully Received,FOB Origin,"738 Park Blvd, Los Angeles, CA 89574",Keep in warehouse,2023-09-01T10:00:00Z,Sales Team
1496,PO1496,PO-2024-1496,VEND079,UniFirst Corporation,EMP032,Susan Clark,DEPT002,Procurement,2024-03-16,2024-04-25,None,USD,PT005,Net 60,48889.05,0,449.89,49338.94,Partially Received,Approved,EMP027,2024-03-21,Partially Received,FOB Origin,"627 Market St, Chicago, CA 20593",Expedite shipping,2024-03-16T09:00:00Z,Procurement Team
1497,PO1497,PO-2025-1497,VEND089,DeWalt Industrial Tool Co.,EMP019,Rachel Rodriguez,DEPT009,Warehouse & Logistics,2025-11-07,2025-12-17,None,INR,PT005,Net 60,187509.59,18750.96,0,206260.55,Closed,Approved,EMP006,2025-11-14,Fully Received,CIF,"243 Market St, Chicago, IL 45734",Urgent,2025-11-07T14:00:00Z,IT Team
1498,PO1498,PO-2026-1498,VEND082,Grainger Inc.,EMP036,Kimberly Wright,DEPT006,Sales,2026-10-22,2026-11-14,2026-11-09,GBP,PT001,Immediate,168343.68,33668.74,0,202012.42,Closed,Approved,EMP026,2026-10-29,Fully Received,FOB Destination,"725 Park Blvd, Houston, NY 30231",,2026-10-22T17:00:00Z,HR Team
1499,PO1499,PO-2026-1499,VEND027,Honeywell International,EMP023,Richard Martinez,DEPT003,Operations,2026-04-25,2026-06-08,2026-06-10,SEK,PT002,Net 15,299662.49,53939.25,0,353601.74,Closed,Approved,EMP015,2026-04-30,Fully Received,FOB Origin,"399 Oak Ave, Houston, NY 26688",,2026-04-25T09:00:00Z,IT Team
1500,PO1500,PO-2024-1500,VEND090,Snap-on Incorporated,EMP007,James Wilson,DEPT007,Marketing,2024-02-19,2024-03-18,2024-03-18,GBP,PT005,Net 60,467369.8,23368.49,4551.39,495289.68,Partially Received,Approved,EMP022,2024-02-24,Partially Received,FOB Destination,"470 Park Blvd, Chicago, IL 11426",Expedite shipping,2024-02-19T08:00:00Z,HR Team
